{
"type": "FeatureCollection",
"name": "merged_sea_buffer_200km",
"crs": { "type": "name", "properties": { "name": "urn:ogc:def:crs:OGC:1.3:CRS84" } },
"features": [
{ "type": "Feature", "properties": { }, "geometry": { "type": "MultiPolygon", "coordinates": [ [ [ [ 127.378525521277666, 39.37883308833019 ], [ 127.379554517937365, 39.37937808749048 ], [ 127.494003577963312, 39.432891402883612 ], [ 127.49514252915759, 39.4333565679039 ], [ 127.497407011990873, 39.433560810235441 ], [ 127.502335438191864, 39.434254028597657 ], [ 127.507170532413383, 39.435433774496225 ], [ 127.511864388664705, 39.437088359038718 ], [ 127.516370500337246, 39.439201388643525 ], [ 127.520644220991016, 39.441751927466974 ], [ 127.524643206710266, 39.444714704835157 ], [ 127.528327835646067, 39.44806036562516 ], [ 127.531661600588464, 39.451755761114825 ], [ 127.534611470679096, 39.45576427741949 ], [ 127.537148218679974, 39.460046198261381 ], [ 127.539246710556355, 39.464559098477544 ], [ 127.540886154503994, 39.469258264367234 ], [ 127.542050306953911, 39.474097136714136 ], [ 127.542727633513167, 39.479027772093922 ], [ 127.542911423247432, 39.48400131789645 ], [ 127.542599855172682, 39.488968496356208 ], [ 127.514552884783257, 39.737370845902021 ], [ 127.5144778044818, 39.738556250399377 ], [ 127.515545409248432, 39.73907686631982 ], [ 127.864050351442771, 39.888289894385935 ], [ 127.868114009633018, 39.890251235556406 ], [ 127.871984300478175, 39.892570939384044 ], [ 127.875629704055484, 39.895230114036565 ], [ 127.87902053194, 39.898207103007266 ], [ 127.882129168989266, 39.901477661487107 ], [ 128.006019097524558, 40.044198859744313 ], [ 128.006873624185232, 40.045088331991501 ], [ 128.008107062071446, 40.045085562034068 ], [ 128.31427511668528, 40.028927678628996 ], [ 128.319545503968016, 40.028927692643684 ], [ 128.324786610684868, 40.029482474125444 ], [ 128.329940203984876, 40.030585859012156 ], [ 128.334949023360451, 40.032225587822921 ], [ 128.33975741685714, 40.034383441870595 ], [ 128.629258103520328, 40.183103581213331 ], [ 128.633409543497237, 40.185494236083244 ], [ 128.637313139004618, 40.188271217664656 ], [ 128.640933055528222, 40.19140903361702 ], [ 128.644236062691078, 40.194878879185765 ], [ 128.647191839304128, 40.198648901626342 ], [ 128.649773251711025, 40.202684492608391 ], [ 128.651956602871508, 40.206948605915841 ], [ 128.653721849897408, 40.211402097526516 ], [ 128.655052788043719, 40.216004084949297 ], [ 128.655937199466194, 40.220712322520257 ], [ 128.65636696537959, 40.225483589212494 ], [ 128.656338140586968, 40.230274085399756 ], [ 128.655850989696347, 40.235039834931413 ], [ 128.654909984691386, 40.239737088828051 ], [ 128.636786540980239, 40.31202829868392 ], [ 128.63655707192072, 40.313180132195946 ], [ 128.637640797928441, 40.313632806945755 ], [ 129.062119652127251, 40.466985230710584 ], [ 129.066989700224326, 40.469041790529715 ], [ 129.071615392913685, 40.471601043135642 ], [ 129.07594502085945, 40.474634379353162 ], [ 129.07993018435144, 40.478107890357833 ], [ 129.083526334352001, 40.48198274673333 ], [ 129.086693270497534, 40.486215632534716 ], [ 129.232766553871301, 40.704643594357933 ], [ 129.233522533894501, 40.705657012296186 ], [ 129.234725751796475, 40.706045327108498 ], [ 129.693354653263384, 40.828395547835555 ], [ 129.698089976569207, 40.829914770950062 ], [ 129.70265096092217, 40.831896877762169 ], [ 129.706992486646413, 40.834322260220233 ], [ 129.71107160506736, 40.837166925154875 ], [ 129.714847963382482, 40.840402731632111 ], [ 129.718284203852875, 40.8439976693384 ], [ 129.721346333365631, 40.847916175243654 ], [ 129.724004059711831, 40.852119485409588 ], [ 129.726231091253169, 40.856566018463134 ], [ 129.75750007815418, 40.927619028025262 ], [ 129.759289755827467, 40.932312039617209 ], [ 129.760599568960828, 40.937160925420358 ], [ 129.761416300332684, 40.942116755708277 ], [ 129.761731708370803, 40.947129521586099 ], [ 129.761542610317349, 40.952148639626408 ], [ 129.760850914346008, 40.957123462302604 ], [ 129.759663600306567, 40.962003789069136 ], [ 129.712252831019612, 41.121521931172126 ], [ 129.711979778456822, 41.122624193883276 ], [ 129.712326150410661, 41.123705659211524 ], [ 129.791725732160415, 41.337220594331775 ], [ 129.793216637668394, 41.341929861236835 ], [ 129.794235594306684, 41.34676325770166 ], [ 129.794772657060918, 41.351673609788307 ], [ 129.79482258419992, 41.356612992472165 ], [ 129.794384888434905, 41.361533197390067 ], [ 129.793463841675532, 41.366386203353791 ], [ 129.79206843333597, 41.37112464503673 ], [ 129.790212282598219, 41.375702275259414 ], [ 129.787913505489087, 41.380074416361822 ], [ 129.785194538067628, 41.384198396257254 ], [ 129.782081917449403, 41.388033964911806 ], [ 129.778606022804155, 41.39154368718458 ], [ 129.774800778855337, 41.394693308194604 ], [ 129.770703324774757, 41.397452087648354 ], [ 129.660469743858158, 41.46400350657585 ], [ 129.65946925146784, 41.464677723807966 ], [ 129.659611695145543, 41.465875748722979 ], [ 129.690627282567988, 41.648565515268295 ], [ 129.690872975775619, 41.649691537521612 ], [ 129.691598950619493, 41.650586664213606 ], [ 130.072252692217035, 42.077574959301963 ], [ 130.07307491354058, 42.078413725366111 ], [ 130.074099265609902, 42.07898842463802 ], [ 130.375668681645351, 42.229879755266218 ], [ 130.380135422919693, 42.232409356152459 ], [ 130.384319262813619, 42.235383602611229 ], [ 130.388176102553047, 42.238771145301719 ], [ 130.391665290031625, 42.242536278632031 ], [ 130.394750048294583, 42.246639317105483 ], [ 130.397397863177616, 42.251037013616241 ], [ 130.399580826014699, 42.25568301528515 ], [ 130.401275927802715, 42.260528352031315 ], [ 130.402465301722543, 42.265521952729657 ], [ 130.403136411459855, 42.270611183513971 ], [ 130.40735074697767, 42.323339025224797 ], [ 130.407503548763572, 42.324512935109119 ], [ 130.40868593755448, 42.324454887298039 ], [ 130.675114677282863, 42.298063298995302 ], [ 130.679833908630457, 42.297820222048507 ], [ 130.684555011149655, 42.29802374580008 ], [ 130.689235815516668, 42.298672052357084 ], [ 130.693834512354584, 42.299759350985468 ], [ 130.698310025678438, 42.301275929833452 ], [ 130.702622379789858, 42.303208242678686 ], [ 130.706733056343637, 42.305539029924361 ], [ 130.710605338397045, 42.308247472763512 ], [ 130.714204638369182, 42.311309379134528 ], [ 130.717498806980188, 42.314697399806896 ], [ 130.720458420411802, 42.318381272667033 ], [ 130.841424821863427, 42.484451492616515 ], [ 130.844068677761385, 42.48847479247631 ], [ 130.846313344853939, 42.492733710814868 ], [ 130.848138013357101, 42.497188764195535 ], [ 130.84952576719553, 42.50179865085952 ], [ 130.850463740827735, 42.506520633624874 ], [ 130.850943238519363, 42.511310936092848 ], [ 130.850959814959367, 42.516125148488719 ], [ 130.850513316471421, 42.520918639374415 ], [ 130.849607882438676, 42.525646969416123 ], [ 130.848251906928482, 42.530266303371 ], [ 130.846457960872897, 42.534733816473455 ], [ 130.844242675526573, 42.539008091453532 ], [ 130.841626588282253, 42.543049502506754 ], [ 130.838633952273454, 42.546820582655684 ], [ 130.835292511529218, 42.550286371097542 ], [ 130.831633243765822, 42.553414737317603 ], [ 130.827690073199591, 42.556176678963716 ], [ 130.657694908633999, 42.663433103538232 ], [ 130.656853421092336, 42.664022870415749 ], [ 130.65788094080969, 42.664034249476536 ], [ 130.948479610038817, 42.653168767308415 ], [ 130.949683351967195, 42.653064053180096 ], [ 130.949857936930158, 42.652854079503591 ], [ 130.952398132923122, 42.649465967841621 ], [ 130.955668340094093, 42.645886889982769 ], [ 130.959269800961806, 42.642641349522513 ], [ 130.96316865595503, 42.639759859803199 ], [ 130.967328249515617, 42.637269511499959 ], [ 130.971709474720143, 42.635193717924452 ], [ 130.976271140948342, 42.633551994901779 ], [ 130.980970361141885, 42.632359777290091 ], [ 130.985762955012007, 42.631628273867889 ], [ 130.990603864406154, 42.631364361953317 ], [ 130.995447576927376, 42.631570522746273 ], [ 131.000248553824861, 42.632244818001034 ], [ 131.004961658131919, 42.633380908248988 ], [ 131.119213701474678, 42.666858539622794 ], [ 131.12032875330766, 42.667128842487152 ], [ 131.121127432216099, 42.666305121521006 ], [ 131.155938424523271, 42.626834618703121 ], [ 131.159398624616983, 42.623282979636301 ], [ 131.163193595096629, 42.620091534225828 ], [ 131.167286012997181, 42.61729166985829 ], [ 131.171635630002868, 42.614910922779458 ], [ 131.176199668283289, 42.612972707279518 ], [ 131.180933241207043, 42.611496085416981 ], [ 131.185789794794943, 42.610495579546225 ], [ 131.19072156557138, 42.609981029492303 ], [ 131.195680050311068, 42.609957495777778 ], [ 131.200616483060855, 42.610425209853183 ], [ 131.205482314745609, 42.611379571820805 ], [ 131.210229690641029, 42.612811195673935 ], [ 131.214811921017827, 42.614706001606862 ], [ 131.219183940328008, 42.617045354487651 ], [ 131.223302750417901, 42.619806247131855 ], [ 131.22712784340851, 42.622961526574734 ], [ 131.230621600084419, 42.626480161116561 ], [ 131.233749659873155, 42.630327545514788 ], [ 131.236481258776166, 42.63446584132133 ], [ 131.23878953192829, 42.638854349018096 ], [ 131.240651777809546, 42.643449908290613 ], [ 131.242049681511219, 42.648207322503218 ], [ 131.272839602542518, 42.776136529285203 ], [ 131.273178056120258, 42.777290324909828 ], [ 131.274233791014836, 42.777865841198881 ], [ 131.405533262773162, 42.841282860975767 ], [ 131.409805304297663, 42.843609003061182 ], [ 131.413831096922337, 42.846339253879641 ], [ 131.417572538491385, 42.849447772944096 ], [ 131.420994218092432, 42.852905139643802 ], [ 131.424063751203676, 42.856678631695964 ], [ 131.42675208619724, 42.860732534846129 ], [ 131.429033779298891, 42.86502848088611 ], [ 131.430887235400746, 42.869525810790307 ], [ 131.432294912448356, 42.874181959533438 ], [ 131.433243487467848, 42.878952858947706 ], [ 131.433723982661093, 42.883793354806379 ], [ 131.433731850376432, 42.88865763418648 ], [ 131.433267016149784, 42.893499659065633 ], [ 131.43233387940947, 42.898273602049422 ], [ 131.43094127183781, 42.902934280105235 ], [ 131.429102373783508, 42.907437582197531 ], [ 131.426834589516176, 42.91174088677721 ], [ 131.424159382503433, 42.915803465173681 ], [ 131.421102072269605, 42.919586867071807 ], [ 131.417691594758963, 42.923055284425303 ], [ 131.394812031225769, 42.944163835837209 ], [ 131.394004511329058, 42.944987480846997 ], [ 131.395091436448496, 42.945373580926066 ], [ 131.549452746249187, 42.991637912349866 ], [ 131.554362267147525, 42.993393157151559 ], [ 131.559062312813097, 42.995650113178343 ], [ 131.563501776303326, 42.998384238940609 ], [ 131.567632384171276, 43.001565804342498 ], [ 131.571409221376939, 43.005160213958412 ], [ 131.574791219680662, 43.009128383213728 ], [ 131.825931645049138, 43.336993145923287 ], [ 131.826687926366503, 43.337886918859162 ], [ 131.827768434420477, 43.337436037680739 ], [ 131.945703688015243, 43.281347358473361 ], [ 131.950475223285338, 43.279373332685417 ], [ 131.955424908180788, 43.277901957111006 ], [ 131.960499950695663, 43.276948925045694 ], [ 131.965646221793406, 43.276524401272809 ], [ 131.970808832732587, 43.276632913648562 ], [ 131.975932720495479, 43.277273304809185 ], [ 131.980963235075222, 43.278438744515043 ], [ 131.985846722358303, 43.280116802500132 ], [ 131.990531096384643, 43.282289581049952 ], [ 132.050940213798015, 43.314198288705924 ], [ 132.051790953193944, 43.314596162997169 ], [ 132.051180340804223, 43.31388257068982 ], [ 131.921170464183461, 43.176074194392989 ], [ 131.918001294049446, 43.172368447339785 ], [ 131.915208154918986, 43.168371626808579 ], [ 131.912817610886577, 43.164121744481989 ], [ 131.910852397173926, 43.159659218781854 ], [ 131.909331203907215, 43.155026490470576 ], [ 131.908268498364919, 43.150267619019161 ], [ 131.90767438738709, 43.145427863580423 ], [ 131.907554521254411, 43.140553252552763 ], [ 131.907910039951389, 43.135690145827958 ], [ 131.908737562324461, 43.130884793886345 ], [ 131.910029218238492, 43.12618289793253 ], [ 131.911772723425429, 43.121629175255002 ], [ 131.9139514963137, 43.117266933943228 ], [ 131.916544815726809, 43.113137661006945 ], [ 131.919528017951762, 43.109280627814748 ], [ 131.922872731302817, 43.105732516604533 ], [ 131.926547145949797, 43.102527071617814 ], [ 131.930516316444823, 43.099694778175731 ], [ 131.934742494070434, 43.097262572749059 ], [ 131.939185485847901, 43.095253586779407 ], [ 131.943803036791735, 43.093686926688122 ], [ 131.94855123177507, 43.092577492165006 ], [ 131.953384913183385, 43.091935834465161 ], [ 131.958258110385202, 43.091768056061447 ], [ 131.963124476934951, 43.092075752607059 ], [ 131.967937731349792, 43.092855997760083 ], [ 131.972652097268792, 43.094101371014418 ], [ 131.977222738808081, 43.095800028272357 ], [ 131.981606186971732, 43.097935814487641 ], [ 132.344724857942566, 43.297331311468199 ], [ 132.34573291414182, 43.297822412952222 ], [ 132.345702928253246, 43.296701494214723 ], [ 132.322029360876996, 42.984052958835711 ], [ 132.321901918476186, 42.979041767578096 ], [ 132.3222768880795, 42.974043000011726 ], [ 132.323150500750501, 42.969106900307814 ], [ 132.324513975535893, 42.964283082743322 ], [ 132.326353607725565, 42.959620033012442 ], [ 132.32865090660286, 42.955164620881746 ], [ 132.331382781300562, 42.950961629087544 ], [ 132.334521772894391, 42.94705330321068 ], [ 132.338036330401252, 42.943478927052965 ], [ 132.341891127907985, 42.940274427783486 ], [ 132.346047419643071, 42.937472014823427 ], [ 132.350463429422575, 42.935099856099114 ], [ 132.355094770555468, 42.933181794917409 ], [ 132.359894891988176, 42.931737110309214 ], [ 132.364815546203744, 42.93078032324992 ], [ 132.369807274172587, 42.930321050704528 ], [ 132.374819902480709, 42.930363908964587 ], [ 132.379803047638291, 42.930908467248358 ], [ 132.384706622499834, 42.931949252030762 ], [ 132.389481339705668, 42.933475802059483 ], [ 132.394079207084644, 42.935472773504273 ], [ 132.398454010038336, 42.93792009418258 ], [ 132.402561776058349, 42.940793165311298 ], [ 132.404400454219115, 42.942221612449586 ], [ 132.405526770815754, 42.94185788732711 ], [ 132.704706652343987, 42.828902663748416 ], [ 132.70577673017101, 42.828438782925687 ], [ 132.705898664330562, 42.827278876018383 ], [ 132.752610403959693, 42.004228819737122 ], [ 132.752619814487588, 42.003015482481125 ], [ 132.752277650813454, 42.001851351957356 ], [ 132.484959040043321, 41.233489810241572 ], [ 132.48442001992899, 41.232184924470026 ], [ 132.483600372171963, 41.231035382336565 ], [ 132.115959668446948, 40.772980466464539 ], [ 132.11493692279123, 40.771854721783747 ], [ 132.113784455698635, 40.770862184951589 ], [ 131.805443606127454, 40.536550683024096 ], [ 131.801758237086119, 40.5334595359556 ], [ 131.798386952602044, 40.530028562901585 ], [ 131.795360953421152, 40.526289517016977 ], [ 131.792708244724281, 40.522277002625792 ], [ 131.790453376943276, 40.518028154963162 ], [ 131.788617218550456, 40.513582296494157 ], [ 131.58440453318903, 39.942729238458206 ], [ 131.5838329724495, 39.941385746053626 ], [ 131.583108014398448, 39.940118430251481 ], [ 131.333437964004958, 39.557620342973067 ], [ 131.332806046972479, 39.556738710770027 ], [ 131.332030770825867, 39.555980066338932 ], [ 130.879400144230345, 39.150124023100346 ], [ 130.878504169376072, 39.149392841990782 ], [ 130.877488427383724, 39.148839972241895 ], [ 130.443580650015974, 38.93819106496715 ], [ 130.439422137846066, 38.935922809224522 ], [ 130.435496936310727, 38.933271205843866 ], [ 130.431840275204706, 38.930260053716019 ], [ 130.428484974096364, 38.926916378783581 ], [ 130.42546114776286, 38.923270191475439 ], [ 130.42279593590132, 38.919354217354673 ], [ 130.420513259542588, 38.915203603397366 ], [ 130.418633606353012, 38.910855602538547 ], [ 130.417173846752007, 38.906349239316548 ], [ 130.416147082495144, 38.901724959616729 ], [ 130.415562529082223, 38.897024267658225 ], [ 130.415425433045584, 38.8922893534818 ], [ 130.42449291684207, 38.400629999039722 ], [ 130.424457979756681, 38.399441460976703 ], [ 130.424197687304996, 38.398281249285702 ], [ 130.273072998774865, 37.849071369040459 ], [ 130.272748423676319, 37.848062001060732 ], [ 130.272257391911182, 37.847122288062444 ], [ 129.972111518580192, 37.327867176808397 ], [ 129.971522393859971, 37.326944232729716 ], [ 129.970780756467377, 37.326138709492064 ], [ 129.455835288818093, 36.814002378968254 ], [ 129.454980860456601, 36.813233453076592 ], [ 129.454632272112093, 36.814328798236247 ], [ 129.333806805039728, 37.271792191533862 ], [ 129.332189006415689, 37.276823595854083 ], [ 129.330049159152253, 37.281656126817325 ], [ 129.327411171593269, 37.286235790938207 ], [ 129.324304517764602, 37.290511419992548 ], [ 128.632413265335316, 38.1439647145748 ], [ 128.631657980716113, 38.145001179937857 ], [ 128.631013248681882, 38.146109798856649 ], [ 128.355301682695284, 38.681886358006118 ], [ 128.353011114463186, 38.685875128305661 ], [ 128.350363686133477, 38.689636526259548 ], [ 128.347381802353453, 38.693138719922224 ], [ 128.344090698198841, 38.696352070941309 ], [ 128.340518225614431, 38.699249385380945 ], [ 128.336694617708844, 38.701806143858533 ], [ 128.3326522328978, 38.704000709047307 ], [ 128.015937374002164, 38.857520729740465 ], [ 128.014706336334683, 38.858206354306965 ], [ 128.013661403134847, 38.85915168461608 ], [ 127.769474013396575, 39.106685173116162 ], [ 127.766016720980986, 39.109874774611015 ], [ 127.762274990572607, 39.112725367899067 ], [ 127.758281938623639, 39.115211723600829 ], [ 127.75407290592554, 39.117311836047605 ], [ 127.749685144822777, 39.119007118044202 ], [ 127.745157489508372, 39.120282565376229 ], [ 127.394562100806098, 39.201459122281257 ], [ 127.393456739129562, 39.201771153943866 ], [ 127.393390099172947, 39.202917778255042 ], [ 127.391950863856678, 39.340604600258352 ], [ 127.392028135460365, 39.342538821036698 ], [ 127.391995186698452, 39.347231891846256 ], [ 127.391522359353985, 39.351901199455185 ], [ 127.390613819224868, 39.356505605397132 ], [ 127.389277570912782, 39.361004543015383 ], [ 127.387525387299448, 39.365358374871299 ], [ 127.385372705822846, 39.369528741966015 ], [ 127.382838492467187, 39.373478901698547 ], [ 127.380083221546585, 39.376997625823321 ], [ 127.380086923214307, 39.377000780200618 ], [ 127.38001083468518, 39.377090070233635 ], [ 127.379945074665088, 39.377174051582777 ], [ 127.379887142981758, 39.377235222681854 ], [ 127.378525521277666, 39.37883308833019 ] ] ], [ [ [ 122.251539481164386, 39.323641550179815 ], [ 122.252587171608823, 39.324199404682489 ], [ 123.008121823183842, 39.680014838367121 ], [ 123.009136019016424, 39.680438596438876 ], [ 123.010234263463317, 39.680483576711531 ], [ 123.182437397002644, 39.679894288321513 ], [ 123.18731211520327, 39.680115727295281 ], [ 123.192142032561492, 39.680811292581474 ], [ 123.196881145249009, 39.68197435908413 ], [ 123.201484314330685, 39.683593848868014 ], [ 123.205907695702308, 39.685654336673338 ], [ 123.210109157695328, 39.688136196837775 ], [ 123.214048682371185, 39.691015790226238 ], [ 123.21768874668274, 39.694265689388111 ], [ 123.220994679872462, 39.697854939797281 ], [ 123.223934993703281, 39.70174935468669 ], [ 123.226481682376644, 39.70591184066933 ], [ 123.228610489281124, 39.710302751043962 ], [ 123.23030113803101, 39.714880263420689 ], [ 123.231537525594121, 39.719600778069371 ], [ 123.251784097006322, 39.815843283189565 ], [ 123.252095829193053, 39.817024364507027 ], [ 123.253311756557167, 39.817141200632513 ], [ 123.41582901266014, 39.824473709884785 ], [ 123.417030327897422, 39.824467511679522 ], [ 123.417220196823976, 39.823281279616374 ], [ 123.42091510094572, 39.789350212462985 ], [ 123.421704533553608, 39.784411429014646 ], [ 123.422983422752296, 39.779576221861952 ], [ 123.424738972086033, 39.774892971673374 ], [ 123.426953615678599, 39.770408538649022 ], [ 123.429605193995968, 39.7661677936415 ], [ 123.432667175572703, 39.762213169181997 ], [ 123.436108922483498, 39.758584234903999 ], [ 123.439895996903672, 39.755317301612962 ], [ 123.443990505691048, 39.75244505796347 ], [ 123.448351479541543, 39.749996243379378 ], [ 123.452935282924486, 39.747995360489597 ], [ 123.457696050695944, 39.746462429956871 ], [ 123.46258614702154, 39.745412790152763 ], [ 123.467556642016433, 39.744856943683232 ], [ 123.472557801333608, 39.74480045230041 ], [ 123.477539583801416, 39.745243881252236 ], [ 123.482452142131379, 39.746182793626623 ], [ 123.487246321685745, 39.747607794746784 ], [ 123.571975139572217, 39.77747986444836 ], [ 123.576495174288638, 39.779326232403101 ], [ 123.580813571171461, 39.781604660989728 ], [ 123.584889150353419, 39.784293423306032 ], [ 123.588683047456271, 39.78736687954207 ], [ 123.592159084198286, 39.790795721479235 ], [ 123.595284113387223, 39.794547251970954 ], [ 123.598028335009133, 39.798585696739892 ], [ 123.600365580398858, 39.80287254551844 ], [ 123.656222947378396, 39.918413127010965 ], [ 123.656767078920339, 39.919412378665669 ], [ 123.657660620902675, 39.918707988340479 ], [ 123.757999814117667, 39.831429040191523 ], [ 123.76172011863342, 39.828490835144919 ], [ 123.765701967863251, 39.825918172847459 ], [ 123.769909567029899, 39.82373418021043 ], [ 123.774305091980281, 39.8219584902047 ], [ 123.778849029205091, 39.820607065370424 ], [ 123.78350053104505, 39.819692054322005 ], [ 123.788217782890243, 39.819221682538299 ], [ 123.792958379072019, 39.819200178419791 ], [ 124.10604449826792, 39.832636083655288 ], [ 124.110787515385255, 39.833066652191398 ], [ 124.115468051366861, 39.83394652920807 ], [ 124.120043641393579, 39.835267731897673 ], [ 124.124472772783136, 39.837018273463485 ], [ 124.128715261619789, 39.839182271871636 ], [ 124.280298115690741, 39.92583608487864 ], [ 124.28464246518449, 39.928626670479815 ], [ 124.288675855956981, 39.93185041045038 ], [ 124.292355274734263, 39.935472925872389 ], [ 124.295641483104632, 39.939455585168368 ], [ 124.298499435968637, 39.943755916079887 ], [ 124.300898655270359, 39.948328058604304 ], [ 124.369451853104621, 40.097179067436699 ], [ 124.369990592577139, 40.098212240168522 ], [ 124.371024207569633, 40.097674349696298 ], [ 124.498536845687298, 40.023151897694852 ], [ 124.499396471855974, 40.022590769509115 ], [ 124.498369934983202, 40.022597405756621 ], [ 124.432882612371529, 40.026260834005065 ], [ 124.427909815437928, 40.026291334346794 ], [ 124.422958583855532, 40.025827712268686 ], [ 124.418077894493436, 40.024874553853486 ], [ 124.413316026427225, 40.023441287606836 ], [ 124.408720083369374, 40.021542091191854 ], [ 124.404335527726076, 40.019195751185677 ], [ 124.400205730889709, 40.016425477245427 ], [ 124.396371544215242, 40.013258672521566 ], [ 124.392870894924542, 40.009726662589919 ], [ 124.389738410935763, 40.005864385583564 ], [ 124.359409995191982, 39.964415550805768 ], [ 124.356775004259987, 39.960427478479659 ], [ 124.354532873862212, 39.956206015537816 ], [ 124.352704095185388, 39.95178974260228 ], [ 124.351305381729034, 39.947219020694639 ], [ 124.350349516558168, 39.942535622370229 ], [ 124.349845235476792, 39.937782349952101 ], [ 124.349797147190003, 39.933002644353778 ], [ 124.350205691184314, 39.928240188065821 ], [ 124.351067133711112, 39.923538505934609 ], [ 124.35237360190996, 39.918940567381803 ], [ 124.354113155759961, 39.914488393700005 ], [ 124.356269897201486, 39.910222674013433 ], [ 124.358824115431048, 39.906182393413566 ], [ 124.361752467041555, 39.902404476668153 ], [ 124.365028189361311, 39.898923450759916 ], [ 124.368621345042442, 39.895771129338939 ], [ 124.372499095663002, 39.892976321972654 ], [ 124.37662600184261, 39.8905645708506 ], [ 124.380964347128526, 39.888557917350333 ], [ 124.562938890617872, 39.8147299900997 ], [ 124.564010930278727, 39.814233569199757 ], [ 124.564432802044067, 39.813130062535578 ], [ 124.619310145630365, 39.64580115326914 ], [ 124.621016147764792, 39.641333269407831 ], [ 124.623141211047837, 39.637048816639521 ], [ 124.625665893335437, 39.632986993301721 ], [ 124.628567096380564, 39.629184960901576 ], [ 124.631818277158402, 39.625677504126273 ], [ 124.635389690707726, 39.622496712598917 ], [ 124.639248662266709, 39.619671687291451 ], [ 124.643359886213403, 39.617228274280741 ], [ 124.647685749075904, 39.6151888282835 ], [ 124.6521866736569, 39.613572008133623 ], [ 124.656821481124339, 39.612392606073051 ], [ 124.661547767755479, 39.611661412417973 ], [ 124.666322292887216, 39.611385116838512 ], [ 124.671101374523801, 39.611566247155132 ], [ 124.67584128898217, 39.612203146211677 ], [ 124.680498670918624, 39.613289987036644 ], [ 124.685030910077202, 39.614816826153977 ], [ 124.689396541129696, 39.616769694555664 ], [ 124.716968205338219, 39.630722232877019 ], [ 124.721257434165835, 39.633165896762037 ], [ 124.725284789652704, 39.636020609514858 ], [ 124.729011014785314, 39.639258544563575 ], [ 124.732399787845679, 39.642848139842144 ], [ 124.735418076460533, 39.64675440544449 ], [ 124.738036459587406, 39.650939264691772 ], [ 124.740229414298881, 39.655361925288297 ], [ 124.741975564569699, 39.659979276948114 ], [ 124.743257889641441, 39.664746311616433 ], [ 124.744063889933997, 39.669616562189766 ], [ 124.74438570888627, 39.674542555458196 ], [ 124.746084689445752, 39.781704162986259 ], [ 124.746159626702578, 39.782846873688328 ], [ 124.747175405732648, 39.782318105021417 ], [ 125.099727727442584, 39.575946957273871 ], [ 125.103932805758518, 39.573746461151238 ], [ 125.108327577653085, 39.571954577554713 ], [ 125.112872446465616, 39.570587451260039 ], [ 125.117526463170222, 39.569657400002299 ], [ 125.122247695324305, 39.5691728034938 ], [ 125.126993604877654, 39.569138027923259 ], [ 125.131721431437981, 39.569553386616718 ], [ 125.136388577539833, 39.570415137214475 ], [ 125.223987883838618, 39.590931816947716 ], [ 125.225168360386462, 39.591147484254861 ], [ 125.225998783416429, 39.590281207821626 ], [ 125.262720872260019, 39.547979524912911 ], [ 125.265998398559304, 39.544547546824504 ], [ 125.269586530876069, 39.541441752446381 ], [ 125.273452946378285, 39.538690119584608 ], [ 125.277562815386375, 39.536317435665879 ], [ 125.281879115128049, 39.534345074445966 ], [ 125.286362963249132, 39.532790803469325 ], [ 125.290973968075932, 39.531668624014408 ], [ 125.295670592473968, 39.530988644966527 ], [ 125.300410528025324, 39.530756991754345 ], [ 125.305151076153933, 39.53097575117043 ], [ 125.309849532765455, 39.531642952572902 ], [ 125.31446357293693, 39.532752585637446 ], [ 125.318951632190675, 39.534294654499917 ], [ 125.443778764675429, 39.583925104397345 ], [ 125.444778865704833, 39.584267080280561 ], [ 125.444228803569814, 39.583364538746252 ], [ 125.376976724275352, 39.484277313823199 ], [ 125.374415277634412, 39.480071548696053 ], [ 125.372279966501324, 39.475634216663842 ], [ 125.370591502940712, 39.471008358905152 ], [ 125.36936626469064, 39.466238845258069 ], [ 125.368616136301952, 39.461371938992315 ], [ 125.368348393860785, 39.45645484806532 ], [ 125.368565634411951, 39.451535267215078 ], [ 125.369265750768236, 39.446660915331314 ], [ 125.370441951949616, 39.441879072592364 ], [ 125.372082829054392, 39.437236121857524 ], [ 125.374172465923039, 39.432777098763125 ], [ 125.376690593521573, 39.428545254886437 ], [ 125.379612786546957, 39.424581638214569 ], [ 125.382910700347281, 39.420924694987676 ], [ 125.386552345858902, 39.417609896778607 ], [ 125.390502399893563, 39.414669396426206 ], [ 125.394722547765767, 39.41213171615955 ], [ 125.399171854937222, 39.410021470938439 ], [ 125.458121211688734, 39.385541455718752 ], [ 125.459171454841638, 39.385044438050095 ], [ 125.458910315435887, 39.383912252793955 ], [ 125.411253302295165, 39.215066825242829 ], [ 125.410843328021713, 39.213858943068345 ], [ 125.409732537914934, 39.213231883588392 ], [ 125.339070553887282, 39.178063814617879 ], [ 125.33467694702297, 39.175593343905255 ], [ 125.330554399205838, 39.172693066967504 ], [ 125.326744807076111, 39.169392458746998 ], [ 125.323286886767079, 39.165725062673971 ], [ 125.320215780440677, 39.161728149771236 ], [ 125.317562699144659, 39.157442339876148 ], [ 125.315354605620854, 39.152911188829194 ], [ 125.313613940288164, 39.148180745824604 ], [ 125.312358393184979, 39.14329908542144 ], [ 125.311600724188821, 39.138315818971371 ], [ 125.311348633340231, 39.133281590428268 ], [ 125.311604682588765, 39.128247561663706 ], [ 125.312366269756424, 39.123264892518947 ], [ 125.31362565498307, 39.118384220877559 ], [ 125.315370039385087, 39.113655148042625 ], [ 125.317581695127913, 39.109125734648444 ], [ 125.320238145590523, 39.104842012229824 ], [ 125.33436074334692, 39.084441365243904 ], [ 125.334974805095698, 39.083455096191948 ], [ 125.334063173459228, 39.082734869676649 ], [ 125.211816767768056, 38.995461256724582 ], [ 125.207735720485061, 38.99221349452656 ], [ 125.204015198566736, 38.98855827594538 ], [ 125.200695685616608, 38.984535374008352 ], [ 125.197813301794497, 38.980188562565132 ], [ 125.19539941078709, 38.975565139977334 ], [ 125.193480278534693, 38.970715414457395 ], [ 125.147125041128646, 38.832973505081668 ], [ 125.145771209182172, 38.828169717811846 ], [ 125.144903030124254, 38.823254893481682 ], [ 125.144529154224657, 38.818278001893084 ], [ 125.144653306668189, 38.813288631267064 ], [ 125.14527425043795, 38.808336494161956 ], [ 125.146385798640736, 38.803470932152706 ], [ 125.147976876151219, 38.798740424206557 ], [ 125.150031629961205, 38.794192103653501 ], [ 125.152529587134055, 38.789871288564235 ], [ 125.155445858790813, 38.785821030214819 ], [ 125.158751388095297, 38.782081684136941 ], [ 125.162413239767574, 38.778690508027793 ], [ 125.166394928240919, 38.775681290525817 ], [ 125.170656781192861, 38.77308401455106 ], [ 125.175156334827989, 38.770924558564573 ], [ 125.179848756974209, 38.769224438723342 ], [ 125.184687293776776, 38.768000594499917 ], [ 125.1896237355393, 38.767265219902704 ], [ 125.19460889707041, 38.767025641978591 ], [ 125.199593107749919, 38.767284247808533 ], [ 125.204526706431622, 38.768038460723353 ], [ 125.209360536251737, 38.769280765976958 ], [ 125.214046434412822, 38.77099878562089 ], [ 125.218537712063096, 38.773175401834465 ], [ 125.222789619489831, 38.775788927481443 ], [ 125.226759791991796, 38.77881332219404 ], [ 125.23040867198813, 38.782218451831127 ], [ 125.240114191155897, 38.79222737600319 ], [ 125.240957563722546, 38.79301494655919 ], [ 125.241446531443501, 38.791969740725371 ], [ 125.258341697018849, 38.750630904333178 ], [ 125.260450929649764, 38.746124453464148 ], [ 125.262997612443414, 38.741849951332341 ], [ 125.2659565261484, 38.737849727412019 ], [ 125.269298369279397, 38.734163395059383 ], [ 125.272990048283404, 38.730827459230021 ], [ 125.276995005258101, 38.727874954978184 ], [ 125.281273579976869, 38.725335120317787 ], [ 125.285783402635488, 38.72323310668461 ], [ 125.290479813431176, 38.721589729867084 ], [ 125.295316304819011, 38.720421263872005 ], [ 125.300244982066118, 38.719739279766529 ], [ 125.305217037542917, 38.719550531092423 ], [ 125.310183234054534, 38.719856886987159 ], [ 125.315094392426204, 38.720655313674285 ], [ 125.319901878513974, 38.72193790450622 ], [ 125.324558084818221, 38.723691958262108 ], [ 125.44659697111139, 38.7767409197752 ], [ 125.447757373536462, 38.777176554587939 ], [ 125.448809312057151, 38.776521011434014 ], [ 125.656812974444094, 38.63170017362394 ], [ 125.657494355838523, 38.631175019138446 ], [ 125.656678863010171, 38.631448952132409 ], [ 125.474364567565289, 38.702686856219287 ], [ 125.469695835277676, 38.704250846074267 ], [ 125.464895913422225, 38.705348058734295 ], [ 125.460011348041974, 38.705967854253714 ], [ 125.455089505989434, 38.70610422232032 ], [ 125.450178115598291, 38.705755840538849 ], [ 125.169833277666896, 38.671931553904813 ], [ 125.164893056535277, 38.671082413719986 ], [ 125.160062683926938, 38.669742889794293 ], [ 125.155390708610625, 38.667926445320447 ], [ 125.150924087346723, 38.665651336890591 ], [ 125.146707712937555, 38.662940431004259 ], [ 125.142783963021998, 38.659820974243374 ], [ 125.139192274149309, 38.656324319424172 ], [ 125.135968745412981, 38.652485610478593 ], [ 125.133145775628549, 38.648343429232078 ], [ 125.130751737701829, 38.643939407628103 ], [ 125.128810693460608, 38.639317809296749 ], [ 125.127342151815554, 38.634525084672944 ], [ 125.12636087268163, 38.629609404135714 ], [ 125.125876718629982, 38.624620173860698 ], [ 125.125894555762073, 38.61960753925208 ], [ 125.127941317660586, 38.581533769046544 ], [ 125.127945534699606, 38.580346278322843 ], [ 125.126758592738852, 38.580382620919103 ], [ 125.06019169678639, 38.585770550468396 ], [ 125.055236871789489, 38.585925049120426 ], [ 125.050291100041377, 38.585588147949458 ], [ 125.045402996817714, 38.584763158580891 ], [ 125.040620610531931, 38.583458190383205 ], [ 125.035990950435448, 38.581686070755623 ], [ 125.03155952453254, 38.579464219039075 ], [ 125.027369892251883, 38.576814475289893 ], [ 125.023463236272079, 38.57376288559945 ], [ 125.019877957709667, 38.570339446069774 ], [ 125.016649298649114, 38.566577807961963 ], [ 125.013808995724901, 38.562514946915591 ], [ 125.011384968161096, 38.558190799490575 ], [ 125.009401043334748, 38.553647870604181 ], [ 125.007876722560752, 38.548930815722017 ], [ 125.006826989400508, 38.544086001909733 ], [ 125.006262162378519, 38.539161052060379 ], [ 125.006187793554773, 38.534204376777339 ], [ 125.006604613949804, 38.529264698514368 ], [ 125.007508526359103, 38.524390572650205 ], [ 125.00889064562719, 38.519629910205524 ], [ 125.015974477694883, 38.499092560967163 ], [ 125.016303581907522, 38.497964550762397 ], [ 125.015563350502944, 38.497051986204156 ], [ 124.890877604603659, 38.3576623824923 ], [ 124.887966731779002, 38.354089696036283 ], [ 124.885397159642736, 38.350264180626461 ], [ 124.883190716472825, 38.346218333662932 ], [ 124.881366145800243, 38.341986524242003 ], [ 124.879938947184328, 38.337604701193875 ], [ 124.878921244545538, 38.333110087700675 ], [ 124.878321683173795, 38.328540865088911 ], [ 124.875896602216116, 38.299866281345885 ], [ 124.875725201539282, 38.294849080615087 ], [ 124.876057769384346, 38.289839980896218 ], [ 124.876890953243745, 38.284889477283294 ], [ 124.878216354063852, 38.280047474182183 ], [ 124.880020610912979, 38.275362782240599 ], [ 124.882285535668643, 38.270882626303994 ], [ 124.88498829636606, 38.266652169357322 ], [ 124.888101647359647, 38.26271405725177 ], [ 124.891594203977533, 38.259107988805944 ], [ 124.89543075890009, 38.255870315615006 ], [ 124.899572637073447, 38.253033675602218 ], [ 124.903978085580022, 38.250626664006674 ], [ 124.908602694535986, 38.248673545124085 ], [ 124.913399844772812, 38.247194007706341 ], [ 124.991804230002955, 38.227262481947925 ], [ 124.992817562436471, 38.226950381300959 ], [ 124.991821954318652, 38.226585670579119 ], [ 124.914807485111055, 38.20265212086035 ], [ 124.910179724592879, 38.200959707283637 ], [ 124.905741022230202, 38.198819998783918 ], [ 124.901534487465838, 38.196253776579127 ], [ 124.897600974890821, 38.193285964261882 ], [ 124.893978687457633, 38.189945385737197 ], [ 124.89070280544648, 38.1862644852798 ], [ 124.887805144788402, 38.18227901242971 ], [ 124.885313848063419, 38.178027674786541 ], [ 124.883253111174923, 38.173551762074631 ], [ 124.881642948354965, 38.168894745130117 ], [ 124.880498997782539, 38.164101853704679 ], [ 124.879832369702882, 38.159219637186375 ], [ 124.879649538522841, 38.154295512503978 ], [ 124.879952279930379, 38.149377303605569 ], [ 124.880737653648737, 38.144512776984129 ], [ 124.881998031992936, 38.139749177761097 ], [ 124.883721173951116, 38.135132770833607 ], [ 124.885890344071456, 38.130708391541859 ], [ 124.888484474999629, 38.126519010220512 ], [ 124.891478372088741, 38.122605314863428 ], [ 124.894842958093932, 38.119005315954837 ], [ 124.898545555575708, 38.115753977304969 ], [ 124.902550204268806, 38.112882876475474 ], [ 124.906818010334504, 38.110419898092751 ], [ 124.911307524104316, 38.108388963027586 ], [ 124.915975142646275, 38.106809796071566 ], [ 124.920775533244168, 38.105697734366508 ], [ 124.925662073676676, 38.105063578447464 ], [ 125.263655968811207, 38.078047998465721 ], [ 125.264824361355636, 38.077895486971073 ], [ 125.264521126089406, 38.076756869709797 ], [ 125.246720496248045, 38.02124700948648 ], [ 125.246298141053359, 38.020121630844706 ], [ 125.245885878229629, 38.019756699255375 ], [ 125.244841585164608, 38.018920088844517 ], [ 125.243538004235305, 38.019397555761174 ], [ 125.238747420662477, 38.020631606936334 ], [ 125.233858337728122, 38.021386220302396 ], [ 125.230483926257193, 38.021737229881431 ], [ 125.225629270554606, 38.022004549017439 ], [ 125.220771603406419, 38.021799094914201 ], [ 125.215956857245075, 38.021122810275166 ], [ 125.211230558656922, 38.019982089815642 ], [ 125.206637397898419, 38.018387719796578 ], [ 125.202220806320426, 38.016354776033374 ], [ 125.198022545696261, 38.013902481344161 ], [ 125.194082313336736, 38.011054023785398 ], [ 125.190437366725973, 38.00783633739362 ], [ 125.187122171227472, 38.00427984750641 ], [ 125.184168074191433, 38.000418183070856 ], [ 125.181603008545011, 37.996287858659784 ], [ 125.179451228668142, 37.99192792920249 ], [ 125.177733081052395, 37.987379620694739 ], [ 125.176464811911657, 37.982685940379909 ], [ 125.175658413563369, 37.977891270087284 ], [ 125.175321511033431, 37.973040946572667 ], [ 125.175361479623518, 37.971610298209761 ], [ 125.175328873873326, 37.9701234602271 ], [ 125.175461656660318, 37.965224725895538 ], [ 125.176073353060787, 37.960362518903501 ], [ 125.177158087063006, 37.955583546057355 ], [ 125.178705438612639, 37.950933714608631 ], [ 125.180700543708795, 37.946457691264733 ], [ 125.183124237188878, 37.942198473116491 ], [ 125.185953236831025, 37.938196974604118 ], [ 125.189160367005158, 37.934491634489376 ], [ 125.192714819724642, 37.931118046609292 ], [ 125.196582450590626, 37.928108617958493 ], [ 125.200726106786234, 37.925492257384647 ], [ 125.205105983969958, 37.923294097887414 ], [ 125.209680008639808, 37.921535255188566 ], [ 125.214404242295259, 37.9202326248924 ], [ 125.219233303514457, 37.919398720185022 ], [ 125.224120803892376, 37.919041551631551 ], [ 125.229019793652057, 37.919164550225872 ], [ 125.233883212648522, 37.919766534432213 ], [ 125.238664342432742, 37.920841721535055 ], [ 125.243317255033475, 37.922379783188468 ], [ 125.247797254145468, 37.924365944631134 ], [ 125.252061304486304, 37.926781126614038 ], [ 125.256068445197286, 37.929602128677516 ], [ 125.259436790834641, 37.932229438237506 ], [ 125.259928996311857, 37.932654145667463 ], [ 125.259984234938798, 37.932631206298829 ], [ 125.260853863857363, 37.931743107808423 ], [ 125.307521616702346, 37.879025831392845 ], [ 125.308299904518137, 37.878051507536078 ], [ 125.308651610954897, 37.875978333809478 ], [ 125.309734267480195, 37.871093321939341 ], [ 125.311299738492806, 37.866340976557133 ], [ 125.313332347061589, 37.861768888573593 ], [ 125.31581173824911, 37.857422843766834 ], [ 125.318713082949884, 37.853346364274628 ], [ 125.322007326533935, 37.849580272755283 ], [ 125.325661479805447, 37.846162283581585 ], [ 125.329638949362987, 37.843126625161752 ], [ 125.333899904053013, 37.840503697169474 ], [ 125.338401673846718, 37.838319766115688 ], [ 125.343099177146001, 37.836596702310644 ], [ 125.347945372239423, 37.83535176085033 ], [ 125.352891728386979, 37.834597408820599 ], [ 125.357888711816372, 37.834341200449366 ], [ 125.362886281763892, 37.83458570145708 ], [ 125.367834391592311, 37.835328463363112 ], [ 125.372683489967642, 37.836562048005291 ], [ 125.377385017075866, 37.83827410202715 ], [ 125.508957540785232, 37.893790382610113 ], [ 125.510057690084167, 37.89419148683298 ], [ 125.510326662778681, 37.893051808471505 ], [ 125.522861634340671, 37.824978942234267 ], [ 125.523970153760843, 37.820257685886844 ], [ 125.525530848631732, 37.81566602950565 ], [ 125.527529036512306, 37.811247169698312 ], [ 125.529945919188876, 37.807042677466107 ], [ 125.532758759521727, 37.803092107119333 ], [ 125.535941095347738, 37.799432624164936 ], [ 125.539462988426621, 37.796098655667201 ], [ 125.543291306088832, 37.793121566370573 ], [ 125.547390032935553, 37.790529363631784 ], [ 125.551720609658162, 37.788346433936958 ], [ 125.556242295790057, 37.786593313482555 ], [ 125.55868475093051, 37.785780235836313 ], [ 125.563311415185353, 37.784483384171295 ], [ 125.568041198508823, 37.783636627960206 ], [ 125.572830420696661, 37.783247787113972 ], [ 125.577634852618402, 37.783320452631685 ], [ 125.582410124679612, 37.783853953437216 ], [ 125.587112136581197, 37.784843362576716 ], [ 125.591697464591832, 37.786279542719697 ], [ 125.596123762572006, 37.78814923054356 ], [ 125.600350153046648, 37.790435159222213 ], [ 125.604337604714175, 37.793116217887601 ], [ 125.608049292905974, 37.796167646591499 ], [ 125.61145093966735, 37.799561264967053 ], [ 125.614511130319173, 37.803265732478387 ], [ 125.617201603576802, 37.807246837854798 ], [ 125.619497512546943, 37.811467815036558 ], [ 125.621377654192145, 37.815889682714591 ], [ 125.622824665143852, 37.820471604328247 ], [ 125.623825182055441, 37.825171265196623 ], [ 125.624369965014594, 37.829945263300466 ], [ 125.630545564023436, 37.924015432908817 ], [ 125.630682657720016, 37.925206818816619 ], [ 125.632179739403156, 37.926397857448151 ], [ 125.632879367073144, 37.926899580929927 ], [ 125.63650068488883, 37.930065266912521 ], [ 125.639801063868561, 37.93356426806325 ], [ 125.642749961631353, 37.937364203911031 ], [ 125.645320088475188, 37.941429909073641 ], [ 125.647487659921467, 37.945723758685332 ], [ 125.649232616821465, 37.950206016585078 ], [ 125.650538810987712, 37.954835203043054 ], [ 125.651394154632683, 37.959568478622565 ], [ 125.65179073223166, 37.964362040624941 ], [ 125.651724873774569, 37.969171528448634 ], [ 125.651197188729, 37.973952434111304 ], [ 125.650212560400121, 37.978660514135747 ], [ 125.648780100739515, 37.983252198988112 ], [ 125.646913066021398, 37.987684996279206 ], [ 125.644628734166261, 37.9919178839978 ], [ 125.641948244847512, 37.995911690136651 ], [ 125.638896403860628, 37.999629455198267 ], [ 125.63550145356524, 38.003036774225663 ], [ 125.631794811524571, 38.006102115192832 ], [ 125.597931625036736, 38.031465738316506 ], [ 125.597143080233565, 38.032120123739475 ], [ 125.598157473324008, 38.031975107028806 ], [ 125.798120012068111, 37.993140404681725 ], [ 125.799294758835757, 37.992851686047537 ], [ 125.800110209963023, 37.991958138132205 ], [ 125.875391646628984, 37.90084906729124 ], [ 125.878766385299798, 37.897157541199782 ], [ 125.882493049533224, 37.893821645567208 ], [ 125.886534348499438, 37.890874761001115 ], [ 125.890849842979151, 37.88834637547361 ], [ 125.895396350018316, 37.886261789250163 ], [ 125.900128375037937, 37.884641861722805 ], [ 125.904998567075111, 37.883502802680766 ], [ 125.909958192600001, 37.882856010107417 ], [ 125.914957623167467, 37.882707956126417 ], [ 125.919946832023555, 37.883060122238511 ], [ 125.924875894697792, 37.883908984496877 ], [ 125.929695488571866, 37.885246048769481 ], [ 125.934357386426001, 37.887057935735541 ], [ 125.938814939024113, 37.889326514765521 ], [ 125.943023541908943, 37.892029085345165 ], [ 125.946941081736171, 37.895138604227924 ], [ 125.950528357681151, 37.898623956042989 ], [ 125.953749473701606, 37.902450264650895 ], [ 125.95657219773102, 37.906579242131329 ], [ 125.958968284208524, 37.910969571910798 ], [ 125.959513913720969, 37.91210041409304 ], [ 125.960615467783953, 37.911687768728797 ], [ 126.054659245402249, 37.871065309250426 ], [ 126.055713141407168, 37.870549017175897 ], [ 126.056219721913067, 37.869490418816468 ], [ 126.069921948555702, 37.836950182638994 ], [ 126.07208700856377, 37.832450967775216 ], [ 126.074690007928496, 37.828190121200159 ], [ 126.077704989103708, 37.82421013279037 ], [ 126.081101886191547, 37.820550691657679 ], [ 126.084846824764611, 37.817248290362727 ], [ 126.088902459667466, 37.814335861005006 ], [ 126.093228347428763, 37.811842446818467 ], [ 126.097781349570326, 37.809792912547493 ], [ 126.10251606279131, 37.808207696491536 ], [ 126.107385271737485, 37.807102606690925 ], [ 126.112340419840734, 37.806488663286473 ], [ 126.117332093533221, 37.806371988624754 ], [ 126.122310515007825, 37.806753746205068 ], [ 126.127226038610772, 37.807630129076799 ], [ 126.13202964591639, 37.808992397802989 ], [ 126.136673434547106, 37.810826967611469 ], [ 126.141111095863977, 37.813115543864456 ], [ 126.145298376764188, 37.815835304495778 ], [ 126.149193520980418, 37.818959127596351 ], [ 126.152757685481376, 37.822455861878375 ], [ 126.155955327820976, 37.826290637321208 ], [ 126.157716436957926, 37.828891863969588 ], [ 126.158252837736086, 37.829602547665985 ], [ 126.159436538580707, 37.829989738674335 ], [ 126.377494113075755, 37.889273386779351 ], [ 126.378664810439432, 37.889531012832364 ], [ 126.379735039431651, 37.88899109301893 ], [ 126.554781207339673, 37.78967565296103 ], [ 126.55932048146822, 37.787396828936927 ], [ 126.564067526974455, 37.785590283197479 ], [ 126.568973358054194, 37.784274657884545 ], [ 126.573987350360099, 37.78346352922442 ], [ 126.579057763405402, 37.783165267431713 ], [ 126.584132274485341, 37.783382950335309 ], [ 126.589158518606638, 37.784114331617559 ], [ 126.594084628853366, 37.785351863994542 ], [ 126.598859771612993, 37.787082777098121 ], [ 126.698853605497774, 37.829190634579867 ], [ 126.699895225501663, 37.829571420712455 ], [ 126.699786255913608, 37.828467746874935 ], [ 126.683547924492572, 37.718421823133987 ], [ 126.683075873248896, 37.713643257285817 ], [ 126.683064386237405, 37.708841445961895 ], [ 126.683513569402962, 37.704060676314057 ], [ 126.684419279924896, 37.699345041426533 ], [ 126.685773164426394, 37.694738033645059 ], [ 126.687562736017753, 37.690282143446531 ], [ 126.689771489463027, 37.686018467548912 ], [ 126.692379053408047, 37.681986329875841 ], [ 126.695361378265574, 37.678222918871697 ], [ 126.698690958024898, 37.67476294451221 ], [ 126.70233708393998, 37.671638318174026 ], [ 126.706266127756621, 37.668877858315795 ], [ 126.754187178776803, 37.638538065823326 ], [ 126.754871647763835, 37.638056354238607 ], [ 126.75407309479607, 37.638307067227394 ], [ 126.661590656282883, 37.672385882029218 ], [ 126.656924604509967, 37.673850384435553 ], [ 126.65213780111614, 37.674852042917578 ], [ 126.647276040121511, 37.675381274886476 ], [ 126.642385832644763, 37.67543301732681 ], [ 126.63751396194418, 37.675006775233022 ], [ 126.632707035855191, 37.674106626344965 ], [ 126.628011040906131, 37.672741182137337 ], [ 126.623470902377917, 37.670923505436065 ], [ 126.619130054516305, 37.668670985449893 ], [ 126.615030025008551, 37.666005171412614 ], [ 126.611210037699522, 37.662951566427587 ], [ 126.607706637348059, 37.65953938348656 ], [ 126.604553340013382, 37.655801265997113 ], [ 126.601780312416324, 37.651772975492236 ], [ 126.599414083342594, 37.647493049509656 ], [ 126.597477289849309, 37.643002432913896 ], [ 126.595988460702486, 37.638344086188141 ], [ 126.594961839117573, 37.633562574443189 ], [ 126.594407246498434, 37.628703641075404 ], [ 126.594329988478833, 37.623813770152353 ], [ 126.594730804164783, 37.618939741712587 ], [ 126.595605859063809, 37.614128184234033 ], [ 126.59694678176848, 37.60942512855226 ], [ 126.598740744043255, 37.604875567496244 ], [ 126.643664706991487, 37.505487533103668 ], [ 126.644097273761602, 37.504392272674416 ], [ 126.643440677253679, 37.50341472960924 ], [ 126.628362367411427, 37.483156471156477 ], [ 126.625655317215589, 37.47912443179051 ], [ 126.62335220521733, 37.47484878712158 ], [ 126.621474759401053, 37.47036987437199 ], [ 126.620040691937689, 37.46572994843271 ], [ 126.619063532084837, 37.4609727832229 ], [ 126.618552498549192, 37.456143258718676 ], [ 126.618512412515628, 37.45128693754711 ], [ 126.618943652163182, 37.446449635139999 ], [ 126.619842149097309, 37.441676987502589 ], [ 126.621199426731806, 37.437014020675086 ], [ 126.623002680258523, 37.432504725948654 ], [ 126.625234897450298, 37.42819164484343 ], [ 126.627875019157457, 37.424115467763997 ], [ 126.630898137983664, 37.420314650118527 ], [ 126.634275733267017, 37.416825049523418 ], [ 126.637975940149119, 37.413679587515851 ], [ 126.641963850194159, 37.410907938965948 ], [ 126.869657081900456, 37.268540225174831 ], [ 126.870580728082373, 37.267897612525424 ], [ 126.86999557101214, 37.267598328957234 ], [ 126.866831990439678, 37.266168989502411 ], [ 126.862527779996014, 37.263682720290959 ], [ 126.85849170298026, 37.260781368113427 ], [ 126.854763648364752, 37.257493607337608 ], [ 126.851380460904167, 37.253851931247979 ], [ 126.848375576994925, 37.24989233091118 ], [ 126.84577869421976, 37.245653939472525 ], [ 126.843615477843457, 37.241178645399003 ], [ 126.841907307160255, 37.236510678491214 ], [ 126.840671064200137, 37.231696172755541 ], [ 126.839918966881925, 37.226782710457009 ], [ 126.839658448262242, 37.2218188518587 ], [ 126.839892083073934, 37.216853655295623 ], [ 126.840617562279661, 37.211936192326036 ], [ 126.841827715892379, 37.207115062752081 ], [ 126.843510583837016, 37.202437914302855 ], [ 126.845649534153239, 37.197950971726897 ], [ 126.848223427370783, 37.193698579948162 ], [ 126.85120682543311, 37.189722765800475 ], [ 126.854570243104334, 37.186062822671943 ], [ 126.858280439374951, 37.182754922164264 ], [ 126.86230074598619, 37.179831756605005 ], [ 126.866591429826258, 37.177322215945885 ], [ 126.870252828364869, 37.17564402379184 ], [ 126.870600534356015, 37.175463224384828 ], [ 126.870012048096825, 37.174762991191223 ], [ 126.867011046333914, 37.170809175019428 ], [ 126.864416862846355, 37.166577285850956 ], [ 126.862255064530558, 37.162109030940691 ], [ 126.860546956924011, 37.157448447038881 ], [ 126.859309374229227, 37.15264146638831 ], [ 126.858554513404812, 37.147735464040466 ], [ 126.858289813958606, 37.142778790952143 ], [ 126.858517884627972, 37.137820297464081 ], [ 126.859236477669356, 37.132908851857927 ], [ 126.860438511010926, 37.128092858736345 ], [ 126.862112138049653, 37.123419781972956 ], [ 126.864240864405218, 37.118935676933546 ], [ 126.866803710479815, 37.114684736578837 ], [ 126.869775418221977, 37.110708855922113 ], [ 126.873126700056488, 37.107047219134145 ], [ 126.876824527527262, 37.103735913364844 ], [ 126.880832456808193, 37.10080757308743 ], [ 126.885110987874285, 37.098291058470366 ], [ 126.889617953792822, 37.096211170946859 ], [ 126.890422569191131, 37.095887271658242 ], [ 126.890774402753308, 37.094730123598197 ], [ 126.910679510442193, 37.015307166550556 ], [ 126.910919305318629, 37.014099569166895 ], [ 126.910919130078852, 37.014017852570312 ], [ 126.910673438291781, 37.00936779345534 ], [ 126.910886878568789, 37.004530341679526 ], [ 126.911567242573966, 36.999736220148357 ], [ 126.912708149446445, 36.995030391003191 ], [ 126.914298899078631, 36.990456988326528 ], [ 126.916324572468312, 36.986058904226205 ], [ 126.918766171637913, 36.98187738656749 ], [ 126.921600797808935, 36.977951652125924 ], [ 126.924801866160436, 36.974318518788955 ], [ 126.92833935515732, 36.97101206025571 ], [ 126.932180088110343, 36.968063286473473 ], [ 126.936288044326886, 36.965499852807838 ], [ 126.940624696934648, 36.963345800674126 ], [ 126.945149374209663, 36.961621332062606 ], [ 126.949819641020085, 36.960342620072133 ], [ 126.954591696808279, 36.959521657229168 ], [ 126.959420786378629, 36.959166143014656 ], [ 126.964261619638577, 36.959279411653696 ], [ 126.969068796356211, 36.959860400845194 ], [ 126.973797231950812, 36.96090366172475 ], [ 126.978402580323078, 36.962399409967368 ], [ 126.982841649759308, 36.964333617550707 ], [ 127.04091748437169, 36.993060870845113 ], [ 127.041573286410141, 36.993346632269144 ], [ 127.041002545945602, 36.992915365266654 ], [ 126.879931714951908, 36.88303535362509 ], [ 126.875985758540992, 36.880046886252828 ], [ 126.872354628132129, 36.876682900345344 ], [ 126.869073910995411, 36.872976364995353 ], [ 126.866175760139313, 36.868963606486894 ], [ 126.86368857919183, 36.864683952275811 ], [ 126.861636744027734, 36.860179345556986 ], [ 126.860040363870311, 36.855493934195657 ], [ 126.858915084208832, 36.850673638051703 ], [ 126.858271933463286, 36.845765698937328 ], [ 126.850941453430323, 36.755218335058061 ], [ 126.850814806722767, 36.754255013793497 ], [ 126.850514500243762, 36.755179050192098 ], [ 126.803193952689185, 36.930039404094138 ], [ 126.801685968009636, 36.934694976291674 ], [ 126.799730091883333, 36.939180833941968 ], [ 126.797345060328539, 36.94345400545302 ], [ 126.794553720392784, 36.947473556627365 ], [ 126.791382811292991, 36.95120098278506 ], [ 126.787862708271277, 36.954600577613384 ], [ 126.784027131619879, 36.957639775210026 ], [ 126.779912823662755, 36.960289462043228 ], [ 126.775559196788038, 36.962524255840428 ], [ 126.771007955903144, 36.964322748733892 ], [ 126.719545302001137, 36.98179918702084 ], [ 126.714902918991001, 36.983129421966012 ], [ 126.710153859502554, 36.984005594892594 ], [ 126.705342425127768, 36.984419532423182 ], [ 126.700513499322625, 36.984367373142355 ], [ 126.695712128711889, 36.983849603617848 ], [ 126.690983102871741, 36.982871053861651 ], [ 126.68637053651031, 36.981440852273209 ], [ 126.681917457943726, 36.979572340485191 ], [ 126.677665407706527, 36.977282948906094 ], [ 126.67365405104087, 36.974594034120706 ], [ 126.66992080787945, 36.97153067966525 ], [ 126.666500503773634, 36.968121462035661 ], [ 126.663425045023487, 36.964398184111808 ], [ 126.660723121039823, 36.960395578484388 ], [ 126.631747010784963, 36.912649999190215 ], [ 126.631086920026277, 36.91167314477218 ], [ 126.629439082108519, 36.911997381873583 ], [ 126.628329120126779, 36.912274617634935 ], [ 126.623675173025234, 36.912980771009586 ], [ 126.618975443614545, 36.913246138073802 ], [ 126.614271586303701, 36.913068366839362 ], [ 126.609605292087934, 36.912449032919461 ], [ 126.605017919035063, 36.911393625563832 ], [ 126.600550125722791, 36.909911499006697 ], [ 126.596241510875586, 36.908015789558767 ], [ 126.59213026239523, 36.905723299178156 ], [ 126.588252818895668, 36.903054346552089 ], [ 126.584643546742143, 36.900032587009328 ], [ 126.583853768560104, 36.899233578861271 ], [ 126.582606847636711, 36.898092189113655 ], [ 126.58165745289115, 36.89876647103349 ], [ 126.575113004688859, 36.903909736062516 ], [ 126.571208695060221, 36.906686200124312 ], [ 126.567056580272848, 36.909076248064281 ], [ 126.562694780703893, 36.911057936960916 ], [ 126.558163341836931, 36.912613073018541 ], [ 126.553503866606221, 36.913727378603703 ], [ 126.548759133442047, 36.914390623327463 ], [ 126.543972703523934, 36.91459671797017 ], [ 126.539188520847389, 36.914343770386282 ], [ 126.534450508776089, 36.913634102876053 ], [ 126.529802166783512, 36.912474230864653 ], [ 126.525286171086208, 36.910874803084283 ], [ 126.520943982835377, 36.908850503808701 ], [ 126.516815467463985, 36.906419918037535 ], [ 126.512938528683989, 36.903605360868283 ], [ 126.50934876049412, 36.900432672622365 ], [ 126.506079120392954, 36.89693098160636 ], [ 126.503159626797625, 36.893132436686308 ], [ 126.50061708344613, 36.889071912130476 ], [ 126.498474833313423, 36.884786687430221 ], [ 126.496752544300577, 36.880316105038737 ], [ 126.484288626061243, 36.842679677478294 ], [ 126.483905672252945, 36.841691090438651 ], [ 126.483609438617052, 36.842709031295108 ], [ 126.475822463870074, 36.875462067499093 ], [ 126.474477992251337, 36.880106398795341 ], [ 126.472691223262771, 36.884599156712746 ], [ 126.470478864921944, 36.88889832962095 ], [ 126.467861604918383, 36.892963716096624 ], [ 126.464863917163584, 36.8967573008456 ], [ 126.46151383293639, 36.900243610182656 ], [ 126.457842678763342, 36.903390043744743 ], [ 126.453884783485421, 36.906167179335931 ], [ 126.44967715725015, 36.908549048053381 ], [ 126.445259145430981, 36.910513377121674 ], [ 126.440672060709957, 36.912041798164807 ], [ 126.435958796764254, 36.913120018968272 ], [ 126.431163427168784, 36.913737957125093 ], [ 126.426330793265649, 36.913889834316031 ], [ 126.421506084854272, 36.913574230342526 ], [ 126.416734417623061, 36.912794096406863 ], [ 126.41206041127414, 36.911556727515617 ], [ 126.407527772285889, 36.909873694264263 ], [ 126.403178885215254, 36.907760734640952 ], [ 126.399054416361054, 36.905237606861064 ], [ 126.395192933494826, 36.902327904608825 ], [ 126.358680773579223, 36.871939411837651 ], [ 126.354936999346862, 36.868486015528127 ], [ 126.351563976820884, 36.864669667717372 ], [ 126.348596706900196, 36.860529969565178 ], [ 126.34606598010393, 36.856109877546203 ], [ 126.343998057066941, 36.851455257702803 ], [ 126.342414396040581, 36.846614409706106 ], [ 126.341331430226546, 36.841637565664037 ], [ 126.340760397254229, 36.836576368876905 ], [ 126.340707222570956, 36.831483337949592 ], [ 126.341172457955352, 36.826411321820814 ], [ 126.342151275791679, 36.821412951364678 ], [ 126.343633519164584, 36.816540093255007 ], [ 126.345603807254648, 36.811843311759596 ], [ 126.356177610475726, 36.78985041610121 ], [ 126.356632321918227, 36.78877472850197 ], [ 126.353395219449254, 36.784987554735643 ], [ 126.350537984048557, 36.780873481740073 ], [ 126.348106710725816, 36.776494178053632 ], [ 126.346125799147615, 36.771893593300881 ], [ 126.344615129259779, 36.76711789782923 ], [ 126.343589861777161, 36.762215019354592 ], [ 126.343060286034358, 36.757234161970516 ], [ 126.343031716724482, 36.752225312347846 ], [ 126.343504440562143, 36.747238738080753 ], [ 126.344473713406103, 36.742324483213345 ], [ 126.345929807870348, 36.737531866009853 ], [ 126.347858110945651, 36.732908984008581 ], [ 126.350239270652295, 36.728502231326686 ], [ 126.37191760433879, 36.692785012237174 ], [ 126.374617960291431, 36.688784843481763 ], [ 126.377691407378862, 36.685063661499711 ], [ 126.381109309345064, 36.681656137693167 ], [ 126.384839820541501, 36.678594021014142 ], [ 126.388848182642874, 36.675905842149739 ], [ 126.393097048501147, 36.673616647692917 ], [ 126.39754683012049, 36.671747766775638 ], [ 126.40215606751083, 36.670316612338787 ], [ 126.406881814983478, 36.669336518890383 ], [ 126.41168004128923, 36.668816618263875 ], [ 126.41650603987128, 36.66876175453401 ], [ 126.421314845409881, 36.669172438883116 ], [ 126.42606165277823, 36.67004484483823 ], [ 126.430702234505617, 36.671370843923555 ], [ 126.43519335285842, 36.673138081395962 ], [ 126.439493162699478, 36.675330091357949 ], [ 126.443561601372124, 36.677926450175519 ], [ 126.447360761976384, 36.680902966771448 ], [ 126.450855246559172, 36.684231908021054 ], [ 126.454012495928083, 36.687882257150292 ], [ 126.456803093015324, 36.691820002728583 ], [ 126.459201036965752, 36.69600845556387 ], [ 126.461183985394726, 36.700408590547113 ], [ 126.479141480074617, 36.746013477895104 ], [ 126.479549397176555, 36.746918541448963 ], [ 126.479657118716474, 36.745931661279705 ], [ 126.494156616750217, 36.506167436606752 ], [ 126.494715118042336, 36.501151581712264 ], [ 126.49577641469844, 36.496217579946602 ], [ 126.497329693920861, 36.491415700348668 ], [ 126.499359130451026, 36.486794865858464 ], [ 126.501844047801839, 36.482402154875992 ], [ 126.50475912891568, 36.478282321612909 ], [ 126.50807467410192, 36.474477340123627 ], [ 126.511756903626022, 36.471025976661501 ], [ 126.515768301867183, 36.467963394717025 ], [ 126.520067999538398, 36.465320796761986 ], [ 126.524612190074578, 36.463125106349665 ], [ 126.529354575946513, 36.461398693809869 ], [ 126.534246840353504, 36.460159148333538 ], [ 126.539239139488956, 36.459419098768961 ], [ 126.544280610363472, 36.459186084955427 ], [ 126.549319889011727, 36.459462480905145 ], [ 126.554305633803466, 36.460245470616144 ], [ 126.616248963269172, 36.473206438887551 ], [ 126.617080606324862, 36.473338523164294 ], [ 126.616330332349762, 36.472956207338676 ], [ 126.573372777861309, 36.453642696083726 ], [ 126.569037846728961, 36.451434220284838 ], [ 126.564938070010584, 36.448814902790552 ], [ 126.561112262741219, 36.445809542244135 ], [ 126.557596646123443, 36.442446592189008 ], [ 126.554424504599723, 36.438757891682066 ], [ 126.551625870728614, 36.434778363854306 ], [ 126.549227240848623, 36.430545685272698 ], [ 126.547251324221563, 36.426099929233587 ], [ 126.545716828030351, 36.421483186364902 ], [ 126.544638280267009, 36.416739166129005 ], [ 126.544025892187463, 36.411912782999117 ], [ 126.543885461635426, 36.40704973122719 ], [ 126.544218318150826, 36.402196052229094 ], [ 126.545021310382197, 36.397397698683058 ], [ 126.546286835922459, 36.392700099468207 ], [ 126.548002913285416, 36.388147729562242 ], [ 126.550153295341644, 36.383783688970233 ], [ 126.552717623139756, 36.379649294671161 ], [ 126.555671618656802, 36.375783689445363 ], [ 126.558987314652754, 36.372223471286482 ], [ 126.562633319453127, 36.369002346906385 ], [ 126.581657987007986, 36.353776547591714 ], [ 126.582505870843264, 36.353027209404807 ], [ 126.581494008160277, 36.352520703109121 ], [ 126.565380423524871, 36.345416250214804 ], [ 126.560936430982039, 36.343186743271083 ], [ 126.556735832777179, 36.34052690386725 ], [ 126.552820164040455, 36.337463032251605 ], [ 126.549228142545559, 36.334025423705967 ], [ 126.545995285871896, 36.330248068988638 ], [ 126.543153560210058, 36.326168318236974 ], [ 126.540731064282994, 36.321826511652581 ], [ 126.538751751508485, 36.317265580621147 ], [ 126.537235193149868, 36.312530623210797 ], [ 126.536196384797236, 36.307668458246567 ], [ 126.535645598092415, 36.302727162370111 ], [ 126.535588279163846, 36.297755594662306 ], [ 126.536024994775872, 36.292802913529115 ], [ 126.536951426724528, 36.287918090627777 ], [ 126.53835841453558, 36.283149426639568 ], [ 126.540232046042476, 36.278544073677068 ], [ 126.54255379494856, 36.274147569048388 ], [ 126.602662622432931, 36.172864194646536 ], [ 126.603213750449783, 36.171823587911739 ], [ 126.602019678461161, 36.170004485993985 ], [ 126.59958278075824, 36.165872686406765 ], [ 126.597553037943996, 36.161526379658319 ], [ 126.595949131964758, 36.15700556957016 ], [ 126.594785825323996, 36.15235186610915 ], [ 126.594073825206877, 36.147608102405428 ], [ 126.593819684930338, 36.142817940512202 ], [ 126.594025743625721, 36.138025469536018 ], [ 126.59469010470913, 36.133274799836457 ], [ 126.59580665333786, 36.128609657030161 ], [ 126.597365112691918, 36.124072979536088 ], [ 126.599351138562909, 36.119706523366233 ], [ 126.601746451379427, 36.115550477799289 ], [ 126.604529004454051, 36.111643095474719 ], [ 126.670420378067448, 36.027925659364428 ], [ 126.673541620037867, 36.024326922545107 ], [ 126.676991174363422, 36.021041556037751 ], [ 126.680737728669385, 36.01809938184762 ], [ 126.684747274645886, 36.015527106746681 ], [ 126.688983416748968, 36.013348079850303 ], [ 126.693407702571008, 36.011582080672092 ], [ 126.697979971881892, 36.01024513958086 ], [ 126.702658721172284, 36.009349392289359 ], [ 126.707401480390345, 36.00890296969574 ], [ 126.712165198451814, 36.00890992407755 ], [ 126.71690663402434, 36.00937019230831 ], [ 126.721582748038685, 36.010279596430529 ], [ 126.726151094363971, 36.011629881579971 ], [ 126.869534073513208, 36.061552036945137 ], [ 126.870307708956631, 36.06177934963911 ], [ 126.869628839266966, 36.061344241831172 ], [ 126.745657656177272, 35.990246648671054 ], [ 126.744454362439086, 35.989641055525922 ], [ 126.743945795783461, 35.989569577797702 ], [ 126.739123323788576, 35.988648374165145 ], [ 126.734414447804568, 35.987258647846282 ], [ 126.729864570535426, 35.985413798500176 ], [ 126.725517561628934, 35.983131614055203 ], [ 126.721415334688075, 35.980434099198924 ], [ 126.717597443142637, 35.977347263210191 ], [ 126.714100698877289, 35.973900869179197 ], [ 126.71095881729363, 35.970128147033549 ], [ 126.708202092228206, 35.966065473137235 ], [ 126.70585710386122, 35.961752019551909 ], [ 126.703946462431944, 35.957229376342148 ], [ 126.702488590232122, 35.952541150566539 ], [ 126.701497543979372, 35.947732545820983 ], [ 126.700982879283103, 35.942849926388291 ], [ 126.70094955850989, 35.937940370196522 ], [ 126.701397902936677, 35.933051214896359 ], [ 126.702323589652991, 35.928229601434317 ], [ 126.703717693242197, 35.923522019522487 ], [ 126.705566771839884, 35.918973859387478 ], [ 126.707852996739462, 35.914628974120568 ], [ 126.710554324295543, 35.910529256848754 ], [ 126.71364470846747, 35.906714236803722 ], [ 126.717094351953662, 35.903220698183318 ], [ 126.720869993495455, 35.900082325480476 ], [ 126.724935228580222, 35.897329378699354 ], [ 126.729250860451486, 35.89498840159014 ], [ 126.733775278041747, 35.893081965715801 ], [ 126.805021506097091, 35.867101527107266 ], [ 126.805968776095654, 35.866702967424047 ], [ 126.804965105849504, 35.866482023293962 ], [ 126.424221585894045, 35.801872910217639 ], [ 126.421805909211585, 35.801583142225596 ], [ 125.4205950123675, 35.730704811465159 ], [ 125.419512548751342, 35.730675313536672 ], [ 125.418431607100331, 35.730739832953752 ], [ 124.762939272279795, 35.7985272093105 ], [ 124.761695147930368, 35.79871980980635 ], [ 124.760476809274721, 35.799036971071871 ], [ 124.367382205410195, 35.922883487781569 ], [ 124.366239157038663, 35.923306082554404 ], [ 124.365142848037394, 35.923838297262797 ], [ 123.683463520203105, 36.297003831225823 ], [ 123.682180581631499, 36.297811426453691 ], [ 123.681005383879963, 36.298769054604726 ], [ 123.136124175847371, 36.801010141840841 ], [ 123.135198500176941, 36.801959346683759 ], [ 123.134378963886732, 36.803001568133176 ], [ 122.786113294643897, 37.298012252967688 ], [ 122.785410652317111, 37.299133453637111 ], [ 122.784961121756325, 37.300377929211741 ], [ 122.611276926931566, 37.87538444412894 ], [ 122.610957217334857, 37.876697084047798 ], [ 122.610928598740472, 37.87804779451227 ], [ 122.63097825920471, 38.480880291248688 ], [ 122.630895008126643, 38.485870380033269 ], [ 122.630314703451361, 38.490827310868362 ], [ 122.629243126851094, 38.495701697025588 ], [ 122.627690954622167, 38.500444974182976 ], [ 122.625673651315282, 38.50500988427936 ], [ 122.623211315659645, 38.50935094635436 ], [ 122.296434798949704, 39.023802717806191 ], [ 122.295797869644232, 39.024931988698683 ], [ 122.295541033443385, 39.026202802160476 ], [ 122.251655522249109, 39.322460283325782 ], [ 122.251539481164386, 39.323641550179815 ] ], [ [ 126.479847795062753, 37.734055429242254 ], [ 126.477151068339197, 37.738071618653734 ], [ 126.474078846184639, 37.741808403828664 ], [ 126.470659887194373, 37.745230805300338 ], [ 126.466926195713427, 37.748306786499185 ], [ 126.46291272224893, 37.751007553642083 ], [ 126.45865703630372, 37.753307825266532 ], [ 126.454198974694165, 37.755186068886474 ], [ 126.449580268643814, 37.756624702554575 ], [ 126.444844153143961, 37.757610259444114 ], [ 126.440034962237533, 37.758133513909847 ], [ 126.43519771401499, 37.758189567847836 ], [ 126.430377689206992, 37.757777896545853 ], [ 126.425620007318528, 37.756902353595152 ], [ 126.420969204272097, 37.755571134817529 ], [ 126.416468815514008, 37.753796701545596 ], [ 126.412160968485708, 37.751595663974101 ], [ 126.408085988275332, 37.748988625674514 ], [ 126.404282020140869, 37.745999990728166 ], [ 126.400784672438292, 37.742657735283451 ], [ 126.397626683297219, 37.738993145675416 ], [ 126.394837614164388, 37.735040525559242 ], [ 126.392443573083568, 37.730836874799039 ], [ 126.390466970302128, 37.726421543117851 ], [ 126.388926308492287, 37.721835861751011 ], [ 126.387836009550369, 37.717122756550857 ], [ 126.387206279595745, 37.71232634616446 ], [ 126.387043013432887, 37.707491529045839 ], [ 126.387347739371037, 37.702663563168464 ], [ 126.388117604917923, 37.697887642372407 ], [ 126.392889872549887, 37.675300151791127 ], [ 126.394186399448785, 37.670404399192343 ], [ 126.395971531812776, 37.665664918424248 ], [ 126.398226954629706, 37.661130335375617 ], [ 126.4009295278249, 37.656847173735805 ], [ 126.40405152367245, 37.652859377673323 ], [ 126.407560911274828, 37.649207860979622 ], [ 126.411421685191868, 37.645930087303853 ], [ 126.415594234847589, 37.643059685785147 ], [ 126.420035750924825, 37.640626106026069 ], [ 126.424700664578083, 37.638654315947043 ], [ 126.429541114958568, 37.637164545621744 ], [ 126.434507440254507, 37.636172079721554 ], [ 126.439548687208926, 37.635687100698711 ], [ 126.448654647357216, 37.635274864282806 ], [ 126.453559366363748, 37.63529363508156 ], [ 126.458438648069944, 37.635792865396759 ], [ 126.46324554086371, 37.636767751310629 ], [ 126.46793378970608, 37.638208911838831 ], [ 126.47245828122702, 37.640102479200401 ], [ 126.476775477835687, 37.642430232262491 ], [ 126.480843836667262, 37.645169771875921 ], [ 126.484624209335323, 37.648294736414364 ], [ 126.488080218643063, 37.651775055442954 ], [ 126.491178608628204, 37.655577239075534 ], [ 126.493889564573493, 37.659664700236043 ], [ 126.496186999903159, 37.663998106723085 ], [ 126.498048807204924, 37.668535759689874 ], [ 126.499457070961824, 37.673233994897586 ], [ 126.500398239946932, 37.678047602880937 ], [ 126.500863257622072, 37.682930263983017 ], [ 126.500847649285689, 37.687834994073022 ], [ 126.500351565131311, 37.692714596658043 ], [ 126.499379778802293, 37.697522117038304 ], [ 126.497941641456777, 37.702211294135765 ], [ 126.496050991784685, 37.706737005648158 ], [ 126.493726022843006, 37.711055702245069 ], [ 126.479847795062753, 37.734055429242254 ] ] ], [ [ [ 122.240905218115756, 40.42810649933385 ], [ 122.240980999941456, 40.428389518417085 ], [ 122.262165199015769, 40.494470074269699 ], [ 122.26283384888815, 40.496305682130696 ], [ 122.279678141643288, 40.537468248972694 ], [ 122.279846355321212, 40.537828570930053 ], [ 122.279731603959959, 40.537447834959309 ], [ 122.24101652460952, 40.428377522489498 ], [ 122.240905218115756, 40.42810649933385 ] ] ], [ [ [ 107.464664481328654, 1.743923551766099 ], [ 107.464657926964719, 1.745082682182523 ], [ 107.481036616859043, 2.144761174385801 ], [ 107.481130527286766, 2.145858259264019 ], [ 107.481600396720793, 2.146854069041707 ], [ 107.88452259705555, 2.910868061523292 ], [ 107.885168634129045, 2.911954824921674 ], [ 107.886112188142377, 2.91279632620412 ], [ 108.446247231224547, 3.363224235614523 ], [ 108.447295831531918, 3.363981088579102 ], [ 108.448478270622175, 3.364504755278667 ], [ 108.996568941188812, 3.573840699226205 ], [ 108.997961714999292, 3.574280898063616 ], [ 108.99939647020075, 3.574554889697796 ], [ 109.578095890539018, 3.650201529697986 ], [ 109.58298934396457, 3.651090662794783 ], [ 109.587770254123839, 3.652461553797316 ], [ 109.592391315930087, 3.654300638318129 ], [ 109.596806805928509, 3.656589719392651 ], [ 109.600973034710506, 3.65930614753047 ], [ 110.254860458776875, 4.133609904751336 ], [ 110.255904795369332, 4.134290032099707 ], [ 110.257104068354252, 4.134629084361015 ], [ 111.553552503179361, 4.431676013276957 ], [ 111.558461724174705, 4.433067958508582 ], [ 111.563203510298337, 4.434953012000342 ], [ 111.567728474970906, 4.437311540571531 ], [ 111.571989489848562, 4.440118979710931 ], [ 111.57594217567339, 4.443346089420744 ], [ 111.579545364491608, 4.446959258756571 ], [ 111.919406945581201, 4.824469002397477 ], [ 111.922392867669913, 4.82811794681059 ], [ 111.925021806663892, 4.832031922515147 ], [ 111.927270385484405, 4.836176125615605 ], [ 111.929118609295429, 4.840513704985971 ], [ 112.062370855143342, 5.199274479680135 ], [ 112.062902419815259, 5.200499441217011 ], [ 112.063683262674815, 5.201582666122805 ], [ 112.394255848571689, 5.611735625987281 ], [ 112.395113741738456, 5.61269394877983 ], [ 112.396150387400056, 5.61345534817063 ], [ 112.875374864964797, 5.928601446995905 ], [ 112.876265959836758, 5.929135569900764 ], [ 112.877233415568284, 5.929514207928366 ], [ 113.361445349872469, 6.096081467263727 ], [ 113.365741047939125, 6.097785005364392 ], [ 113.369861120991104, 6.099877865127155 ], [ 113.373770375259028, 6.102342169290396 ], [ 113.377435417792952, 6.105156867704924 ], [ 113.380824941705825, 6.108297917144896 ], [ 113.764612691232301, 6.498430771101336 ], [ 113.765518516703992, 6.499264827887231 ], [ 113.76650223143254, 6.500005419434146 ], [ 114.247137563613521, 6.825940602672509 ], [ 114.250504252634656, 6.828435847851266 ], [ 114.253650171188923, 6.831204248096366 ], [ 114.256553221282999, 6.834226357230461 ], [ 114.675898262464187, 7.309091708847778 ], [ 114.679024346883551, 7.313011427308282 ], [ 114.681742168547288, 7.31722450718062 ], [ 115.158727952909715, 8.144992000013751 ], [ 115.159379200501078, 8.146005075307547 ], [ 115.160294047366676, 8.146788337836144 ], [ 115.807825222835092, 8.648818154048557 ], [ 115.808964466760131, 8.649603791595055 ], [ 115.810249302462992, 8.650117893036406 ], [ 116.557796206383173, 8.901871424294699 ], [ 116.559012795977424, 8.902213337619573 ], [ 116.560273379098248, 8.902302360977069 ], [ 117.538949739082909, 8.921521999881644 ], [ 117.540037223132344, 8.921490874738771 ], [ 117.539355439816674, 8.920643076506563 ], [ 117.272230849492672, 8.619456609155471 ], [ 117.269161124039599, 8.615633117154896 ], [ 117.266480662444565, 8.611527336952154 ], [ 117.264215242498111, 8.60717875351591 ], [ 117.262386650567578, 8.602629186834642 ], [ 117.261012472079244, 8.59792238973705 ], [ 117.224226717468696, 8.444285096564549 ], [ 117.223305638814267, 8.439360028249954 ], [ 117.22288210184773, 8.434367503815459 ], [ 117.222960359673721, 8.42935765755996 ], [ 117.223539626437073, 8.424380797725894 ], [ 117.224614085214185, 8.41948690131022 ], [ 117.226172946425947, 8.414725112201751 ], [ 117.228200556185215, 8.410143247684422 ], [ 117.230676553491278, 8.40578731826219 ], [ 117.233576074692323, 8.401701065627355 ], [ 117.236870003163233, 8.397925523412034 ], [ 117.240525261690891, 8.394498605133611 ], [ 117.244505144631518, 8.391454723471986 ], [ 117.248769686504005, 8.388824444701806 ], [ 117.253276063318268, 8.386634181749793 ], [ 117.257979022608311, 8.38490592895948 ], [ 117.262831337851807, 8.38365704122679 ], [ 117.267784282712796, 8.382900059724374 ], [ 117.272788120345467, 8.38264258596473 ], [ 117.277792602845224, 8.382887205466787 ], [ 117.282747475831769, 8.383631461792447 ], [ 117.287602983097287, 8.384867881213824 ], [ 117.292310366251954, 8.386584047763474 ], [ 117.296822354349558, 8.388762727913972 ], [ 117.495811477740986, 8.497463557993902 ], [ 117.499769872424409, 8.499870445495166 ], [ 117.503488507331738, 8.50263336973218 ], [ 117.506935458732102, 8.505728611557471 ], [ 117.510081135242743, 8.509129598944076 ], [ 117.512898531865105, 8.51280713510104 ], [ 117.515363461817273, 8.516729649121972 ], [ 117.517454764172612, 8.520863467014916 ], [ 117.519154485522094, 8.525173100786782 ], [ 117.565202635333733, 8.659906576161564 ], [ 117.565647758919482, 8.661024778135767 ], [ 117.566826916930481, 8.66126581142654 ], [ 117.741548246950842, 8.688050921437567 ], [ 117.746006813058244, 8.688943600355708 ], [ 117.75036584518908, 8.690237635234372 ], [ 117.75458929294912, 8.69192232404931 ], [ 117.758642227264104, 8.693983733960813 ], [ 117.762491129252908, 8.696404816542122 ], [ 117.766104167437803, 8.6991655487746 ], [ 117.940155066619837, 8.845158338547849 ], [ 117.941079136656072, 8.845861248602988 ], [ 117.94218731701892, 8.845514947778865 ], [ 118.380506939507896, 8.685248007916845 ], [ 118.381604251570863, 8.684786251139942 ], [ 118.382652504655553, 8.684221912097074 ], [ 118.707676425578143, 8.488668242971199 ], [ 118.708924711035962, 8.487809537858773 ], [ 118.71005936572449, 8.486805471231321 ], [ 119.086645218965074, 8.110263162208049 ], [ 119.087503544455899, 8.109311176995321 ], [ 119.088029971187453, 8.108142471134126 ], [ 119.345524033021107, 7.447142774609381 ], [ 119.347415805819125, 7.442884620379316 ], [ 119.349695748321906, 7.4388210574168 ], [ 119.35234406088702, 7.434987374810762 ], [ 119.622442324614354, 7.080527845313768 ], [ 119.625753850098221, 7.076615490894576 ], [ 119.629448518292179, 7.07306272506101 ], [ 119.633487501605828, 7.0699068841392 ], [ 119.637828354011091, 7.067181133136747 ], [ 119.642425457111301, 7.064914117208769 ], [ 120.305232445581026, 6.779304382215879 ], [ 120.306169446574245, 6.778853418670059 ], [ 120.307065626404437, 6.77832597133343 ], [ 120.75758578502456, 6.487227363742287 ], [ 120.758495437700631, 6.486579963631324 ], [ 120.759274875993469, 6.48578054456579 ], [ 121.10617866268575, 6.096472882530092 ], [ 121.106907094694066, 6.095569039805694 ], [ 121.105870267149697, 6.095046992389527 ], [ 120.929517307594708, 6.016941498161636 ], [ 120.925187411316742, 6.014767061109279 ], [ 120.921088310054529, 6.012183740162374 ], [ 120.91725849630086, 6.009215793922158 ], [ 120.913733933811926, 6.005891092802646 ], [ 120.910547719890616, 6.002240857314311 ], [ 120.907729774587381, 5.998299364888776 ], [ 120.905306559736729, 5.994103627997582 ], [ 120.903300830468183, 5.989693046587622 ], [ 120.9017314215249, 5.985109038097084 ], [ 120.900613070396531, 5.980394648526179 ], [ 120.899956278927263, 5.975594148214912 ], [ 120.899767214698542, 5.970752616123725 ], [ 120.900047653112594, 5.96591551652081 ], [ 120.900794960720518, 5.96112827205121 ], [ 120.902002119951675, 5.956435837196766 ], [ 120.909697412746524, 5.931582618835921 ], [ 120.911353855703197, 5.927027227406586 ], [ 120.913443614102619, 5.922653635727525 ], [ 120.915947048065746, 5.918502947503215 ], [ 120.918840629925299, 5.914614171556305 ], [ 120.922097165342521, 5.911023855216552 ], [ 120.92568604888389, 5.907765740843241 ], [ 120.929573551655807, 5.90487044870918 ], [ 120.933723138293985, 5.90236518922654 ], [ 120.938095810328676, 5.90027350721911 ], [ 120.942650472698361, 5.898615060644334 ], [ 120.947344319967627, 5.897405435844719 ], [ 120.952133238619481, 5.896656001064937 ], [ 120.95697222164101, 5.89637379961126 ], [ 120.96181579150651, 5.896561483657464 ], [ 120.966618427582361, 5.897217289319279 ], [ 121.199303061804144, 5.940569911625806 ], [ 121.20045400580193, 5.940727184507992 ], [ 121.200853946715966, 5.939636563533301 ], [ 121.342069893486553, 5.488063455737014 ], [ 121.342382674561904, 5.486851543902403 ], [ 121.342319530241355, 5.485601513866408 ], [ 121.273547202607446, 4.806865135289564 ], [ 121.273371084278793, 4.805691454306479 ], [ 121.272768374239277, 4.804669062344233 ], [ 120.452655335390858, 3.554645158418758 ], [ 120.451865424958257, 3.553571563334041 ], [ 120.450864862682963, 3.552690972605899 ], [ 120.017108448139723, 3.210442343513971 ], [ 120.015990495965241, 3.209655803755045 ], [ 120.01479307244594, 3.20899653236025 ], [ 119.540696902456247, 2.980932476217426 ], [ 119.537382550618958, 2.979620467875451 ], [ 118.494290124862999, 2.650673751442322 ], [ 118.493043525080537, 2.650350423496874 ], [ 118.491770207030598, 2.650157516468022 ], [ 117.851801783496427, 2.586821466724285 ], [ 117.850597708532334, 2.586762822418617 ], [ 117.850106210849262, 2.587863579295209 ], [ 117.791804360199265, 2.738193779710069 ], [ 117.789731258019543, 2.742826753512608 ], [ 117.787199136721199, 2.747225680726491 ], [ 117.784234089509255, 2.751345230936585 ], [ 117.780866670838108, 2.755142952674127 ], [ 117.7771315815516, 2.758579710874008 ], [ 117.773067311294994, 2.761620090156895 ], [ 117.768715741883781, 2.764232759780461 ], [ 117.764121715716627, 2.766390796498899 ], [ 117.620783732900108, 2.825038738255139 ], [ 117.619759321022414, 2.825518283438717 ], [ 117.620788904242744, 2.82626461936857 ], [ 117.624546511233618, 2.829274780149816 ], [ 117.62799717728771, 2.832632395674238 ], [ 117.63110890689326, 2.836306333219806 ], [ 117.633852847249159, 2.840262527040892 ], [ 117.636203555796044, 2.844464294235109 ], [ 117.63813923612652, 2.848872674877132 ], [ 117.639641940087444, 2.853446793265694 ], [ 117.640697734200018, 2.858144236934182 ], [ 117.641296828854806, 2.862921449910528 ], [ 117.641433669083625, 2.867734136580003 ], [ 117.641106986066774, 2.872537672406169 ], [ 117.6403198088978, 2.877287517701693 ], [ 117.639079436496957, 2.881939630612404 ], [ 117.637397369933666, 2.886450875485319 ], [ 117.635289205785412, 2.890779422834119 ], [ 117.632774491522127, 2.894885137193491 ], [ 117.629876544256646, 2.898729949266052 ], [ 117.626622234542239, 2.902278208911204 ], [ 117.623041737221413, 2.905497015702907 ], [ 117.61916825163668, 2.908356523991355 ], [ 117.615037693797248, 2.910830219639942 ], [ 117.610688363355962, 2.912895165871521 ], [ 117.606160588484627, 2.914532215944434 ], [ 117.601496351940185, 2.915726190686287 ], [ 117.596738901789223, 2.916466019239361 ], [ 117.545015603124554, 2.921975009492966 ], [ 117.543947793381079, 2.922142157003737 ], [ 117.54791976247725, 2.924735580270932 ], [ 117.551833997218665, 2.927894913197098 ], [ 117.555410986562308, 2.931431545123752 ], [ 117.558614527629985, 2.935309681632025 ], [ 117.561412197231178, 2.939490071919038 ], [ 117.563775680019617, 2.943930406057132 ], [ 117.565681055074293, 2.948585743214646 ], [ 117.567109038004261, 2.953408966504199 ], [ 117.568045176126773, 2.958351259854935 ], [ 117.568479994743669, 2.963362602082279 ], [ 117.568409093035172, 2.968392273154714 ], [ 117.567833188600815, 2.973389367533615 ], [ 117.566758110196602, 2.978303309390613 ], [ 117.565194738741866, 2.983084364487941 ], [ 117.565017845176314, 2.983545412277873 ], [ 117.56551275626542, 2.984645596828604 ], [ 117.592861821156021, 3.03821483194132 ], [ 117.594843345775303, 3.042606623586882 ], [ 117.596392958444596, 3.047168747461792 ], [ 117.597496269910863, 3.051858841009182 ], [ 117.598143035144375, 3.056633353382984 ], [ 117.598327248471065, 3.061447949848436 ], [ 117.598047199339504, 3.066257923461542 ], [ 117.597305488204583, 3.071018610204774 ], [ 117.596109002380388, 3.075685803724157 ], [ 117.594468852086678, 3.08021616581663 ], [ 117.592400267282571, 3.084567628856009 ], [ 117.589922456245574, 3.08869978642074 ], [ 117.587058427209087, 3.092574268496194 ], [ 117.58383477471466, 3.096155097767471 ], [ 117.580281432662787, 3.099409023694296 ], [ 117.576431396355403, 3.102305831265877 ], [ 117.572320416111125, 3.104818621568714 ], [ 117.567986665298136, 3.106924061562094 ], [ 117.271148486597511, 3.233842213826522 ], [ 117.270224279579395, 3.234291720409475 ], [ 117.271238949740862, 3.23445499699621 ], [ 117.331377727425092, 3.241152269628174 ], [ 117.336006172936948, 3.241888716573305 ], [ 117.340545332013946, 3.243055291402798 ], [ 117.344955323855089, 3.244641744654617 ], [ 117.349197402515571, 3.246634137838088 ], [ 117.35323429732648, 3.249014965896715 ], [ 117.357030540352952, 3.251763311006636 ], [ 117.360552778013329, 3.254855026359466 ], [ 117.36377006412205, 3.258262948314831 ], [ 117.366654131780976, 3.261957135058603 ], [ 117.369179641730938, 3.265905129670031 ], [ 117.371324404980939, 3.270072245286451 ], [ 117.422135808847727, 3.381320225266487 ], [ 117.423920576735441, 3.385784153216466 ], [ 117.425268384367143, 3.390398854045725 ], [ 117.426166771504313, 3.395121665677303 ], [ 117.426607432719919, 3.399908926569368 ], [ 117.426586294180453, 3.404716379358296 ], [ 117.426103551307918, 3.409499580010019 ], [ 117.42516366697312, 3.414214308697103 ], [ 117.42377533023722, 3.41881697860308 ], [ 117.421951376022989, 3.423265038874704 ], [ 117.419708666458206, 3.427517367996918 ], [ 117.417067934988339, 3.431534653953841 ], [ 117.414053594699624, 3.435279757661271 ], [ 117.410693512624405, 3.438718056310816 ], [ 117.407018752115533, 3.441817763451515 ], [ 117.403063285671223, 3.444550222849847 ], [ 117.398863680865418, 3.446890173411441 ], [ 117.394458762287215, 3.448815982715336 ], [ 117.389889252614481, 3.450309847001815 ], [ 117.244080534525267, 3.490330058479533 ], [ 117.242889172087331, 3.490723461926557 ], [ 117.242140847300746, 3.491730497548986 ], [ 117.200627612014657, 3.554000350478119 ], [ 117.200018435961368, 3.555016613775427 ], [ 117.199947439367975, 3.556199341993197 ], [ 117.199901341135742, 3.560056226710089 ], [ 117.199595877503896, 3.565009151575369 ], [ 117.198800962379948, 3.569907404600399 ], [ 117.197524425605636, 3.574702738438132 ], [ 117.195778840952144, 3.579347919486159 ], [ 117.193581402269615, 3.583797193133401 ], [ 117.190953754129353, 3.588006734438871 ], [ 117.187921778626674, 3.591935079803352 ], [ 117.184515340444676, 3.595543535382089 ], [ 117.180767992689823, 3.598796558215639 ], [ 117.176716646396841, 3.601662106324788 ], [ 117.172401206958469, 3.604111954321139 ], [ 117.167864181060892, 3.606121971424617 ], [ 117.163150257996804, 3.607672359149461 ], [ 117.158305869479889, 3.608747846317512 ], [ 117.153378732296687, 3.609337839477925 ], [ 117.148417378300564, 3.609436527251701 ], [ 117.143470676377419, 3.609042937573238 ], [ 117.031749825435284, 3.594545634715552 ], [ 117.030694758837569, 3.594461285174213 ], [ 117.03146332244475, 3.59518901476176 ], [ 117.089555955333239, 3.645005220925825 ], [ 117.090525631335979, 3.645755975921708 ], [ 117.091750916547838, 3.645705174700366 ], [ 117.441564687761613, 3.613623069663594 ], [ 117.446507001730524, 3.6134155227374 ], [ 117.451445636651712, 3.613697352844073 ], [ 117.456332254069181, 3.614465801482035 ], [ 117.461119024664725, 3.615713347216464 ], [ 117.465759096402607, 3.617427779297713 ], [ 117.47020705310868, 3.619592317177906 ], [ 117.474419358995618, 3.622185774755868 ], [ 117.478354784783278, 3.625182767742812 ], [ 117.481974811243262, 3.628553962119121 ], [ 117.48524400621821, 3.632266361250365 ], [ 117.488130371425186, 3.636283628852336 ], [ 117.490605655649048, 3.640566444643952 ], [ 117.492645631260231, 3.645072889206982 ], [ 117.494230331350266, 3.649758854285651 ], [ 117.495344245164304, 3.65457847451019 ], [ 117.495976469917508, 3.659484576318684 ], [ 117.496120817509535, 3.664429139683284 ], [ 117.495775875092548, 3.669363768121458 ], [ 117.49494501889987, 3.674240162391916 ], [ 117.469023314065481, 3.791119277663352 ], [ 117.468864755892213, 3.792044480649911 ], [ 117.469390202505963, 3.791266632903522 ], [ 117.533608503906081, 3.685477550040797 ], [ 117.536516133499902, 3.68120278297435 ], [ 117.539849632019568, 3.677251108525888 ], [ 117.543573360441272, 3.673664774747695 ], [ 117.547647507724136, 3.670482123770163 ], [ 117.552028516437076, 3.667737181879274 ], [ 117.556669548439061, 3.665459295735547 ], [ 117.561520985633962, 3.663672818623684 ], [ 117.5665309604464, 3.662396850087285 ], [ 117.571645910347257, 3.661645031732241 ], [ 117.735618494820557, 3.646150089122078 ], [ 117.740339302778366, 3.645928333256936 ], [ 117.745059959698267, 3.646153281435024 ], [ 117.749738290847191, 3.646822923951015 ], [ 117.754332499633961, 3.647931278164177 ], [ 117.758801541023416, 3.649468441947779 ], [ 117.763105488236107, 3.65142068215549 ], [ 117.767205889457401, 3.65377055731443 ], [ 117.771066111369123, 3.656497073448708 ], [ 117.774651666434593, 3.659575871641309 ], [ 117.777930521013062, 3.662979445658643 ], [ 117.784729461376131, 3.670739811285039 ], [ 117.787781844173523, 3.674590187762587 ], [ 117.790441569436055, 3.67872156783328 ], [ 117.792682952260975, 3.683094054859322 ], [ 117.794484347668316, 3.687665423838861 ], [ 117.795828359626057, 3.692391529171811 ], [ 117.796702009043102, 3.697226730972852 ], [ 117.79709685910808, 3.702124335814699 ], [ 117.797009096763432, 3.707037047645404 ], [ 117.796439569528005, 3.711917424525195 ], [ 117.795393777312583, 3.716718336772139 ], [ 117.793881819307387, 3.721393422092349 ], [ 117.791918296454469, 3.725897533299537 ], [ 117.789522170446673, 3.730187174300306 ], [ 117.786716580615135, 3.734220920134873 ], [ 117.783528620473263, 3.737959817016909 ], [ 117.779989076075324, 3.741367758509317 ], [ 117.77613212871627, 3.74441183420322 ], [ 117.771995024843832, 3.747062647532993 ], [ 117.767617716370395, 3.74929459965818 ], [ 117.703278181131196, 3.778210318821444 ], [ 117.702242669172293, 3.778738204975689 ], [ 117.704614456106682, 3.782874660907778 ], [ 117.706602660805657, 3.787280448488025 ], [ 117.708156154477635, 3.791857628792363 ], [ 117.709260418840543, 3.796563425467115 ], [ 117.70990513391574, 3.80135386016546 ], [ 117.710084274474099, 3.806184163550097 ], [ 117.709796166345214, 3.811009193688174 ], [ 117.709043502063437, 3.81578385792833 ], [ 117.707833315704633, 3.820463534317167 ], [ 117.706176917148724, 3.825004488616793 ], [ 117.704089786382482, 3.829364283026152 ], [ 117.70159142883017, 3.833502172786417 ], [ 117.698705193064313, 3.837379486963934 ], [ 117.695458052599975, 3.840959989852102 ], [ 117.691880353811953, 3.844210219614657 ], [ 117.688005532330564, 3.847099801005573 ], [ 117.683869800566782, 3.849601729243014 ], [ 117.524522522493385, 3.935765780224391 ], [ 117.523677204522173, 3.936277727356268 ], [ 117.52379347338065, 3.936272991845475 ], [ 117.528631236590542, 3.936310202159146 ], [ 117.533442757719996, 3.93681478307767 ], [ 117.538182990658655, 3.937782010646373 ], [ 117.542807556705867, 3.939202829550189 ], [ 117.547273160050011, 3.941063937890739 ], [ 117.551537993109747, 3.943347911720501 ], [ 117.555562127942252, 3.946033368168163 ], [ 117.559307890054001, 3.949095165627942 ], [ 117.562740211114431, 3.9525046391387 ], [ 117.56582695727046, 3.956229868749172 ], [ 117.568539229987863, 3.960235978356867 ], [ 117.570851636603336, 3.96448546222284 ], [ 117.572742528053993, 3.968938536105489 ], [ 117.574194201558797, 3.973553509725988 ], [ 117.575193066354444, 3.978287177078315 ], [ 117.575729770933876, 3.983095220929704 ], [ 117.575799290596365, 3.987932627724568 ], [ 117.57540097448944, 3.992754109007476 ], [ 117.574538551702275, 3.997514525419792 ], [ 117.573220096353424, 4.002169309300441 ], [ 117.571457951999847, 4.006674881934368 ], [ 117.569268616074837, 4.010989061542356 ], [ 117.566672585436905, 4.015071458192529 ], [ 117.563694164475294, 4.018883851936353 ], [ 117.56036123756914, 4.022390550628954 ], [ 117.55670500803005, 4.02555872408379 ], [ 117.374037861508981, 4.168975467177214 ], [ 117.373303109040663, 4.169614006818654 ], [ 117.374242420216277, 4.169358490520025 ], [ 117.499060182016251, 4.12862517765769 ], [ 117.503753609871211, 4.127342535232736 ], [ 117.508549482832905, 4.126522145596486 ], [ 117.5134023869835, 4.126171777325763 ], [ 117.518266368355455, 4.126294748188989 ], [ 117.523095368086885, 4.126889893728988 ], [ 117.527843658570163, 4.127951578289673 ], [ 117.532466276463765, 4.129469748382179 ], [ 117.536919448466989, 4.131430027885119 ], [ 117.602942032329011, 4.164416573783643 ], [ 117.607259168651566, 4.166847951823588 ], [ 117.611314468369784, 4.169694670881722 ], [ 117.615068109632389, 4.172928777013603 ], [ 117.618483232785437, 4.176518512247585 ], [ 117.621526302323346, 4.180428626438763 ], [ 117.624167436197666, 4.184620723415041 ], [ 117.626380699250035, 4.18905363801625 ], [ 117.628144357887805, 4.193683840323929 ], [ 117.629441093501512, 4.198465863112324 ], [ 117.630258172528585, 4.203352748323184 ], [ 117.655872476605225, 4.422986386194816 ], [ 117.656063302187249, 4.424126679782277 ], [ 117.657086601845961, 4.423588589011994 ], [ 117.965475180959146, 4.241313576246688 ], [ 117.969674997032541, 4.239093397506384 ], [ 117.974066559998818, 4.237281817145924 ], [ 117.978610226957898, 4.235895188408965 ], [ 117.983264981957902, 4.234946028475589 ], [ 117.987988806248595, 4.234442905468964 ], [ 117.992739057587173, 4.234390361110397 ], [ 117.997472855172248, 4.234788869720936 ], [ 118.0021474667315, 4.235634833939651 ], [ 118.545416589465276, 4.360865449362599 ], [ 118.549871373993966, 4.362111935285696 ], [ 118.554191894473703, 4.363764791945432 ], [ 118.558341169267123, 4.365809871660781 ], [ 118.562283682519961, 4.368229669504554 ], [ 118.56598568816014, 4.371003473137395 ], [ 118.613534136782803, 4.410191755457297 ], [ 118.617206545792214, 4.413538368713027 ], [ 118.620528678057028, 4.417232938435051 ], [ 118.623467728971946, 4.421238982360832 ], [ 118.625994676692713, 4.425516942556097 ], [ 118.628084568714158, 4.430024576032163 ], [ 118.629716768265226, 4.434717371876998 ], [ 118.630875158088159, 4.439548990781041 ], [ 118.631548299589355, 4.444471722617652 ], [ 118.631729545790435, 4.449436957559766 ], [ 118.631417106964349, 4.454395666080717 ], [ 118.63061406830802, 4.459298883099395 ], [ 118.629328359477526, 4.464098191489045 ], [ 118.627572676286036, 4.46874620017524 ], [ 118.625364355338363, 4.473197012102053 ], [ 118.615724257487258, 4.490419973556531 ], [ 118.613149349307022, 4.494537438012454 ], [ 118.610187145142248, 4.49838568594738 ], [ 118.606865588846034, 4.501928415044207 ], [ 118.603216014207661, 4.505132205087486 ], [ 118.5992728493664, 4.507966833231898 ], [ 118.595073292034797, 4.510405559108447 ], [ 118.590656958595275, 4.512425377078826 ], [ 118.586065510380408, 4.514007233258335 ], [ 118.581342260662069, 4.515136205260055 ], [ 118.576531766057172, 4.515801642964686 ], [ 118.571679406204339, 4.515997268988083 ], [ 118.566830955676579, 4.515721237898753 ], [ 118.497807413379704, 4.508415428486441 ], [ 118.496637819545469, 4.50834915861802 ], [ 118.496337193181745, 4.509481397648433 ], [ 118.481910533632217, 4.576943768384193 ], [ 118.480589832013294, 4.581873934409945 ], [ 118.478773396321486, 4.586643772057623 ], [ 118.476480154390543, 4.591203578112035 ], [ 118.473734002525873, 4.595505837953549 ], [ 118.470563556497495, 4.59950572067543 ], [ 118.467001853354631, 4.603161546236064 ], [ 118.463086007169252, 4.606435219778147 ], [ 118.458856822295715, 4.609292628589142 ], [ 118.4543583681765, 4.611703997566519 ], [ 118.27869248015422, 4.694619445103586 ], [ 118.277636123834526, 4.695182055239461 ], [ 118.276870256907287, 4.696101765350632 ], [ 118.137237880462578, 4.881311953093298 ], [ 118.136569613605801, 4.882297188634475 ], [ 118.137505116173074, 4.883033466170787 ], [ 118.356197115887483, 5.038101575968392 ], [ 118.357187289483619, 5.038733723561314 ], [ 118.358158114782384, 5.038072245996578 ], [ 118.484403829350214, 4.942755647376472 ], [ 118.488642992143539, 4.939883574006912 ], [ 118.493153667346149, 4.937460122780851 ], [ 118.497888548247531, 4.935510710182609 ], [ 118.502797976730008, 4.93405578111085 ], [ 118.507830464069286, 4.933110594458156 ], [ 118.512933230933911, 4.932685063079995 ], [ 118.518052760920241, 4.932783649831438 ], [ 118.675010908378454, 4.943864698755964 ], [ 118.679286902942167, 4.944352258068288 ], [ 118.683505130336471, 4.945205722327499 ], [ 118.687634338822178, 4.946418768440991 ], [ 119.146888405121317, 5.103100816570331 ], [ 119.151279225163819, 5.104834270261335 ], [ 119.155486999319393, 5.106974083103633 ], [ 119.159474220899114, 5.109501181522521 ], [ 119.163205349145755, 5.112393039809426 ], [ 119.250582582186141, 5.186977119921162 ], [ 119.254301323567105, 5.190496011438003 ], [ 119.25764072713531, 5.194376735439336 ], [ 119.260565780399801, 5.198578603876792 ], [ 119.263045815189216, 5.203057561613708 ], [ 119.265054829196927, 5.207766648327993 ], [ 119.26657175860619, 5.212656490874856 ], [ 119.267580698937039, 5.217675820947147 ], [ 119.268071071799199, 5.222772012605812 ], [ 119.273312445070218, 5.339928622299837 ], [ 119.273284770679467, 5.344948556142492 ], [ 119.272753868852305, 5.349940414003693 ], [ 119.271725091185658, 5.354853876954522 ], [ 119.270208807964877, 5.359639416302485 ], [ 119.268220303629079, 5.364248792850676 ], [ 119.265779622700961, 5.368635543158558 ], [ 119.262911367734077, 5.372755447902774 ], [ 119.259644451314003, 5.376566977616791 ], [ 119.208752303049025, 5.430237720242117 ], [ 119.20502589856207, 5.433783088131553 ], [ 119.20095498087538, 5.436926868190681 ], [ 119.196582629618675, 5.439635792028636 ], [ 119.19195511427894, 5.441881193028998 ], [ 119.187121404563413, 5.44363930970823 ], [ 119.18213265218786, 5.444891537166571 ], [ 119.177041649574448, 5.445624623970476 ], [ 119.171902271186909, 5.445830812383122 ], [ 119.166768903415431, 5.445507920459025 ], [ 119.161695869044138, 5.444659365134016 ], [ 118.933886385892961, 5.394388153870625 ], [ 118.932645499271544, 5.394180702404134 ], [ 118.931650866273969, 5.394951118472439 ], [ 118.69094730869493, 5.602088356590412 ], [ 118.687188204619531, 5.605023188105961 ], [ 118.683166589774672, 5.607586528409934 ], [ 118.678919051363593, 5.609755057155587 ], [ 118.674484231960733, 5.611509045849517 ], [ 118.669902477955574, 5.612832537334392 ], [ 118.665215472495646, 5.613713490961419 ], [ 118.660465856268317, 5.614143892131826 ], [ 118.655696839571164, 5.6141198252108 ], [ 118.650951809200265, 5.613641509150519 ], [ 118.646273933732701, 5.612713295498207 ], [ 118.641705770794474, 5.611343628807319 ], [ 118.637288879886484, 5.60954496981204 ], [ 118.63306344429121, 5.607333682064016 ], [ 118.629067905499653, 5.604729883062649 ], [ 118.625338613484502, 5.601757261233336 ], [ 118.62190949600118, 5.598442860418715 ], [ 118.618811749925356, 5.594816833843515 ], [ 118.566195721851145, 5.526921151774382 ], [ 118.56552746314847, 5.526141476806101 ], [ 118.565662244597689, 5.527159463402657 ], [ 118.587652873834557, 5.647356104380198 ], [ 118.588282788136183, 5.652040390222687 ], [ 118.588467582116252, 5.656763225924518 ], [ 118.588205604505546, 5.661482409499358 ], [ 118.587499196265384, 5.666155771595299 ], [ 118.586354669669319, 5.670741552308812 ], [ 118.584782251898361, 5.675198774339982 ], [ 118.582795993653747, 5.679487609154621 ], [ 118.580413643603563, 5.683569732881296 ], [ 118.57765648978544, 5.687408668763118 ], [ 118.574549169382436, 5.69097011310421 ], [ 118.571119448571821, 5.69422224179827 ], [ 118.567397974413922, 5.697135994700219 ], [ 118.563418000998325, 5.699685335299812 ], [ 118.384219328295501, 5.802863226043799 ], [ 118.379623448740787, 5.805202535657846 ], [ 118.374811059613975, 5.807056015963681 ], [ 118.369833354106476, 5.808403950024554 ], [ 118.364743284010828, 5.809231998799185 ], [ 118.359594996430602, 5.809531353677489 ], [ 118.354443257774847, 5.809298830184733 ], [ 118.349342871164424, 5.808536901857315 ], [ 118.344348093447863, 5.8072536739298 ], [ 117.961462798830553, 5.68752507321638 ], [ 117.96033400746407, 5.687231763514254 ], [ 117.959923552535969, 5.688323426137245 ], [ 117.92154002412569, 5.807823081251906 ], [ 117.921230601828441, 5.808985262869736 ], [ 117.922374684579097, 5.809356049776448 ], [ 118.06366526042811, 5.847369808309418 ], [ 118.068448028623891, 5.848918310641 ], [ 118.073051126368625, 5.850939256518023 ], [ 118.077428020521737, 5.853412216011812 ], [ 118.081534464655647, 5.85631218974626 ], [ 118.085328946347033, 5.859609861618827 ], [ 118.088773106829748, 5.863271895159736 ], [ 118.091832128767109, 5.867261270533424 ], [ 118.094475088223589, 5.871537658775486 ], [ 118.096675267277746, 5.876057829481897 ], [ 118.098410424116153, 5.880776087829168 ], [ 118.09966301787793, 5.885644736507538 ], [ 118.100420385976975, 5.890614557897488 ], [ 118.100674872109153, 5.895635311615205 ], [ 118.100423903650622, 5.900656242397269 ], [ 118.099670017664749, 5.905626593190297 ], [ 118.098420835254657, 5.910496118258692 ], [ 118.096688984520767, 5.915215591123427 ], [ 118.094491972902247, 5.919737302197075 ], [ 118.042429939514093, 6.014454217690727 ], [ 118.039921689659465, 6.018540278270295 ], [ 118.03703360976705, 6.022367314059018 ], [ 118.033792255394573, 6.025900135909209 ], [ 118.030227430417412, 6.029106259936037 ], [ 118.026371912985425, 6.031956206203043 ], [ 118.022261154131684, 6.03442376978673 ], [ 118.017932951804355, 6.036486261727767 ], [ 118.013427103318989, 6.038124717653334 ], [ 118.008785039426812, 6.039324072152307 ], [ 118.004049443363883, 6.040073297299965 ], [ 117.999263858383614, 6.040365504058466 ], [ 117.994472287381683, 6.04019800562075 ], [ 117.989718788294553, 6.039572342115415 ], [ 117.985047068991889, 6.038494266445412 ], [ 117.980500085387746, 6.036973691390778 ], [ 117.976119646465989, 6.035024598461776 ], [ 117.971946029851551, 6.032664909340541 ], [ 117.775409600632074, 5.908750041900784 ], [ 117.774236662127407, 5.908096590517322 ], [ 117.772916340917703, 5.907852591850529 ], [ 117.469996412911954, 5.868716692818063 ], [ 117.469025694710197, 5.868640186751933 ], [ 117.469866184822308, 5.869131840468148 ], [ 117.63207770747151, 5.953468644966617 ], [ 117.636352667437095, 5.955967640221401 ], [ 117.640359476214272, 5.958877235281537 ], [ 117.644058834605843, 5.962168892536091 ], [ 117.647414458919997, 5.96581032706839 ], [ 117.650393436844482, 5.969765823309847 ], [ 117.652966550254035, 5.973996585341966 ], [ 117.655108561784701, 5.978461117410754 ], [ 117.656798462364662, 5.983115630921386 ], [ 117.658019677273259, 5.987914473921297 ], [ 117.658760228707678, 5.992810578859281 ], [ 117.659012853262439, 5.99775592422893 ], [ 117.658775073169636, 6.002702005568562 ], [ 117.658049220601157, 6.007600311198021 ], [ 117.656842414794454, 6.012402798026291 ], [ 117.60070044463906, 6.1966789931851 ], [ 117.60041873313213, 6.197791685614957 ], [ 117.601436023422707, 6.19832325525458 ], [ 117.694663322922764, 6.24150351782738 ], [ 117.699151676602824, 6.243865914621582 ], [ 117.70337759861394, 6.246670878173281 ], [ 117.707297602127042, 6.24988954401922 ], [ 117.710871348365757, 6.253488790494772 ], [ 117.714062061712468, 6.257431579572261 ], [ 117.716836908147627, 6.261677338000604 ], [ 117.71916733312797, 6.266182374824144 ], [ 117.721029355427049, 6.270900330984206 ], [ 117.722403813913772, 6.275782656376758 ], [ 117.723276564730043, 6.280779109457014 ], [ 117.723638626837982, 6.285838274249793 ], [ 117.726580049292437, 6.427908993255014 ], [ 117.726446289910839, 6.432742172021218 ], [ 117.72584633131865, 6.437539833768976 ], [ 117.724785783730709, 6.442257115546862 ], [ 117.723274564331149, 6.446849906036821 ], [ 117.721326804537753, 6.45127525803926 ], [ 117.718960717859019, 6.455491790072454 ], [ 117.716198429579563, 6.459460073330926 ], [ 117.713065769866574, 6.463143000384343 ], [ 117.709592032231711, 6.466506132169217 ], [ 117.568511317635767, 6.590456465460259 ], [ 117.564610703027967, 6.593553271459594 ], [ 117.560421351696746, 6.596246659129386 ], [ 117.555984830388908, 6.598509904675326 ], [ 117.5513451582719, 6.600320552173556 ], [ 117.546548370175657, 6.601660636378353 ], [ 117.54164205983497, 6.60251686097332 ], [ 117.536674907664406, 6.602880730497436 ], [ 117.531696197751202, 6.602748634637033 ], [ 117.526755328858542, 6.602121884047329 ], [ 117.521901324290965, 6.601006697348106 ], [ 117.517182345485125, 6.599414139422558 ], [ 117.512645214151988, 6.597360011631517 ], [ 117.508334947711731, 6.594864695032334 ], [ 117.504294312630947, 6.591952948158021 ], [ 117.500563400093668, 6.588653661363064 ], [ 117.459382652314019, 6.548408839470161 ], [ 117.458496855011362, 6.547624186097764 ], [ 117.45743163436552, 6.548139572120212 ], [ 117.29694210922807, 6.635734079620422 ], [ 117.295959166294523, 6.636332242791054 ], [ 117.295756680883358, 6.637464927940424 ], [ 117.25961246148448, 6.914296795743542 ], [ 117.258729782287574, 6.919165896208004 ], [ 117.257370125309166, 6.923923899444525 ], [ 117.255546808259865, 6.928524201264561 ], [ 117.253277690356526, 6.932921742149921 ], [ 117.250584997392892, 6.937073448606459 ], [ 117.247495104040084, 6.940938655064847 ], [ 117.244038275509226, 6.944479502195948 ], [ 117.240248371106517, 6.94766130773935 ], [ 117.236162512584642, 6.950452906212792 ], [ 117.176118799517255, 6.987256116063421 ], [ 117.171768240856522, 6.989634407145147 ], [ 117.167203522478516, 6.99157011767604 ], [ 117.162469531320724, 6.993044212940181 ], [ 117.157612818856308, 6.994042197493062 ], [ 117.152681143332458, 6.99455425770183 ], [ 117.147723000142022, 6.994575358247181 ], [ 117.14278714494634, 6.994105291637921 ], [ 117.137922114238847, 6.993148680251327 ], [ 117.133175748063778, 6.991714930879218 ], [ 117.128594719583432, 6.989818142226725 ], [ 117.124224076119916, 6.987476966273357 ], [ 117.048152461554636, 6.941735740517131 ], [ 117.044101452360422, 6.939022514525217 ], [ 117.040333965356652, 6.935927629640251 ], [ 117.036885825231792, 6.932480514838836 ], [ 117.033789820034144, 6.928713948419551 ], [ 117.031075389393237, 6.924663746317121 ], [ 117.028768344581167, 6.920368421531974 ], [ 117.026890623075516, 6.915868817913653 ], [ 117.025460079957924, 6.911207721780395 ], [ 116.974103359450197, 6.709243916854252 ], [ 116.973756581830273, 6.708111795497666 ], [ 116.972778294960861, 6.707444781041739 ], [ 116.784986293655521, 6.592258174252862 ], [ 116.784041131221599, 6.591740114897946 ], [ 116.784328771440784, 6.592778854820101 ], [ 116.85257349538989, 6.799445885225559 ], [ 116.853818482852233, 6.803897544929632 ], [ 116.854647036198159, 6.808445156088824 ], [ 116.85505207385917, 6.813049850692749 ], [ 116.855030134015962, 6.817672272844127 ], [ 116.854581404186348, 6.822272915129968 ], [ 116.853709719622515, 6.826812456287776 ], [ 116.852422530531499, 6.831252097280722 ], [ 116.850730838398974, 6.83555389290941 ], [ 116.809210888834002, 6.928299991042087 ], [ 116.806986046989294, 6.932679272451063 ], [ 116.804342237560846, 6.936819115274038 ], [ 116.801304976510622, 6.940679565015429 ], [ 116.797903577085179, 6.944223363661163 ], [ 116.794170866907223, 6.947416309263631 ], [ 116.790142871149371, 6.950227586031886 ], [ 116.785858464847635, 6.952630061741341 ], [ 116.781358997710171, 6.954600549592585 ], [ 116.776687895042656, 6.956120031992071 ], [ 116.771890238641362, 6.95717384409492 ], [ 116.767012331699377, 6.957751815338429 ], [ 116.762101251924662, 6.957848367600316 ], [ 116.757204397183145, 6.957462569034351 ], [ 116.752369028052001, 6.956598143063805 ], [ 116.747641811697804, 6.955263432445904 ], [ 116.743068371481883, 6.953471318754119 ], [ 116.738692846639637, 6.951239098055392 ], [ 116.734557466283491, 6.948588313982144 ], [ 116.730702141840837, 6.945544549810136 ], [ 116.727164081860394, 6.942137181548888 ], [ 116.723977432904718, 6.938399094427616 ], [ 116.721172949994482, 6.934366365512957 ], [ 116.718777699785321, 6.93007791552159 ], [ 116.503687444093686, 6.49619929147369 ], [ 116.503142974152496, 6.495215601216612 ], [ 116.502354443918193, 6.494414156203752 ], [ 116.117924442953921, 6.137550331312525 ], [ 116.114266797968881, 6.133778283418028 ], [ 116.111025183134672, 6.129643232581391 ], [ 116.108235394582351, 6.125190840865889 ], [ 116.105928239067737, 6.120470274630119 ], [ 116.104129193782086, 6.115533661599391 ], [ 116.102858125015558, 6.110435515235693 ], [ 116.051028887709037, 5.843492008137059 ], [ 116.050737201569959, 5.842307796016139 ], [ 116.049753908204508, 5.841586288352566 ], [ 115.943663498444266, 5.771578118444022 ], [ 115.939612340270202, 5.768602045177151 ], [ 115.935880481034019, 5.765234238579021 ], [ 115.932505640718858, 5.76150873894967 ], [ 115.929521930718479, 5.75746320199215 ], [ 115.926959509054313, 5.753138518205316 ], [ 115.924844275551592, 5.748578399580754 ], [ 115.849122635166836, 5.5611898755425 ], [ 115.848597794730409, 5.560060950709969 ], [ 115.847381468336906, 5.559795472149996 ], [ 115.606016979321737, 5.519917160476628 ], [ 115.604872461775642, 5.519784308739426 ], [ 115.604675795628054, 5.52058480832214 ], [ 115.604077354012105, 5.523644690658164 ], [ 115.602686824208718, 5.528298893068776 ], [ 115.600851235622343, 5.532796202014652 ], [ 115.598587912665252, 5.537094171582366 ], [ 115.595918216736337, 5.541152237237348 ], [ 115.592867344610724, 5.544932098674786 ], [ 115.589464090630912, 5.548398081300543 ], [ 115.585740574943785, 5.551517472930455 ], [ 115.581731940348376, 5.554260832530193 ], [ 115.577476020615705, 5.556602268081781 ], [ 115.573012983411118, 5.558519680954253 ], [ 115.56838495118896, 5.559994974472072 ], [ 115.563635603637991, 5.561014224712801 ], [ 115.558809765429473, 5.561567811922049 ], [ 115.553952983158766, 5.56165051130538 ], [ 115.549111095473449, 5.561261542340283 ], [ 115.544329800444956, 5.560404576142801 ], [ 115.539654224267053, 5.559087700819281 ], [ 115.535128495351657, 5.557323345130267 ], [ 115.530795327841815, 5.555128161186995 ], [ 115.526695618472743, 5.552522867287616 ], [ 115.522868060585481, 5.54953205237646 ], [ 115.519348778936589, 5.546183943971879 ], [ 115.401563810520869, 5.422685862820139 ], [ 115.398244895779186, 5.418831062697214 ], [ 115.395334813986452, 5.41465900049612 ], [ 115.392863684115596, 5.410212856525029 ], [ 115.390857082043567, 5.405538647803248 ], [ 115.389335775844188, 5.400684751790973 ], [ 115.376275763329204, 5.350135506892872 ], [ 115.375296942413229, 5.345419568867822 ], [ 115.37477641694835, 5.340631331709736 ], [ 115.374719017028141, 5.335815226738826 ], [ 115.37512527528169, 5.331015943868116 ], [ 115.37599142193109, 5.326278016913909 ], [ 115.377309419772288, 5.321645410354717 ], [ 115.379067038754386, 5.317161111373223 ], [ 115.381247969465548, 5.312866730966835 ], [ 115.383831974472329, 5.308802117828223 ], [ 115.3867950761082, 5.305004988578753 ], [ 115.390109778968636, 5.301510577785971 ], [ 115.393745325048258, 5.29835131101272 ], [ 115.397667979152544, 5.295556503931764 ], [ 115.401841341935594, 5.293152090297895 ], [ 115.406226687659299, 5.291160381301758 ], [ 115.604062315421686, 5.212569524016586 ], [ 115.605159322912726, 5.212068260062543 ], [ 115.604836424298568, 5.21090618111853 ], [ 115.557340317221261, 5.068297716301077 ], [ 115.556931824332452, 5.067236704069801 ], [ 115.556094653794361, 5.066467445410254 ], [ 115.371243280255186, 4.911672550930289 ], [ 115.370276947533455, 4.910941838044486 ], [ 115.369102237674994, 4.911238143627979 ], [ 115.238885570354185, 4.951059754367099 ], [ 115.23418301110739, 4.952251738003286 ], [ 115.22938707002028, 4.952982379876997 ], [ 115.224542895868282, 4.953244801758231 ], [ 115.219696091490732, 4.953036533219107 ], [ 115.214892284487789, 4.95235953489036 ], [ 115.210176697684261, 4.95122018000405 ], [ 115.205593723403908, 4.949629194396244 ], [ 115.201186505562134, 4.94760155553447 ], [ 115.196996533511069, 4.945156351520505 ], [ 115.193063251460657, 4.942316601395841 ], [ 115.18942368715264, 4.939109038441449 ], [ 115.048998387463328, 4.802691871238131 ], [ 115.048112904486743, 4.801913386985583 ], [ 115.047353021895319, 4.80281488367462 ], [ 114.982445366347363, 4.888085725928435 ], [ 114.981768334714047, 4.889072338514213 ], [ 114.982215265940496, 4.890182306399231 ], [ 114.988874393356951, 4.904625846851315 ], [ 114.990707198691339, 4.909175867617142 ], [ 114.992085337872197, 4.913883584341987 ], [ 114.99299554666031, 4.918703686449332 ], [ 114.993429064527518, 4.923589781681929 ], [ 114.993381718974575, 4.928494842615476 ], [ 114.992853965690387, 4.933371659285624 ], [ 114.991850884166141, 4.938173293571874 ], [ 114.990382128806445, 4.942853530965062 ], [ 114.988461836008227, 4.947367325370249 ], [ 114.986108488101408, 4.951671232663939 ], [ 114.983344735461259, 4.95572382883272 ], [ 114.980197178504213, 4.959486108668857 ], [ 114.976696111665731, 4.962921861185507 ], [ 114.972875231823963, 4.965998018138252 ], [ 114.968771313975893, 4.96868497229855 ], [ 114.964423857287386, 4.970956862415778 ], [ 114.959874704923706, 4.972791822125197 ], [ 114.955167641319704, 4.974172190406152 ], [ 114.950347970765776, 4.975084681564903 ], [ 114.945462081365577, 4.975520513106052 ], [ 114.940556998562329, 4.975475490261828 ], [ 114.935679932530874, 4.97495004636566 ], [ 114.930877823791747, 4.97394923868145 ], [ 114.926196891420602, 4.972482699728701 ], [ 114.921682188201359, 4.970564544571957 ], [ 114.917377167004616, 4.968213234966905 ], [ 114.327767857140657, 4.607550060252408 ], [ 114.326651338296912, 4.606943656424138 ], [ 114.325385477670736, 4.606834400731087 ], [ 114.019926447286338, 4.59624146996992 ], [ 114.015125383065467, 4.595842743647662 ], [ 114.010384978029521, 4.594983813832021 ], [ 114.00574924058256, 4.593672654552662 ], [ 114.001261207428229, 4.591921438192936 ], [ 113.996962544030737, 4.589746422485373 ], [ 113.992893157806094, 4.587167799580086 ], [ 113.989090827634342, 4.584209508587312 ], [ 113.985590853132535, 4.580899013334369 ], [ 113.982425726944456, 4.577267047400267 ], [ 113.979624833089176, 4.573347328794993 ], [ 113.977214174169376, 4.569176246932291 ], [ 113.975216129971358, 4.564792524801984 ], [ 113.97364924969834, 4.560236859478122 ], [ 113.972528079765596, 4.555551544300366 ], [ 113.971863028756147, 4.550780076236149 ], [ 113.946898636846271, 4.275052909763377 ], [ 113.946730851396822, 4.273856931419397 ], [ 113.94592688950344, 4.272955731424737 ], [ 113.436941498913839, 3.755888641865763 ], [ 113.434367272704506, 3.753065464256495 ], [ 113.432016128732215, 3.750053970538778 ], [ 113.008567257232897, 3.162720689091347 ], [ 113.007785362460623, 3.161744933707721 ], [ 113.006585282670201, 3.161393840415384 ], [ 111.678318469175565, 2.845159069051707 ], [ 111.674059486342372, 2.843943437245576 ], [ 111.669924789734154, 2.842355678000772 ], [ 111.665946822984594, 2.840408249953124 ], [ 111.662156799918577, 2.838116433943808 ], [ 111.46530910295327, 2.706836653713969 ], [ 111.461160037551295, 2.703748014266513 ], [ 111.457352263465665, 2.700247258082606 ], [ 111.453926530637688, 2.696371849467041 ], [ 111.450919500489078, 2.692163262170618 ], [ 111.448363353579708, 2.687666535547391 ], [ 111.446285445218521, 2.682929792553643 ], [ 111.44470801271315, 2.678003724746834 ], [ 111.443647937391233, 2.672941049795966 ], [ 111.428502368833918, 2.575795231695858 ], [ 111.42798796686165, 2.570962416228452 ], [ 111.427945200613848, 2.566102489708523 ], [ 111.428374474158247, 2.561261370111244 ], [ 111.429271731595662, 2.556484797718613 ], [ 111.430628495381328, 2.551817902952179 ], [ 111.432431946423108, 2.547304779967925 ], [ 111.434665045199949, 2.542988070042076 ], [ 111.437306692756195, 2.538908558684124 ], [ 111.440331930050505, 2.535104790283682 ], [ 111.443712173776021, 2.531612703932065 ], [ 111.447415486423651, 2.528465293859484 ], [ 111.451406878036735, 2.525692297696125 ], [ 111.455648636806231, 2.523319915502523 ], [ 111.520163456466662, 2.491249273317667 ], [ 111.521060418028654, 2.490747676262162 ], [ 111.520038540941911, 2.490638557660396 ], [ 111.490148364535202, 2.488908512646043 ], [ 111.485213082935473, 2.488376040576297 ], [ 111.480354920765222, 2.487356829459152 ], [ 111.475621761102644, 2.485860924855849 ], [ 111.471060254974617, 2.483903070719873 ], [ 111.466715361554378, 2.481502564077415 ], [ 111.462629905034291, 2.478683064831785 ], [ 111.458844152541502, 2.475472362566382 ], [ 111.455395417256639, 2.471902102644651 ], [ 111.452317690647163, 2.468007474306668 ], [ 111.449641307440203, 2.46382686383651 ], [ 111.447392646637084, 2.459401476218886 ], [ 111.445593871516266, 2.454774929014064 ], [ 111.444262711187392, 2.449992822453924 ], [ 111.443412285849377, 2.445102289996392 ], [ 111.443050977474968, 2.440151533768067 ], [ 111.44318234719627, 2.435189349473823 ], [ 111.443805100205381, 2.430264645455981 ], [ 111.444913098516395, 2.425425960643296 ], [ 111.446495421462615, 2.420720986140967 ], [ 111.448536473333036, 2.416196095176976 ], [ 111.451016137086896, 2.411895886037703 ], [ 111.492740767000484, 2.347188320788279 ], [ 111.493315857971879, 2.346190132939659 ], [ 111.492168727515093, 2.34608430136635 ], [ 111.366794167699823, 2.340820483703949 ], [ 111.365504289645145, 2.340833738394343 ], [ 111.364330785745707, 2.341369321889994 ], [ 111.284180753596956, 2.383136695166097 ], [ 111.279828031853128, 2.385145802229966 ], [ 111.275302904774748, 2.38672881287354 ], [ 111.270646972213001, 2.387871174354742 ], [ 111.265903036524264, 2.388562384854105 ], [ 111.261114709084623, 2.388796090018825 ], [ 111.256326009367029, 2.388570141378837 ], [ 111.251580960266807, 2.387886616097861 ], [ 111.246923183395708, 2.386751797877879 ], [ 111.242395498065008, 2.385176119192562 ], [ 111.238039527644119, 2.383174065380715 ], [ 111.233895316913703, 2.380764041481412 ], [ 111.230000963930877, 2.377968203035013 ], [ 111.226392269790665, 2.374812252405534 ], [ 111.223102409503809, 2.371325202496775 ], [ 111.220161627016154, 2.367539110034408 ], [ 111.217596957173782, 2.363488780865953 ], [ 111.215431977189425, 2.359211449987874 ], [ 111.213686589895346, 2.354746439241311 ], [ 111.212376840775022, 2.35013479582328 ], [ 111.211514770455736, 2.345418914936547 ], [ 111.193004228342616, 2.206901825504811 ], [ 111.19259156236815, 2.201948839627123 ], [ 111.192672668051912, 2.196979354323882 ], [ 111.193246743993086, 2.192042472805675 ], [ 111.194308117778931, 2.187186976126881 ], [ 111.195846302033516, 2.182460841182762 ], [ 111.19784609804293, 2.177910766652409 ], [ 111.200287745932954, 2.173581711571656 ], [ 111.203147119915258, 2.169516451095332 ], [ 111.206395966673014, 2.165755153838307 ], [ 111.210002184530325, 2.162334984971622 ], [ 111.213930140647179, 2.15928973899548 ], [ 111.218141023105488, 2.156649505817654 ], [ 111.222593224407632, 2.15444037343676 ], [ 111.227242752597718, 2.152684170168186 ], [ 111.232043665943806, 2.151398248959705 ], [ 111.236948526885527, 2.150595315927953 ], [ 111.241908870762046, 2.150283304809997 ], [ 111.246875684688717, 2.150465298570508 ], [ 111.376724428122955, 2.161705364769087 ], [ 111.377712403817043, 2.161742471269839 ], [ 111.376866221908529, 2.161231150390041 ], [ 111.222441038504726, 2.077918982533024 ], [ 111.218054168669639, 2.075252837627779 ], [ 111.213963793099097, 2.072150937678104 ], [ 111.210213029187457, 2.068645980376664 ], [ 111.206841414420651, 2.064774912117126 ], [ 111.203884489604363, 2.060578538535485 ], [ 111.201373424221998, 2.056101094370423 ], [ 111.199334687871342, 2.051389777176863 ], [ 111.108232684059516, 1.807168923405142 ], [ 111.106702637747006, 1.802330460723842 ], [ 111.105670906151872, 1.797361829850819 ], [ 111.105148116837043, 1.792314211187622 ], [ 111.105139654901095, 1.787239598765732 ], [ 111.105645607507938, 1.78219026467138 ], [ 111.106660762988966, 1.777218220606199 ], [ 111.108174664526885, 1.772374682130021 ], [ 111.110171717868369, 1.767709541104497 ], [ 111.112631351955812, 1.763270851771743 ], [ 111.115528230823713, 1.759104335761761 ], [ 111.118832514577065, 1.755252911127408 ], [ 111.122510166763234, 1.751756250258191 ], [ 111.266487121101974, 1.628152103342643 ], [ 111.267198124019103, 1.627477826442847 ], [ 111.266259011337567, 1.627757543901915 ], [ 111.127555780017943, 1.676661428001905 ], [ 111.12278549651343, 1.67808068693977 ], [ 111.117897748727998, 1.679018675336346 ], [ 111.112940964272454, 1.679466099639874 ], [ 111.107964254770195, 1.679418526788137 ], [ 111.103016929261173, 1.678876428131058 ], [ 111.098148005649946, 1.677845174760589 ], [ 111.093405725038124, 1.67633498429414 ], [ 111.088837073753581, 1.674360819638836 ], [ 111.084487317811636, 1.671942240739625 ], [ 111.080399554421319, 1.669103210780122 ], [ 111.076614284979854, 1.665871858756339 ], [ 111.073169013786426, 1.662280200775705 ], [ 111.027291714202477, 1.609421572994206 ], [ 111.024284919759594, 1.605596023448074 ], [ 111.021664206200313, 1.601496328021357 ], [ 111.019454392355186, 1.597161311882799 ], [ 111.017676405728949, 1.592632028748728 ], [ 111.016347084311647, 1.587951372093819 ], [ 111.015479017118551, 1.583163668938869 ], [ 111.015080424968943, 1.578314260062528 ], [ 111.015155082632873, 1.573449070612479 ], [ 111.015702283083087, 1.568614175182488 ], [ 111.016716844190753, 1.563855361474173 ], [ 111.018189157801601, 1.559217696675703 ], [ 111.020105280727549, 1.554745100663952 ], [ 111.055851488644933, 1.481389370789961 ], [ 111.058221942242341, 1.4770775822127 ], [ 111.061004720422332, 1.47301966198265 ], [ 111.064172874125433, 1.469254907926134 ], [ 111.067695722227569, 1.465819778781295 ], [ 111.07153914866312, 1.462747541123344 ], [ 111.075665932812669, 1.460067947203451 ], [ 111.080036109955955, 1.457806946821146 ], [ 111.084607358299394, 1.455986436020541 ], [ 111.382378514758898, 1.354067317610235 ], [ 111.383212712264239, 1.353734586138394 ], [ 111.382314865127739, 1.353756178489643 ], [ 111.143057203399167, 1.371444645126902 ], [ 111.141952743197862, 1.371576354045345 ], [ 111.140965049904835, 1.37208786312103 ], [ 110.846898308561578, 1.54153318316498 ], [ 110.842494241393425, 1.543788319145905 ], [ 110.837888848623507, 1.545597131836275 ], [ 110.833127228921427, 1.54694190829607 ], [ 110.828256010821264, 1.547809479696426 ], [ 110.823322896107996, 1.548191350276416 ], [ 110.81837619269406, 1.548083780538459 ], [ 110.813464341560262, 1.547487823867646 ], [ 110.808635442393751, 1.546409316216376 ], [ 110.803936782568059, 1.544858818955344 ], [ 110.799414374077728, 1.542851515450483 ], [ 110.795112502962297, 1.540407062378669 ], [ 110.79107329563179, 1.537549397238168 ], [ 110.787336306340521, 1.534306503938811 ], [ 110.783938129848977, 1.530710138767365 ], [ 110.780912043066763, 1.5267955194116 ], [ 110.778287679185809, 1.522600980088331 ], [ 110.77609073749511, 1.518167596152588 ], [ 110.774342731718306, 1.513538781863989 ], [ 110.763826325346884, 1.480886343739383 ], [ 110.763388197625204, 1.479730053853916 ], [ 110.762248722360937, 1.479249888963691 ], [ 110.679072210865485, 1.449057843623655 ], [ 110.678017094501215, 1.44873301115878 ], [ 110.678456629455582, 1.449745728146 ], [ 110.700024037729719, 1.493383784257496 ], [ 110.701969499141484, 1.4978571673442 ], [ 110.703469788028357, 1.502498838336524 ], [ 110.704510624054819, 1.507264615997213 ], [ 110.705082100137062, 1.512109137793273 ], [ 110.705178776742557, 1.516986291674281 ], [ 110.704799733665624, 1.521849654984882 ], [ 110.703948578786282, 1.526652936333759 ], [ 110.702633413729103, 1.531350416213168 ], [ 110.700866756748724, 1.535897382175073 ], [ 110.698665423576202, 1.540250554421686 ], [ 110.696050367360414, 1.544368497759482 ], [ 110.693046479227675, 1.548212015995561 ], [ 110.689682351358371, 1.551744525022311 ], [ 110.685990004835389, 1.554932401039236 ], [ 110.682004584854923, 1.55774530059742 ], [ 110.677764026200819, 1.560156449420325 ], [ 110.673308692166444, 1.562142897251808 ], [ 110.668680990361111, 1.563685736305624 ], [ 110.466745742858421, 1.620226347023032 ], [ 110.46565835332882, 1.620588066421271 ], [ 110.465986661381152, 1.621686005734283 ], [ 110.473182837133805, 1.642114305449308 ], [ 110.474580382092455, 1.646801692034847 ], [ 110.475513241324691, 1.651603202064682 ], [ 110.475972487470287, 1.656472885616157 ], [ 110.475953725594167, 1.661364140353519 ], [ 110.475457135245435, 1.666230157507136 ], [ 110.474487468739085, 1.67102436982828 ], [ 110.473054005676872, 1.675700897232565 ], [ 110.471170464142574, 1.680214985867311 ], [ 110.468854869421435, 1.68452343640099 ], [ 110.466129381500124, 1.688585017436072 ], [ 110.463020082998156, 1.692360860088966 ], [ 110.459556729560063, 1.695814829960957 ], [ 110.455772465097155, 1.698913872940425 ], [ 110.451703504603955, 1.701628331527058 ], [ 110.447388787584657, 1.703932228650867 ], [ 110.442869605406358, 1.705803516269885 ], [ 110.438189206145239, 1.707224286367504 ], [ 110.433392380707232, 1.708180942330223 ], [ 110.428525034183949, 1.708664329065745 ], [ 110.423633746546059, 1.7086698206162 ], [ 110.418765326878031, 1.708197364428053 ], [ 110.413966365420393, 1.70725148185504 ], [ 110.40928278770626, 1.705841224889306 ], [ 110.391309606148937, 1.699455035564035 ], [ 110.390173300017409, 1.699113376909206 ], [ 110.389522709010734, 1.700105674043575 ], [ 110.387416975342646, 1.703691340990398 ], [ 110.384772969787122, 1.707732967122119 ], [ 110.381751361664016, 1.711500644326527 ], [ 110.378380343190102, 1.714959219410968 ], [ 110.374691366651589, 1.718076423168275 ], [ 110.370718850947981, 1.720823171455018 ], [ 110.366499860456656, 1.723173836552456 ], [ 110.362073759214795, 1.725106486278361 ], [ 110.357481843644891, 1.726603088618719 ], [ 110.352766957250779, 1.727649679970084 ], [ 110.34797309087898, 1.72823649542283 ], [ 110.343144972275269, 1.728358059869738 ], [ 110.338327648765684, 1.728013239089856 ], [ 110.333566066955839, 1.727205250331014 ], [ 110.328904653370003, 1.725941632292245 ], [ 110.324386899942539, 1.724234174786196 ], [ 110.320054958229463, 1.722098808737786 ], [ 110.31594924612574, 1.71955545754544 ], [ 110.312108070758228, 1.716627851191743 ], [ 110.308567271072334, 1.713343304837888 ], [ 110.305359883447451, 1.709732463967682 ], [ 110.302515833460788, 1.705829018458962 ], [ 110.300061656675666, 1.701669388250202 ], [ 110.298020251059384, 1.6972923835351 ], [ 110.296410663340467, 1.692738842655594 ], [ 110.291123318491771, 1.675114359963663 ], [ 110.290742238472347, 1.674033444073163 ], [ 110.289596118903617, 1.674036772322135 ], [ 109.929006302268064, 1.69222388493829 ], [ 109.927767778546453, 1.69234927828323 ], [ 109.926744562718596, 1.693058287358862 ], [ 109.69402182520632, 1.872361311846886 ], [ 109.693098066079244, 1.873148599991117 ], [ 109.692770950736701, 1.874317423801678 ], [ 109.659230406782228, 2.021850107027455 ], [ 109.657880976338291, 2.026660018165621 ], [ 109.656058311607183, 2.0313112654132 ], [ 109.653780607308761, 2.035757417773281 ], [ 109.651070600587616, 2.039954091605193 ], [ 109.647955344039971, 2.043859393683449 ], [ 109.644465935661572, 2.047434339396164 ], [ 109.640637208412485, 2.050643241908275 ], [ 109.636507382497669, 2.053454068404777 ], [ 109.632117683834409, 2.055838759857749 ], [ 109.627511932515304, 2.05777351112513 ], [ 109.622736105374926, 2.059239008585145 ], [ 109.617837877026858, 2.060220622934207 ], [ 109.612866143952672, 2.060708555223693 ], [ 109.607870536393619, 2.060697934677784 ], [ 109.602900922917584, 2.060188867315898 ], [ 109.598006912606976, 2.059186434894359 ], [ 109.593237359836863, 2.057700644177845 ], [ 109.588639876587052, 2.055746327047033 ], [ 109.361127558656165, 1.945306408181401 ], [ 109.357022263501918, 1.943070696315378 ], [ 109.353143702545097, 1.940461362922433 ], [ 109.349525777287653, 1.937501215513433 ], [ 109.346200111082112, 1.934216127974173 ], [ 109.343195772719852, 1.930634814408397 ], [ 109.340539022348409, 1.926788578155225 ], [ 109.338253081938248, 1.922711038174727 ], [ 109.336357932305489, 1.918437835193256 ], [ 109.334870138464794, 1.914006320177042 ], [ 109.272579414175567, 1.6950304660648 ], [ 109.272170405021569, 1.69383086154947 ], [ 109.271224025515636, 1.692987828150274 ], [ 109.085653336439378, 1.5440688665193 ], [ 109.08175568720381, 1.540591178638575 ], [ 109.078242133101455, 1.536725829995939 ], [ 109.075151022442711, 1.53251500852565 ], [ 109.072516092824173, 1.528004672788187 ], [ 109.070366102903293, 1.523244050360457 ], [ 109.068724518515069, 1.518285100546676 ], [ 109.020121122375286, 1.340889511231835 ], [ 109.019074806286866, 1.336195243541378 ], [ 109.018484346182362, 1.331422164517146 ], [ 109.018355205217517, 1.326614436455186 ], [ 109.018688578252394, 1.321816542237283 ], [ 109.019481380796108, 1.317072873758854 ], [ 109.02072627754572, 1.312427321198677 ], [ 109.022411750255131, 1.307922866930692 ], [ 109.024522204306209, 1.303601187835151 ], [ 109.027038112995939, 1.29950226968867 ], [ 109.029936198204695, 1.29566403720101 ], [ 109.033189645774101, 1.292122003121607 ], [ 109.036768353601516, 1.28890893966245 ], [ 109.040639210155845, 1.286054575277433 ], [ 109.044766400837673, 1.28358531960368 ], [ 109.049111739349286, 1.281524019109799 ], [ 109.053635021008375, 1.279889745711883 ], [ 109.058294394736677, 1.278697620313073 ], [ 109.0630467502817, 1.277958672899366 ], [ 109.067848117088715, 1.277679740486088 ], [ 109.07265407113259, 1.277863403859301 ], [ 109.077420145945439, 1.278507963697409 ], [ 109.082102244036761, 1.279607456293915 ], [ 109.086657044899823, 1.28115170873584 ], [ 109.091042405829029, 1.283126433027288 ], [ 109.095217751839812, 1.285513358287276 ], [ 109.265332839704328, 1.393938901894653 ], [ 109.266134571946623, 1.394396186937842 ], [ 109.26556861352077, 1.393667094858994 ], [ 109.143694473159613, 1.251641169021308 ], [ 109.142792642986166, 1.250696296172148 ], [ 109.141582293309213, 1.250205240144949 ], [ 108.974582602652404, 1.192534422593377 ], [ 108.970091324142004, 1.190735797202568 ], [ 108.965794903426072, 1.188511520918875 ], [ 108.961733566406863, 1.185882418872391 ], [ 108.957945337979211, 1.18287310643691 ], [ 108.95446568601659, 1.179511758764692 ], [ 108.951327189297714, 1.175829846992251 ], [ 108.948559232482623, 1.171861843586975 ], [ 108.946187730994339, 1.167644899593334 ], [ 108.944234888381658, 1.163218496800488 ], [ 108.942718988435004, 1.15862407808794 ], [ 108.941654224001681, 1.153904659410181 ], [ 108.941050564103065, 1.149104427053175 ], [ 108.940913660598156, 1.144268323933431 ], [ 108.941244795267139, 1.139441628813015 ], [ 108.942040867810576, 1.134669532370147 ], [ 108.98053837545099, 0.957268857192627 ], [ 108.980737603614088, 0.956060751758536 ], [ 108.979910920234474, 0.955157532410583 ], [ 108.873371294854863, 0.84989776628934 ], [ 108.869882346230696, 0.846074084929272 ], [ 108.866807407716465, 0.841910185941651 ], [ 108.864179434414226, 0.837450695167117 ], [ 108.862026591156535, 0.832743406398273 ], [ 108.860371950654937, 0.827838769158285 ], [ 108.859233246222232, 0.822789348017165 ], [ 108.858622681718984, 0.817649259240422 ], [ 108.858546800760735, 0.812473590807687 ], [ 108.859006416588073, 0.807317812017175 ], [ 108.924720880195352, 0.343337187616215 ], [ 108.925600739868955, 0.338708137146711 ], [ 108.926912443037722, 0.334182466357592 ], [ 108.928644340591063, 0.329800367299016 ], [ 108.930781051712174, 0.325600756974308 ], [ 108.933303600473593, 0.321620931721775 ], [ 108.936189584360648, 0.317896235989481 ], [ 108.939413373225975, 0.314459748444584 ], [ 108.942946336908477, 0.311341988204845 ], [ 108.946757099495045, 0.308570643801263 ], [ 108.950811817967008, 0.306170327278873 ], [ 108.955074482756743, 0.304162355619521 ], [ 109.101215009455984, 0.243561654769202 ], [ 109.102272152853487, 0.243063576823782 ], [ 109.103071090798238, 0.242210739228998 ], [ 109.299674140054464, 0.01141410026896 ], [ 109.300332510937452, 0.010560008255851 ], [ 109.299261571160287, 0.010686552240497 ], [ 109.235166428945533, 0.021456331102154 ], [ 109.230281295753272, 0.022031821269624 ], [ 109.225363255220543, 0.022124517318122 ], [ 109.220459905550655, 0.021733522108772 ], [ 109.21561870276453, 0.020862619805072 ], [ 109.210886501407785, 0.019520239248677 ], [ 109.206309101079015, 0.017719372382663 ], [ 109.201930803168167, 0.015477448511778 ], [ 109.197793982095035, 0.012816165616649 ], [ 109.193938675197515, 0.009761280354517 ], [ 109.190402195238704, 0.006342358778938 ], [ 109.187218769283447, 0.002592490191058 ], [ 109.184419207438907, -0.001452033108108 ], [ 109.182030604665528, -0.00575206706495 ], [ 109.180076078544346, -0.010265994720614 ], [ 109.178574545538325, -0.014950128991833 ], [ 109.177540537913501, -0.01975913548702 ], [ 109.176984063091467, -0.02464647126548 ], [ 109.176910506794769, -0.029564835293302 ], [ 109.177320580922299, -0.034466626236304 ], [ 109.178210316659317, -0.039304403159357 ], [ 109.224508194338043, -0.236070384926679 ], [ 109.224711359360043, -0.237167229191283 ], [ 109.223610759171621, -0.236985507998744 ], [ 109.154073899892865, -0.22204977376349 ], [ 109.149155507457422, -0.221247366866171 ], [ 109.144181668938202, -0.220938544323619 ], [ 109.139201793334891, -0.221126373909916 ], [ 109.134265349618175, -0.221808989767952 ], [ 109.129421375316113, -0.222979610944432 ], [ 109.124717989386255, -0.224626608750351 ], [ 109.1202019142127, -0.226733622277788 ], [ 109.11591801147641, -0.229279720925507 ], [ 109.11190883650923, -0.232239612318873 ], [ 109.108214215558817, -0.235583893558642 ], [ 109.104870850163522, -0.239279343302788 ], [ 109.10191195256759, -0.243289251779888 ], [ 109.0993669157981, -0.247573785455783 ], [ 109.09726102168122, -0.252090382730994 ], [ 109.095615189698222, -0.256794176738142 ], [ 109.094445769175991, -0.261638441039369 ], [ 109.093764376876521, -0.266575053796326 ], [ 109.093577781598526, -0.271554975801757 ], [ 109.093887836937782, -0.276528737624014 ], [ 109.096336823354847, -0.298281158641205 ], [ 109.096407746928193, -0.299398037053747 ], [ 109.095381826382891, -0.298950896609611 ], [ 109.045970346209842, -0.274487580868663 ], [ 109.045073094250156, -0.27399648079498 ], [ 109.044268268923332, -0.273365214960046 ], [ 108.117184185171965, 0.517397553085239 ], [ 108.116391139521625, 0.518135855876321 ], [ 108.115665175497114, 0.518940211923448 ], [ 107.804842368725744, 0.894959257145397 ], [ 107.804059227351388, 0.896015607658654 ], [ 107.803391810331192, 0.897148630756136 ], [ 107.554626052953765, 1.375534872023999 ], [ 107.554016409695762, 1.376902517977515 ], [ 107.553575458812205, 1.378333490609922 ], [ 107.464885786212548, 1.742785724700752 ], [ 107.464664481328654, 1.743923551766099 ] ], [ [ 119.991274345947687, 5.229086017266332 ], [ 119.987126639685258, 5.226391939230676 ], [ 119.983265389743309, 5.223301264128482 ], [ 119.979728376944621, 5.21984423300866 ], [ 119.97655020957815, 5.216054671570678 ], [ 119.973761984770434, 5.211969659193312 ], [ 119.971390984212391, 5.207629166127397 ], [ 119.96946040721852, 5.203075662402536 ], [ 119.967989143730819, 5.198353702274446 ], [ 119.966991589487918, 5.193509488278963 ], [ 119.966477505168555, 5.188590419158272 ], [ 119.96645192088701, 5.18364462608273 ], [ 119.966915086975504, 5.178720501706151 ], [ 119.96786247153473, 5.173866226662594 ], [ 119.969284804776734, 5.169129298137673 ], [ 119.971168169726212, 5.16455606512714 ], [ 119.973494138392624, 5.160191274930069 ], [ 119.976239952080888, 5.156077635314001 ], [ 119.979378744076371, 5.152255396636126 ], [ 119.982879802525147, 5.148761958009246 ], [ 119.986708870937534, 5.145631501366071 ], [ 119.990828483374443, 5.14289465700235 ], [ 119.99519833103696, 5.140578203871391 ], [ 119.999775656672227, 5.138704807562462 ], [ 120.004515672936421, 5.137292798526847 ], [ 120.009372000621482, 5.136355992721542 ], [ 120.014297122457492, 5.135903556425514 ], [ 120.019242848050652, 5.13593991655123 ], [ 120.024160785407432, 5.136464717329063 ], [ 120.029002814431323, 5.137472823788345 ], [ 120.033721557759264, 5.138954372001059 ], [ 120.174322204713874, 5.190868457018774 ], [ 120.178896223809559, 5.192820987464422 ], [ 120.183253644832504, 5.195218258383122 ], [ 120.187351357157056, 5.198036552110541 ], [ 120.191148819614241, 5.201247985546742 ], [ 120.194608461590235, 5.204820786020701 ], [ 120.197696054735474, 5.208719605636736 ], [ 120.200381051606485, 5.212905870992813 ], [ 120.202636887890492, 5.217338164810756 ], [ 120.204441245222341, 5.221972635702653 ], [ 120.205776271993699, 5.226763432019409 ], [ 120.206628759969874, 5.231663155489086 ], [ 120.20699027496704, 5.236623330156944 ], [ 120.206857240296699, 5.241594881987644 ], [ 120.204668902447949, 5.270142293945291 ], [ 120.204071055248889, 5.274914705264783 ], [ 120.203017426902193, 5.279607593328961 ], [ 120.20151776698124, 5.284177533284509 ], [ 120.199585952337785, 5.288582237957829 ], [ 120.197239858694928, 5.292780949152325 ], [ 120.194501195237052, 5.296734814797534 ], [ 120.19139530372756, 5.300407248460255 ], [ 120.187950924013066, 5.303764267890979 ], [ 120.184199928084098, 5.306774809472938 ], [ 120.180177025152929, 5.309411015664081 ], [ 120.175919440477713, 5.311648492772163 ], [ 120.171466570904798, 5.313466536677701 ], [ 120.166859620316615, 5.314848324416061 ], [ 120.162141218358443, 5.315781069845954 ], [ 120.157355025972137, 5.316256141963843 ], [ 120.152545331386946, 5.316269144769494 ], [ 120.14775664030573, 5.315819957943624 ], [ 120.14303326407898, 5.314912737961254 ], [ 120.138418909677114, 5.313555879630471 ], [ 120.133956275255358, 5.311761938412467 ], [ 120.129686655053547, 5.309547514241694 ], [ 119.991274345947687, 5.229086017266332 ] ], [ [ 117.799130693283672, 4.204501285403093 ], [ 117.794351421918051, 4.205397874862121 ], [ 117.78950765926183, 4.205825976221955 ], [ 117.784645218217847, 4.205781540447285 ], [ 117.779810088351496, 4.205264987817134 ], [ 117.775048000915646, 4.204281203949804 ], [ 117.770403996318919, 4.202839493594092 ], [ 117.76592199812788, 4.200953492623842 ], [ 117.761644397632622, 4.198641039068169 ], [ 117.757611652904671, 4.195924004397178 ], [ 117.753861906139591, 4.192828086658927 ], [ 117.750430622903437, 4.18938256742411 ], [ 117.747350256695015, 4.185620034837371 ], [ 117.744649941996755, 4.181576075394626 ], [ 117.742355218717137, 4.177288937361601 ], [ 117.74048779063115, 4.172799169017032 ], [ 117.739065320103279, 4.168149235142065 ], [ 117.738101261034714, 4.163383115383128 ], [ 117.737604731614667, 4.158545888287026 ], [ 117.737580428079468, 4.153683304942507 ], [ 117.738028580294952, 4.148841356260831 ], [ 117.738944949582333, 4.144065837988081 ], [ 117.740320868808212, 4.139401917563363 ], [ 117.742143324359333, 4.134893706919613 ], [ 117.744395079226962, 4.130583845267509 ], [ 117.747054836036668, 4.126513095808572 ], [ 117.750097438481447, 4.122719960191796 ], [ 117.753494109253211, 4.11924031436032 ], [ 117.81970334531826, 4.057705950507916 ], [ 117.823333322130537, 4.054640457390869 ], [ 117.827237877290003, 4.051933350315966 ], [ 117.831381754257094, 4.049609073355277 ], [ 117.835727535513968, 4.04768861378118 ], [ 117.840235980429455, 4.046189312559857 ], [ 117.844866379585966, 4.045124707769448 ], [ 117.84957692236884, 4.044504412356726 ], [ 117.854325074499201, 4.044334027336116 ], [ 117.859067962101122, 4.044615091214817 ], [ 117.863762758835193, 4.04534506610071 ], [ 117.880365648940668, 4.048741430715801 ], [ 117.885140056149027, 4.049966084300768 ], [ 117.889770685895471, 4.051654873436696 ], [ 117.89421253820062, 4.053791386645996 ], [ 117.898422447604688, 4.056354861514992 ], [ 117.902359502644885, 4.059320386460894 ], [ 117.905985443428861, 4.062659142819991 ], [ 117.90926503344032, 4.066338684904422 ], [ 117.912166401963816, 4.070323255306007 ], [ 117.914661353801094, 4.074574132383031 ], [ 117.916725643269089, 4.079050006553142 ], [ 117.918339209816949, 4.08370738173558 ], [ 117.919486372972372, 4.088500998041583 ], [ 117.920155984722854, 4.093384271605284 ], [ 117.920341537850888, 4.098309747280894 ], [ 117.920041229170423, 4.103229559806872 ], [ 117.919257977050052, 4.108095898955583 ], [ 117.917999393052625, 4.112861474148122 ], [ 117.904808019890794, 4.15439760141935 ], [ 117.903000973370297, 4.15921342722079 ], [ 117.900708721935658, 4.163818118159106 ], [ 117.897955524571159, 4.168162942614611 ], [ 117.894770518469443, 4.172201919144508 ], [ 117.891187410671463, 4.175892303106253 ], [ 117.887244121343599, 4.179195039025735 ], [ 117.882982382467091, 4.182075173922846 ], [ 117.878447296186906, 4.184502227220208 ], [ 117.873686857493951, 4.186450513320278 ], [ 117.868751446292364, 4.187899413437007 ], [ 117.799130693283672, 4.204501285403093 ] ], [ [ 117.700526553392095, 4.118690201832957 ], [ 117.696514888948769, 4.12149834537904 ], [ 117.692247772629116, 4.12390060267081 ], [ 117.687766133113911, 4.125873932100204 ], [ 117.683112956715007, 4.12739940618454 ], [ 117.678332875065834, 4.128462393112282 ], [ 117.673471737030397, 4.129052697086234 ], [ 117.668576168937065, 4.129164656118042 ], [ 117.663693127355245, 4.128797196336005 ], [ 117.658869448704422, 4.127953842285266 ], [ 117.654151400015735, 4.126642683121623 ], [ 117.649584235154805, 4.124876295023176 ], [ 117.645211760762592, 4.122671620564058 ], [ 117.641075916077469, 4.120049806207207 ], [ 117.637216370668781, 4.11703599947492 ], [ 117.633670143940293, 4.113659107742663 ], [ 117.630471250053034, 4.109951520969668 ], [ 117.627185379661299, 4.105742878610982 ], [ 117.62441848027828, 4.101825134733452 ], [ 117.622039691713454, 4.09766030409469 ], [ 117.620070903055179, 4.093286710548786 ], [ 117.618530230663012, 4.088744598940107 ], [ 117.6174318514649, 4.084075764779114 ], [ 117.616785872504266, 4.07932316964928 ], [ 117.616598237937211, 4.074530545884061 ], [ 117.616870674335686, 4.069741994151597 ], [ 117.617600674799974, 4.06500157765008 ], [ 117.618781522026595, 4.060352916647913 ], [ 117.620402350119505, 4.055838787099603 ], [ 117.622448244575637, 4.051500727030856 ], [ 117.624900379524888, 4.04737865431481 ], [ 117.627736190961627, 4.043510499356566 ], [ 117.630929584373689, 4.039931856065951 ], [ 117.63445117485837, 4.0366756543302 ], [ 117.638268557515786, 4.033771857000392 ], [ 117.657397820578879, 4.020619612807801 ], [ 117.66147414986095, 4.018095893269013 ], [ 117.66577345246985, 4.015974191639776 ], [ 117.670256199549897, 4.014274015371664 ], [ 117.674881175611432, 4.013010996307426 ], [ 117.679605857476204, 4.012196746957933 ], [ 117.684386805246035, 4.011838753733875 ], [ 117.689180061700085, 4.011940308113841 ], [ 117.69394155644838, 4.012500476381645 ], [ 117.698627511125991, 4.01351410821115 ], [ 117.703194841902118, 4.014971884019639 ], [ 117.707601555603588, 4.016860400654378 ], [ 117.711807135810474, 4.019162294624524 ], [ 117.71577291537416, 4.021856401745381 ], [ 117.719462431932655, 4.024917951727154 ], [ 117.722841763154676, 4.02831879591916 ], [ 117.725879838629879, 4.032027666115499 ], [ 117.728548725538047, 4.036010462042709 ], [ 117.730823885470272, 4.040230564886143 ], [ 117.732594580654762, 4.043929242236688 ], [ 117.734473040127369, 4.048397004484654 ], [ 117.735910114782712, 4.053025646394498 ], [ 117.736892302149286, 4.057771678154983 ], [ 117.737410373787299, 4.06259050698287 ], [ 117.73745946199729, 4.067436856107957 ], [ 117.737039105556065, 4.072265190184728 ], [ 117.736153254050279, 4.077030143133528 ], [ 117.734810230766868, 4.081686944391344 ], [ 117.733022654489091, 4.086191839567233 ], [ 117.730807320932954, 4.090502501549991 ], [ 117.72818504493786, 4.094578428205389 ], [ 117.725180464894592, 4.09838132292628 ], [ 117.721821811247722, 4.101875454460002 ], [ 117.718140641247942, 4.105027992632223 ], [ 117.700526553392095, 4.118690201832957 ] ], [ [ 117.58259470105537, 3.307438265328438 ], [ 117.586285462541284, 3.304316615134383 ], [ 117.590260417058659, 3.301565950330254 ], [ 117.594482412424369, 3.299211980191999 ], [ 117.598911987471169, 3.297276706261849 ], [ 117.603507740874164, 3.295778216709407 ], [ 117.60822671811114, 3.29473051726934 ], [ 117.613024812939955, 3.294143400335825 ], [ 117.617857179640481, 3.294022353437272 ], [ 117.62267865216819, 3.294368507946763 ], [ 117.627444166301714, 3.295178628507596 ], [ 117.632109180838611, 3.296445143272772 ], [ 117.636630093902781, 3.298156214675773 ], [ 117.640964650472327, 3.300295850071187 ], [ 117.645072337319036, 3.302844051211054 ], [ 117.648914761668024, 3.305777001159859 ], [ 117.652456010038392, 3.309067286901137 ], [ 117.655662983911057, 3.312684155555098 ], [ 117.658505709086256, 3.316593801812516 ], [ 117.66095761583955, 3.320759683898352 ], [ 117.662995787257444, 3.325142865111946 ], [ 117.664601173431947, 3.329702377751536 ], [ 117.665758769511868, 3.33439560602168 ], [ 117.671010375068889, 3.361200676075367 ], [ 117.671717257795208, 3.366065816440145 ], [ 117.671942939436292, 3.370976859277938 ], [ 117.671685238167584, 3.37588632605284 ], [ 117.670946645370108, 3.380746753465864 ], [ 117.669734301544523, 3.385511152316331 ], [ 117.668059927278861, 3.390133461779816 ], [ 117.665939709937234, 3.394568994710823 ], [ 117.663394147165178, 3.398774869665129 ], [ 117.660447848724274, 3.402710425465133 ], [ 117.657129298572215, 3.406337614300312 ], [ 117.653470579488115, 3.409621369562405 ], [ 117.649507062905499, 3.412529944859195 ], [ 117.645277066951621, 3.415035220929414 ], [ 117.640821485998913, 3.417112977491588 ], [ 117.636183395310056, 3.418743127398689 ], [ 117.63140763459883, 3.41990991083484 ], [ 117.626540374532837, 3.420602047676633 ], [ 117.605286069549592, 3.422564553166564 ], [ 117.600248589343124, 3.422774402593157 ], [ 117.595215586260551, 3.422475866861147 ], [ 117.590238236367668, 3.421671981510948 ], [ 117.585367149843194, 3.420370920527135 ], [ 117.580651856369599, 3.418585913224573 ], [ 117.576140301510364, 3.416335109731455 ], [ 117.571878359194955, 3.413641396437029 ], [ 117.567909365268136, 3.41053216328056 ], [ 117.564273676846909, 3.407039025247764 ], [ 117.561008261965412, 3.403197500906546 ], [ 117.558146323680376, 3.399046651250745 ], [ 117.555716962459144, 3.39462868252414 ], [ 117.553744880283361, 3.389988517063253 ], [ 117.552250129476761, 3.385173336522652 ], [ 117.551247908811177, 3.380232102127286 ], [ 117.550748408964026, 3.375215056829988 ], [ 117.550756708898419, 3.370173214436226 ], [ 117.5512727242198, 3.365157840890762 ], [ 117.55376594377914, 3.34898597387717 ], [ 117.554715683961348, 3.344316081493264 ], [ 117.556105691332888, 3.339757816384913 ], [ 117.5579233391217, 3.335352585652383 ], [ 117.560152115887021, 3.331140406237717 ], [ 117.562771775508708, 3.327159541412404 ], [ 117.565758521102225, 3.323446153195339 ], [ 117.569085221188487, 3.320033973858464 ], [ 117.58259470105537, 3.307438265328438 ] ], [ [ 117.069189180635249, 7.21177458633103 ], [ 117.069537001372169, 7.206867186080068 ], [ 117.070365413530638, 7.202017723245495 ], [ 117.071666396902444, 7.197273147526374 ], [ 117.073427356117776, 7.192679393165278 ], [ 117.075631242586311, 7.188280934239474 ], [ 117.078256719551788, 7.184120354088591 ], [ 117.081278368662197, 7.180237933047311 ], [ 117.084666936055555, 7.176671258474427 ], [ 117.088389615578933, 7.173454860853741 ], [ 117.092410366398695, 7.170619879489851 ], [ 117.096690261926994, 7.168193761035393 ], [ 117.101187866686544, 7.166199993768387 ], [ 117.105859637465031, 7.164657880192306 ], [ 117.110660344875257, 7.163582350160366 ], [ 117.11554351124002, 7.162983816333322 ], [ 117.120461860562173, 7.162868073370092 ], [ 117.125367776223428, 7.163236241827214 ], [ 117.130213761981068, 7.164084757310269 ], [ 117.134952901799068, 7.165405404982287 ], [ 117.13953931406212, 7.167185399095053 ], [ 117.140412672926203, 7.167574814229261 ], [ 117.141554865039311, 7.167956818587059 ], [ 117.227862397428638, 7.19225420253983 ], [ 117.232400217128415, 7.193769469408752 ], [ 117.236772446174612, 7.195711492704003 ], [ 117.240939056213406, 7.19806249293718 ], [ 117.244861901361034, 7.20080094638018 ], [ 117.248505067434607, 7.203901782117864 ], [ 117.251835200751344, 7.207336611575713 ], [ 117.254821813486075, 7.211073988421103 ], [ 117.25743756279148, 7.215079696458769 ], [ 117.259658501125543, 7.219317062884748 ], [ 117.261464295494605, 7.223747294030907 ], [ 117.262838413604683, 7.228329830526263 ], [ 117.26376827521689, 7.233022718623575 ], [ 117.264245367321195, 7.237782994291616 ], [ 117.266191251135567, 7.275148106544162 ], [ 117.266207142052664, 7.280023245913504 ], [ 117.265748180445058, 7.284876759139458 ], [ 117.264818729612387, 7.289662504383554 ], [ 117.263427625745692, 7.294334984070383 ], [ 117.261588093922754, 7.298849777428241 ], [ 117.259317622378646, 7.303163962792732 ], [ 117.256637796246949, 7.307236525658498 ], [ 117.25357409235211, 7.311028748599797 ], [ 117.250155637004013, 7.31450457935299 ], [ 117.246414929097213, 7.317630973561611 ], [ 117.242387531147315, 7.320378208925576 ], [ 117.238111731202011, 7.322720167767957 ], [ 117.23362817884049, 7.324634585332984 ], [ 117.22897949872231, 7.326103261454726 ], [ 117.224209885359173, 7.327112233584159 ], [ 117.219364682962407, 7.327651909529635 ], [ 117.214489954360303, 7.327717158648849 ], [ 117.209632043083658, 7.327307360625301 ], [ 117.204837132782771, 7.326426411365593 ], [ 117.200150808164267, 7.325082685961448 ], [ 117.102388061056857, 7.291813464835765 ], [ 117.097867908059683, 7.290025643167188 ], [ 117.093542717612991, 7.287807351699349 ], [ 117.089453368111464, 7.285179556027925 ], [ 117.085638508961395, 7.282167092069376 ], [ 117.082134195296049, 7.278798431330833 ], [ 117.07897354721014, 7.275105411819184 ], [ 117.076186436733892, 7.271122937132552 ], [ 117.073799205505566, 7.266888646578168 ], [ 117.071834415810343, 7.262442559434398 ], [ 117.070310637338878, 7.257826696719112 ], [ 117.069242271680778, 7.253084684039137 ], [ 117.068639416211781, 7.248261339274356 ], [ 117.068507768661036, 7.243402248993363 ], [ 117.069189180635249, 7.21177458633103 ] ], [ [ 117.072346163320503, 7.900823584273902 ], [ 117.075125559264549, 7.904553808030145 ], [ 117.077546253854649, 7.90852619381036 ], [ 117.079587293935035, 7.912706357261199 ], [ 117.081231012580247, 7.917058115538124 ], [ 117.08246318201742, 7.921543800498473 ], [ 117.083273136779596, 7.926124584751049 ], [ 117.083653866024349, 7.930760817739976 ], [ 117.083602074218561, 7.93541236895374 ], [ 117.078763481379895, 8.019222120873355 ], [ 117.078236506993903, 8.024127257058966 ], [ 117.077228710753175, 8.028956585142673 ], [ 117.075749903781102, 8.033663090528011 ], [ 117.073814482596561, 8.038200954325143 ], [ 117.071441288960642, 8.04252599940807 ], [ 117.068653426447867, 8.046596120488909 ], [ 117.06547803552759, 8.050371694022338 ], [ 117.061946029345535, 8.053815963949747 ], [ 117.058091792777304, 8.05689539952774 ], [ 117.05395284768386, 8.059580021757469 ], [ 117.049569487627792, 8.061843695236954 ], [ 117.044984385606369, 8.063664382595084 ], [ 117.04024217862036, 8.06502435903041 ], [ 117.035389033122698, 8.065910384866067 ], [ 117.030472195577758, 8.066313834441006 ], [ 117.025539532506301, 8.066230780082764 ], [ 117.015049437060625, 8.065535428100867 ], [ 117.010264699178478, 8.064985797301654 ], [ 117.005555039702273, 8.063978365797965 ], [ 117.000964156379752, 8.062522480865949 ], [ 116.996534644914931, 8.060631650678069 ], [ 116.992307603751456, 8.058323418969902 ], [ 116.988322252747821, 8.055619202263674 ], [ 116.984615569282909, 8.05254409115882 ], [ 116.981221945167746, 8.049126617533263 ], [ 116.978172867547272, 8.045398489815405 ], [ 116.975496626752289, 8.041394298783045 ], [ 116.973218053812673, 8.037151196618927 ], [ 116.971358290066945, 8.03270855220074 ], [ 116.969934591006194, 8.028107585823907 ], [ 116.968960166171911, 8.023390986746323 ], [ 116.968444056593682, 8.018602517103567 ], [ 116.968391050903492, 8.013786605869631 ], [ 116.968801640905355, 8.008987936630486 ], [ 116.980552842920332, 7.921511427748258 ], [ 116.981427252906684, 7.916757301631365 ], [ 116.982756655893809, 7.912109829667237 ], [ 116.984528626585885, 7.907612449560333 ], [ 116.986726603217747, 7.903307196178089 ], [ 116.989330042349849, 7.899234308671053 ], [ 116.992314610877997, 7.895431854376736 ], [ 116.995652413463233, 7.891935373022355 ], [ 116.999312253256321, 7.88877754455195 ], [ 117.003259923479774, 7.885987883682531 ], [ 117.007458527142347, 7.883592464044088 ], [ 117.011868821897536, 7.881613674481807 ], [ 117.0164495868232, 7.880070009798208 ], [ 117.021158007693742, 7.878975897891044 ], [ 117.025950077144344, 7.878341564902621 ], [ 117.030781005986782, 7.878172939640923 ], [ 117.035605641832618, 7.878471598165866 ], [ 117.040378891111089, 7.879234749058623 ], [ 117.045056140537142, 7.880455259511682 ], [ 117.049593674090588, 7.882121721995798 ], [ 117.053949081608849, 7.884218560880727 ], [ 117.058081655174604, 7.886726178013221 ], [ 117.061952769593205, 7.889621135891612 ], [ 117.065526243403994, 7.892876376724974 ], [ 117.068768677051139, 7.896461475329392 ], [ 117.072346163320503, 7.900823584273902 ] ] ], [ [ [ 97.605881837648894, 6.718008983164975 ], [ 97.606346954170661, 6.719229380186197 ], [ 97.797479580050023, 7.150851347262432 ], [ 97.798010918574519, 7.151911305702563 ], [ 97.798820412925423, 7.152777649409373 ], [ 98.290291120203989, 7.630779004774944 ], [ 98.291185602215663, 7.631569081670552 ], [ 98.292214426572642, 7.632173928769086 ], [ 98.960172519552302, 7.982871434326946 ], [ 98.961255923115331, 7.983374239422871 ], [ 98.962333139033632, 7.982858311026263 ], [ 99.068530396508521, 7.925445359302628 ], [ 99.069528189107473, 7.924842058283805 ], [ 99.069377136307565, 7.923685881289884 ], [ 99.049779634043617, 7.814825482591153 ], [ 99.049155627748448, 7.810050255707674 ], [ 99.04899391540566, 7.805237146030627 ], [ 99.049295997199678, 7.800430804154019 ], [ 99.050059070756902, 7.795675817887859 ], [ 99.051276057142928, 7.791016298622815 ], [ 99.05293566653296, 7.786495472114574 ], [ 99.055022502946017, 7.782155277484112 ], [ 99.057517207071413, 7.77803597815391 ], [ 99.060396635862674, 7.774175788329408 ], [ 99.063634077232464, 7.770610518490781 ], [ 99.067199497857246, 7.767373243183757 ], [ 99.071059821792474, 7.764493994191346 ], [ 99.075179237313819, 7.761999481932894 ], [ 99.079519529137968, 7.759912847674978 ], [ 99.084040432940782, 7.758253448852885 ], [ 99.088700008884246, 7.757036679494195 ], [ 99.093455030686854, 7.756273827410382 ], [ 99.098261386628295, 7.755971969481253 ], [ 99.103074488768058, 7.756133906003654 ], [ 99.107849686582071, 7.756758134713475 ], [ 99.112542681179747, 7.757838864721964 ], [ 99.117109936259084, 7.75936607023705 ], [ 99.121509081987298, 7.761325583571311 ], [ 99.125699308060192, 7.763699226573776 ], [ 99.12964174229414, 7.76646497926627 ], [ 99.130543475673051, 7.767164720462633 ], [ 99.131436738329796, 7.766432361574235 ], [ 99.291872195601286, 7.621452803869072 ], [ 99.292688030886282, 7.620643539652094 ], [ 99.293054135811161, 7.619554290842254 ], [ 99.37176260759513, 7.34347495615908 ], [ 99.37332277528985, 7.338866043523681 ], [ 99.375323546670955, 7.334430605236781 ], [ 99.377745973473978, 7.330210647026044 ], [ 99.380567114155369, 7.326246133919477 ], [ 99.38376025115997, 7.322574611757445 ], [ 99.38729514394899, 7.319230851615564 ], [ 99.391138315392539, 7.316246520505931 ], [ 99.395253368813968, 7.313649881475342 ], [ 99.399601332683929, 7.311465525940677 ], [ 99.421464069144506, 7.301784006545452 ], [ 99.425976148574406, 7.300041767849725 ], [ 99.430635455243333, 7.298743646969576 ], [ 99.435398388745242, 7.297901791334115 ], [ 99.440220378965023, 7.297524078777998 ], [ 99.445056303152313, 7.297614043822984 ], [ 99.449860908166883, 7.29817084460294 ], [ 99.454589233943977, 7.299189270741771 ], [ 99.459197034217269, 7.300659792110567 ], [ 99.463641190562242, 7.302568648007719 ], [ 99.467880115885578, 7.30489797592747 ], [ 99.471874143584856, 7.307625978711931 ], [ 99.475585898736753, 7.310727128522403 ], [ 99.478980647840487, 7.314172405721298 ], [ 99.482026623843637, 7.317929570429276 ], [ 99.484695323408673, 7.321963464216449 ], [ 99.486961773638782, 7.32623633910451 ], [ 99.488804765766801, 7.330708210801089 ], [ 99.507739769668433, 7.38380854721376 ], [ 99.508156764917288, 7.384819501568174 ], [ 99.508691540177523, 7.383865599494984 ], [ 99.512792524653918, 7.375635431211484 ], [ 99.515180863472182, 7.371376865849175 ], [ 99.517973174242698, 7.367371551652163 ], [ 99.521142830002319, 7.36365768256166 ], [ 99.524659605495359, 7.360270673351829 ], [ 99.528489965396034, 7.357242821920986 ], [ 99.532597384095183, 7.354603001304771 ], [ 99.536942694001795, 7.35237638434818 ], [ 99.54148445903796, 7.350584203661934 ], [ 99.54617936976571, 7.349243549152193 ], [ 99.550982656377812, 7.348367205054357 ], [ 99.555848515614557, 7.347963528024936 ], [ 99.56073054753513, 7.348036367454007 ], [ 99.565582197978983, 7.348585028758142 ], [ 99.570357202497732, 7.349604280003821 ], [ 99.575010027524499, 7.351084401798198 ], [ 99.57949630457361, 7.353011279971439 ], [ 99.583773253330349, 7.355366540166862 ], [ 99.587800089596186, 7.358127723055427 ], [ 99.591538414199391, 7.36126849850378 ], [ 99.594952579162523, 7.364758916653572 ], [ 99.598010027634999, 7.368565693517808 ], [ 99.602801333587919, 7.375167289352808 ], [ 99.603416572348735, 7.375932512975754 ], [ 99.603220771946297, 7.37497035491799 ], [ 99.568966403830473, 7.240883737472585 ], [ 99.567992151881342, 7.236111705067271 ], [ 99.56748681104385, 7.231267523941868 ], [ 99.567455176286998, 7.226397158516161 ], [ 99.56789754777985, 7.221546821661873 ], [ 99.568809728043306, 7.21676253620794 ], [ 99.570183061778266, 7.212089698249036 ], [ 99.572004517992156, 7.20757264640091 ], [ 99.574256813644567, 7.203254241089703 ], [ 99.576918577638907, 7.199175457867195 ], [ 99.579964553603759, 7.195374998610836 ], [ 99.583365839540178, 7.191888924297727 ], [ 99.587090162060633, 7.188750312837011 ], [ 99.59110218261786, 7.185988945207349 ], [ 99.595363832817569, 7.183631022877602 ], [ 99.599834675633616, 7.181698919191992 ], [ 99.746920670474651, 7.126470865821424 ], [ 99.747990362476656, 7.126008795797082 ], [ 99.747762610845697, 7.124866045220162 ], [ 99.693472752937581, 6.907990481400532 ], [ 99.692485334042331, 6.902966347355043 ], [ 99.692016913739479, 6.897867572855064 ], [ 99.692072404243888, 6.892747627563788 ], [ 99.692651223639515, 6.88766020315757 ], [ 99.693747301981901, 6.882658650273804 ], [ 99.695349144952189, 6.877795419035183 ], [ 99.697439954395421, 6.873121509017459 ], [ 99.699997804478912, 6.868685934428735 ], [ 99.702995871623287, 6.864535210108862 ], [ 99.706402715795178, 6.860712863739127 ], [ 99.710182610211518, 6.857258979377567 ], [ 100.102462870751594, 6.534065286973037 ], [ 100.103465529962804, 6.533141955463369 ], [ 100.104114188481617, 6.531943160778746 ], [ 100.348553761406535, 6.013906213019186 ], [ 100.34906079883504, 6.012661114806729 ], [ 100.349288349745478, 6.011336132883451 ], [ 100.433120311822492, 5.291386590398169 ], [ 100.433203129610504, 5.290032983385495 ], [ 100.432844322456148, 5.288725172941958 ], [ 100.373559654038573, 5.111362283752936 ], [ 100.372277836292781, 5.106826711377906 ], [ 100.371428781686106, 5.102190594492249 ], [ 100.37102003473899, 5.097495128654254 ], [ 100.3710552274907, 5.092782036784493 ], [ 100.371534047225865, 5.088093198424752 ], [ 100.372452239253164, 5.083470277605229 ], [ 100.373801644711605, 5.078954352626743 ], [ 100.375570273068462, 5.074585551047607 ], [ 100.377742408664645, 5.070402693118585 ], [ 100.38029875036068, 5.066442946834331 ], [ 100.383216583042639, 5.06274149766641 ], [ 100.616522915948678, 4.793879789873416 ], [ 100.617294341726719, 4.792893135558092 ], [ 100.617228936960259, 4.791642413092821 ], [ 100.610291226330105, 4.724770587019513 ], [ 100.610025427593271, 4.719947297630153 ], [ 100.610226313687576, 4.71512086890084 ], [ 100.610892009560771, 4.710336350272341 ], [ 100.612016301668916, 4.705638400000407 ], [ 100.613588695973164, 4.701070868319728 ], [ 100.615594515890038, 4.696676388149888 ], [ 100.61801503928136, 4.692495977163627 ], [ 100.620827673204985, 4.688568654931657 ], [ 100.624006164795176, 4.684931078717598 ], [ 100.627520846304492, 4.68161720132245 ], [ 100.631338912019785, 4.678657954172282 ], [ 100.635424724467669, 4.676080958607153 ], [ 100.639740147051484, 4.673910268066072 ], [ 100.644244900014698, 4.672166143574413 ], [ 100.648896936408505, 4.670864864629373 ], [ 100.653652834554094, 4.670018577248651 ], [ 100.658468203336682, 4.66963518060063 ], [ 100.663298096548019, 4.669718253274274 ], [ 100.664980251868215, 4.669828630937115 ], [ 100.666034031431636, 4.669846629697716 ], [ 100.665253219775408, 4.669138739535829 ], [ 100.637097324143028, 4.645994720791659 ], [ 100.633460899960269, 4.642693332651411 ], [ 100.630165923270752, 4.639051098020719 ], [ 100.627244187626786, 4.635103161177732 ], [ 100.624723885141307, 4.630887616151138 ], [ 100.622629334459504, 4.626445139147163 ], [ 100.620980746105744, 4.621818596060873 ], [ 100.619794027470249, 4.617052628858963 ], [ 100.61908062931721, 4.612193224825059 ], [ 100.61884743529518, 4.60728727282391 ], [ 100.619096695516063, 4.602382110866158 ], [ 100.619826004843617, 4.597525069339238 ], [ 100.621028326100827, 4.59276301431184 ], [ 100.622692057972287, 4.588141895318635 ], [ 100.624801146946467, 4.583706301988712 ], [ 100.627335242217612, 4.579499033795894 ], [ 100.630269892052596, 4.575560687082428 ], [ 100.633576779728187, 4.571929263340902 ], [ 100.644625205614773, 4.560933616424623 ], [ 100.645447895135874, 4.560027894779542 ], [ 100.645120887860728, 4.558848820571249 ], [ 100.571288817376839, 4.336752348076589 ], [ 100.569935341522921, 4.331865950554472 ], [ 100.569083705622248, 4.326867601434612 ], [ 100.568742667482027, 4.321808701295429 ], [ 100.568915734171739, 4.316741273392417 ], [ 100.569601125958172, 4.311717428676425 ], [ 100.570791794607317, 4.306788829910116 ], [ 100.57247549586495, 4.302006160393375 ], [ 100.626058064577734, 4.171362115879478 ], [ 100.628056713436067, 4.167077989158376 ], [ 100.630451031997822, 4.163001768157719 ], [ 100.633219616645817, 4.159169891585047 ], [ 100.636337718072738, 4.155616613871054 ], [ 100.639777462523483, 4.152373698957736 ], [ 100.643508100967964, 4.149470136349853 ], [ 100.647496283977105, 4.146931881968015 ], [ 100.870382957396302, 4.019465005872121 ], [ 100.871286806359706, 4.018888561608223 ], [ 100.870250463126865, 4.018614292320873 ], [ 100.747155517495074, 3.992314805694714 ], [ 100.742353875753821, 3.991036453391836 ], [ 100.737702827587825, 3.989287825650076 ], [ 100.733248306652072, 3.987086191880657 ], [ 100.729034305702726, 3.984453295372909 ], [ 100.725102442125518, 3.981415138558004 ], [ 100.721491546923417, 3.978001726209476 ], [ 100.718237281222358, 3.974246769116711 ], [ 100.71537178408272, 3.970187351157886 ], [ 100.712923355094702, 3.965863563060362 ], [ 100.710916174892077, 3.961318106465492 ], [ 100.709370066344789, 3.956595872208102 ], [ 100.708300298788714, 3.951743496975536 ], [ 100.70771743722598, 3.946808902724703 ], [ 100.707627237985278, 3.941840823405828 ], [ 100.708272118283375, 3.921411345342332 ], [ 100.708684099376143, 3.916393684188015 ], [ 100.70959858419873, 3.91144288936399 ], [ 100.711006301099758, 3.906609155299432 ], [ 100.712892977715143, 3.901941489584186 ], [ 100.715239485670736, 3.897487216097444 ], [ 100.718022034518413, 3.893291495206986 ], [ 100.72121241293938, 3.889396865903529 ], [ 100.724778274769164, 3.885842814512339 ], [ 100.728683466944375, 3.882665374354764 ], [ 100.732888396046391, 3.879896760418624 ], [ 100.737350429725538, 3.87756504274137 ], [ 100.742024328936111, 3.875693861817502 ], [ 100.746862706599586, 3.874302188915611 ], [ 100.844161152509514, 3.851550666352094 ], [ 100.845300272314859, 3.85122298292382 ], [ 100.844813956516418, 3.850142026262301 ], [ 100.831836185858648, 3.824792326832754 ], [ 100.829758789972175, 3.820171200000234 ], [ 100.828159725760329, 3.815363562272852 ], [ 100.827055412661878, 3.810418779218767 ], [ 100.826457189934615, 3.805387624635576 ], [ 100.826371200222084, 3.800321759197103 ], [ 100.826798326479945, 3.795273199993606 ], [ 100.827734182909708, 3.790293786412244 ], [ 100.829169159992716, 3.785434647842227 ], [ 100.831088523162208, 3.780745678670336 ], [ 100.833472564100163, 3.776275025957641 ], [ 100.836296803105299, 3.772068595058021 ], [ 100.839532240454446, 3.768169578254893 ], [ 100.843145654176254, 3.764618011256159 ], [ 100.847099941179422, 3.761450362101359 ], [ 101.039493470862197, 3.622728111876507 ], [ 101.040491132887198, 3.621927592991464 ], [ 101.041303974398133, 3.620939944936783 ], [ 101.296934464993086, 3.27552723560333 ], [ 101.297570123334438, 3.27458024397336 ], [ 101.29792395016284, 3.273495964835452 ], [ 101.372486910199527, 3.00352801626354 ], [ 101.372750000604313, 3.002353915708868 ], [ 101.372209288348174, 3.001279039469542 ], [ 101.311534196030564, 2.894097802519124 ], [ 101.30930323552316, 2.889655193320868 ], [ 101.307524468121301, 2.885013001187387 ], [ 101.306215477980487, 2.88021711690133 ], [ 101.30538920523334, 2.875314950582102 ], [ 101.30505381806897, 2.870354963009133 ], [ 101.305212631985498, 2.865386186558744 ], [ 101.305864077014547, 2.860457740490442 ], [ 101.307001713241235, 2.855618345374338 ], [ 101.30861429446648, 2.850915841459827 ], [ 101.310685879382333, 2.846396715746763 ], [ 101.313195989161017, 2.842105642434292 ], [ 101.316119809900187, 2.83808504129028 ], [ 101.319428437922838, 2.834374658307119 ], [ 101.323089165507042, 2.831011172789348 ], [ 101.327065804220908, 2.828027834757303 ], [ 101.331319042666351, 2.825454136251219 ], [ 101.773260586568497, 2.587202174433211 ], [ 101.774372130001908, 2.586524765643597 ], [ 101.774990024038573, 2.58537907003323 ], [ 101.851708604626026, 2.423142646591368 ], [ 101.853916710041517, 2.418990515764616 ], [ 101.856505145731361, 2.415064204441265 ], [ 101.859451013440989, 2.411398446216049 ], [ 101.862728252940641, 2.408025669735124 ], [ 101.86630787256378, 2.404975711820325 ], [ 101.87015820567801, 2.402275553521662 ], [ 101.874245190819792, 2.399949081433028 ], [ 101.878532673014675, 2.398016876382592 ], [ 101.882982723617488, 2.396496031367228 ], [ 101.887555975843114, 2.395400000341569 ], [ 101.892211973019528, 2.394738479199374 ], [ 101.896909526482446, 2.394517320000091 ], [ 101.98758487097912, 2.394517320000091 ], [ 101.988757579593837, 2.39446121966163 ], [ 101.989642534353678, 2.393689696612035 ], [ 102.147959438412471, 2.241755283187985 ], [ 102.151228544715124, 2.238880626556687 ], [ 102.154735304839079, 2.236301219609544 ], [ 102.158453136551202, 2.234036614980431 ], [ 102.162353857636077, 2.232103979012654 ], [ 102.52579152547483, 2.071343542700319 ], [ 102.526832017740858, 2.07082355290157 ], [ 102.527608944077201, 2.069957874546453 ], [ 102.692350768147733, 1.868071431111109 ], [ 102.696040333490416, 1.864024353011841 ], [ 102.700150376422968, 1.860405060173162 ], [ 102.704631590020369, 1.857256972141673 ], [ 102.709430214536923, 1.854617855564359 ], [ 103.366205373087539, 1.538952894369062 ], [ 103.367314295413337, 1.538348093542868 ], [ 103.367983960562455, 1.53727709337843 ], [ 103.457639556323642, 1.37605860728363 ], [ 103.460178253974135, 1.371970077582409 ], [ 103.46309826451629, 1.368144558099754 ], [ 103.466372535733299, 1.364617490071515 ], [ 103.4699707333872, 1.361421549752623 ], [ 103.473859522248006, 1.358586345690394 ], [ 103.478002874925494, 1.356138144418383 ], [ 103.482362405642249, 1.354099627112071 ], [ 103.486897725855712, 1.352489679460832 ], [ 103.491566818434876, 1.351323216702891 ], [ 103.496326426924739, 1.350611045444225 ], [ 103.501132456292495, 1.350359763541588 ], [ 103.505940381442656, 1.350571698977157 ], [ 103.510705659716379, 1.351244888291122 ], [ 103.515384143553575, 1.352373094772009 ], [ 103.519932489494664, 1.353945866236223 ], [ 103.524308559732731, 1.355948631861512 ], [ 103.528471812496122, 1.358362837177247 ], [ 103.532383677644546, 1.361166115960913 ], [ 103.536007913999271, 1.36433249744828 ], [ 103.539310945096744, 1.367832646937594 ], [ 103.542262170255228, 1.371634137558691 ], [ 103.544834248072519, 1.375701750689289 ], [ 103.547003349728243, 1.379997802235252 ], [ 103.547906802996749, 1.382024040399989 ], [ 103.548956464198497, 1.382567201608023 ], [ 103.696363279626709, 1.450061897532941 ], [ 103.697617537670254, 1.450555485294184 ], [ 103.698963864011034, 1.4506202734247 ], [ 103.947187464289641, 1.449034903796879 ], [ 103.952162693896454, 1.449251129386568 ], [ 103.957091737671348, 1.449961193194497 ], [ 103.961925700164215, 1.451158051483366 ], [ 103.966616629118477, 1.452829831580216 ], [ 103.971117991150962, 1.454959949651745 ], [ 103.975385133356824, 1.457527275213699 ], [ 103.979375726260344, 1.460506340742429 ], [ 103.983050183717623, 1.463867594309293 ], [ 103.986372055605784, 1.467577692731808 ], [ 103.989308389403305, 1.471599832333528 ], [ 103.991830057074523, 1.475894114031554 ], [ 103.993912044015957, 1.480417939130058 ], [ 103.995533697197644, 1.485126431893611 ], [ 103.996678930038556, 1.489972884708427 ], [ 103.997336381983189, 1.494909221415603 ], [ 103.997499531196866, 1.499886474220134 ], [ 103.997166759261347, 1.50485526944484 ], [ 103.996341367229419, 1.509766317310596 ], [ 103.966253239017675, 1.646672893523539 ], [ 103.966095691653308, 1.647601985217478 ], [ 103.966628941619618, 1.646825018666725 ], [ 104.031023325325222, 1.54252890151376 ], [ 104.033882109412318, 1.538381642597031 ], [ 104.037143659661155, 1.534543063048124 ], [ 104.040774874724846, 1.531052120461913 ], [ 104.04473890154263, 1.527944244279227 ], [ 104.048995509360154, 1.525250976214834 ], [ 104.053501498029902, 1.522999650141797 ], [ 104.05821113644771, 1.521213114681061 ], [ 104.063076626676065, 1.519909501311684 ], [ 104.068048589043443, 1.519102040355162 ], [ 104.073076563296752, 1.518798926701405 ], [ 104.078109520720417, 1.519003236639122 ], [ 104.083096382024848, 1.519712896634685 ], [ 104.087986535748215, 1.520920704376338 ], [ 104.092730351910163, 1.522614401870187 ], [ 104.146503708823104, 1.544927094440494 ], [ 104.14728438549443, 1.545207089102088 ], [ 104.146622477743392, 1.544707357969543 ], [ 104.094591985754818, 1.509284384560961 ], [ 104.090578501763957, 1.506245360592614 ], [ 104.086890957525355, 1.502818155038027 ], [ 104.083566735475088, 1.499037511152966 ], [ 104.080639534874891, 1.494941755170092 ], [ 104.078139030186193, 1.490572407767227 ], [ 104.076090570245711, 1.48597376315198 ], [ 104.074514921291865, 1.481192440029735 ], [ 104.07342805644727, 1.476276909007082 ], [ 104.072840993791445, 1.471277001221611 ], [ 104.072759684665101, 1.46624340317935 ], [ 104.073184953338554, 1.461227142920904 ], [ 104.074112488655658, 1.456279072725301 ], [ 104.075532887738106, 1.451449353595615 ], [ 104.077431751307003, 1.446786946752386 ], [ 104.100654857326504, 1.397087423549354 ], [ 104.103056528009944, 1.392566656215852 ], [ 104.105907851256205, 1.388315148824271 ], [ 104.109178939085169, 1.384377466286211 ], [ 104.112835503484021, 1.380794883956047 ], [ 104.116839215819127, 1.37760495497673 ], [ 104.121148108602284, 1.37484111664235 ], [ 104.125717015399985, 1.372532339903607 ], [ 104.130498044274404, 1.370702825690145 ], [ 104.135441079793665, 1.369371751232929 ], [ 104.140494308348934, 1.36855306904575 ], [ 104.145604761272125, 1.368255360672974 ], [ 104.236828711921987, 1.367619020163004 ], [ 104.241687787107765, 1.367821647716431 ], [ 104.246504191802032, 1.368495380161411 ], [ 104.25123235959984, 1.369633843539073 ], [ 104.255827558876163, 1.371226267225559 ], [ 104.260246315977028, 1.373257585829319 ], [ 104.264446826509257, 1.375708581719777 ], [ 104.268389350837978, 1.378556066838949 ], [ 104.272036590050078, 1.381773102075958 ], [ 104.275354038826862, 1.385329252129017 ], [ 104.278310311887395, 1.389190873443701 ], [ 104.28087744091421, 1.393321432503451 ], [ 104.283031139152314, 1.397681851461031 ], [ 104.284751031178061, 1.402230877841064 ], [ 104.286020845664268, 1.406925474815996 ], [ 104.29128597866449, 1.430976998472881 ], [ 104.292124748712723, 1.436040325457079 ], [ 104.292440051604729, 1.441162961441513 ], [ 104.292228565206386, 1.44629093266277 ], [ 104.291492517807384, 1.451370209143642 ], [ 104.290239664643153, 1.456347273970585 ], [ 104.28848320618323, 1.461169687165376 ], [ 104.243562216032444, 1.567228700144033 ], [ 104.24138892984783, 1.571721248005537 ], [ 104.238778617239007, 1.575974767396861 ], [ 104.23575728335048, 1.579946882785682 ], [ 104.233910938886424, 1.581928292297176 ], [ 104.233709892744471, 1.585142181873343 ], [ 104.232944862099885, 1.589910253448332 ], [ 104.231723431123015, 1.594582285640018 ], [ 104.230056993213793, 1.599114698146187 ], [ 103.821023150895101, 2.56484865560284 ], [ 103.81886823245722, 2.569307590316829 ], [ 103.816282782020508, 2.57353147695082 ], [ 103.813292163652392, 2.577478877872164 ], [ 103.809925716242887, 2.581111067858457 ], [ 103.806216465680961, 2.584392414003941 ], [ 103.802200800860462, 2.58729072528931 ], [ 103.797918116693708, 2.589777568385556 ], [ 103.639622156454436, 2.671494096498379 ], [ 103.638484069367649, 2.672160647744073 ], [ 103.637613096782829, 2.673151071661444 ], [ 103.441886642930726, 2.921200438919557 ], [ 103.441226225603444, 2.922121719350722 ], [ 103.441252692766426, 2.923254948439975 ], [ 103.481121412050072, 3.496446893149167 ], [ 103.481219417770177, 3.501416348601337 ], [ 103.480823544050807, 3.506370980435347 ], [ 103.479937702930712, 3.51126182679587 ], [ 103.478570648324677, 3.516040556157989 ], [ 103.476735889516931, 3.520659944941121 ], [ 103.474451557662022, 3.525074344174187 ], [ 103.339350001592933, 3.757114907353771 ], [ 103.338782372701672, 3.758213830219523 ], [ 103.339064053295004, 3.759418193149018 ], [ 103.49379406644023, 4.297061076031794 ], [ 103.494881512530881, 4.301640744879653 ], [ 103.495533487242625, 4.306302379220885 ], [ 103.495744212539364, 4.311004665963038 ], [ 103.495511820897164, 4.315705931737354 ], [ 103.449039549805221, 4.795893364547953 ], [ 103.448256386078185, 4.801103719440212 ], [ 103.446929278145717, 4.806202731899718 ], [ 103.445072962821328, 4.811133780159778 ], [ 103.442708053479464, 4.815842107604995 ], [ 103.124886776636274, 5.37327237238484 ], [ 103.122435006274856, 5.377147946769661 ], [ 103.119638456178279, 5.38078258048913 ], [ 103.116520652329498, 5.384145697180228 ], [ 103.113107823259284, 5.387209004617447 ], [ 102.521599787856147, 5.87104603693342 ], [ 102.520798272805237, 5.871761686292543 ], [ 102.520207273083855, 5.872659071221975 ], [ 102.350414468593954, 6.156479397655032 ], [ 102.347664831030443, 6.160597935613405 ], [ 102.344521275082442, 6.164424280820904 ], [ 102.341014636344966, 6.167920900103878 ], [ 102.337179311944666, 6.171053494617968 ], [ 102.333052923133408, 6.173791336290428 ], [ 102.328675946255927, 6.176107569236243 ], [ 102.324091315711613, 6.177979473191386 ], [ 102.319344002804641, 6.179388686379174 ], [ 102.314480574614095, 6.180321385623595 ], [ 102.153373336448638, 6.203014530993285 ], [ 102.152135780900466, 6.203253755612328 ], [ 102.151094796573247, 6.203964476221031 ], [ 101.809344151491885, 6.463796909084723 ], [ 101.808404177014708, 6.464587819788081 ], [ 101.807637880551923, 6.465547966386398 ], [ 101.531385545821195, 6.849126737040876 ], [ 101.528477620957091, 6.852790087078239 ], [ 101.525240109867184, 6.856165688129056 ], [ 101.521701342276373, 6.859224002117164 ], [ 101.517892284043825, 6.861938267375486 ], [ 101.51384626619722, 6.864284732823035 ], [ 101.509598693270917, 6.866242865797908 ], [ 101.416581565307467, 6.903954419338771 ], [ 101.411948182482448, 6.905572988801276 ], [ 101.407178435653123, 6.906729500233296 ], [ 101.402318282290864, 6.907412810414257 ], [ 101.397414550952135, 6.907616335512945 ], [ 101.392514490076039, 6.907338114524045 ], [ 101.38766531273599, 6.906580828162816 ], [ 101.382913741732295, 6.905351773035871 ], [ 101.378305559408574, 6.903662791336894 ], [ 101.373885166529604, 6.90153015674472 ], [ 101.36969515447106, 6.898974417623164 ], [ 101.365775894843026, 6.896020199033398 ], [ 101.362165150501326, 6.892695965466523 ], [ 101.358897711694951, 6.889033746582466 ], [ 101.356005060854855, 6.885068828597758 ], [ 101.353515069254485, 6.880839414295731 ], [ 101.351451728464369, 6.876386254935003 ], [ 101.351286540525464, 6.875978367034314 ], [ 101.350100488593995, 6.875855104194253 ], [ 100.998722965075402, 6.856737790470695 ], [ 100.997585069847148, 6.856728348079531 ], [ 100.996561538619048, 6.857225619167065 ], [ 100.766334068673217, 6.982494651894125 ], [ 100.765195767832253, 6.983196217037549 ], [ 100.764340218102305, 6.984223814777178 ], [ 100.640043272404597, 7.151076659085476 ], [ 100.63685710203508, 7.154934616388126 ], [ 100.633301299052277, 7.158454812592924 ], [ 100.629411472001451, 7.161601995728264 ], [ 100.625226574413816, 7.16434464925243 ], [ 100.620788514717844, 7.166655307666761 ], [ 100.616141736559669, 7.168510831560814 ], [ 100.611332773735171, 7.169892639335209 ], [ 100.606409784191001, 7.170786893281589 ], [ 100.601422067760879, 7.1711846381563 ], [ 100.596419572466942, 7.171081890860046 ], [ 100.591452394329934, 7.170479680325466 ], [ 100.586570275697284, 7.169384037213188 ], [ 100.581822107112998, 7.167805933519559 ], [ 100.577255437717611, 7.165761172700793 ], [ 100.572915999081332, 7.163270231413912 ], [ 100.568847247238637, 7.160358054459263 ], [ 100.565089927510527, 7.157053804978145 ], [ 100.561681666472538, 7.153390572407088 ], [ 100.558656595154417, 7.149405041113402 ], [ 100.556045007244904, 7.145137123030352 ], [ 100.555836691658968, 7.144754964601535 ], [ 100.554678649297927, 7.144848601166918 ], [ 100.437838742752248, 7.159969344176687 ], [ 100.436596444697685, 7.160195751598461 ], [ 100.435813748530094, 7.161186686251235 ], [ 100.186103906165712, 7.513227804693559 ], [ 100.185450149029236, 7.514252413687217 ], [ 100.185121507445473, 7.515422549018155 ], [ 100.14318245865617, 7.698845633825889 ], [ 100.14297786534442, 7.699991670310617 ], [ 100.143943553448779, 7.700641827624446 ], [ 100.287688895946729, 7.787675140622899 ], [ 100.288685005026892, 7.788212785567761 ], [ 100.288670220474913, 7.787080938933562 ], [ 100.27712370933169, 7.602744967443402 ], [ 100.277054300262961, 7.59793440605588 ], [ 100.277447554691406, 7.593139443132514 ], [ 100.278299831660135, 7.588404472968878 ], [ 100.279603240339483, 7.583773334415937 ], [ 100.281345713084505, 7.579288904996843 ], [ 100.283511117163528, 7.574992703924212 ], [ 100.286079404123598, 7.570924507693362 ], [ 100.289026795409526, 7.567121981810534 ], [ 100.292326002518365, 7.563620332065777 ], [ 100.295946479650709, 7.560451978579172 ], [ 100.299854706519866, 7.557646255638265 ], [ 100.304014498700312, 7.555229140105761 ], [ 100.308387342642192, 7.55322301091203 ], [ 100.312932752250077, 7.551646441859163 ], [ 100.317608643724611, 7.550514029654925 ], [ 100.32237172519649, 7.549836258768728 ], [ 100.32717789754544, 7.549619404360889 ], [ 100.331982662693093, 7.549865474183881 ], [ 100.336741535589738, 7.550572189993509 ], [ 100.341410456080283, 7.551733008642092 ], [ 100.388348775923149, 7.56583283334909 ], [ 100.389510886600874, 7.56612142751619 ], [ 100.391329480115161, 7.565858076157777 ], [ 100.396305659789064, 7.565389894619868 ], [ 100.401303719306426, 7.565420864933082 ], [ 100.406273714941563, 7.565950677622749 ], [ 100.411165983400593, 7.566974038470272 ], [ 100.415931638088011, 7.568480721416264 ], [ 100.42052305761203, 7.570455670745703 ], [ 100.424894361647219, 7.572879151534025 ], [ 100.429001869399286, 7.57572694685078 ], [ 100.432804536090813, 7.578970599750306 ], [ 100.436264363106233, 7.582577697631256 ], [ 100.439346777697722, 7.586512196123518 ], [ 100.442020978457592, 7.590734779266021 ], [ 100.444260243105177, 7.595203252376323 ], [ 100.446042195512533, 7.599872963686176 ], [ 100.447349029300597, 7.604697250529822 ], [ 100.448167685771722, 7.609627905626432 ], [ 100.448489984400197, 7.6146156587973 ], [ 100.448312704577276, 7.619610669304176 ], [ 100.447637617793433, 7.624563023888989 ], [ 100.446471469936554, 7.629423235538219 ], [ 100.303360478177154, 8.117014542823815 ], [ 100.302656511180587, 8.120144836708885 ], [ 100.276668694066828, 8.284386497164917 ], [ 100.276544153463803, 8.285534109153138 ], [ 100.277698301791574, 8.285555679380286 ], [ 100.368490677052463, 8.28281814006297 ], [ 100.36949413123692, 8.282747305808396 ], [ 100.370488615332988, 8.282595848967963 ], [ 101.131692497139369, 8.135043281579941 ], [ 101.133023093086734, 8.134708356514075 ], [ 101.134308763192223, 8.134229072929276 ], [ 101.831394258683858, 7.8296346629348 ], [ 101.836226012319159, 7.827814341420321 ], [ 101.841219729305024, 7.826502013613141 ], [ 101.846322157814811, 7.82571167386918 ], [ 102.905876017395585, 7.71724168752481 ], [ 102.907084506317588, 7.717057554257176 ], [ 102.908233687958486, 7.716640742439951 ], [ 103.615593919585251, 7.419961859760077 ], [ 103.616605985754717, 7.41948262715886 ], [ 103.617453089127579, 7.418750262705157 ], [ 104.836794275868598, 6.264485030471096 ], [ 104.837551046569331, 6.263703149387915 ], [ 104.838160206593415, 6.262801504232566 ], [ 105.368150137371757, 5.399219618464652 ], [ 105.36880061930998, 5.398016020420235 ], [ 105.369315141145975, 5.39674832870493 ], [ 105.504389308287543, 5.003168494233105 ], [ 105.504722879944012, 5.002019097915159 ], [ 105.504830308736771, 5.000827107562928 ], [ 105.542818679837637, 4.091226710591576 ], [ 105.54325169652823, 4.08642618158735 ], [ 105.544144936127083, 4.081689652774624 ], [ 105.545490097729243, 4.077061140871344 ], [ 105.547274680703737, 4.072583658790766 ], [ 105.549482100862306, 4.068298815921038 ], [ 105.552091844576879, 4.064246431447791 ], [ 105.555079659413323, 4.060464164313138 ], [ 105.558417779510151, 4.056987163249885 ], [ 106.012746252214384, 3.627279566732762 ], [ 106.013568964388199, 3.626423210561251 ], [ 106.014115329177699, 3.625368845003575 ], [ 106.249566264228832, 3.112274981527502 ], [ 106.250074224142523, 3.110981508641335 ], [ 106.250282108824123, 3.109607507425212 ], [ 106.294220528927212, 2.644293485124665 ], [ 106.294275235545101, 2.643213240025363 ], [ 106.294049026255536, 2.64215552945686 ], [ 106.190224467976506, 2.242622882677569 ], [ 106.189268829057326, 2.238093418912035 ], [ 106.188736190175206, 2.233494986182464 ], [ 106.188631116958874, 2.228867000944118 ], [ 106.188954510066011, 2.224249132967942 ], [ 106.189703597463037, 2.219680965302592 ], [ 106.190871958186207, 2.21520165497982 ], [ 106.330606322987109, 1.765800848938583 ], [ 106.33089367407095, 1.764702116767551 ], [ 106.330976696403567, 1.763569469284292 ], [ 106.345882750815335, 1.221875539695212 ], [ 106.345859452145177, 1.220701197257991 ], [ 106.345507942178116, 1.219580454766895 ], [ 106.15842603446697, 0.709082656767737 ], [ 106.157997019216211, 0.708056693639634 ], [ 106.157310989322411, 0.707181469434231 ], [ 105.839098009444541, 0.336660588929727 ], [ 105.838160415795144, 0.335682358280963 ], [ 105.837033160175395, 0.334930486069946 ], [ 105.224218963897343, -0.02712608859807 ], [ 105.222862152352931, -0.027819339341022 ], [ 105.221430774016284, -0.028341536829846 ], [ 104.753869485233423, -0.167127165350898 ], [ 104.752690050923917, -0.167414015186615 ], [ 104.751810875159279, -0.166577117287573 ], [ 104.612859858575035, -0.020400618507259 ], [ 104.609237312444222, -0.016952718988815 ], [ 104.605288453670298, -0.013883946279279 ], [ 104.60105278798153, -0.011225001426136 ], [ 104.596572690420203, -0.009002485419395 ], [ 104.591892981408378, -0.007238633066229 ], [ 104.587060478349017, -0.005951090546389 ], [ 104.582123527248783, -0.005152738873812 ], [ 104.577131519048137, -0.004851565030567 ], [ 104.572134395497514, -0.005050582062368 ], [ 104.567182149523049, -0.005747798935041 ], [ 104.562324325080326, -0.006936240453501 ], [ 104.557609521499757, -0.008604017043987 ], [ 104.553084907282326, -0.010734443701405 ], [ 104.548795748209869, -0.013306206911798 ], [ 104.544784954490737, -0.016293577880007 ], [ 104.541092651471459, -0.019666669929297 ], [ 104.537755778209132, -0.023391737497851 ], [ 104.534807717920486, -0.027431513740869 ], [ 104.53227796400482, -0.031745583360767 ], [ 104.439365428388626, -0.210072409223708 ], [ 104.438779228853136, -0.211077297207281 ], [ 104.437620309448079, -0.211178961200432 ], [ 103.271730386106015, -0.257534103093193 ], [ 103.270739037313049, -0.257525410015946 ], [ 103.271602598051899, -0.2570384697227 ], [ 103.548661953664492, -0.118065733472687 ], [ 103.55298596365499, -0.115620762801519 ], [ 103.55704603220822, -0.112758807643973 ], [ 103.560802086538544, -0.109508115433325 ], [ 103.5642170544739, -0.105900770428854 ], [ 103.567257230357271, -0.101972377044922 ], [ 103.569892607720817, -0.097761708436203 ], [ 103.572097175449017, -0.093310323807511 ], [ 103.573849174507785, -0.088662158225389 ], [ 103.575131312705679, -0.083863088979976 ], [ 103.575930935367396, -0.078960482777188 ], [ 103.576240150235208, -0.074002728230392 ], [ 103.576980312652552, -0.015239123182395 ], [ 103.577057335649073, -0.01402448595168 ], [ 103.578252871883137, -0.013796518284246 ], [ 103.755961332478535, 0.010827576363068 ], [ 103.760677853787953, 0.011713626083557 ], [ 103.76528770464148, 0.013047767184665 ], [ 103.769748417880905, 0.014817709207761 ], [ 103.774018900242908, 0.017007146981525 ], [ 103.778059810921079, 0.019595910829476 ], [ 103.781833923983697, 0.022560152378339 ], [ 103.785306471308829, 0.025872564255525 ], [ 103.788445462877434, 0.029502631651828 ], [ 103.791221981473768, 0.033416913431878 ], [ 103.793610449078443, 0.037579350202663 ], [ 103.795588862499869, 0.041951596502148 ], [ 103.797138996073372, 0.046493374047751 ], [ 103.79824656956086, 0.051162842790469 ], [ 103.798901379704148, 0.05591698635642 ], [ 103.799097394219999, 0.060712008324983 ], [ 103.79883280737117, 0.065503735692941 ], [ 103.79811005660126, 0.070248025807809 ], [ 103.796935800080433, 0.074901173021546 ], [ 103.739765111402988, 0.262906926509541 ], [ 103.738175459580404, 0.267364630658305 ], [ 103.736171465174678, 0.271652068776433 ], [ 103.733771082468039, 0.275730828643922 ], [ 103.730995817083681, 0.2795643676409 ], [ 103.72787053331156, 0.28311834014201 ], [ 103.724423231343039, 0.286360905227374 ], [ 103.720684796410296, 0.289263011953279 ], [ 103.716688722077805, 0.291798659626782 ], [ 103.712470810165243, 0.29394513075235 ], [ 103.708068849990141, 0.295683194563537 ], [ 103.703522279803963, 0.296997279316177 ], [ 103.698871833455101, 0.297875611799502 ], [ 103.60754417274228, 0.310683029785745 ], [ 103.606321372190749, 0.310918003989322 ], [ 103.605365043843562, 0.311715431200929 ], [ 103.389344873308758, 0.511174055254307 ], [ 103.385586503782235, 0.514317531107554 ], [ 103.381538509513646, 0.517078060828319 ], [ 103.377239762229252, 0.519429135842589 ], [ 103.372731541564519, 0.521348179452288 ], [ 103.368057138667638, 0.522816763632829 ], [ 103.363261440486994, 0.523820785992141 ], [ 103.358390498734778, 0.524350605191888 ], [ 103.353491087665603, 0.524401133530471 ], [ 103.348610254916707, 0.523971885798769 ], [ 103.343794869723112, 0.523066983939457 ], [ 103.339091172845698, 0.521695117465182 ], [ 103.334544332534577, 0.51986946001566 ], [ 103.330198010791293, 0.517607542855005 ], [ 102.903612698868955, 0.268312778310087 ], [ 102.902661674422049, 0.267810806561858 ], [ 102.901638490215277, 0.267479872710973 ], [ 102.546897107381298, 0.16945284272599 ], [ 102.545756082538858, 0.169195461680382 ], [ 102.544754106114368, 0.169798973021163 ], [ 102.43145510016916, 0.245638144857437 ], [ 102.430810607223549, 0.246117176834323 ], [ 102.431562894207588, 0.245836272783819 ], [ 102.559863795939933, 0.190579328532213 ], [ 102.564515776211294, 0.188844208773541 ], [ 102.569316906831403, 0.187579018751957 ], [ 102.574219845654483, 0.186796234031069 ], [ 102.579176246642291, 0.186503573357002 ], [ 102.584137236586272, 0.186703922546743 ], [ 102.589053897027895, 0.187395306032182 ], [ 102.593877746625196, 0.188570906340445 ], [ 102.598561219209074, 0.190219131318438 ], [ 102.603058132815477, 0.192323728438714 ], [ 103.03096057432505, 0.419134632935295 ], [ 103.035153068150066, 0.421626064579631 ], [ 103.039082898403308, 0.424514086444496 ], [ 103.04271267788053, 0.427771222772319 ], [ 103.046007873968861, 0.431366486163311 ], [ 103.048937137179607, 0.435265672380124 ], [ 103.051472599397641, 0.439431685756508 ], [ 103.053590139010112, 0.44382489211415 ], [ 103.055269610392202, 0.44840349583013 ], [ 103.056495035566329, 0.453123937467712 ], [ 103.057254756211847, 0.457941308187514 ], [ 103.057541544578655, 0.462809776996482 ], [ 103.057352672249863, 0.467683026769954 ], [ 103.056689936099104, 0.472514694898634 ], [ 103.0555596411956, 0.477258814368288 ], [ 103.053972540819714, 0.481870251075874 ], [ 103.051943734159465, 0.486305133221609 ], [ 102.964257922442982, 0.655628442869128 ], [ 102.96187760339761, 0.659734969262222 ], [ 102.959118614792018, 0.663597281995429 ], [ 102.956005820055182, 0.667180574713196 ], [ 102.952567271043023, 0.670452555530062 ], [ 102.948833955240985, 0.673383738038391 ], [ 102.944839516511209, 0.675947707033712 ], [ 102.940619951901127, 0.678121356563028 ], [ 102.936213287245593, 0.679885098150833 ], [ 102.931659234485963, 0.681223037326366 ], [ 102.426182395502991, 0.803993924316743 ], [ 102.425086481403767, 0.804314385829358 ], [ 102.424248425145095, 0.805089875997787 ], [ 102.209443321445178, 1.023123917421485 ], [ 102.208570243756768, 1.024110241706917 ], [ 102.20818398515739, 1.025369568725743 ], [ 102.122493194107463, 1.369213514901713 ], [ 102.121077159171804, 1.37390312973788 ], [ 102.119209008202716, 1.378431667493861 ], [ 102.116906673687666, 1.382755658478062 ], [ 102.114192255866669, 1.386833596454987 ], [ 102.111091810590835, 1.390626337065962 ], [ 102.107635099210768, 1.394097473578053 ], [ 102.10385530289571, 1.39721368635437 ], [ 101.759289990988137, 1.654003759347907 ], [ 101.755196049447278, 1.656751604875867 ], [ 101.750851371423636, 1.659082867464325 ], [ 101.746298206325704, 1.660974876971817 ], [ 101.741580830974726, 1.662409234731717 ], [ 101.736745119038915, 1.663371992468317 ], [ 101.428236170735204, 1.709114542410847 ], [ 101.427056877720162, 1.709349507010779 ], [ 101.426605560704772, 1.710464071199417 ], [ 101.320915026409281, 2.013795905137322 ], [ 101.319245105076718, 2.017973429341693 ], [ 101.317206436755114, 2.021983937689716 ], [ 101.314815526785139, 2.025794960551178 ], [ 101.31209173230458, 2.029375643357951 ], [ 101.309057105530215, 2.032696996406846 ], [ 101.064100260511651, 2.277691193700234 ], [ 101.060663630447038, 2.280822624092687 ], [ 101.056950991545392, 2.283621301439184 ], [ 101.052994445187252, 2.28606302693966 ], [ 101.048828201702136, 2.288126688182827 ], [ 101.044488284568516, 2.289794441694916 ], [ 101.040012218936297, 2.291051867223502 ], [ 101.035438707165184, 2.291888092422404 ], [ 101.030807294184157, 2.292295886859566 ], [ 100.908411369271022, 2.297355322069709 ], [ 100.903712024774038, 2.297328542981159 ], [ 100.899035951007534, 2.29686068621756 ], [ 100.894424455576385, 2.295955884742439 ], [ 100.889918275611876, 2.294622131411268 ], [ 100.885557217907206, 2.292871208364005 ], [ 100.881379807271287, 2.29071858294376 ], [ 100.877422946207474, 2.288183271061035 ], [ 100.873721588923402, 2.285287669210549 ], [ 100.870308432551667, 2.282057356624585 ], [ 100.820847301856702, 2.230629022299551 ], [ 100.817612261305399, 2.22691538734815 ], [ 100.81475827121335, 2.222901497405048 ], [ 100.812313022786924, 2.218626297754281 ], [ 100.810300241363848, 2.214131269070968 ], [ 100.808739456215065, 2.209460024949728 ], [ 100.807645811059473, 2.204657888738154 ], [ 100.807029917130009, 2.199771453781203 ], [ 100.806897750216834, 2.194848131343263 ], [ 100.807250592686444, 2.189935690594256 ], [ 100.808085021039332, 2.185081795123117 ], [ 100.809392939126965, 2.180333540475679 ], [ 100.922719841312571, 1.836120863201033 ], [ 100.922930353008979, 1.835356167418436 ], [ 100.922520082135648, 1.836034955032237 ], [ 100.819108816130637, 2.02794826845954 ], [ 100.816388996383793, 2.032418562526268 ], [ 100.813216879369762, 2.036580127393919 ], [ 100.80962720731759, 2.040387384025165 ], [ 100.805659295677501, 2.04379863390091 ], [ 100.8013566025232, 2.046776515718292 ], [ 100.435295594696569, 2.272750305434062 ], [ 100.434374982145798, 2.27337758658491 ], [ 100.433819480428284, 2.274343209157693 ], [ 100.23285335685398, 2.663226182018332 ], [ 100.230443887360195, 2.667385405181259 ], [ 100.227646168562217, 2.671294043062665 ], [ 100.224486056619696, 2.674915972530677 ], [ 100.220992756883419, 2.678217720175947 ], [ 100.217198553983181, 2.681168771668623 ], [ 100.213138513457409, 2.68374185376788 ], [ 100.208850157681823, 2.685913186377736 ], [ 100.204373119092594, 2.687662702319654 ], [ 100.199748773908283, 2.688974232790843 ], [ 100.195019859736206, 2.689835656794273 ], [ 100.190230080596919, 2.690239013159371 ], [ 100.185423703017179, 2.690180574118151 ], [ 100.180645146924462, 2.689660879756765 ], [ 100.175938575123581, 2.688684733024096 ], [ 100.171347485149738, 2.68726115534352 ], [ 100.166914307269849, 2.685403303238059 ], [ 100.150712697336644, 2.677678081081823 ], [ 100.146452849509259, 2.675387758723394 ], [ 100.142434215165466, 2.672696577193127 ], [ 100.138694395670228, 2.669629717209208 ], [ 100.135268383587103, 2.666215874619948 ], [ 100.132188235261538, 2.662486991903846 ], [ 100.129482770877544, 2.65847795929174 ], [ 100.127177304794444, 2.654226288307572 ], [ 100.12529340868663, 2.649771760782355 ], [ 100.123848709702798, 2.645156056625452 ], [ 100.12285672553304, 2.640422363835998 ], [ 100.122326737927267, 2.635614974403503 ], [ 100.122263705848042, 2.630778869878687 ], [ 100.125781264863974, 2.531316854321023 ], [ 100.125768721677545, 2.530385991673924 ], [ 100.125411419870034, 2.531245641612695 ], [ 100.100837892953948, 2.59960575202097 ], [ 100.098917334127208, 2.604212173149095 ], [ 100.096547124970186, 2.608604185258432 ], [ 100.093750880030115, 2.612738030448054 ], [ 100.090556458476343, 2.616572522950765 ], [ 100.086995686537549, 2.620069459469569 ], [ 100.083104040415051, 2.623193999799582 ], [ 100.078920292831071, 2.625915013943257 ], [ 100.074486126733561, 2.628205392260558 ], [ 100.069845720006384, 2.63004231556406 ], [ 100.065045305322116, 2.631407482467994 ], [ 100.060132709522961, 2.632287291726132 ], [ 100.055156877118833, 2.632672977741889 ], [ 100.050167382650073, 2.632560697900526 ], [ 100.04521393677301, 2.631951570853369 ], [ 100.040345890989528, 2.630851665372617 ], [ 100.035611745954881, 2.629271939887766 ], [ 100.03105866826246, 2.627228133306074 ], [ 100.026732020520015, 2.624740608204802 ], [ 100.022674909399072, 2.621834147957543 ], [ 100.018927756160323, 2.618537709815866 ], [ 100.015527893934021, 2.614884136406344 ], [ 100.012509195767592, 2.61090982851734 ], [ 100.009901737146251, 2.606654382435595 ], [ 100.008183847685146, 2.60309693550352 ], [ 100.007981252430397, 2.602724636606423 ], [ 100.007366677753424, 2.603669771912385 ], [ 99.954122022261572, 2.695099588335061 ], [ 99.953530918494067, 2.69624947904518 ], [ 99.953596001876392, 2.697540763855763 ], [ 99.97708162118191, 2.925021010665835 ], [ 99.977345368356936, 2.929907562764689 ], [ 99.977130162357, 2.93479649315535 ], [ 99.976438064679471, 2.939640969885803 ], [ 99.97527570505369, 2.944394586833715 ], [ 99.973654217933557, 2.949011808239108 ], [ 99.971589135838698, 2.953448404899678 ], [ 99.969100240565467, 2.957661877850349 ], [ 99.966211373693667, 2.961611865468582 ], [ 99.962950208203679, 2.965260530105683 ], [ 99.755574422833831, 3.175587234414057 ], [ 99.752230141252724, 3.178683279180468 ], [ 99.748617847784786, 3.181461956634015 ], [ 99.74476755294873, 3.183900181841973 ], [ 98.797666896322028, 3.724822975092891 ], [ 98.796620811900198, 3.725491850129643 ], [ 98.795728354498621, 3.72635510340614 ], [ 98.536532631643198, 4.003434667960184 ], [ 98.535801661978255, 4.004291334405178 ], [ 98.535624102236284, 4.005403389523507 ], [ 98.497000007060493, 4.346789225868915 ], [ 98.496280779175677, 4.351294643809272 ], [ 98.495153857545006, 4.355715744034994 ], [ 98.493628625404583, 4.360015714556451 ], [ 98.491717782495854, 4.364158751962239 ], [ 98.489437239322044, 4.368110359533839 ], [ 98.187596486654996, 4.839994537431298 ], [ 98.18700084428653, 4.841032935188494 ], [ 98.186726568465872, 4.842198195891954 ], [ 98.110870355747977, 5.252307774881226 ], [ 98.109816412850606, 5.256823556135204 ], [ 98.108348646798262, 5.261222276265005 ], [ 98.106479682184926, 5.265466100865388 ], [ 98.104225594405833, 5.26951852782325 ], [ 98.101605771389245, 5.273344701280699 ], [ 97.772017704890629, 5.709807467409037 ], [ 97.771420369053672, 5.710672102641943 ], [ 97.770976851702201, 5.711624833740913 ], [ 97.609418889109961, 6.100813133952988 ], [ 97.609011847217516, 6.101946057505921 ], [ 97.608947300201962, 6.103148152577684 ], [ 97.605819631119886, 6.716704440096821 ], [ 97.605881837648894, 6.718008983164975 ] ], [ [ 105.776995816392201, 2.901852802554937 ], [ 105.781229957445959, 2.905194283375781 ], [ 105.785079518241631, 2.908972421305981 ], [ 105.807232043200074, 2.933194689477314 ], [ 105.810380001563814, 2.936997933290876 ], [ 105.813137537131851, 2.941093089326523 ], [ 105.815477764698571, 2.945440230950765 ], [ 105.817377867695456, 2.949996974740634 ], [ 105.818819320646227, 2.954718893710289 ], [ 105.819788069785133, 2.959559950461779 ], [ 105.820274670077225, 2.964472946036884 ], [ 105.820274377304884, 2.969409980093841 ], [ 105.819787194322529, 2.97432291792237 ], [ 105.818817871028898, 2.97916385974372 ], [ 105.817375858056764, 2.983885607720207 ], [ 105.815475214631945, 2.988442126121019 ], [ 105.813134471499708, 2.992788990157793 ], [ 105.810376450255234, 2.996883819113963 ], [ 105.80722804083932, 3.000686689544971 ], [ 105.803719939368975, 3.004160524520757 ], [ 105.799886348858777, 3.007271455115526 ], [ 105.795764645751049, 3.009989150620362 ], [ 105.791395015505856, 3.012287114259219 ], [ 105.766209932378786, 3.023982857532625 ], [ 105.761616753992115, 3.025845044861752 ], [ 105.756861777151428, 3.027243338316296 ], [ 105.751991724314948, 3.028163998248362 ], [ 105.747054448679023, 3.028597978242651 ], [ 105.742098463971999, 3.028541014006646 ], [ 105.737172467757745, 3.027993665271599 ], [ 105.732324862932899, 3.026961310292604 ], [ 105.727603282119347, 3.025454093001801 ], [ 105.723054119625601, 3.023486823333977 ], [ 105.718722075575684, 3.021078831703978 ], [ 105.714649716685287, 3.018253779065821 ], [ 105.710877058000662, 3.015039424419883 ], [ 105.707441169710322, 3.011467352052639 ], [ 105.70437581289292, 3.007572661189094 ], [ 105.70171110778054, 3.00339362110738 ], [ 105.699473237796866, 2.998971295104388 ], [ 105.697684192278643, 2.994349137007323 ], [ 105.696361550408128, 2.989572564195895 ], [ 105.695518308479848, 2.984688511330607 ], [ 105.695162752198897, 2.979744969172234 ], [ 105.695298375265452, 2.974790513024042 ], [ 105.69808132465586, 2.938696502188442 ], [ 105.698717461122968, 2.933720086429965 ], [ 105.699849091151506, 2.928832469742405 ], [ 105.701464821769463, 2.924082859445103 ], [ 105.703548386199458, 2.9195190734431 ], [ 105.7060788076287, 2.915187058808263 ], [ 105.709030610398329, 2.911130429195496 ], [ 105.7123740764861, 2.907390025751226 ], [ 105.716075544700075, 2.904003505934804 ], [ 105.720097749571167, 2.901004964392498 ], [ 105.724400196532784, 2.898424589701004 ], [ 105.728939569610048, 2.896288360436299 ], [ 105.733670167514404, 2.894617783627744 ], [ 105.738544363752908, 2.893429678230622 ], [ 105.743513086119961, 2.892736005797039 ], [ 105.748526310744268, 2.89254375004997 ], [ 105.753533565716751, 2.892854846572861 ], [ 105.758484439229321, 2.893666163322645 ], [ 105.763329087108545, 2.894969532162389 ], [ 105.768018734634424, 2.896751831096072 ], [ 105.772506167592311, 2.898995116377614 ], [ 105.776746207613982, 2.901676803164076 ], [ 105.776995816392201, 2.901852802554937 ] ], [ [ 104.485064674987797, 1.033602438315804 ], [ 104.484398288938678, 1.032714701407132 ], [ 104.444442293906846, 0.984696519617442 ], [ 104.441523179767529, 0.980820265730381 ], [ 104.438993558459515, 0.97667930115755 ], [ 104.436877255546477, 0.972312628106401 ], [ 104.435194203699609, 0.967761374648718 ], [ 104.433960254959189, 0.963068407350583 ], [ 104.433187031430151, 0.958277927528113 ], [ 104.432881815817751, 0.953435054931678 ], [ 104.43304748283451, 0.948585402779728 ], [ 104.433682472124303, 0.94377464814483 ], [ 104.434780802958826, 0.93904810173828 ], [ 104.436332130567862, 0.934450281145349 ], [ 104.438321843572794, 0.930024491530671 ], [ 104.440731201605743, 0.925812417762988 ], [ 104.472034154603719, 0.876773848638864 ], [ 104.474930644711691, 0.872700555091854 ], [ 104.478219331845949, 0.868936792054864 ], [ 104.481867353635536, 0.865520169118629 ], [ 104.485838257039916, 0.862484827059033 ], [ 104.490092362607868, 0.859861096683697 ], [ 104.494587160976323, 0.857675195749862 ], [ 104.49927773764739, 0.855948966982135 ], [ 104.504117221798651, 0.854699659807976 ], [ 104.561254034864064, 0.842960859359632 ], [ 104.56596358629082, 0.842225234437129 ], [ 104.570721786273765, 0.841941418316781 ], [ 104.575485390352654, 0.842111990435133 ], [ 104.580211104952582, 0.842735400563273 ], [ 104.584855980853717, 0.843805982895936 ], [ 104.589377803531221, 0.845314007544655 ], [ 104.593735476818097, 0.847245768966954 ], [ 104.597889396403929, 0.849583710527896 ], [ 104.601801809774912, 0.852306584061942 ], [ 104.605437159324168, 0.855389642984932 ], [ 104.608762405513701, 0.85880486720113 ], [ 104.611747327151207, 0.862521217761266 ], [ 104.614364796052598, 0.866504918957159 ], [ 104.616591023593955, 0.870719765289115 ], [ 104.633308742847149, 0.906391565493645 ], [ 104.635428826565686, 0.911680409006054 ], [ 104.636933411896408, 0.917176120393578 ], [ 104.637802959318847, 0.922807328785436 ], [ 104.652947423458926, 1.079755861645344 ], [ 104.653178166969965, 1.0843540408822 ], [ 104.652984984118277, 1.088953951234364 ], [ 104.652369512823583, 1.093516591911379 ], [ 104.651336971419553, 1.098003278117377 ], [ 104.6498961144096, 1.102375969043912 ], [ 104.648059158241011, 1.106597590402682 ], [ 104.64584167772658, 1.110632348763508 ], [ 104.597413214692722, 1.189872109168531 ], [ 104.594620619566754, 1.193969872344564 ], [ 104.591435854218659, 1.197770861723915 ], [ 104.58789024431961, 1.201237690394066 ], [ 104.584018664843967, 1.204336258280724 ], [ 104.579859197035532, 1.207036087559573 ], [ 104.575452753836558, 1.209310622439214 ], [ 104.570842677464057, 1.211137490366586 ], [ 104.566074313091292, 1.21249872208564 ], [ 104.561194562828192, 1.213380928384746 ], [ 104.556251424387455, 1.21377543179432 ], [ 104.551293518974262, 1.213678351939283 ], [ 104.546369613043211, 1.213090643706819 ], [ 104.54152813862656, 1.212018087854012 ], [ 104.536816716951975, 1.210471234147735 ], [ 104.280707091062482, 1.112065475997813 ], [ 104.27609645368814, 1.110021425830503 ], [ 104.271715189471749, 1.107523298141524 ], [ 104.267607875354912, 1.104596509999233 ], [ 104.263816300988381, 1.101270839855147 ], [ 104.26037904354547, 1.097580124564662 ], [ 104.257331075220677, 1.093561915115758 ], [ 104.254703407406879, 1.089257094568446 ], [ 104.252522775171613, 1.084709462092234 ], [ 104.25081136524247, 1.079965287333791 ], [ 104.249586590269473, 1.075072839648863 ], [ 104.248860911660969, 1.070081896988265 ], [ 104.248641712795674, 1.065043239434743 ], [ 104.248931223900854, 1.060008132543703 ], [ 104.24972649936106, 1.055027805744525 ], [ 104.251019447688094, 1.050152931109434 ], [ 104.252796913847405, 1.045433107793174 ], [ 104.255839252040332, 1.03844523723194 ], [ 104.258060202770295, 1.033969410787793 ], [ 104.260716780332828, 1.029737597918913 ], [ 104.263782455459548, 1.025792058599573 ], [ 104.267226613528294, 1.022172194002581 ], [ 104.271014860288673, 1.01891415302901 ], [ 104.275109365331943, 1.016050471315948 ], [ 104.279469239875155, 1.013609746327241 ], [ 104.284050945087145, 1.01161635177185 ], [ 104.288808726878486, 1.010090194201703 ], [ 104.293695072813676, 1.009046514219743 ], [ 104.298661186582478, 1.008495734283329 ], [ 104.303657475292525, 1.0084433546229 ], [ 104.308634044716726, 1.008889898315248 ], [ 104.483959085314368, 1.033503349168826 ], [ 104.485064674987797, 1.033602438315804 ] ], [ [ 104.060517777336685, 1.022280143342881 ], [ 104.065299458467251, 1.023085408242774 ], [ 104.069980650403224, 1.024350069482747 ], [ 104.074517325736792, 1.026062232708344 ], [ 104.078866816263414, 1.028205794732681 ], [ 104.082988214283546, 1.030760594989661 ], [ 104.086842757346517, 1.033702605147535 ], [ 104.090394192818025, 1.03700415509946 ], [ 104.093609118842309, 1.04063419320556 ], [ 104.096457298492297, 1.0445585783389 ], [ 104.098911944153045, 1.048740400988596 ], [ 104.100949969463855, 1.053140330400056 ], [ 104.102552206449417, 1.057716984487428 ], [ 104.103703585797845, 1.062427319039172 ], [ 104.104393278590194, 1.067227032556199 ], [ 104.10761835387207, 1.101359078703418 ], [ 104.107839351606088, 1.106330716699787 ], [ 104.107565035977473, 1.111299698014029 ], [ 104.106798124469279, 1.116216797881224 ], [ 104.105546214421111, 1.121033305495324 ], [ 104.103821707766883, 1.125701506558359 ], [ 104.10164168817613, 1.130175155957821 ], [ 104.099027751816166, 1.134409935889698 ], [ 104.096005793411621, 1.138363894888801 ], [ 104.09260574972069, 1.141997863417164 ], [ 104.08886130296932, 1.145275841893541 ], [ 104.084809547181322, 1.148165357320007 ], [ 104.08049062070971, 1.150637784972777 ], [ 104.07594730860977, 1.152668631970458 ], [ 104.071224618792783, 1.154237779910557 ], [ 104.066369336159184, 1.155329684170628 ], [ 104.061429559128158, 1.155933527899667 ], [ 104.056454223155029, 1.156043329174271 ], [ 104.051492615956576, 1.155658000258024 ], [ 104.046593889246722, 1.154781358377057 ], [ 104.041806571819464, 1.153422087905043 ], [ 104.037178088802833, 1.151593654332237 ], [ 103.955909158597848, 1.114713882194575 ], [ 103.951640292897665, 1.112523888193394 ], [ 103.947600983343747, 1.109934821485295 ], [ 103.943828422748211, 1.106970521459254 ], [ 103.940357347774736, 1.103658282545785 ], [ 103.93721971909325, 1.1000286028976 ], [ 103.934444427095144, 1.096114903571299 ], [ 103.932057025878876, 1.0919532207958 ], [ 103.930079497954964, 1.087581874161005 ], [ 103.928530051837413, 1.083041113781926 ], [ 103.927422954384866, 1.078372749687093 ], [ 103.926768399435389, 1.07361976684371 ], [ 103.926572413944569, 1.068825929364325 ], [ 103.926836802490982, 1.064035377539336 ], [ 103.9275591306602, 1.059292221405776 ], [ 103.928732747460131, 1.054640134594643 ], [ 103.930346846561463, 1.050121952196552 ], [ 103.932386565799334, 1.045779276348409 ], [ 103.934833124019832, 1.041652093172792 ], [ 103.938827562155964, 1.035596305019806 ], [ 103.941801863023699, 1.031545744261521 ], [ 103.945167731815076, 1.027814198283292 ], [ 103.948891168532157, 1.024439360935765 ], [ 103.952934561239218, 1.021455322811866 ], [ 103.957257065996046, 1.01889222688398 ], [ 103.961815019439086, 1.016775964017626 ], [ 103.966562379842628, 1.015127911437385 ], [ 103.971451192204896, 1.013964716786936 ], [ 103.976432072660856, 1.013298129964494 ], [ 103.981454707328496, 1.01313488443235 ], [ 103.986468360549708, 1.013476629199452 ], [ 104.060517777336685, 1.022280143342881 ] ], [ [ 103.826175362209938, 1.275719770069256 ], [ 103.831122900124143, 1.275066883698468 ], [ 103.836110877435118, 1.274910440831066 ], [ 103.84108960512593, 1.27525199991285 ], [ 103.846009486322103, 1.276088158415311 ], [ 103.850821510363602, 1.277410586730793 ], [ 103.855477741037177, 1.279206111150017 ], [ 103.859931794105222, 1.281456845095373 ], [ 103.864139299374216, 1.284140367302651 ], [ 103.924557140662102, 1.327061201450108 ], [ 103.928388499126115, 1.330074436765679 ], [ 103.931908252145874, 1.333446414438589 ], [ 103.935082949544778, 1.337145088683793 ], [ 103.937882420402289, 1.341135308936452 ], [ 103.94028005978501, 1.345379153907367 ], [ 103.942253081588262, 1.349836291970143 ], [ 103.943782735085094, 1.35446436445514 ], [ 103.944854483124942, 1.359219388207535 ], [ 103.945458140288238, 1.364056173583789 ], [ 103.945587969684212, 1.368928753914034 ], [ 103.945242737471645, 1.373790822348987 ], [ 103.944425724584889, 1.378596171939768 ], [ 103.943144695553201, 1.383299134768317 ], [ 103.941411824710144, 1.387855015955098 ], [ 103.939243580494136, 1.392220518419474 ], [ 103.936660568939587, 1.396354154356016 ], [ 103.933687337846393, 1.400216639516269 ], [ 103.930352143488378, 1.403771266548882 ], [ 103.926686682078213, 1.406984253850039 ], [ 103.92272578854066, 1.409825066608898 ], [ 103.918507105456769, 1.412266706996925 ], [ 103.914070725325487, 1.414285970743325 ], [ 103.846566208256363, 1.441120978644043 ], [ 103.841634606457873, 1.442789746808608 ], [ 103.836556213094795, 1.443936657587901 ], [ 103.831386089090088, 1.444549275953446 ], [ 103.826180289928075, 1.444620959778447 ], [ 103.820995257890075, 1.444150931853011 ], [ 103.815887210096164, 1.443144288310806 ], [ 103.709753161409097, 1.416420729071467 ], [ 103.705061237548378, 1.414991262479436 ], [ 103.700531946424604, 1.413108964371124 ], [ 103.696208873450189, 1.410791948119485 ], [ 103.692133619598309, 1.408062510394386 ], [ 103.688345401076305, 1.404946916601534 ], [ 103.684880671947781, 1.401475148130221 ], [ 103.681772773334728, 1.397680613842128 ], [ 103.679051612575677, 1.39359982857752 ], [ 103.67674337542698, 1.389272061772584 ], [ 103.674870274077136, 1.38473895956927 ], [ 103.667401385057744, 1.363809286420312 ], [ 103.666004416458051, 1.359206125530987 ], [ 103.665056267741988, 1.354490022748627 ], [ 103.664565715205981, 1.349704631474032 ], [ 103.664537299524284, 1.344894246459235 ], [ 103.664971283719382, 1.340103393804441 ], [ 103.665863650727431, 1.335376418813552 ], [ 103.667206140581158, 1.330757075523193 ], [ 103.668986326866133, 1.326288121704641 ], [ 103.671187731742705, 1.322010923087444 ], [ 103.673789978468932, 1.317965070468105 ], [ 103.676768980012653, 1.314188013247988 ], [ 103.680097162007002, 1.310714712792505 ], [ 103.683743717985436, 1.307577318820157 ], [ 103.687674894533956, 1.304804871816888 ], [ 103.691854303720945, 1.302423034230234 ], [ 103.696243259912805, 1.30045385293144 ], [ 103.700801137857567, 1.298915555144224 ], [ 103.705485748722239, 1.297822379729134 ], [ 103.826175362209938, 1.275719770069256 ] ], [ [ 103.353460210418007, 0.788212294631374 ], [ 103.352224218785523, 0.78356997239328 ], [ 103.351439455533665, 0.778830460001015 ], [ 103.351113165229876, 0.774037510416934 ], [ 103.351248360033665, 0.769235369910565 ], [ 103.35184379188982, 0.76446836959773 ], [ 103.352893964049841, 0.759780516196417 ], [ 103.354389181815378, 0.755215085777333 ], [ 103.356315642035142, 0.750814224259453 ], [ 103.35865556052913, 0.746618558338605 ], [ 103.361387336263888, 0.742666820440808 ], [ 103.39530575276379, 0.698317947230036 ], [ 103.398391097144412, 0.694660680499394 ], [ 103.401811903563555, 0.691315081400743 ], [ 103.405536844344581, 0.688311788863565 ], [ 103.409531806554511, 0.685678306980712 ], [ 103.413760204409499, 0.683438753126477 ], [ 103.418183314326754, 0.681613637090164 ], [ 103.422760629554318, 0.680219673247848 ], [ 103.427450231131075, 0.679269627492456 ], [ 103.432209171779803, 0.678772200323969 ], [ 103.436993869217446, 0.678731947170427 ], [ 103.441760505280769, 0.679149236669402 ], [ 103.446465427212246, 0.680020247292027 ], [ 103.451065547431156, 0.681337002340481 ], [ 103.45551873812876, 0.683087442998424 ], [ 103.459784217073874, 0.6852555387654 ], [ 103.463822921095868, 0.687821434263836 ], [ 103.467597863824238, 0.690761631074192 ], [ 103.47107447440915, 0.694049202933015 ], [ 103.474220914120579, 0.697654042323123 ], [ 103.484510109618356, 0.710648300507768 ], [ 103.487366475148988, 0.714644262572295 ], [ 103.489816978178823, 0.71890120651913 ], [ 103.491837969847182, 0.723378050222251 ], [ 103.493409946342069, 0.728031589387798 ], [ 103.494517737123928, 0.732816914502077 ], [ 103.495150651330718, 0.737687844235976 ], [ 103.495302580951247, 0.742597371123176 ], [ 103.4949720597713, 0.747498115211101 ], [ 103.494162277523444, 0.752342781306591 ], [ 103.49288104910417, 0.757084615403581 ], [ 103.491140739155369, 0.761677855888012 ], [ 103.488958142737872, 0.766078175165531 ], [ 103.486354323248875, 0.770243107450031 ], [ 103.48335440914714, 0.774132458584591 ], [ 103.443895372164135, 0.820400113383086 ], [ 103.440585434018516, 0.823921274437411 ], [ 103.436951024718567, 0.827106448645962 ], [ 103.43302609584849, 0.829925881046832 ], [ 103.428847312940917, 0.832353233330658 ], [ 103.42445371295841, 0.834365829885368 ], [ 103.419886339621499, 0.835944869625089 ], [ 103.415187859990382, 0.837075601624369 ], [ 103.410402165881706, 0.83774746291699 ], [ 103.405573963844191, 0.837954177172096 ], [ 103.400748357523128, 0.837693813325832 ], [ 103.395970426315387, 0.836968803620776 ], [ 103.39128480425093, 0.835785920884642 ], [ 103.386735263034822, 0.834156215260513 ], [ 103.382364303144826, 0.832094910979653 ], [ 103.378212756804359, 0.829621264141205 ], [ 103.374319406539968, 0.826758382827372 ], [ 103.370720622886253, 0.823533011234502 ], [ 103.367450024623082, 0.819975279836657 ], [ 103.364538164718766, 0.816118423915575 ], [ 103.362012244913274, 0.811998473086434 ], [ 103.359895861607498, 0.807653914719765 ], [ 103.35820878543268, 0.803125334403742 ], [ 103.353460210418007, 0.788212294631374 ] ], [ [ 103.144188953869204, 0.595236307536263 ], [ 103.142844805760248, 0.590712580420664 ], [ 103.141933136390264, 0.586082278042303 ], [ 103.141462067216764, 0.581386648692686 ], [ 103.141435794682423, 0.576667522617961 ], [ 103.141854552831816, 0.571966939381008 ], [ 103.142714611226467, 0.56732677335887 ], [ 103.144008308176822, 0.562788360711712 ], [ 103.145724118995147, 0.5583921311464 ], [ 103.147846758661373, 0.554177247755062 ], [ 103.152480635515559, 0.545965173450496 ], [ 103.155094201699583, 0.541821789383824 ], [ 103.158100689417921, 0.537954052148471 ], [ 103.161471238361045, 0.534399089484232 ], [ 103.16517349347059, 0.531191026700234 ], [ 103.16917191552659, 0.528360659094357 ], [ 103.173428122300692, 0.525935156338582 ], [ 103.177901257000428, 0.523937801667965 ], [ 103.182548380467551, 0.522387768376858 ], [ 103.187324883365804, 0.521299935767861 ], [ 103.192184914401281, 0.520684746320281 ], [ 103.19708182046476, 0.520548105449183 ], [ 103.201968594470955, 0.520891324817277 ], [ 103.20679832659566, 0.521711109743821 ], [ 103.243146747344198, 0.529730328884517 ], [ 103.248015322462066, 0.531065421641835 ], [ 103.252724454442685, 0.53288464464573 ], [ 103.257226137459739, 0.535169452375711 ], [ 103.261474480462752, 0.537896553048155 ], [ 103.265426174999689, 0.54103814605737 ], [ 103.269040936711903, 0.544562205380489 ], [ 103.272281916000793, 0.548432806057107 ], [ 103.275116073680053, 0.55261049041546 ], [ 103.277514517783587, 0.557052670311762 ], [ 103.279452798096031, 0.561714061282202 ], [ 103.280911155403047, 0.566547144181757 ], [ 103.281874722920719, 0.571502649603791 ], [ 103.282333677850431, 0.576530060142168 ], [ 103.283814231313897, 0.613036672359697 ], [ 103.283772453388949, 0.617939909404444 ], [ 103.283250602653126, 0.622815476112174 ], [ 103.282253697949315, 0.627616482248758 ], [ 103.280791326900399, 0.632296754658276 ], [ 103.278877553701363, 0.636811281328334 ], [ 103.276530783858448, 0.641116644288218 ], [ 103.273773587176109, 0.645171437176513 ], [ 103.270632480694502, 0.6489366634623 ], [ 103.267137673664593, 0.652376111490056 ], [ 103.263322777014011, 0.655456702741333 ], [ 103.259224480097657, 0.658148809963815 ], [ 103.254882197841695, 0.660426542108211 ], [ 103.229252441646722, 0.672306386709222 ], [ 103.224705239962887, 0.674148779026832 ], [ 103.219999362188133, 0.675536643204076 ], [ 103.215180119247975, 0.676456616078249 ], [ 103.210293913613626, 0.676899839615976 ], [ 103.205387792512042, 0.676862046203504 ], [ 103.200508994927844, 0.676343599737767 ], [ 103.19570449675895, 0.675349492122577 ], [ 103.191020558505357, 0.673889295203672 ], [ 103.186502279846138, 0.671977068605422 ], [ 103.182193165393514, 0.6696312243566 ], [ 103.178134705805249, 0.666874349608668 ], [ 103.174365978288364, 0.66373298915356 ], [ 103.170923270341177, 0.660237389835 ], [ 103.167839730356192, 0.656421209314318 ], [ 103.165145048448039, 0.652321191994929 ], [ 103.162865170579835, 0.647976815225868 ], [ 103.161022048740421, 0.643429909190933 ], [ 103.144188953869204, 0.595236307536263 ] ], [ [ 102.752062514913874, 1.123590716360729 ], [ 102.748441437985448, 1.120401765717621 ], [ 102.745144603719609, 1.116878629593459 ], [ 102.742202714352729, 1.113054117692733 ], [ 102.739643166646488, 1.108963846324568 ], [ 102.73748979675166, 1.104645906720796 ], [ 102.735762658230598, 1.10014051030596 ], [ 102.734477835305555, 1.095489614222724 ], [ 102.733647293072138, 1.090736530600036 ], [ 102.733278766072587, 1.085925523202789 ], [ 102.733375686266825, 1.081101395219235 ], [ 102.733937151071814, 1.076309072024945 ], [ 102.734957931766971, 1.071593182808885 ], [ 102.73642852218741, 1.066997644957763 ], [ 102.738335227251397, 1.062565255069145 ], [ 102.740660290497786, 1.058337290402072 ], [ 102.74338205944558, 1.054353124476737 ], [ 102.746475187235689, 1.050649860402997 ], [ 102.749910868677162, 1.047261985352404 ], [ 102.753657108499667, 1.04422104939153 ], [ 102.757679019313869, 1.041555371667505 ], [ 102.761939146505284, 1.03928977668194 ], [ 102.766397817035681, 1.037445363109242 ], [ 102.771013508903806, 1.036039307312215 ], [ 102.771497684644245, 1.035941585842101 ], [ 102.773588364070122, 1.035413435574426 ], [ 102.774617080831547, 1.034800811040628 ], [ 102.841517113660743, 0.990451796068129 ], [ 102.843093163036954, 0.98944887914927 ], [ 103.045483460063622, 0.865908438087069 ], [ 103.049763441337205, 0.86357434776969 ], [ 103.054250384866947, 0.861668159145047 ], [ 103.05890163558287, 0.860207993370378 ], [ 103.063672976430837, 0.859207731492526 ], [ 103.068519048721484, 0.858676882487955 ], [ 103.073393783331952, 0.858620492865785 ], [ 103.078250838661376, 0.859039098693224 ], [ 103.083044041176777, 0.859928720499444 ], [ 103.087727824361139, 0.861280901106379 ], [ 103.092257661890841, 0.863082786026767 ], [ 103.096590490924655, 0.865317245665174 ], [ 103.100685121479998, 0.867963038160262 ], [ 103.104502628005051, 0.870995011320273 ], [ 103.10800671942394, 0.874384341732004 ], [ 103.111164084137428, 0.878098808770211 ], [ 103.113944706699129, 0.882103100902565 ], [ 103.116322153157014, 0.886359151378267 ], [ 103.118273822347433, 0.890826500109117 ], [ 103.119781160752737, 0.895462678302818 ], [ 103.120829838880084, 0.90022361219199 ], [ 103.121409887484575, 0.905064042020867 ], [ 103.121515792341725, 0.90993795230657 ], [ 103.121146546668413, 0.914799009284696 ], [ 103.120305660693788, 0.919601001380642 ], [ 103.119001128289369, 0.924298278519335 ], [ 103.117245350975423, 0.928846186097075 ], [ 103.115055020026006, 0.933201489489937 ], [ 103.112450957793655, 0.937322785063167 ], [ 103.044326440371862, 1.034321551459373 ], [ 103.041309188970388, 1.03819781958379 ], [ 103.037926141548127, 1.041759315158796 ], [ 103.03420995027821, 1.044971663682461 ], [ 103.030196482739669, 1.047803860516927 ], [ 103.025924475734143, 1.050228570136006 ], [ 102.830410806742961, 1.14883046708212 ], [ 102.826071157923948, 1.150766164436173 ], [ 102.821567353892263, 1.152281164556008 ], [ 102.816940072062138, 1.153361784278015 ], [ 102.812231105073423, 1.153998263671314 ], [ 102.80748298332918, 1.154184854187398 ], [ 102.802738590870007, 1.153919870579828 ], [ 102.798040778054414, 1.153205706125019 ], [ 102.793431974543296, 1.152048811006672 ], [ 102.788953806084194, 1.150459634059066 ], [ 102.784646718556218, 1.148452528395375 ], [ 102.780549612671351, 1.14604562177336 ], [ 102.776699492631394, 1.143260652869257 ], [ 102.752062514913874, 1.123590716360729 ] ], [ [ 102.500594442523877, 0.953302315124504 ], [ 102.499676401472385, 0.952436321922143 ], [ 102.459010699531802, 0.917868717835423 ], [ 102.455394325262702, 0.914471525802852 ], [ 102.452132463244794, 0.910732631215359 ], [ 102.449257235090343, 0.906688853325783 ], [ 102.446796954984208, 0.902380013765109 ], [ 102.444775850856075, 0.897848544393747 ], [ 102.443213825792867, 0.893139069448252 ], [ 102.442126262040432, 0.88829796609832 ], [ 102.441523869524886, 0.883372907741556 ], [ 102.441412580385204, 0.878412394533458 ], [ 102.441793490555739, 0.873465275775805 ], [ 102.442662848973811, 0.868580268866778 ], [ 102.444012094518868, 0.863805479550013 ], [ 102.445827940319134, 0.859187928187009 ], [ 102.448092504595905, 0.854773086717976 ], [ 102.450783486756663, 0.850604430870967 ], [ 102.453874387003069, 0.846723012028961 ], [ 102.457334767291201, 0.843167052971012 ], [ 102.461130551074177, 0.839971571468437 ], [ 102.465224358875346, 0.837168035442744 ], [ 102.545165318647733, 0.788064515646389 ], [ 102.549397224524938, 0.785738738321572 ], [ 102.553833751105884, 0.783832039757394 ], [ 102.558433517545126, 0.782362204316731 ], [ 102.563153620408897, 0.781342941605988 ], [ 102.567950033848703, 0.780783758601389 ], [ 102.572778020243845, 0.780689870974492 ], [ 102.893395984623439, 0.789946659374337 ], [ 102.894680761141998, 0.789916472243297 ], [ 102.895702465656086, 0.789136932730845 ], [ 102.93144024527524, 0.758783350124543 ], [ 102.935264617456923, 0.755840657694715 ], [ 102.939354846590561, 0.753280328232514 ], [ 102.943672835854443, 0.751126208914175 ], [ 102.948178367045216, 0.749398363432197 ], [ 102.952829475174411, 0.748112885120007 ], [ 102.957582839334748, 0.747281747056973 ], [ 102.962394186195581, 0.746912690549892 ], [ 102.967218702369308, 0.747009153029647 ], [ 102.972011451808015, 0.747570236034619 ], [ 102.976727794342423, 0.748590713579052 ], [ 102.981323801465194, 0.750061080828426 ], [ 102.985756665485582, 0.751967642628487 ], [ 102.989985098244716, 0.754292641063339 ], [ 102.993969715677906, 0.757014420854533 ], [ 102.997673404641858, 0.760107631060589 ], [ 103.001061668590452, 0.763543461198322 ], [ 103.004102948879066, 0.767289909586686 ], [ 103.006768918705205, 0.771312081413783 ], [ 103.00903474694725, 0.775572513750785 ], [ 103.010879329444109, 0.78003152448557 ], [ 103.012285485561577, 0.78464758192606 ], [ 103.013240118214625, 0.789377691630746 ], [ 103.016868832168697, 0.813246564824914 ], [ 103.017361109277502, 0.818011216399628 ], [ 103.017395196325594, 0.822801109869573 ], [ 103.016970780472406, 0.827572285045966 ], [ 103.016091756877842, 0.832280953530841 ], [ 103.014766192953701, 0.83688390059368 ], [ 103.013006254323457, 0.841338881783095 ], [ 103.010828093169806, 0.845605010633583 ], [ 103.008251699994844, 0.849643133909103 ], [ 103.005300720153343, 0.853416190939592 ], [ 103.002002236842813, 0.85688955375255 ], [ 102.998386522542162, 0.860031344878065 ], [ 102.99448676118007, 0.862812729910556 ], [ 102.777753024707323, 1.00222949185829 ], [ 102.773808198116782, 1.004519657042921 ], [ 102.769671076700305, 1.006440786863527 ], [ 102.765376092086768, 1.007976892514765 ], [ 102.760958989738143, 1.009115189595508 ], [ 102.756456531454106, 1.009846204508367 ], [ 102.751906189418122, 1.010163853304712 ], [ 102.747345834331199, 1.010065492318966 ], [ 102.622931563462956, 1.001692825554005 ], [ 102.621776292327098, 1.001669657713511 ], [ 102.620918525721294, 1.002443882871941 ], [ 102.582640833454349, 1.040416480021855 ], [ 102.579050316660698, 1.043649549627718 ], [ 102.575164509281549, 1.046520969299912 ], [ 102.571019696286598, 1.049003926238481 ], [ 102.566654581193433, 1.051075235038541 ], [ 102.562109924660916, 1.052715554191419 ], [ 102.557428163873581, 1.053909566692174 ], [ 102.552653016270796, 1.054646123067032 ], [ 102.547829071321189, 1.05491834548517 ], [ 102.54300137415423, 1.054723691982654 ], [ 102.538215004936959, 1.054063980198848 ], [ 102.533514657923405, 1.05294537040362 ], [ 102.528944224107775, 1.051378307973854 ], [ 102.524546381378229, 1.049377425856397 ], [ 102.520362195998416, 1.046961407928242 ], [ 102.51643073913813, 1.044152814529843 ], [ 102.512788722033747, 1.040977871800719 ], [ 102.509470153185319, 1.037466226784486 ], [ 102.506506020791306, 1.033650670590099 ], [ 102.503924003386345, 1.029566832194384 ], [ 102.50174821138414, 1.025252845745058 ], [ 102.499998961938701, 1.020748994470936 ], [ 102.498692589226422, 1.016097334524379 ], [ 102.497841291920494, 1.011341302268524 ], [ 102.497453019281906, 1.006525308676343 ], [ 102.497531396930654, 1.001694324628969 ], [ 102.500578232698203, 0.954564250479454 ], [ 102.500594442523877, 0.953302315124504 ] ], [ [ 102.084797561547205, 1.492424019920271 ], [ 102.087543995526929, 1.488473180887764 ], [ 102.090657473553463, 1.484804627597429 ], [ 102.094109162293805, 1.481452333829643 ], [ 102.097867096309287, 1.478447344544967 ], [ 102.101896474081485, 1.475817488382627 ], [ 102.106159980302536, 1.473587119944724 ], [ 102.110618131445136, 1.471776894252862 ], [ 102.115229641412071, 1.470403575465886 ], [ 102.313427201934715, 1.421627244226786 ], [ 102.314600299225063, 1.421276285773263 ], [ 102.315619762879635, 1.4205980358592 ], [ 102.405861436687999, 1.353905859752722 ], [ 102.410027091964537, 1.351138289763706 ], [ 102.414448386564445, 1.348800709478897 ], [ 102.419081086093968, 1.346916506040769 ], [ 102.423878841084544, 1.345504530623995 ], [ 102.428793650712294, 1.344578909832251 ], [ 102.433776343039142, 1.344148904363651 ], [ 102.438777066970744, 1.344218816358842 ], [ 102.443745791009192, 1.344787946358728 ], [ 102.448632803810796, 1.345850600302454 ], [ 102.453389211540568, 1.347396146495638 ], [ 102.457967427047819, 1.349409121978887 ], [ 102.46232164596853, 1.351869387232401 ], [ 102.46640830499112, 1.354752327668872 ], [ 102.470186517700924, 1.358029099898761 ], [ 102.473618483642696, 1.361666920304111 ], [ 102.47666986650853, 1.365629393033762 ], [ 102.479310137667454, 1.369876874138419 ], [ 102.481512881599912, 1.37436686820246 ], [ 102.483256060181048, 1.379054453504233 ], [ 102.484522233168846, 1.383892731451194 ], [ 102.485298732691234, 1.388833295793334 ], [ 102.485577789986181, 1.393826716920501 ], [ 102.48535661312701, 1.398823036398284 ], [ 102.484637414955259, 1.403772266794703 ], [ 102.468984534436601, 1.483300313158673 ], [ 102.467823340635107, 1.487990909891256 ], [ 102.466214782007725, 1.492547510366905 ], [ 102.464173882536315, 1.496927555811865 ], [ 102.461719704278025, 1.501090136481227 ], [ 102.45887516932531, 1.504996373757062 ], [ 102.455666845712841, 1.50860978327579 ], [ 102.452124699271394, 1.511896615693133 ], [ 102.448281813746135, 1.514826171903923 ], [ 102.444174081793577, 1.517371089772585 ], [ 102.439839869743096, 1.519507599696237 ], [ 102.435319659254461, 1.521215746613439 ], [ 102.430655669217927, 1.522479576385006 ], [ 102.124108615943427, 1.589833267986217 ], [ 102.11929051837501, 1.590647422819199 ], [ 102.114415958375446, 1.590987389114037 ], [ 102.109531491721341, 1.590849919932572 ], [ 102.104683768805415, 1.590236328210639 ], [ 102.099919089089553, 1.589152474218522 ], [ 102.095282958909607, 1.587608709590897 ], [ 102.090819656855004, 1.585619778460795 ], [ 102.086571810874389, 1.583204676641859 ], [ 102.082579991146076, 1.58038647020379 ], [ 102.078882322601856, 1.577192075173744 ], [ 102.075514120804698, 1.573652000467675 ], [ 102.072507554658145, 1.569800056506859 ], [ 102.06989133916862, 1.565673032302507 ], [ 102.067690461195241, 1.561310344092566 ], [ 102.065925940806096, 1.556753658886496 ], [ 102.064614630520623, 1.552046496513463 ], [ 102.063769054355063, 1.547233813974676 ], [ 102.063397288208591, 1.542361576069643 ], [ 102.063502882732266, 1.537476316397173 ], [ 102.064084829417638, 1.532624692923912 ], [ 102.0651375702287, 1.527853042365078 ], [ 102.066651050685465, 1.523206937633383 ], [ 102.068610815891915, 1.51873075258286 ], [ 102.070998148591258, 1.514467238204612 ], [ 102.084797561547205, 1.492424019920271 ] ], [ [ 102.408210035210843, 0.948714281921801 ], [ 102.412886753569666, 0.950607779880332 ], [ 102.41734883149492, 0.952962963464648 ], [ 102.421550832487483, 0.955755850283905 ], [ 102.425449968362727, 0.958958000897661 ], [ 102.429006534954411, 0.962536808409339 ], [ 102.432184316414833, 0.966455830496112 ], [ 102.434950953993891, 0.970675160494217 ], [ 102.437278275542212, 0.975151833760991 ], [ 102.439142582382843, 0.979840265175737 ], [ 102.440524890630343, 0.98469271332442 ], [ 102.441411124500192, 0.989659766641497 ], [ 102.469464503440207, 1.210969754667482 ], [ 102.469846522887678, 1.216036515952374 ], [ 102.469712336132659, 1.221115886256958 ], [ 102.469063328949076, 1.226155409890396 ], [ 102.467906203766191, 1.231103042666528 ], [ 102.46625291045126, 1.23590768937478 ], [ 102.464120522900814, 1.240519731450799 ], [ 102.461531062715025, 1.244891539397468 ], [ 102.458511271776231, 1.248977964664413 ], [ 102.455092336080028, 1.25273680590627 ], [ 102.451309563671117, 1.256129244804572 ], [ 102.44720202001001, 1.259120246952422 ], [ 102.301355490314037, 1.354372638808914 ], [ 102.297201668027697, 1.356808549526296 ], [ 102.292832784776962, 1.358833582797883 ], [ 102.288289362654083, 1.360428956115578 ], [ 102.283613542627279, 1.361579872136212 ], [ 102.278848693676593, 1.362275655929265 ], [ 102.274039010539568, 1.362509853988562 ], [ 102.269229103798025, 1.362280294089574 ], [ 102.264463586107752, 1.36158910543715 ], [ 102.25978665840897, 1.3604426989168 ], [ 102.255241699955519, 1.358851707632704 ], [ 102.250870865965382, 1.35683088828397 ], [ 102.24671469662421, 1.35439898429388 ], [ 102.242811741068635, 1.35157855196164 ], [ 102.239198199836864, 1.348395751249088 ], [ 102.235907589102851, 1.344880103142858 ], [ 102.232970429808489, 1.341064215842496 ], [ 102.230413964576869, 1.336983482314185 ], [ 102.228261905032682, 1.332675752015312 ], [ 102.226534211873059, 1.328180979834687 ], [ 102.225246909728881, 1.323540855504544 ], [ 102.224411938533848, 1.318798416921598 ], [ 102.224037042779585, 1.31399765096365 ], [ 102.224125699684279, 1.309183085504253 ], [ 102.238132527068672, 1.099132931181034 ], [ 102.238665099926237, 1.094464515414366 ], [ 102.239633545915027, 1.089866705937463 ], [ 102.241029312595671, 1.085380106446505 ], [ 102.242840073818869, 1.081044338531626 ], [ 102.245049838578666, 1.076897691774857 ], [ 102.247639092230685, 1.072976785611152 ], [ 102.250584968827752, 1.069316245938651 ], [ 102.347113495325033, 0.960283711416433 ], [ 102.350549362664566, 0.956767394413393 ], [ 102.354313946153027, 0.953605499285597 ], [ 102.358370850294705, 0.950828594817318 ], [ 102.362680853476462, 0.948463527754004 ], [ 102.367202287157085, 0.946533163251495 ], [ 102.371891438713206, 0.945056163818717 ], [ 102.376702974047234, 0.944046808891008 ], [ 102.381590375871383, 0.94351485677843 ], [ 102.386506393430651, 0.943465450323714 ], [ 102.39140349931688, 0.943899067181935 ], [ 102.396234348957506, 0.944811515202606 ], [ 102.400952238336558, 0.946193972958841 ], [ 102.408210035210843, 0.948714281921801 ] ], [ [ 101.618661921527945, 1.740077415993622 ], [ 101.623595930228745, 1.739534784529603 ], [ 101.628559428646128, 1.739484047700512 ], [ 101.633503498741987, 1.739925705546026 ], [ 101.638379413955093, 1.74085540528238 ], [ 101.64313911942854, 1.742263984201476 ], [ 101.647735705617023, 1.744137559974463 ], [ 101.652123870606545, 1.746457667469819 ], [ 101.656260366589962, 1.749201440737485 ], [ 101.660104426098229, 1.752341838365532 ], [ 101.663618163786381, 1.755847909988313 ], [ 101.666766949814814, 1.759685101319536 ], [ 101.669519751145515, 1.763815594703979 ], [ 101.67184943738998, 1.76819868183152 ], [ 101.673733048194237, 1.77279116494018 ], [ 101.747917655183088, 1.982796347020406 ], [ 101.749331261742157, 1.98753108751807 ], [ 101.750270625256803, 1.992382236585189 ], [ 101.750726571508025, 1.997302415860386 ], [ 101.750694647533024, 2.002243572804249 ], [ 101.750175165114754, 2.007157450000637 ], [ 101.749173197736937, 2.011996056458891 ], [ 101.747698531034231, 2.016712136314026 ], [ 101.745765567221667, 2.021259630347379 ], [ 101.743393184436513, 2.025594125820299 ], [ 101.740604552366477, 2.029673290227633 ], [ 101.737426905964796, 2.033457284734761 ], [ 101.67055776924164, 2.105531803579502 ], [ 101.666914965233772, 2.109078158749409 ], [ 101.662930867787225, 2.112236263175709 ], [ 101.658646667140545, 2.11497346628287 ], [ 101.654106656197911, 2.117261469052013 ], [ 101.649357772599799, 2.119076616594911 ], [ 101.644449113450563, 2.120400142713888 ], [ 101.639431427720069, 2.121218363919206 ], [ 101.634356591567155, 2.121522820898045 ], [ 101.6292770720096, 2.121310365972481 ], [ 101.624245384485349, 2.120583195642269 ], [ 101.619313549913059, 2.119348827875969 ], [ 101.4651402768, 2.072313934498452 ], [ 101.460728352136158, 2.07073849574324 ], [ 101.456483242599788, 2.0687570489145 ], [ 101.452442215305382, 2.066386988806218 ], [ 101.448640745763214, 2.063649121784087 ], [ 101.445112206445643, 2.060567483129863 ], [ 101.44188757381572, 2.057169126039601 ], [ 101.438995156389964, 2.053483884128124 ], [ 101.436460346222574, 2.049544109524649 ], [ 101.434305395992752, 2.045384388858799 ], [ 101.43254922365216, 2.041041239630299 ], [ 101.400033952131636, 1.948353061261015 ], [ 101.398584849758549, 1.943425218754611 ], [ 101.397648961890937, 1.938374709537227 ], [ 101.397236165338867, 1.933254833712346 ], [ 101.397350816514304, 1.928119623437822 ], [ 101.397991705456207, 1.92302327270227 ], [ 101.399152068599648, 1.918019565393589 ], [ 101.400819660154568, 1.913161307695447 ], [ 101.449590227940519, 1.791773459743345 ], [ 101.451751679435816, 1.787103893508999 ], [ 101.454381598772883, 1.782681196858307 ], [ 101.457452133295078, 1.77855220919406 ], [ 101.460930763927578, 1.77476065933865 ], [ 101.464780649576781, 1.77134670241573 ], [ 101.468961017302803, 1.768346494579807 ], [ 101.473427594133028, 1.765791810097665 ], [ 101.478133075943319, 1.763709704837008 ], [ 101.483027628441349, 1.762122229726186 ], [ 101.488059414946008, 1.761046197219684 ], [ 101.618661921527945, 1.740077415993622 ] ], [ [ 100.506665402499877, 7.42433739336505 ], [ 100.505034829025448, 7.42901993208242 ], [ 100.502948493692145, 7.433517947597308 ], [ 100.500426913470477, 7.437787206535444 ], [ 100.49749488551852, 7.44178572510912 ], [ 100.494181243327219, 7.445474181984733 ], [ 100.490518573172665, 7.448816304967817 ], [ 100.486542893663312, 7.451779227702912 ], [ 100.482293301534, 7.454333812880496 ], [ 100.477811587169484, 7.456454938772579 ], [ 100.47314182363894, 7.45812174627915 ], [ 100.468329933282405, 7.459317844056063 ], [ 100.463423236111666, 7.460031469707111 ], [ 100.458469984466376, 7.460255605455141 ], [ 100.453518888501748, 7.459988047154703 ], [ 100.448618637174079, 7.459231425967563 ], [ 100.443817419434765, 7.457993182487921 ], [ 100.439162450341314, 7.456285493571792 ], [ 100.434699506745673, 7.4541251525901 ], [ 100.430472477125676, 7.451533404283086 ], [ 100.426522929986987, 7.448535735840043 ], [ 100.422889705079299, 7.445161626258933 ], [ 100.419608531447267, 7.441444256450638 ], [ 100.416711676071927, 7.437420182938695 ], [ 100.414227626558002, 7.433128978363341 ], [ 100.412180810987508, 7.428612842325143 ], [ 100.410591357694557, 7.423916186395155 ], [ 100.409474897323861, 7.419085197372623 ], [ 100.40884240911933, 7.414167383085128 ], [ 100.408700112954463, 7.409211105197778 ], [ 100.40904940816624, 7.404265103625782 ], [ 100.422290953262134, 7.294548967513162 ], [ 100.423132520318845, 7.289643434465704 ], [ 100.424457628701546, 7.284845874943956 ], [ 100.42625314791681, 7.280203827945244 ], [ 100.428501286172192, 7.275763291493949 ], [ 100.4311797666751, 7.271568266847277 ], [ 100.434262048373384, 7.267660322486986 ], [ 100.437717588950505, 7.264078182217471 ], [ 100.441512147469282, 7.260857341451746 ], [ 100.445608123665167, 7.258029715487548 ], [ 100.449964930527074, 7.255623323258784 ], [ 100.47210336883613, 7.244796850113487 ], [ 100.476523778797912, 7.242892978419898 ], [ 100.481106762660914, 7.241422940812505 ], [ 100.485809854951967, 7.240400358513749 ], [ 100.490589477285056, 7.239834706669628 ], [ 100.495401342154466, 7.239731226553938 ], [ 100.500200863298318, 7.240090877003155 ], [ 100.504943568830441, 7.24091032553194 ], [ 100.50958551331253, 7.242181979211629 ], [ 100.514083684948105, 7.243894055025549 ], [ 100.518396404125667, 7.246030689049281 ], [ 100.522483709617703, 7.248572083444211 ], [ 100.526307728857546, 7.25149468990233 ], [ 100.529833028862811, 7.254771427842524 ], [ 100.533026944553839, 7.258371935336541 ], [ 100.535859881425097, 7.262262850439607 ], [ 100.53830558976496, 7.266408120318894 ], [ 100.540341407882906, 7.27076933531548 ], [ 100.541948472090482, 7.27530608484444 ], [ 100.543111891490398, 7.279976331835309 ], [ 100.543820885954034, 7.284736802243401 ], [ 100.544068886009157, 7.289543386022808 ], [ 100.543853593711873, 7.294351545845707 ], [ 100.543177003939221, 7.299116729780809 ], [ 100.542045385904828, 7.303794784107133 ], [ 100.506665402499877, 7.42433739336505 ] ], [ [ 100.190394773762804, 5.312854447977719 ], [ 100.191029778616041, 5.307832404291371 ], [ 100.192169312126296, 5.302900303589825 ], [ 100.19380169446076, 5.298108698236152 ], [ 100.195910194252917, 5.293506700563655 ], [ 100.198473200093474, 5.289141479491072 ], [ 100.201464442039907, 5.285057777057118 ], [ 100.204853260874586, 5.281297449829739 ], [ 100.208604922351284, 5.277899039890447 ], [ 100.212680973209501, 5.274897379791032 ], [ 100.217039635307358, 5.272323235531691 ], [ 100.221636233833408, 5.270202991219943 ], [ 100.226423655208336, 5.26855837864245 ], [ 100.231352829983223, 5.267406254521565 ], [ 100.236373235784725, 5.266758427739623 ], [ 100.250489262462821, 5.265659575351038 ], [ 100.255520606084275, 5.265522013693191 ], [ 100.260540287576958, 5.26589098463884 ], [ 100.26549744081801, 5.266762749281144 ], [ 100.270341833304357, 5.268128473735427 ], [ 100.275024375175633, 5.2699743186559 ], [ 100.27949761665829, 5.272281579474418 ], [ 100.283716228890057, 5.275026875940163 ], [ 100.287637463252608, 5.278182389039598 ], [ 100.291221584557732, 5.281716142895904 ], [ 100.294432273697325, 5.285592328791305 ], [ 100.297236995677167, 5.289771668028859 ], [ 100.29960732930499, 5.294211809956727 ], [ 100.301519255191948, 5.298867761121587 ], [ 100.332305293403991, 5.386094869576703 ], [ 100.333710238113227, 5.390800035360923 ], [ 100.334646875922203, 5.395620322106312 ], [ 100.335106172976225, 5.400509238234571 ], [ 100.335083699363551, 5.405419630238242 ], [ 100.334579671841738, 5.410304137475441 ], [ 100.333598951747121, 5.415115648962385 ], [ 100.332150998107224, 5.419807757757981 ], [ 100.330249776408678, 5.42433520855793 ], [ 100.327913623900301, 5.428654334181316 ], [ 100.325165072730698, 5.432723476739778 ], [ 100.322030632626095, 5.43650338942708 ], [ 100.318540535204491, 5.439957615053859 ], [ 100.308381198139273, 5.449069682834462 ], [ 100.304651183644708, 5.452104571964678 ], [ 100.300646879847392, 5.454767110464137 ], [ 100.296405324251225, 5.45703267138517 ], [ 100.291965748802596, 5.458880299594072 ], [ 100.287369217017527, 5.460292905594026 ], [ 100.282658244167692, 5.461257423593101 ], [ 100.277876404038764, 5.461764932355305 ], [ 100.273067925897905, 5.46181073771688 ], [ 100.231277332131157, 5.460197662717389 ], [ 100.226276260567857, 5.459752348433149 ], [ 100.221345064230874, 5.458807719257665 ], [ 100.216533467374191, 5.457373300461851 ], [ 100.211889988257425, 5.455463556163465 ], [ 100.207461449906717, 5.45309774347661 ], [ 100.203292507969621, 5.450299718330528 ], [ 100.199425200425054, 5.44709769491575 ], [ 100.195898523688783, 5.443523961183238 ], [ 100.192748039388817, 5.439614553265323 ], [ 100.190005515775837, 5.435408892101454 ], [ 100.187698607384647, 5.430949385932868 ], [ 100.18585057617662, 5.426281002674482 ], [ 100.184480056975204, 5.421450816476045 ], [ 100.183600869559655, 5.416507533044826 ], [ 100.183221879311802, 5.411500998516327 ], [ 100.183346907820976, 5.406481696825363 ], [ 100.190394773762804, 5.312854447977719 ] ], [ [ 99.824296803788485, 6.323427212661964 ], [ 99.825352580746582, 6.324039873534917 ], [ 99.826562802231521, 6.324199191731712 ], [ 99.843420758217817, 6.325576625467944 ], [ 99.848232087959317, 6.326205985230342 ], [ 99.852959756035347, 6.327298753346153 ], [ 99.857559237291426, 6.328844638130685 ], [ 99.861987213835903, 6.33082908044871 ], [ 99.866201983007656, 6.333233390832327 ], [ 99.870163850131561, 6.336034925498276 ], [ 99.873835502362709, 6.339207299606977 ], [ 99.877182360098601, 6.342720635754818 ], [ 99.88017290264969, 6.346541845359399 ], [ 99.882778965101068, 6.350634940287628 ], [ 99.88497600356952, 6.354961371791785 ], [ 99.886743326357646, 6.359480393561438 ], [ 99.88806428882819, 6.364149445471988 ], [ 99.888926450163169, 6.368924554415717 ], [ 99.889321690531403, 6.37376074844029 ], [ 99.889246287561079, 6.37861248029439 ], [ 99.888700951396999, 6.383434056391491 ], [ 99.887690818012416, 6.388180067151843 ], [ 99.886225400838569, 6.392805814669662 ], [ 99.884318501167115, 6.397267733677779 ], [ 99.867057261967545, 6.432781494071801 ], [ 99.864726732518065, 6.437037736059173 ], [ 99.861994594959285, 6.441048021302128 ], [ 99.858886582708422, 6.444774577784778 ], [ 99.855431969465698, 6.448182305871527 ], [ 99.85166329349174, 6.451239108903003 ], [ 99.847616051136569, 6.4539161955076 ], [ 99.843328362507208, 6.456188350781231 ], [ 99.838840612422459, 6.458034173781097 ], [ 99.834195070037083, 6.459436279096572 ], [ 99.829435490717643, 6.460381460598654 ], [ 99.824606703920082, 6.460860815825661 ], [ 99.819754190950746, 6.460869829833602 ], [ 99.814923656587681, 6.460408417721473 ], [ 99.712534479171552, 6.445585109198477 ], [ 99.707697376995824, 6.444639369371765 ], [ 99.702976887240325, 6.443221992306044 ], [ 99.698418877924553, 6.441346750360173 ], [ 99.694067638279293, 6.439031864871049 ], [ 99.689965448397345, 6.436299829100657 ], [ 99.686152168406636, 6.433177189673711 ], [ 99.682664851157625, 6.429694288629611 ], [ 99.679537382188443, 6.425884968595139 ], [ 99.676800150466136, 6.421786243942679 ], [ 99.674479753103427, 6.417437941129242 ], [ 99.672598736920023, 6.412882311711039 ], [ 99.67117537935988, 6.408163621793888 ], [ 99.670223510893081, 6.403327721908637 ], [ 99.669752380628026, 6.398421601491077 ], [ 99.669766566439748, 6.393492932295342 ], [ 99.670265930487645, 6.388589605177364 ], [ 99.671245620554885, 6.383759264749361 ], [ 99.672696117196352, 6.379048846427033 ], [ 99.674603326237147, 6.374504120367858 ], [ 99.704166918747987, 6.312774129771626 ], [ 99.706547263772734, 6.308381717592143 ], [ 99.709354062150084, 6.30424877553348 ], [ 99.712559291560396, 6.30041656577688 ], [ 99.716130951855845, 6.296923348073213 ], [ 99.720033384541267, 6.293803997767929 ], [ 99.724227628778962, 6.291089657614983 ], [ 99.728671810363224, 6.28880742685597 ], [ 99.73332155978116, 6.286980090668587 ], [ 99.738130455185939, 6.285625892685549 ], [ 99.74305048586001, 6.284758352855072 ], [ 99.748032531541241, 6.284386132461348 ], [ 99.753026852826309, 6.284512947652615 ], [ 99.757983587755618, 6.285137532340134 ], [ 99.7628532496216, 6.286253650838471 ], [ 99.767587221030723, 6.287850160120917 ], [ 99.772138239286463, 6.289911121068451 ], [ 99.776460868247341, 6.292415957601625 ], [ 99.824296803788485, 6.323427212661964 ] ] ], [ [ [ 40.171989940391626, -2.877600816088576 ], [ 40.171961650914575, -2.876389703829926 ], [ 40.174945380862368, -2.763860372014255 ], [ 40.175037000387917, -2.762654252349089 ], [ 40.175875669870067, -2.761782614646968 ], [ 40.388944097314827, -2.561143178720546 ], [ 40.389846413108025, -2.560372074481856 ], [ 40.391023535668936, -2.560219896907307 ], [ 40.633335889161351, -2.540707853191545 ], [ 40.638049834075701, -2.54010164707302 ], [ 40.642684924583783, -2.539050600691736 ], [ 40.647199280302104, -2.537564210782532 ], [ 40.651552111746973, -2.535655907628874 ], [ 40.655704088888079, -2.533342933713458 ], [ 40.659617696515191, -2.530646187923673 ], [ 40.663257573206998, -2.527590036719606 ], [ 40.799391296532093, -2.401784557794817 ], [ 40.802756469959931, -2.398360896890173 ], [ 40.805777798583144, -2.39463029110291 ], [ 40.808427430771843, -2.390627130419893 ], [ 40.81068094131966, -2.386388317331272 ], [ 40.812517556603623, -2.381952926650832 ], [ 40.813920346082391, -2.377361845311138 ], [ 40.814876378367728, -2.37265739545395 ], [ 40.815376840430446, -2.367882944290392 ], [ 40.81541711884185, -2.363082504327328 ], [ 40.814996842301916, -2.358300327645168 ], [ 40.814119885062034, -2.35358049796722 ], [ 40.812794331210881, -2.348966524281003 ], [ 40.811032400152513, -2.344500939757675 ], [ 40.808850333963811, -2.340224909666864 ], [ 40.774529300318768, -2.280265246459993 ], [ 40.774011908766987, -2.279252087303889 ], [ 40.775001669118133, -2.278691230868775 ], [ 40.882022795690268, -2.224622435630081 ], [ 40.882043896784573, -2.224613078997465 ], [ 40.886478493489378, -2.222376868303006 ], [ 40.890669363758668, -2.219711743054495 ], [ 40.894575158310246, -2.216643998748794 ], [ 40.898157340565596, -2.213203903329521 ], [ 40.90138056687163, -2.209425398547947 ], [ 40.904213035219314, -2.205345765076221 ], [ 40.906626799018682, -2.20100525467707 ], [ 40.908598042834257, -2.196446693059207 ], [ 40.910107317360371, -2.191715057336848 ], [ 40.911139731318059, -2.186857032262373 ], [ 40.911685098380069, -2.181920549610529 ], [ 40.911738037674375, -2.17695431525889 ], [ 40.911298026874661, -2.172007328630607 ], [ 40.910369407353862, -2.167128399240888 ], [ 40.861299710457274, -1.964656350189914 ], [ 40.861113549573844, -1.963683781757312 ], [ 40.861754426226703, -1.964438647537651 ], [ 40.876127009123529, -1.983139653074368 ], [ 40.879241470417583, -1.986811615038026 ], [ 40.88269468289414, -1.990166983483737 ], [ 40.88645462398317, -1.993174643175548 ], [ 40.890486426737553, -1.995806703274494 ], [ 40.894752703163668, -1.998038755977869 ], [ 40.899213890930355, -1.999850102859359 ], [ 40.903828620241043, -2.001223946811127 ], [ 40.908554097467039, -2.002147547807922 ], [ 40.9133465019844, -2.002612341048765 ], [ 40.918161392534344, -2.002614016380662 ], [ 40.922954119339074, -2.002152558267807 ], [ 40.927680238151169, -2.001232245935657 ], [ 40.93229592239706, -1.999861613688514 ], [ 40.936758369592702, -1.998053371768628 ], [ 40.941026198262499, -1.99582428849069 ], [ 40.945059831680901, -1.993195034744732 ], [ 40.948821864878063, -1.990189992309392 ], [ 40.952277411506167, -1.986837027753109 ], [ 40.955394427349979, -1.983167234019925 ], [ 40.958144007481472, -1.979214642096232 ], [ 40.96050065430299, -1.975015905432265 ], [ 40.962442513993381, -1.970609960044776 ], [ 40.963951579164359, -1.966037663452859 ], [ 40.965013855847864, -1.961341415795166 ], [ 40.970512740889092, -1.930110568521531 ], [ 40.970762194962965, -1.928998394017143 ], [ 40.971633112890046, -1.92826309718749 ], [ 41.005132823220869, -1.902541481344177 ], [ 41.006063415950116, -1.901897522671029 ], [ 41.006174199782379, -1.903023760897618 ], [ 41.008955434009465, -1.960237726325206 ], [ 41.009429610096305, -1.965092242807706 ], [ 41.010374535965298, -1.969877458408105 ], [ 41.011781219258431, -1.974547834769067 ], [ 41.013636273317331, -1.97905892639735 ], [ 41.015922044576996, -1.983367803627984 ], [ 41.018616780565431, -1.987433461163101 ], [ 41.021694836910328, -1.991217208297601 ], [ 41.025126921382991, -1.994683037118054 ], [ 41.028880372656921, -1.997797965170904 ], [ 41.032919471128309, -2.000532349338978 ], [ 41.037205778840573, -2.002860167939296 ], [ 41.041698505277978, -2.004759268357621 ], [ 41.046354895547317, -2.006211577863133 ], [ 41.051130637253564, -2.007203275597013 ], [ 41.05598028219741, -2.007724924098226 ], [ 41.060857678881653, -2.007771559114827 ], [ 41.06571641171049, -2.007342736846113 ], [ 41.070510242702149, -2.006442538166036 ], [ 41.075193551511184, -2.005079529787697 ], [ 41.079721769573105, -2.003266682738478 ], [ 41.08405180423977, -2.001021248921661 ], [ 41.217916202246847, -1.923092290767423 ], [ 41.219009840149226, -1.922527347161969 ], [ 41.220174702106185, -1.922925218699139 ], [ 41.270943037992147, -1.943173861245411 ], [ 41.275760874180605, -1.944816480584022 ], [ 41.280720751765244, -1.945960752481671 ], [ 41.285771267083007, -1.946594817821664 ], [ 41.290860077110658, -1.946712105215788 ], [ 41.295934441942514, -1.946311399109508 ], [ 41.30094177138141, -1.945396852379851 ], [ 41.305830169978137, -1.94397794329541 ], [ 41.310548974870535, -1.942069377284545 ], [ 41.315049280848228, -1.939690934529826 ], [ 41.319284447201206, -1.936867264968248 ], [ 41.323210581099346, -1.933627632821812 ], [ 41.32678699249324, -1.930005613306126 ], [ 41.646944614910751, -1.570911921018819 ], [ 41.650158527504843, -1.566911448833503 ], [ 41.652945480567766, -1.562602631769269 ], [ 41.655276118552273, -1.55803085547847 ], [ 41.828608667865055, -1.170005024489404 ], [ 41.829138692902895, -1.168960251940984 ], [ 41.829428820762317, -1.169110755392835 ], [ 41.833825038183463, -1.171127733456097 ], [ 41.838395573012484, -1.172710496703817 ], [ 41.843097654315862, -1.173844233683029 ], [ 41.847887280151959, -1.174518334915677 ], [ 41.852719629339902, -1.174726492181809 ], [ 41.857549480894924, -1.174466757551711 ], [ 41.862331637205045, -1.173741561614586 ], [ 41.867021346988999, -1.172557690733162 ], [ 41.871574724077476, -1.17092622353711 ], [ 41.875949158098585, -1.168862427249543 ], [ 41.880103713224543, -1.166385614816784 ], [ 41.883999511247914, -1.163518964178367 ], [ 41.88760009540281, -1.160289301368546 ], [ 41.890871771526236, -1.156726849479037 ], [ 41.893783923367081, -1.152864945832199 ], [ 41.896309299092167, -1.148739730011323 ], [ 41.898424266308055, -1.144389805667455 ], [ 41.900109033212338, -1.13985587926754 ], [ 41.901347833804785, -1.13518037916447 ], [ 41.952553253807245, -0.895665169961883 ], [ 41.952806229307605, -0.894713245807944 ], [ 41.953029609308501, -0.895672546372867 ], [ 41.954016181918753, -0.901104993010883 ], [ 41.955104115017278, -0.905797180486856 ], [ 41.956638488927076, -0.910362913554117 ], [ 41.958605064522168, -0.914759821804847 ], [ 41.960985591806612, -0.918947101540495 ], [ 41.963757979276068, -0.922885894433727 ], [ 41.966896498928911, -0.926539648137144 ], [ 41.97037202502441, -0.929874455492308 ], [ 41.974152304372133, -0.932859369191186 ], [ 41.97820225564444, -0.935466688969904 ], [ 41.982484294934316, -0.937672218669663 ], [ 41.986958684537356, -0.939455490779229 ], [ 41.991583901721192, -0.940799956375259 ], [ 41.996317024060119, -0.941693138697775 ], [ 42.001114127759038, -0.942126748935604 ], [ 42.005930695270145, -0.942096763147279 ], [ 42.010722028419735, -0.941603459603576 ], [ 42.015443663211208, -0.940651416205134 ], [ 42.020051782454914, -0.939249467999131 ], [ 42.024503622395564, -0.937410625189265 ], [ 42.028757869563648, -0.935151952399906 ], [ 42.032775044168119, -0.932494410314872 ], [ 42.036517866472352, -0.929462661160421 ], [ 42.039951602753383, -0.926084839837607 ], [ 43.466679331282684, 0.619530396993915 ], [ 43.468670553814484, 0.62146060177385 ], [ 44.549232303349221, 1.558350939511256 ], [ 44.550087571038908, 1.559029254347048 ], [ 44.550998883248205, 1.559630173554866 ], [ 46.041743452492504, 2.451549405661121 ], [ 46.045524755024879, 2.454051341588895 ], [ 46.049063863900763, 2.456885532936116 ], [ 46.052331676415989, 2.46002867365733 ], [ 47.945270888869921, 4.453700972949111 ], [ 47.948324717298881, 4.457234041951891 ], [ 47.95103560069785, 4.461036614219331 ], [ 49.032522617851861, 6.138615970974193 ], [ 49.034754389796049, 6.142439597742687 ], [ 49.036639178395376, 6.146445655606903 ], [ 49.038162206207836, 6.150602735586658 ], [ 49.246996275942919, 6.809576830827198 ], [ 49.247368126556282, 6.810594185522683 ], [ 49.247910591246637, 6.811531743795455 ], [ 49.739535249085769, 7.581824235934617 ], [ 49.742306163075064, 7.586761625789064 ], [ 49.744501120555803, 7.591980624214873 ], [ 49.746091977095787, 7.597414311579824 ], [ 49.823928900899034, 7.932611430274571 ], [ 49.824291794562619, 7.933867330112008 ], [ 49.825240889807425, 7.9347663264575 ], [ 50.082988787268235, 8.154154670677816 ], [ 50.086788219423148, 8.157747756406271 ], [ 50.090191596914082, 8.161718017280075 ], [ 50.093161692305088, 8.166022025077483 ], [ 50.09566601756444, 8.170612700926114 ], [ 50.439203150419694, 8.887116967953714 ], [ 50.439754651084115, 8.888141598069735 ], [ 50.440399288382906, 8.889110340868861 ], [ 50.822338283994775, 9.40874630095192 ], [ 50.825231971966964, 9.413152409750301 ], [ 50.827645700649576, 9.417838681047431 ], [ 50.829552641713981, 9.422753027453664 ], [ 50.830931599720145, 9.42784082654962 ], [ 50.83176724770162, 9.433045528008362 ], [ 50.92726010524148, 10.3266405063183 ], [ 50.927441338907883, 10.327801274176437 ], [ 50.928544692808295, 10.328204805876126 ], [ 50.992685914052373, 10.348200596235069 ], [ 50.997257842336865, 10.349874162751306 ], [ 51.001645331044912, 10.351984446135026 ], [ 51.005806780898837, 10.354511438069336 ], [ 51.009702735772485, 10.357431179281374 ], [ 51.013296256788216, 10.36071598670835 ], [ 51.016553272546993, 10.364334715970108 ], [ 51.019442902170944, 10.368253056659633 ], [ 51.021937748095532, 10.372433857651716 ], [ 51.024014155835168, 10.376837479345456 ], [ 51.025652438259513, 10.381422169500841 ], [ 51.02683706225384, 10.386144459105989 ], [ 51.027556795993796, 10.390959574521675 ], [ 51.027804815438188, 10.39582186199549 ], [ 51.027578769030029, 10.400685220520643 ], [ 51.026880799992455, 10.405503538935339 ], [ 51.025717526008094, 10.410231133118442 ], [ 51.024099976474552, 10.414823179136215 ], [ 51.022043487930944, 10.419236138233332 ], [ 51.019567558646933, 10.423428169638674 ], [ 51.016695663752962, 10.42735952727196 ], [ 51.013455032664552, 10.430992936589899 ], [ 51.010382931859304, 10.433826704400628 ], [ 51.010182427971237, 10.434030805027032 ], [ 51.010928562799947, 10.434930414828647 ], [ 51.14524585493772, 10.581626679487419 ], [ 51.148286693671913, 10.585282619649497 ], [ 51.150966473798213, 10.58921089880846 ], [ 51.153260956599617, 10.593375985524261 ], [ 51.155149388388608, 10.597740206423161 ], [ 51.156614688225126, 10.60226408695487 ], [ 51.157643602414311, 10.606906708441418 ], [ 51.158226824386716, 10.611626078188214 ], [ 51.158359078876572, 10.616379509309624 ], [ 51.158039169636801, 10.621124006833533 ], [ 51.115222985934771, 10.992133881704092 ], [ 51.11514335240755, 10.99334247798458 ], [ 51.115643011436113, 10.994445830749104 ], [ 51.166039378379047, 11.092603544866408 ], [ 51.168094670037043, 11.097152137417972 ], [ 51.169686211138185, 11.101882984585542 ], [ 51.170798141072687, 11.106748940793761 ], [ 51.171419378828055, 11.111701514029045 ], [ 51.171543733417707, 11.116691349090004 ], [ 51.171169965577604, 11.121668719440024 ], [ 51.170301800116285, 11.126584022760401 ], [ 51.168947888794989, 11.131388275265591 ], [ 51.167121724107979, 11.136033599854407 ], [ 51.164841504822157, 11.140473703232495 ], [ 51.162129954616042, 11.144664337251266 ], [ 51.159014095625437, 11.148563739865796 ], [ 51.155524979152489, 11.152133051317291 ], [ 51.151697376221883, 11.155336701392622 ], [ 51.147569431067843, 11.158142763901683 ], [ 51.143182281005188, 11.160523274839971 ], [ 51.087068621898915, 11.187436924211253 ], [ 51.086006979779697, 11.188012657724929 ], [ 51.085910581556419, 11.189216510062495 ], [ 51.0813506280209, 11.340134968163868 ], [ 51.081383459628618, 11.34148403655305 ], [ 51.081848159668873, 11.342750968795013 ], [ 51.270851281150783, 11.782300367644361 ], [ 51.272568276676367, 11.786904768444158 ], [ 51.273824994723249, 11.791655477876516 ], [ 51.274609296108736, 11.796506606786036 ], [ 51.274913604926802, 11.801411296022195 ], [ 51.274734981727079, 11.80632216907213 ], [ 51.274075151908242, 11.811191789690847 ], [ 51.272940489051649, 11.81597312010841 ], [ 51.271341953356171, 11.820619975388095 ], [ 51.269294985768887, 11.825087469546645 ], [ 51.266819358834312, 11.829332449127378 ], [ 51.263938985702829, 11.833313910038086 ], [ 51.260681689143254, 11.836993393627266 ], [ 51.257078932790677, 11.840335358172862 ], [ 51.253165517225618, 11.843307522195119 ], [ 51.24897924382018, 11.845881176277343 ], [ 51.244560549598255, 11.848031460382566 ], [ 51.239952116636843, 11.849737603987382 ], [ 50.812702717833524, 11.984440185355016 ], [ 50.807839445093833, 11.985708610725553 ], [ 50.802873401830198, 11.986482392972007 ], [ 50.79785476558866, 11.986753713698072 ], [ 50.792834245321558, 11.986519831443895 ], [ 50.787862569017648, 11.985783109386146 ], [ 50.782989971139948, 11.984550991460171 ], [ 50.59751937983954, 11.927593375353077 ], [ 50.593086453710434, 11.925999905692732 ], [ 50.5888231589661, 11.923996334494234 ], [ 50.584767336575943, 11.921600445439209 ], [ 50.58095498598643, 11.918833504419384 ], [ 50.577419945590336, 11.915720070780701 ], [ 50.574193592377398, 11.912287779334761 ], [ 50.571304563432442, 11.908567095072463 ], [ 50.568778501752831, 11.904591042756996 ], [ 50.566637828641447, 11.900394913796308 ], [ 50.501367815747138, 11.756030090837928 ], [ 50.500769487696545, 11.754873374205069 ], [ 50.499749881496733, 11.754063193347251 ], [ 50.269425969522679, 11.59008740122874 ], [ 50.268292027814837, 11.589369416672792 ], [ 50.266988058755885, 11.589051626942256 ], [ 49.583198338984033, 11.461218277441294 ], [ 49.579017643861498, 11.460249342268494 ], [ 49.574935435208616, 11.458925476870856 ], [ 49.57098178591697, 11.45725643392492 ], [ 49.240675185051209, 11.300791218594792 ], [ 49.239577021171343, 11.300333977566345 ], [ 49.238411930913934, 11.300093981821924 ], [ 48.90546489607808, 11.24796754158645 ], [ 48.904064552290663, 11.24782906031958 ], [ 48.902668952369652, 11.248009173186066 ], [ 48.537764922529242, 11.31632666877163 ], [ 48.532634551967895, 11.317014584348781 ], [ 48.527460552491149, 11.317168400318792 ], [ 48.522298376810795, 11.316786468147928 ], [ 48.517203350916226, 11.315872881221726 ], [ 48.512230081114197, 11.314437430973816 ], [ 48.507431868781758, 11.312495501945554 ], [ 48.131379506457854, 11.137129437975927 ], [ 48.130369128293957, 11.136711371035377 ], [ 48.129284637403828, 11.136571644480773 ], [ 47.711554061123806, 11.101355985060872 ], [ 47.71046427882559, 11.101312167365917 ], [ 47.709400699339618, 11.101553712651429 ], [ 47.426098051023281, 11.179117464997768 ], [ 47.421266754982987, 11.180186347094658 ], [ 47.416353467118263, 11.180772463742086 ], [ 47.411406306068287, 11.18087007476438 ], [ 47.406473722211729, 11.180478224200948 ], [ 47.401604023164452, 11.179600749668557 ], [ 47.396844900675411, 11.178246244777345 ], [ 47.392242963554054, 11.176427974968686 ], [ 47.387843281203587, 11.174163747599133 ], [ 46.867356729833247, 10.872834947741351 ], [ 46.866334328866486, 10.872309293798407 ], [ 46.866276992757513, 10.873457478615952 ], [ 46.866276992757513, 11.135427929801619 ], [ 46.866345247578032, 11.136730180588437 ], [ 46.866549264077989, 11.138018160828905 ], [ 47.002537134197489, 11.777725761890766 ], [ 47.003323314220594, 11.782593212127482 ], [ 47.003626273157288, 11.787514428107128 ], [ 47.003443065016604, 11.792441555628599 ], [ 47.002775471325542, 11.797326683006601 ], [ 47.001629983805437, 11.802122306967769 ], [ 47.000017741246047, 11.806781794575366 ], [ 46.997954421191302, 11.811259836690768 ], [ 46.995460087489889, 11.815512888562266 ], [ 46.992558995193221, 11.819499593256856 ], [ 46.989279354697828, 11.823181183817553 ], [ 46.985653057425758, 11.826521860235619 ], [ 46.981715365710478, 11.829489137572009 ], [ 46.9775045699038, 11.832054161842875 ], [ 46.973061616038208, 11.834191990597445 ], [ 46.968429707665152, 11.835881835459928 ], [ 46.963653885741117, 11.837107264276925 ], [ 46.958780590646633, 11.837856360904686 ], [ 46.953857210597228, 11.838121841082405 ], [ 46.948931620837548, 11.837901123264816 ], [ 46.74531819146285, 11.818683153879791 ], [ 46.740465218235123, 11.817983632766214 ], [ 46.735704093108502, 11.816812152307113 ], [ 46.731080600355213, 11.815179977776722 ], [ 46.726639200737196, 11.813102804608585 ], [ 46.722422603959345, 11.810600607463996 ], [ 46.718471357961398, 11.807697448150231 ], [ 46.35264142791678, 11.510217135691613 ], [ 46.351752646488308, 11.509557828191436 ], [ 46.350761213107631, 11.509066219954169 ], [ 45.802391317537278, 11.266904560235746 ], [ 45.801402542706278, 11.266517421830612 ], [ 45.800362385248683, 11.266303823435443 ], [ 44.218387265144514, 11.011210280687356 ], [ 44.217344007371459, 11.011086869729901 ], [ 44.21629406472978, 11.011051691685392 ], [ 43.646096877033997, 11.015975476632175 ], [ 43.644938887038187, 11.016040505019113 ], [ 43.644227439745791, 11.016956481149608 ], [ 43.488874802757628, 11.237858022085867 ], [ 43.488195451429497, 11.238939021527942 ], [ 43.488140987332493, 11.240214604407599 ], [ 43.489107644588508, 11.345640607755948 ], [ 43.488927606712402, 11.350362933871747 ], [ 43.488302540357374, 11.355047170163031 ], [ 43.487238029310561, 11.359651471826911 ], [ 43.485743582967352, 11.364134708125395 ], [ 43.483832551382861, 11.368456829810846 ], [ 43.481522006014409, 11.372579226890354 ], [ 43.478832587220332, 11.376465073533085 ], [ 43.475788319877317, 11.380079657039527 ], [ 43.472416398763556, 11.383390687933883 ], [ 43.468746945624758, 11.386368588409537 ], [ 43.464812740093222, 11.388986756550903 ], [ 43.460648926863804, 11.39122180397127 ], [ 43.456292701742392, 11.39305376474387 ], [ 43.268040770071956, 11.461944055991665 ], [ 43.266971231775436, 11.462393461526325 ], [ 43.266220982059032, 11.463278336017602 ], [ 43.170363645178853, 11.587743733466782 ], [ 43.16715086980102, 11.591513298071446 ], [ 43.163580907585057, 11.594946505422262 ], [ 43.159688789203514, 11.598009666769821 ], [ 43.155512706524064, 11.600672724484468 ], [ 43.151093637847339, 11.602909547000339 ], [ 43.146474945802531, 11.604698185234396 ], [ 43.141701951846521, 11.606021087964384 ], [ 43.136821491541781, 11.606865274052256 ], [ 43.131881454976913, 11.607222459823104 ], [ 43.126930316839562, 11.6070891403497 ], [ 43.122016660752848, 11.606466623844998 ], [ 42.539977055756296, 11.503215238714654 ], [ 42.538797277493444, 11.503066234446834 ], [ 42.538562952866855, 11.504232069336824 ], [ 42.527042928131344, 11.581282101038045 ], [ 42.526929654679947, 11.582404447085521 ], [ 42.528056266014168, 11.582347539908779 ], [ 42.638127272561569, 11.571492786356211 ], [ 42.643031850959538, 11.571251418002673 ], [ 42.647936452649105, 11.57149231260745 ], [ 42.652793771475814, 11.572213146679646 ], [ 42.657556957340674, 11.573406967587809 ], [ 42.662180068081497, 11.575062260619871 ], [ 42.66661851259699, 11.577163060045521 ], [ 42.67082948093946, 11.579689103109818 ], [ 42.674772357227845, 11.582616025472714 ], [ 42.678409111398437, 11.585915596209427 ], [ 42.68170466601471, 11.589555990105024 ], [ 42.684627234598246, 11.593502094616877 ], [ 42.776466559501202, 11.731158430651554 ], [ 42.777233081393597, 11.732186679420762 ], [ 42.778457071901684, 11.732569691925884 ], [ 43.047421106328365, 11.801540878689725 ], [ 43.052679247665438, 11.803203191387247 ], [ 43.057722345217741, 11.805434446841678 ], [ 43.062489052056009, 11.808207502871227 ], [ 43.372039537610668, 12.011932525632233 ], [ 43.375873368785385, 12.014725002116837 ], [ 43.379425353639988, 12.017868183623841 ], [ 43.382663529729136, 12.021333786314424 ], [ 43.385558758407683, 12.025090625050947 ], [ 43.388084987034013, 12.029104894015626 ], [ 43.390219483404124, 12.033340470911316 ], [ 43.391943040306728, 12.037759242007084 ], [ 43.393240148358885, 12.042321445103651 ], [ 43.394099135566798, 12.046986027332526 ], [ 43.394512272355925, 12.051711014569205 ], [ 43.394475841125384, 12.056453889136252 ], [ 43.393990169700679, 12.061171972397549 ], [ 43.331285902872693, 12.475990467723065 ], [ 43.330279537631235, 12.480940739581939 ], [ 43.328778817983142, 12.485764203380272 ], [ 43.326799062051499, 12.490411625130781 ], [ 43.324360477571318, 12.494835567739928 ], [ 43.321487955625514, 12.498990875207113 ], [ 43.061998187737558, 12.836538826981959 ], [ 43.058886682637443, 12.840206726065521 ], [ 43.055437139720944, 12.843558680919401 ], [ 43.051681480986005, 12.846563672623537 ], [ 43.047654461219963, 12.849193893047598 ], [ 43.043393346379446, 12.851425002186826 ], [ 43.038937568731995, 12.853236353403945 ], [ 43.034328361950713, 12.854611184492702 ], [ 43.029608379538679, 12.855536772794977 ], [ 43.024821300114347, 12.856004552935996 ], [ 43.020011423210505, 12.856010196088121 ], [ 43.015223259327364, 12.855553650029742 ], [ 43.010501118033282, 12.854639139628528 ], [ 43.005888697924952, 12.85327512774459 ], [ 43.001428682241524, 12.851474236915355 ], [ 42.997162343874791, 12.849253132546862 ], [ 42.993129163430694, 12.846632368692452 ], [ 42.98936646387665, 12.84363619784598 ], [ 42.928946671895098, 12.790581127562792 ], [ 42.927977281030053, 12.789813713943804 ], [ 42.926815689339371, 12.790237207811336 ], [ 42.782403398107313, 12.851390166193491 ], [ 42.781310647767512, 12.851918290402109 ], [ 42.780921376542494, 12.853067849621238 ], [ 42.733232189599185, 13.020884063873689 ], [ 42.731629785297855, 13.025611384601733 ], [ 42.729564023926521, 13.03015537962456 ], [ 42.727055493078538, 13.034470763013719 ], [ 42.724129193034031, 13.038514527208159 ], [ 42.720814287604519, 13.042246371632052 ], [ 42.549984423309461, 13.216235807166658 ], [ 42.546484907550891, 13.219475441867502 ], [ 42.542692674376575, 13.222366948583909 ], [ 42.538642220735923, 13.224884024038543 ], [ 42.534370392542115, 13.227003771056939 ], [ 42.529916049494517, 13.228706906857081 ], [ 42.525319711582192, 13.229977938459813 ], [ 42.520623190484208, 13.230805303624397 ], [ 42.515869209219751, 13.231181476027185 ], [ 42.511101013508075, 13.231103033726605 ], [ 42.380636777527691, 13.222721445478603 ], [ 42.379449728683319, 13.222703876719232 ], [ 42.379096266793105, 13.223837216170763 ], [ 42.301089747803807, 13.525606620714282 ], [ 42.299604466511646, 13.530361086938628 ], [ 42.2976534973158, 13.534944178558062 ], [ 42.295256202422429, 13.539310411120525 ], [ 42.292436373554182, 13.543416452370815 ], [ 42.289221995831504, 13.547221552297392 ], [ 42.285644970037005, 13.550687947551936 ], [ 42.281740796019193, 13.553781236228081 ], [ 42.277548220377696, 13.556470719279815 ], [ 42.273108851926281, 13.558729705191221 ], [ 42.268466748750271, 13.560535774873843 ], [ 42.263667980956221, 13.561871004162796 ], [ 42.258760173453652, 13.562722141703398 ], [ 42.253792033306176, 13.563080740462976 ], [ 42.248812866342952, 13.562943241562623 ], [ 42.24387208782769, 13.562311009596952 ], [ 42.239018732041657, 13.561190319091311 ], [ 42.234300965647634, 13.559592292230855 ], [ 42.22976560966454, 13.557532788479493 ], [ 42.225457674796694, 13.555032247184158 ], [ 42.223888565890945, 13.554013717315756 ], [ 42.222911442865772, 13.554686957554772 ], [ 42.107688535045732, 13.642723335906037 ], [ 42.10667167054747, 13.643590797983119 ], [ 42.105863682267383, 13.644655532129464 ], [ 41.979394012056581, 13.831390030089567 ], [ 41.976555059635764, 13.835181685998322 ], [ 41.973370050957676, 13.838687684443642 ], [ 41.969867569953266, 13.84187656076482 ], [ 41.96607904971588, 13.844719696320674 ], [ 41.962038490404304, 13.847191575328177 ], [ 41.957782154107598, 13.849270013854424 ], [ 41.953348239410133, 13.85093635890682 ], [ 41.677769099607715, 13.939851360313536 ], [ 41.67656576208887, 13.940310370302587 ], [ 41.675752630423709, 13.941309133662715 ], [ 41.179881110537899, 14.619991160758509 ], [ 41.176754111042165, 14.623852497392777 ], [ 41.173259308416526, 14.627384409206133 ], [ 41.169431214600813, 14.630552017797417 ], [ 41.165307632858195, 14.633324042339414 ], [ 41.160929284459712, 14.635673108483862 ], [ 41.156339406552824, 14.637576018689128 ], [ 41.151583325185108, 14.639013981300995 ], [ 41.146708007699651, 14.639972796124361 ], [ 40.767666952786897, 14.695121424179924 ], [ 40.766492892879675, 14.695351709656158 ], [ 40.7660346798829, 14.69645691955297 ], [ 40.70183897561639, 14.875754650215102 ], [ 40.699866218013206, 14.880485208429638 ], [ 40.69741954045346, 14.884988953815499 ], [ 40.694524652579524, 14.889218561099792 ], [ 40.691211973819421, 14.893129585647706 ], [ 40.687516313740055, 14.896680930485909 ], [ 40.683476506268924, 14.899835278148776 ], [ 40.679135001627927, 14.902559482809638 ], [ 40.674537420267228, 14.904824918576494 ], [ 40.515281820324127, 14.973390160664602 ], [ 40.514213114115186, 14.973913423758702 ], [ 40.513932830939524, 14.975069874608421 ], [ 40.482474665851299, 15.139512047763336 ], [ 40.482283910858698, 15.140973936426724 ], [ 40.482267370475412, 15.142448125134775 ], [ 40.504723387727253, 15.60946614026629 ], [ 40.504847586385317, 15.610719732885704 ], [ 40.505221753753645, 15.611922612157597 ], [ 40.72468534238029, 16.208921436592714 ], [ 40.726364103506974, 16.21445830051066 ], [ 40.727391998465833, 16.220152028017299 ], [ 40.801823161213015, 16.833728009015299 ], [ 40.802041767864687, 16.834984821344346 ], [ 40.802632205636087, 16.836115639338917 ], [ 41.055717816803131, 17.265407656108625 ], [ 41.057879278195792, 17.269494939014901 ], [ 41.05965394206072, 17.273764407960144 ], [ 41.061026633036441, 17.27817955420835 ], [ 41.223323043168953, 17.900325755026095 ], [ 41.223740211089854, 17.9016269880922 ], [ 41.224431591108839, 17.902805644206602 ], [ 41.473504022764608, 18.27839934000572 ], [ 41.474176728522785, 18.279313991756773 ], [ 41.474874042590308, 18.278417959417038 ], [ 41.782946965120331, 17.840194099396307 ], [ 41.78625633656641, 17.835985096689296 ], [ 41.789996805425524, 17.832154099969156 ], [ 41.794125479527089, 17.828745039494649 ], [ 42.300529240497411, 17.454335037901565 ], [ 42.301468403902398, 17.453565988225925 ], [ 42.301699811394847, 17.452374385994709 ], [ 42.335491714766441, 17.216547180920113 ], [ 42.336398216294171, 17.21184056610862 ], [ 42.337751221142632, 17.207242376694992 ], [ 42.339538295755794, 17.202794868141819 ], [ 42.341743017655666, 17.198538911216779 ], [ 42.344345126358085, 17.194513616407161 ], [ 42.347320709558225, 17.190755974510626 ], [ 42.350642422874792, 17.187300516705054 ], [ 42.35427974113361, 17.184178997221274 ], [ 42.355258279718555, 17.183490213592652 ], [ 42.356659667480933, 17.18239788988825 ], [ 42.357447979872369, 17.181490504362785 ], [ 42.711676096158989, 16.731553533188908 ], [ 42.712360413595455, 16.730593562397267 ], [ 42.712638566241168, 16.729447933582822 ], [ 42.843058112990086, 16.053302068010908 ], [ 42.843221052913982, 16.052188657941283 ], [ 42.843180970176938, 16.051064102572994 ], [ 42.83042506334354, 15.893661025017408 ], [ 42.830282750089431, 15.892542071813283 ], [ 42.82966183964492, 15.891600382079337 ], [ 42.705963806230343, 15.721433775587135 ], [ 42.703252950795417, 15.717287144156293 ], [ 42.700965755586061, 15.712892598959508 ], [ 42.699124674719855, 15.708293282634621 ], [ 42.697747782669005, 15.703534348122291 ], [ 42.696848596817567, 15.698662515385337 ], [ 42.696435944756956, 15.693725612744087 ], [ 42.69651387762277, 15.688772107330673 ], [ 42.697081630323439, 15.683850629271879 ], [ 42.698133629051441, 15.679009494271842 ], [ 42.808766212314147, 15.268977482436421 ], [ 42.809028595646225, 15.267766814181382 ], [ 42.808797704265253, 15.266549747294711 ], [ 42.795217342176606, 15.210472217304881 ], [ 42.794707839870696, 15.20873956434291 ], [ 42.793553475810256, 15.203955400611767 ], [ 42.792875034553767, 15.199080926645079 ], [ 42.792679089051518, 15.194163367865505 ], [ 42.792967537684596, 15.189250367114791 ], [ 42.793737585872755, 15.184389523075087 ], [ 42.794981773149203, 15.179627929118066 ], [ 42.796688045439936, 15.17501171704968 ], [ 42.798839871847314, 15.170585610170841 ], [ 42.801416404806616, 15.166392489984148 ], [ 42.804392682063693, 15.162472980744532 ], [ 42.807739868517075, 15.158865055878808 ], [ 42.811425535581442, 15.155603670087293 ], [ 42.815413975365821, 15.15272042069177 ], [ 42.819666546622805, 15.150243241510791 ], [ 42.824142049116979, 15.148196132228142 ], [ 42.828797122785616, 15.146598925876425 ], [ 42.862799242256273, 15.136773966782425 ], [ 42.863976525567573, 15.136367709685688 ], [ 42.864487293104887, 15.135231858750597 ], [ 42.936796603625389, 14.949678132464317 ], [ 42.937200742555454, 14.948457952052395 ], [ 42.937345473661715, 14.94718075926381 ], [ 42.945572504429776, 14.812672808439221 ], [ 42.945586095705593, 14.811461282164396 ], [ 42.944261601138081, 14.810584752300516 ], [ 42.940270258209175, 14.807648956021698 ], [ 42.936589078967955, 14.804332536633137 ], [ 42.93325421217957, 14.800668060999355 ], [ 42.930298405859944, 14.796691513857969 ], [ 42.927750685693901, 14.792441944453618 ], [ 42.925636070006277, 14.787961083078784 ], [ 42.923975324084722, 14.783292931287027 ], [ 42.922784756266971, 14.778483329802688 ], [ 42.922076057794776, 14.773579508370137 ], [ 42.921856188007247, 14.768629621963019 ], [ 42.922127306000903, 14.763682277907836 ], [ 42.922886749427612, 14.75878605856548 ], [ 42.924127060638533, 14.753989044257924 ], [ 43.021123203577901, 14.443275013135461 ], [ 43.021426260618867, 14.442101327665865 ], [ 43.019976789665641, 14.440530428035363 ], [ 43.016948351542347, 14.43692091318311 ], [ 43.014273120336242, 14.433042360240432 ], [ 43.011974852137826, 14.42892921081166 ], [ 43.010073955600809, 14.424617989721199 ], [ 43.008587310713011, 14.420146980672577 ], [ 43.00752811890181, 14.415555886288626 ], [ 43.00690578580528, 14.410885475551632 ], [ 43.006725837750032, 14.406177221774202 ], [ 43.006989872677295, 14.401472934315676 ], [ 43.007695545953233, 14.396814387314421 ], [ 43.008836591189294, 14.39224294873291 ], [ 43.010402875887834, 14.387799213009629 ], [ 43.280454982878538, 13.723294729871856 ], [ 43.280869280183737, 13.722104675597132 ], [ 43.280777412993288, 13.720847921105133 ], [ 43.228370453321673, 13.300264499061349 ], [ 43.227994545880335, 13.294964769761345 ], [ 43.228183119189737, 13.289655073238494 ], [ 43.228934043997967, 13.284395363266436 ], [ 43.230238841331548, 13.279245029201924 ], [ 43.232082778234712, 13.274262225397345 ], [ 43.234445034124747, 13.269503214558128 ], [ 43.472555994645091, 12.84768646808392 ], [ 43.473095442942608, 12.846611626552287 ], [ 43.473068649832811, 12.845409307579121 ], [ 43.468218389951431, 12.777234200167534 ], [ 43.468111223722417, 12.772311584541814 ], [ 43.468488746866541, 12.767402296866917 ], [ 43.469347298371339, 12.762553944722855 ], [ 43.470678552475093, 12.75781354477027 ], [ 43.472469599405457, 12.753227066808645 ], [ 43.474703070571366, 12.748838987986392 ], [ 43.477357306994101, 12.744691861485858 ], [ 43.480406569344218, 12.74082590386589 ], [ 43.483821287547414, 12.737278605063704 ], [ 43.487568347538911, 12.734084364838026 ], [ 43.49161141238551, 12.731274159179101 ], [ 43.495911274661211, 12.728875239920514 ], [ 43.500426236659372, 12.72691087046586 ], [ 43.505112514754181, 12.725400100193005 ], [ 43.509924663990255, 12.724357579723671 ], [ 43.514816018782902, 12.723793418849732 ], [ 43.519739145455375, 12.723713088494005 ], [ 43.524646302224646, 12.724117367656234 ], [ 43.529489902175065, 12.725002335858774 ], [ 43.534222974730163, 12.726359411165246 ], [ 43.538799621147533, 12.728175433403438 ], [ 43.599513852670547, 12.755800408715677 ], [ 43.600596480800625, 12.756232112585868 ], [ 43.601678125443293, 12.755797950442597 ], [ 43.932689670828516, 12.60427912992051 ], [ 43.937188505343869, 12.602478077886712 ], [ 43.941840561702804, 12.6011209957012 ], [ 43.946602141650501, 12.600220630871441 ], [ 43.951428518141995, 12.59978544081255 ], [ 43.956274355477639, 12.599819513404084 ], [ 43.96109413515584, 12.600322528591285 ], [ 44.402888191865166, 12.668208329918365 ], [ 44.407795338238373, 12.669216264623191 ], [ 44.412576994598389, 12.670710179062485 ], [ 44.41718516073179, 12.672675076714841 ], [ 44.421573577990671, 12.6750912331376 ], [ 44.425698193655798, 12.67793439396883 ], [ 44.609640083030108, 12.818826054657485 ], [ 44.610617178970394, 12.819501662858341 ], [ 44.611761690277291, 12.81918345414377 ], [ 44.805911382976099, 12.754875380068931 ], [ 44.810675449453342, 12.753554841164258 ], [ 44.815546636294535, 12.752711223267017 ], [ 44.820477322480173, 12.752352773637199 ], [ 44.825419305321532, 12.752482996500232 ], [ 44.830324271693094, 12.753100618789471 ], [ 44.835144270344614, 12.754199602591768 ], [ 44.839832180675444, 12.755769204174475 ], [ 44.844342173388426, 12.75779407901684 ], [ 44.84863015851986, 12.76025443181897 ], [ 44.852654216465716, 12.763126210021886 ], [ 44.856375007790206, 12.766381338946818 ], [ 44.85975615781053, 12.769987996254963 ], [ 44.862764612197978, 12.773910923044619 ], [ 44.865370960119066, 12.778111768544353 ], [ 44.867549721757626, 12.782549465032474 ], [ 44.869279597407065, 12.787180629317598 ], [ 44.870543675697597, 12.79195998685536 ], [ 44.871329598922777, 12.796840814355125 ], [ 44.871629683849264, 12.801775396549724 ], [ 44.871649105040113, 12.80349695505425 ], [ 44.87270603243573, 12.803962182007622 ], [ 45.013992007710129, 12.858265974790147 ], [ 45.015135041060738, 12.85864152813833 ], [ 45.015643143308836, 12.858236886363468 ], [ 45.019605717407018, 12.855385818963281 ], [ 45.023827432232544, 12.852934757410411 ], [ 45.028268045422273, 12.850907065791056 ], [ 45.03288522802319, 12.849322072531182 ], [ 45.037634967981752, 12.848194886153502 ], [ 45.042471989677018, 12.847536251259541 ], [ 45.04735018549831, 12.847352446109591 ], [ 45.05222305535365, 12.847645222776899 ], [ 45.057044149919406, 12.848411790446489 ], [ 45.061767513405989, 12.849644842017854 ], [ 45.066348121619079, 12.851332623757941 ], [ 45.070742311140684, 12.853459047340444 ], [ 45.074908195538939, 12.856003843203462 ], [ 45.078806064639252, 12.858942753763653 ], [ 45.082398763050932, 12.862247764645137 ], [ 45.085652044340932, 12.865887371719008 ], [ 45.08853489747878, 12.869826881407993 ], [ 45.091019842440929, 12.874028741393653 ], [ 45.093083192156683, 12.878452898573785 ], [ 45.094705278298839, 12.883057180857859 ], [ 45.117810438631366, 12.960516284493119 ], [ 45.118226477494616, 12.961689256182474 ], [ 45.119365600442883, 12.962190604193765 ], [ 45.392586933881198, 13.06617083659274 ], [ 45.397595211395078, 13.068398310711244 ], [ 45.40232957338047, 13.071160610694225 ], [ 45.406733123251051, 13.074424539789959 ], [ 45.410752940052305, 13.078150872771459 ], [ 45.664891777658525, 13.341065332203828 ], [ 45.665811645681934, 13.34192423729656 ], [ 45.667058480621321, 13.342095344785202 ], [ 46.695033700745945, 13.429841440478317 ], [ 46.700630832288745, 13.430640019953584 ], [ 46.706102024733426, 13.432065384439975 ], [ 47.39185340232283, 13.652808361247848 ], [ 47.395996906949883, 13.654347398415739 ], [ 47.39998830009656, 13.656246357801086 ], [ 47.40379638939902, 13.658490399214035 ], [ 48.015855418437333, 14.056626665433994 ], [ 48.016859616109862, 14.057213647288888 ], [ 48.017918793443563, 14.056732914473958 ], [ 48.174488607507577, 13.976446405274677 ], [ 48.179196685611331, 13.974331545192969 ], [ 48.184097696367509, 13.972713297324429 ], [ 48.189139417286164, 13.971608904833221 ], [ 48.19426812654681, 13.971030135521675 ], [ 48.199429175428769, 13.970983156439008 ], [ 48.20456757061806, 13.971468468168629 ], [ 48.680662809629638, 14.041381345739902 ], [ 48.685519214237637, 14.042342198705144 ], [ 48.690256796502283, 14.043778589467836 ], [ 48.694829113138773, 14.045676436857132 ], [ 48.699191340987987, 14.048017135968276 ], [ 48.703300716425154, 14.050777740549497 ], [ 48.707116954578545, 14.053931187947819 ], [ 48.996156099991836, 14.317909577730683 ], [ 48.99968762394694, 14.321476073049455 ], [ 49.002843792967994, 14.325378655196555 ], [ 49.005592803538725, 14.329577999334193 ], [ 49.007906954923911, 14.334031790266733 ], [ 49.092259537495885, 14.51845195759066 ], [ 49.092831296288161, 14.519551774510782 ], [ 49.093927192303113, 14.520131013061526 ], [ 49.371096726623833, 14.649197152035168 ], [ 49.373777745809292, 14.650261847763472 ], [ 49.940958418583932, 14.838376906021661 ], [ 49.942159967681256, 14.838709540570841 ], [ 49.943403711140213, 14.838795959231526 ], [ 50.167245371902403, 14.843093228328881 ], [ 50.172053842367831, 14.843417850897037 ], [ 50.17680872232458, 14.844203907272583 ], [ 50.181465835575146, 14.845444094435882 ], [ 50.185981914243875, 14.847126890171111 ], [ 50.190315000766105, 14.849236660115801 ], [ 50.553015390366596, 15.048004669699605 ], [ 50.554066658239165, 15.048518043855049 ], [ 50.555195410066261, 15.048825674276316 ], [ 51.362877958787728, 15.228615809722609 ], [ 51.367767643692112, 15.229967925340169 ], [ 51.372495145130905, 15.231808567959927 ], [ 52.192815441420734, 15.600153637872227 ], [ 52.197346888207612, 15.60247240429554 ], [ 52.201619096229066, 15.605239880822932 ], [ 52.205587787145937, 15.608427384566387 ], [ 52.209211828353844, 15.612001879360278 ], [ 52.212453659292805, 15.61592631815728 ], [ 52.215279680735186, 15.620160026994151 ], [ 52.217660603017372, 15.624659126547884 ], [ 52.219571749605876, 15.629376986913076 ], [ 52.220993312851732, 15.6342647108871 ], [ 52.221910559282406, 15.639271640754156 ], [ 52.222313982303575, 15.644345883315779 ], [ 52.222199400728073, 15.649434847726223 ], [ 52.221568002110871, 15.654485790558446 ], [ 52.160204883912371, 16.000968254274188 ], [ 52.160058592046894, 16.002093884896134 ], [ 52.160524864811094, 16.003128793257336 ], [ 52.292227975411187, 16.262820517981552 ], [ 52.292774516472178, 16.263788034853501 ], [ 52.293626002701359, 16.26450201470654 ], [ 52.531535600301567, 16.446466125366811 ], [ 52.532594781760018, 16.447192654096597 ], [ 52.533780595453905, 16.447686167258091 ], [ 53.337615111894628, 16.734445305146764 ], [ 53.338643577294427, 16.734762788473329 ], [ 53.339711341638456, 16.734898494209176 ], [ 53.605009747248666, 16.757013195160084 ], [ 53.610104202868555, 16.757703068627922 ], [ 53.615100891451426, 16.758912410048065 ], [ 53.619946989197864, 16.760628434551585 ], [ 53.62459126431883, 16.762833000736901 ], [ 54.083758973379261, 17.010481165202908 ], [ 54.084992379647822, 17.011061119767607 ], [ 54.086347248191821, 17.011209341051199 ], [ 54.590690370218894, 17.038405503578666 ], [ 54.592039323110576, 17.038404634583138 ], [ 54.593316474594403, 17.037970401066882 ], [ 54.789872945792688, 16.958948638400216 ], [ 54.794366364996492, 16.957386075019009 ], [ 54.798987949826696, 16.956257636221981 ], [ 54.80369586122287, 16.955573537729656 ], [ 54.808447478612919, 16.955339972663921 ], [ 54.813199785755806, 16.955559055481888 ], [ 54.817909760166138, 16.95622880283377 ], [ 54.822534762595453, 16.957343151518106 ], [ 54.827032923043888, 16.958892013371706 ], [ 55.091048717007766, 17.064100971456586 ], [ 55.092166871860073, 17.064482726140319 ], [ 55.092393416578382, 17.063323120861387 ], [ 55.161518629701263, 16.582314122696999 ], [ 55.161637198823897, 16.580978766711404 ], [ 55.161323131016701, 16.5796754648822 ], [ 54.979275971909587, 15.971049597538505 ], [ 54.978868858006692, 15.96989832866309 ], [ 54.978144083262862, 15.968915545205713 ], [ 54.655924581007838, 15.574255833529376 ], [ 54.655152348969871, 15.573394992710302 ], [ 54.654234236791396, 15.57269181473578 ], [ 54.274873127042582, 15.309186197787588 ], [ 54.271256133343798, 15.306421462429784 ], [ 54.267905608216402, 15.303339192748778 ], [ 54.264849329396718, 15.29996494249248 ], [ 54.262112635153812, 15.296326686091865 ], [ 54.259718214221003, 15.292454586737216 ], [ 53.914366311716115, 14.672549330522459 ], [ 53.913731959104041, 14.671530049346597 ], [ 53.912832252127785, 14.670735150165241 ], [ 53.579698659615161, 14.403968274681057 ], [ 53.575957638960347, 14.400652383642573 ], [ 53.572566426923238, 14.396979503323498 ], [ 53.569558922559793, 14.392986348377502 ], [ 53.566965189327441, 14.388712834970683 ], [ 53.564811154566328, 14.384201681773687 ], [ 53.56311835032578, 14.37949798293957 ], [ 53.561903698126798, 14.374648757335995 ], [ 53.561179339812, 14.369702478537681 ], [ 53.560952516173998, 14.364708590277406 ], [ 53.561225494575353, 14.359717012199155 ], [ 53.561995546283669, 14.354777640853996 ], [ 53.563254973748442, 14.349939850926784 ], [ 53.564991187546887, 14.345252001679532 ], [ 53.567186832229666, 14.340760953545091 ], [ 53.569819959808513, 14.336511599703345 ], [ 53.5728642491516, 14.332546417322362 ], [ 53.576289269093408, 14.328905042950357 ], [ 53.580060782629175, 14.325623876302901 ], [ 53.58414108915305, 14.322735716405992 ], [ 53.588489401318895, 14.320269433732163 ], [ 53.593062252756631, 14.318249681606961 ], [ 53.597813932568485, 14.316696649770682 ], [ 53.602696942261858, 14.315625862558738 ], [ 53.60766247055129, 14.315048023718113 ], [ 54.726262107638668, 14.241295308960979 ], [ 54.727350529086138, 14.241175268117209 ], [ 54.728401109334477, 14.240866476612743 ], [ 55.52092241824576, 13.96951351872208 ], [ 55.522290845807092, 13.968952068531847 ], [ 55.523582993679241, 13.968232225366162 ], [ 56.131828137776623, 13.580308146402928 ], [ 56.132948243784121, 13.579502844313234 ], [ 56.133863142205001, 13.578470318379754 ], [ 56.442133901342793, 13.188941536923332 ], [ 56.442927778476893, 13.187815135895546 ], [ 56.443453971148102, 13.186541502725412 ], [ 56.597480201323052, 12.745863009600855 ], [ 56.597804264326676, 12.744779812966369 ], [ 56.597823934082484, 12.743649350724478 ], [ 56.584991689782669, 12.287949297953238 ], [ 56.584886784065816, 12.286652230467546 ], [ 56.584384816106351, 12.285451640013097 ], [ 56.311144390055645, 11.717720993748268 ], [ 56.310530062903275, 11.716597195744724 ], [ 56.309601988329923, 11.715714587457155 ], [ 55.772735353042918, 11.255578947384015 ], [ 55.771866015974346, 11.254898361382962 ], [ 55.770890169352938, 11.254381962684986 ], [ 55.060101541137165, 10.917718543306236 ], [ 55.05897941425691, 10.917252585813999 ], [ 55.05781724697416, 10.916898111094319 ], [ 53.522623298381419, 10.529338655714881 ], [ 53.518018619068187, 10.527937267339379 ], [ 53.513570022129208, 10.526099620411602 ], [ 53.509318731753119, 10.523842744009396 ], [ 53.50530414373118, 10.521187552119763 ], [ 53.501563460384979, 10.518158649833437 ], [ 53.498131345820525, 10.514784105334819 ], [ 53.495039604703464, 10.511095189800169 ], [ 53.492316887532105, 10.507126087614356 ], [ 53.489988425139394, 10.502913579591524 ], [ 53.488075794884281, 10.498496702135233 ], [ 53.486596720698941, 10.493916385496513 ], [ 53.485564908844928, 10.489215074482063 ], [ 53.484989920900219, 10.484436335127368 ], [ 53.464619764949177, 10.200406431788254 ], [ 53.464474495141658, 10.199204662498268 ], [ 53.46409934362628, 10.198053743698372 ], [ 53.296863487963932, 9.758821925733345 ], [ 53.29628854939979, 9.75753644804881 ], [ 53.29543896047381, 9.756413413816496 ], [ 52.906995674311908, 9.299359374072893 ], [ 52.904231858471604, 9.295793031443395 ], [ 52.901800789247346, 9.291992060491534 ], [ 52.899722262814173, 9.28798741248994 ], [ 52.898013204594335, 9.283811697251652 ], [ 52.704150249416223, 8.74155457453972 ], [ 52.703660790619082, 8.740378848340635 ], [ 52.703053866129729, 8.739259230248102 ], [ 51.253210003419767, 6.363185464083355 ], [ 51.250716816090538, 6.358571452640651 ], [ 51.248720644130252, 6.353721670979897 ], [ 50.990956300986461, 5.620363702809225 ], [ 50.99052191604143, 5.619290087832195 ], [ 50.989989770335811, 5.618261418620366 ], [ 50.537629790305488, 4.835244940962258 ], [ 50.536486249728753, 4.833447111172325 ], [ 49.641353014349342, 3.550425615584389 ], [ 49.640785312525026, 3.549674040836269 ], [ 49.640162535557565, 3.54896743004352 ], [ 47.693872900015172, 1.501916869225091 ], [ 47.69313629464969, 1.501203411000423 ], [ 47.69229265009222, 1.500620423896434 ], [ 45.959013060349719, 0.405484626786939 ], [ 45.955929702088106, 0.403371179610923 ], [ 45.95301285821418, 0.401033279067623 ], [ 45.192903565002318, -0.256351565398875 ], [ 45.188794618718376, -0.260338596814946 ], [ 43.845614835176107, -1.722031495618427 ], [ 43.842857246382117, -1.725302954656102 ], [ 43.840389445473093, -1.728798194113617 ], [ 43.413787011271815, -2.391475853590339 ], [ 43.412934272252521, -2.392645069380021 ], [ 43.411951588888357, -2.393707407745808 ], [ 42.933308405254962, -2.854283665461782 ], [ 42.93225422328338, -2.855190000775209 ], [ 42.931024959488468, -2.85583934956613 ], [ 42.245336563702985, -3.170268358264797 ], [ 42.244277845745813, -3.170696190195937 ], [ 42.243158803244036, -3.170923495614467 ], [ 41.653158439480457, -3.262803783896858 ], [ 41.651778679044888, -3.262940525159159 ], [ 41.650392269858948, -3.262923015117654 ], [ 41.05075393848449, -3.221882878803459 ], [ 41.049347640068468, -3.221705751304921 ], [ 41.047970590701588, -3.221369917377467 ], [ 40.48947185128884, -3.050948128046115 ], [ 40.488276467326607, -3.050515559562447 ], [ 40.487131383993606, -3.049963434150408 ], [ 40.173022608635307, -2.878234211301603 ], [ 40.171989940391626, -2.877600816088576 ] ], [ [ 53.846102646081299, 12.598665631764948 ], [ 53.844957382724658, 12.598980640541253 ], [ 53.526914512051057, 12.70320189735072 ], [ 53.522381873088051, 12.704454513945409 ], [ 53.517751601746468, 12.705275763971617 ], [ 53.513064655303154, 12.705658383024687 ], [ 53.508362492357172, 12.705598986630294 ], [ 53.503686706105839, 12.705098100181957 ], [ 53.499078656430235, 12.704160154293657 ], [ 53.494579104044433, 12.702793445608632 ], [ 53.490227849944802, 12.701010063411044 ], [ 53.486063383348416, 12.698825782689658 ], [ 53.482122541234951, 12.696259924599463 ], [ 53.478440182503512, 12.69333518555551 ], [ 53.359718960949948, 12.589571027256284 ], [ 53.356119142219896, 12.586091860105011 ], [ 53.352885288225892, 12.582270147491375 ], [ 53.350049819387721, 12.578144203305682 ], [ 53.347641162186633, 12.57375539145697 ], [ 53.345683464180844, 12.569147711186611 ], [ 53.344196351918505, 12.564367355961846 ], [ 53.343194734175306, 12.559462250371521 ], [ 53.342688652489208, 12.554481569666764 ], [ 53.342683180490866, 12.549475246763379 ], [ 53.343178373038803, 12.544493471648401 ], [ 53.344169265669471, 12.539586188209448 ], [ 53.345645924367581, 12.534802593531277 ], [ 53.347593545157764, 12.530190644679285 ], [ 53.349992602519173, 12.525796577914614 ], [ 53.352819045135071, 12.521664445160843 ], [ 53.356044537014945, 12.517835672369388 ], [ 53.35963674157189, 12.51434864421109 ], [ 53.363559645807229, 12.511238319257625 ], [ 53.367773921352295, 12.508535879510664 ], [ 53.713741423195223, 12.310392390339718 ], [ 53.717990314709795, 12.308221314586973 ], [ 53.722426806838605, 12.30646512934111 ], [ 53.727010497957963, 12.305139827583378 ], [ 53.731699645953093, 12.304257478385765 ], [ 53.736451548349336, 12.303826117002073 ], [ 53.741222931189064, 12.303849671693589 ], [ 53.745970343112887, 12.304327927955757 ], [ 53.750650551056381, 12.305256530471592 ], [ 54.395053519566609, 12.465413168081863 ], [ 54.399807894443448, 12.466848955678516 ], [ 54.404396376267847, 12.468749324337317 ], [ 54.408773694038395, 12.471095524590458 ], [ 54.449986111131473, 12.495895281461351 ], [ 54.454057097734761, 12.498625429388271 ], [ 54.457841196446637, 12.501741073232772 ], [ 54.461302039596688, 12.505212269614109 ], [ 54.46440636621243, 12.509005658058468 ], [ 54.467124341679117, 12.513084781615005 ], [ 54.469429844469929, 12.517410437231044 ], [ 54.471300717190985, 12.52194105251913 ], [ 54.472718979528409, 12.526633085294938 ], [ 54.473671001050981, 12.531441442046217 ], [ 54.474147632207483, 12.536319911311026 ], [ 54.474144292259901, 12.541221607800178 ], [ 54.473661013307314, 12.546099422995633 ], [ 54.472702439977432, 12.550906477894243 ], [ 54.471277784788619, 12.555596573545721 ], [ 54.469400739611615, 12.560124635054855 ], [ 54.467089344081629, 12.564447144780807 ], [ 54.464365812225623, 12.568522560570193 ], [ 54.461256318970982, 12.572311715004407 ], [ 54.457790748587229, 12.57577819182422 ], [ 54.454002407478661, 12.578888675913902 ], [ 54.449927704087919, 12.581613273481334 ], [ 54.445605798986975, 12.583925799356969 ], [ 54.441078228518386, 12.585804028650466 ], [ 54.136657935120581, 12.694929169299247 ], [ 54.131853546394488, 12.696383713237077 ], [ 54.126927524997541, 12.69734919876014 ], [ 54.121929520987258, 12.69781589460503 ], [ 54.116909909943978, 12.697779096879156 ], [ 54.111919285228339, 12.697239176471935 ], [ 54.107007948043744, 12.696201575316547 ], [ 54.102225400443487, 12.694676751539925 ], [ 53.847233603104215, 12.59902866743476 ], [ 53.846102646081299, 12.598665631764948 ] ], [ [ 42.714986079293517, 15.179484783116015 ], [ 42.719719898141364, 15.178363289549113 ], [ 42.724540298944007, 15.17770714565734 ], [ 42.729401648338538, 15.177522562968237 ], [ 42.734257925313386, 15.177811288873603 ], [ 42.739063156876121, 15.178570590087437 ], [ 42.743771853266715, 15.179793278521188 ], [ 42.748339438596147, 15.181467779331326 ], [ 42.75272267283367, 15.183578240495111 ], [ 42.756880061147868, 15.186104682877165 ], [ 42.760772246726411, 15.18902318936628 ], [ 42.764362383355831, 15.19230613129189 ], [ 42.767616484234118, 15.195922429976839 ], [ 42.770503743714102, 15.199837850950384 ], [ 42.772996828931767, 15.204015328036173 ], [ 42.775072138558684, 15.208415314247201 ], [ 42.776710026229082, 15.212996156165888 ], [ 42.777894986526391, 15.217714488265118 ], [ 42.778615801768616, 15.222525643437363 ], [ 42.778865648202952, 15.227384075845462 ], [ 42.778642160604278, 15.232243792092126 ], [ 42.777947454666119, 15.237058786626319 ], [ 42.776788106971928, 15.241783477264741 ], [ 42.775175092736468, 15.24637313670538 ], [ 42.773123681906576, 15.250784315948149 ], [ 42.753986015475562, 15.287191178326353 ], [ 42.751540779406739, 15.291343799469587 ], [ 42.748707130217589, 15.295241731493666 ], [ 42.745511390742912, 15.298848765039603 ], [ 42.74198324741058, 15.302131393013958 ], [ 42.73815547447311, 15.30505912184886 ], [ 42.734063629555315, 15.307604754768237 ], [ 42.729745723346099, 15.309744644428916 ], [ 42.725241866502856, 15.31145891258971 ], [ 42.720593897048488, 15.312731634767879 ], [ 42.715844991722228, 15.313550988167655 ], [ 42.711039264894644, 15.313909361506642 ], [ 42.706221358772623, 15.31380342571989 ], [ 42.701436028701124, 15.313234164884831 ], [ 42.696727727413894, 15.312206867079809 ], [ 42.692140192095287, 15.310731075261137 ], [ 42.687716038089086, 15.308820498614974 ], [ 42.683496363028489, 15.306492885207531 ], [ 42.679520365064768, 15.303769857116601 ], [ 42.675824978740827, 15.300676709575932 ], [ 42.672444531892346, 15.297242175998266 ], [ 42.669410426763569, 15.293498161059855 ], [ 42.66675084830004, 15.289479444325892 ], [ 42.651083983707935, 15.263129398961201 ], [ 42.648830404481714, 15.25888767948585 ], [ 42.646994230505527, 15.254449293679549 ], [ 42.645592406582921, 15.249855200392902 ], [ 42.644637869195556, 15.245147795395184 ], [ 42.644139427121225, 15.240370520132554 ], [ 42.644101680143557, 15.235567460836428 ], [ 42.644524976603805, 15.230782941681577 ], [ 42.645405410186193, 15.226061115748379 ], [ 42.646734855966677, 15.221445557564024 ], [ 42.648501045392337, 15.216978860982758 ], [ 42.650687679499555, 15.212702246116118 ], [ 42.653274579326052, 15.208655178940486 ], [ 42.65623787212887, 15.204875007092385 ], [ 42.659550211689698, 15.201396615212479 ], [ 42.663181030674565, 15.198252103018904 ], [ 42.667096822719024, 15.195470489080748 ], [ 42.671261451635658, 15.193077443025372 ], [ 42.675636484890418, 15.191095048650839 ], [ 42.680181548270397, 15.189541600129528 ], [ 42.714986079293517, 15.179484783116015 ] ] ], [ [ [ 27.904096492790305, 43.195534709044964 ], [ 27.904872700555732, 43.196314814370126 ], [ 28.117963078920493, 43.39075978475195 ], [ 28.118850569360156, 43.391496712134327 ], [ 28.119974810921299, 43.391755134578297 ], [ 28.320467872454074, 43.428080422380269 ], [ 28.321619349223695, 43.42823353774282 ], [ 28.322715167103215, 43.427848146720528 ], [ 28.441115741642736, 43.379839321100846 ], [ 28.445875230451374, 43.378183480474938 ], [ 28.450777219763427, 43.377015130064123 ], [ 28.455771916069711, 43.376346137757778 ], [ 28.460808584160379, 43.376183299057168 ], [ 28.465836062483888, 43.376528268047977 ], [ 28.470803282836663, 43.37737754059841 ], [ 28.475659789104565, 43.378722489953518 ], [ 28.48035624978683, 43.380549454364193 ], [ 28.484844959096431, 43.382839875860739 ], [ 28.489080321546719, 43.385570488761289 ], [ 28.493019315102014, 43.388713556000361 ], [ 28.496621928187562, 43.392237150876873 ], [ 28.565545968971286, 43.466807210380551 ], [ 28.568867595022361, 43.470798138238933 ], [ 28.571757421993681, 43.475112023363714 ], [ 28.574184285176496, 43.479702343601545 ], [ 28.57612201259407, 43.484519595644898 ], [ 28.577549707247648, 43.489511828889661 ], [ 28.578451972475598, 43.494625205685125 ], [ 28.578819077995334, 43.499804581934384 ], [ 28.584459811070325, 43.799601942648223 ], [ 28.584544638948628, 43.800835086760593 ], [ 28.584989189223396, 43.801988436327662 ], [ 28.666195199255675, 43.98492921510806 ], [ 28.66809128414344, 43.989897798018951 ], [ 28.669448925632675, 43.995039661847436 ], [ 28.670252765021708, 44.000296637810919 ], [ 28.670493708651065, 44.005609254888356 ], [ 28.670169030778091, 44.010917412602929 ], [ 28.635241674934282, 44.315173496724633 ], [ 28.63516365305474, 44.316367861223164 ], [ 28.636037057592553, 44.317186248956588 ], [ 28.744264032930971, 44.409054803332388 ], [ 28.747933721892903, 44.412502367138892 ], [ 28.751238067073562, 44.416301527072918 ], [ 28.754143559355271, 44.420413756137329 ], [ 28.756620734357803, 44.42479735252433 ], [ 28.758644471234483, 44.429407862510352 ], [ 28.760194247420792, 44.434198531257991 ], [ 28.761254346752178, 44.439120776953281 ], [ 28.761814018840496, 44.444124683470278 ], [ 28.761867588092901, 44.449159506566716 ], [ 28.761414511267606, 44.45417418847763 ], [ 28.760459382982859, 44.4591178756883 ], [ 28.759011889123254, 44.463940434635958 ], [ 28.758531885494687, 44.465288941609593 ], [ 28.758469288726872, 44.466484550267644 ], [ 28.757828033351188, 44.625555880033119 ], [ 28.757881021774196, 44.6267383512225 ], [ 28.757911133540883, 44.626752976114787 ], [ 28.762444060209891, 44.628697488384447 ], [ 28.766877482593863, 44.631158108285 ], [ 28.771038898352501, 44.634055090027005 ], [ 28.774885511678679, 44.637358641184257 ], [ 28.778377764178927, 44.641034788189508 ], [ 28.781479741690116, 44.64504572571704 ], [ 28.783979429904328, 44.64906089459685 ], [ 28.784072374217107, 44.649195384071582 ], [ 28.785030199857335, 44.649954636205969 ], [ 28.915693461744446, 44.743426096241024 ], [ 28.919565279854414, 44.746496041852019 ], [ 28.923115177221277, 44.749933158407487 ], [ 28.926308484778399, 44.753703878282629 ], [ 28.929114015992472, 44.757771375810343 ], [ 28.931504371437939, 44.762095926928723 ], [ 28.933456206385745, 44.766635297134783 ], [ 28.934950458792997, 44.771345153955806 ], [ 28.935972535467009, 44.776179499909873 ], [ 28.936512454585593, 44.781091121727208 ], [ 28.936564943181679, 44.786032051445225 ], [ 28.936129488640272, 44.790954034874041 ], [ 28.935210343704743, 44.795809002857311 ], [ 28.933816484943637, 44.800549540726081 ], [ 28.880467079989298, 44.953600573915324 ], [ 28.880129270399905, 44.954751560006734 ], [ 28.881146689686336, 44.955386967196496 ], [ 28.982115120561502, 45.011644219795791 ], [ 28.983253022695042, 45.012203113564453 ], [ 28.984475369578526, 45.011866882086636 ], [ 29.109471308302528, 44.970414554912843 ], [ 29.110523695043003, 44.970008745465094 ], [ 29.109964374891678, 44.969029276155723 ], [ 29.070690068608311, 44.907305641902937 ], [ 29.068276545435275, 44.90306980720257 ], [ 29.066287013008299, 44.898619060025112 ], [ 29.064740385724409, 44.893995713427643 ], [ 29.06365136730096, 44.889243721362313 ], [ 29.063030310988065, 44.884408260808051 ], [ 29.062883121140693, 44.879535302275038 ], [ 29.063211197086229, 44.87467117276509 ], [ 29.064011419821135, 44.869862115342876 ], [ 29.065276181663165, 44.865153849505162 ], [ 29.066993458577286, 44.860591136527574 ], [ 29.069146924487629, 44.85621735392111 ], [ 29.071716106488779, 44.852074083044066 ], [ 29.074676579480791, 44.848200713789893 ], [ 29.078000198377527, 44.844634070109223 ], [ 29.081655365680749, 44.841408059926188 ], [ 29.085607331876158, 44.838553352777289 ], [ 29.137671653648376, 44.804680179270967 ], [ 29.138643908683697, 44.803978672704076 ], [ 29.139085910858761, 44.803506925075062 ], [ 29.142529255309608, 44.800168290978014 ], [ 29.146276641793957, 44.797174932800637 ], [ 29.150293589711428, 44.794554393148296 ], [ 29.154543138162342, 44.79233078423384 ], [ 29.158986186033832, 44.79052456601535 ], [ 29.163581851778506, 44.789152357939159 ], [ 29.168287849575393, 44.788226786020367 ], [ 29.173060878411874, 44.787756366667821 ], [ 29.1778570205067, 44.787745428322644 ], [ 29.182632145407986, 44.78819407163116 ], [ 29.578974345300612, 44.844718196041782 ], [ 29.583692628860103, 44.845624258552512 ], [ 29.588302166981698, 44.846978993702507 ], [ 29.592760398603254, 44.848769892870436 ], [ 29.597026159714808, 44.850980420219344 ], [ 29.601060063436588, 44.853590165376346 ], [ 29.6048248636883, 44.856575031886898 ], [ 29.608285799091846, 44.859907459703614 ], [ 29.611410913932151, 44.863556679655325 ], [ 29.614171353212594, 44.867488997546857 ], [ 29.616541629080665, 44.871668105266259 ], [ 29.618499856163929, 44.876055416027022 ], [ 29.620027953643355, 44.880610420649901 ], [ 29.690037748307457, 45.128158863770324 ], [ 29.691170799571022, 45.133115015034882 ], [ 29.691794702023998, 45.138160605808245 ], [ 29.69190300520367, 45.143243470251086 ], [ 29.691494589374713, 45.148311057155489 ], [ 29.690573677105991, 45.153310973266422 ], [ 29.689149789613865, 45.158191524970157 ], [ 29.687237648323332, 45.162902252749184 ], [ 29.68485702266473, 45.167394452877922 ], [ 29.682032525679659, 45.171621680965501 ], [ 29.678793359549289, 45.175540232139454 ], [ 29.675173013676048, 45.179109592905917 ], [ 29.671208918440161, 45.182292860014385 ], [ 29.624856039567604, 45.215786553024564 ], [ 29.62396327658735, 45.216500129926693 ], [ 29.624823920724427, 45.217252133519402 ], [ 29.735710638061057, 45.305020402137053 ], [ 29.739336405085346, 45.308185678142458 ], [ 29.742641036215112, 45.311684902599538 ], [ 29.745593910528516, 45.315485651472336 ], [ 29.74816766650472, 45.319552706780513 ], [ 29.750338455557461, 45.323848382931409 ], [ 29.752086163017569, 45.328332875917098 ], [ 29.753394594516774, 45.3329646321409 ], [ 29.754251626045736, 45.337700733455613 ], [ 29.754649316295907, 45.342497294845792 ], [ 29.754583980244185, 45.3473098710691 ], [ 29.750018751945088, 45.421177796951731 ], [ 29.749458369405186, 45.426163873153776 ], [ 29.748401089051775, 45.431068681278241 ], [ 29.746857557691452, 45.435842829937776 ], [ 29.744843318675443, 45.440438243484991 ], [ 29.742378655378129, 45.444808646134 ], [ 29.73948838694362, 45.448910027957254 ], [ 29.736201618357114, 45.452701088065233 ], [ 29.732551447357874, 45.456143650506192 ], [ 29.728574631145214, 45.459203048697717 ], [ 29.724311216233705, 45.461848474519002 ], [ 29.719804135185051, 45.464053288548449 ], [ 29.715098774277436, 45.465795288322468 ], [ 29.710242516465993, 45.467056931914144 ], [ 29.705284264236749, 45.467825514580333 ], [ 29.606958448843873, 45.478047785130286 ], [ 29.605850348857164, 45.478218937711013 ], [ 29.606056565252992, 45.478432792346133 ], [ 29.609213136940046, 45.482036968836915 ], [ 29.612010259169697, 45.485926716929605 ], [ 29.614422249847571, 45.490066322461786 ], [ 29.616426963008227, 45.494417777176672 ], [ 29.618005992150856, 45.498941127700228 ], [ 29.61914483924064, 45.503594842377595 ], [ 29.619833047824113, 45.508336192600666 ], [ 29.620064299036265, 45.513121645125672 ], [ 29.619836469617908, 45.517907261778554 ], [ 29.61915165141064, 45.522649102878297 ], [ 29.618016132150352, 45.527303630674083 ], [ 29.616440337735668, 45.531828109092075 ], [ 29.614438736501381, 45.536180996121516 ], [ 29.6120297063758, 45.540322325237426 ], [ 29.609235366141714, 45.544214072357725 ], [ 29.606081372350296, 45.547820504965713 ], [ 29.602596683752566, 45.551108510192144 ], [ 29.598813295411336, 45.55404789884485 ], [ 29.594765944934931, 45.556611682594188 ], [ 29.590491793529896, 45.558776321769443 ], [ 29.589757552576874, 45.559104975408012 ], [ 29.589911462197414, 45.560279545421537 ], [ 29.637976219475824, 45.825119579132746 ], [ 29.638215322922495, 45.826148398016208 ], [ 29.638695779898818, 45.825207760016262 ], [ 29.713508300745062, 45.659205529809697 ], [ 29.71571721274298, 45.654878581988996 ], [ 29.7183356220193, 45.650786430657575 ], [ 29.721338808936967, 45.646967708620672 ], [ 29.724698421285641, 45.643458467317444 ], [ 29.728382741946604, 45.640291836469871 ], [ 29.73235698832482, 45.637497711314694 ], [ 29.73658364072126, 45.635102470371223 ], [ 29.741022796545405, 45.633128726409474 ], [ 29.745632547023966, 45.631595112969585 ], [ 29.750369372849352, 45.630516108448013 ], [ 29.755188555032746, 45.629901899411244 ], [ 29.760044597083017, 45.629758284427339 ], [ 29.764891654525798, 45.630086619323428 ], [ 29.769683967707774, 45.630883804385661 ], [ 29.774376293800209, 45.632142313622758 ], [ 29.778924333923264, 45.633850265816662 ], [ 29.798411299484844, 45.642269939927594 ], [ 29.802808241501566, 45.644431202416847 ], [ 29.80697255093326, 45.647012419494693 ], [ 29.810864243488886, 45.649988807187576 ], [ 29.81444595245247, 45.653331787227316 ], [ 29.817683287465666, 45.657009261449957 ], [ 29.820545164732355, 45.660985919991532 ], [ 29.823004105474745, 45.665223580321396 ], [ 29.825036499775294, 45.669681553857991 ], [ 29.826622833271166, 45.674317036646841 ], [ 29.827747874524544, 45.679085520349659 ], [ 29.828400821269732, 45.68394121959836 ], [ 29.82857540413287, 45.688837511610664 ], [ 29.828269946828346, 45.693727383846316 ], [ 29.827487382253903, 45.698563885405576 ], [ 29.82623522432997, 45.70330057783589 ], [ 29.824525495853528, 45.707891981018221 ], [ 29.822374613059274, 45.712294009851753 ], [ 29.819803227996498, 45.716464397544136 ], [ 29.816836030235077, 45.720363101442935 ], [ 29.803215222865322, 45.736548616578624 ], [ 29.802547804317669, 45.737426309231935 ], [ 29.803648908896857, 45.737368338401588 ], [ 29.873375621052489, 45.730229755209173 ], [ 29.878202430439593, 45.729970463609114 ], [ 29.883031721647399, 45.730178471838514 ], [ 29.887818359500216, 45.730851835825753 ], [ 29.892517607466068, 45.731984262224557 ], [ 29.897085545770107, 45.733565167232392 ], [ 29.901479481874429, 45.735579775508072 ], [ 29.905658349488032, 45.738009258263986 ], [ 29.909583092377645, 45.740830909242362 ], [ 29.913217029392293, 45.744018356930852 ], [ 29.91652619729005, 45.747541811034111 ], [ 29.919479668162857, 45.751368340897677 ], [ 29.922049838492718, 45.755462183282134 ], [ 29.924212687137729, 45.759785076610925 ], [ 29.925947999836747, 45.76429661856794 ], [ 29.927239558134481, 45.768954643702791 ], [ 29.928075290961242, 45.773715617514476 ], [ 29.928447387450728, 45.778535043330464 ], [ 29.928352369941376, 45.783367878178275 ], [ 29.926361740784191, 45.812590312288052 ], [ 29.926338872005545, 45.813733634110427 ], [ 29.927480736955925, 45.813795700249933 ], [ 30.061866937080648, 45.814640488006944 ], [ 30.066685346710244, 45.814903645658433 ], [ 30.071455947498219, 45.815630069384596 ], [ 30.076134303543636, 45.816812992890341 ], [ 30.080676838161928, 45.81844139779998 ], [ 30.085041239781194, 45.820500116288237 ], [ 30.089186856054571, 45.822969972361385 ], [ 30.093075072517717, 45.825827960472601 ], [ 30.096669672264369, 45.829047459807825 ], [ 30.099937173289785, 45.832598482246091 ], [ 30.102847140359849, 45.836447951684761 ], [ 30.105372468500956, 45.840560012127881 ], [ 30.107489635470085, 45.844896361667871 ], [ 30.126961497289944, 45.89020217910182 ], [ 30.127447941635236, 45.891194965498372 ], [ 30.128237194414396, 45.88933188674951 ], [ 30.128483995197204, 45.888658696892229 ], [ 30.130666856211175, 45.884157073359027 ], [ 30.133288653830967, 45.879896125825695 ], [ 30.13632313914669, 45.875918514041011 ], [ 30.139739931502341, 45.872264061053308 ], [ 30.143504822660805, 45.868969354510092 ], [ 30.147580119289834, 45.866067380349904 ], [ 30.151925020340119, 45.863587192553744 ], [ 30.156496025537162, 45.861553622262463 ], [ 30.161247370897271, 45.859987029172366 ], [ 30.166131486907354, 45.85890309769804 ], [ 30.171099474781304, 45.858312679943175 ], [ 30.1761015960248, 45.858221687051454 ], [ 30.1810877704071, 45.858631030025379 ], [ 30.186008077354213, 45.859536610605524 ], [ 30.19081325574367, 45.860929362301448 ], [ 30.195455197096916, 45.862795341163597 ], [ 30.199887427231758, 45.865115865387303 ], [ 30.204065571552476, 45.867867702351262 ], [ 30.485977220552336, 46.074480369638366 ], [ 30.489855261468179, 46.077632202646264 ], [ 30.493399311868473, 46.081155405651309 ], [ 30.496573969166793, 46.085014784317991 ], [ 30.499347520755617, 46.089171786150892 ], [ 30.651197030288504, 46.34342960739724 ], [ 30.651912495138074, 46.344496881546817 ], [ 30.653064733319066, 46.345065486185881 ], [ 30.74591046666891, 46.385004187665302 ], [ 30.750192586659992, 46.387093314754253 ], [ 30.754256415752828, 46.389580541466081 ], [ 30.758065052747853, 46.392443282783766 ], [ 30.761583913692192, 46.395655543866901 ], [ 30.764781045915843, 46.399188156095306 ], [ 30.767627418174747, 46.40300904193181 ], [ 30.770097184266124, 46.407083506199129 ], [ 30.772167917722399, 46.411374551126059 ], [ 30.773820815452499, 46.415843212302029 ], [ 30.775040868481486, 46.420448912489654 ], [ 30.775816998238078, 46.42514983008229 ], [ 30.790562923860001, 46.551740965525006 ], [ 30.790750079382384, 46.552874792820177 ], [ 30.791882901694354, 46.553067938190935 ], [ 31.398829422684265, 46.627021284060994 ], [ 31.403565444230438, 46.627830905396664 ], [ 31.408201888888026, 46.62909136869645 ], [ 31.412695943009723, 46.630791034647231 ], [ 31.417006107804461, 46.632914208270655 ], [ 31.421092582543668, 46.635441283852984 ], [ 31.424917632087357, 46.638348925987316 ], [ 31.428445935336239, 46.641610285056309 ], [ 31.47451290155924, 46.688492410809062 ], [ 31.477749369423911, 46.692123743150276 ], [ 31.480617662744439, 46.69605238060349 ], [ 31.483090634502688, 46.700241140502825 ], [ 31.485144879209173, 46.704650378248431 ], [ 31.486760954424756, 46.709238362523578 ], [ 31.487923564774011, 46.713961670261504 ], [ 31.488621706708585, 46.718775597623917 ], [ 31.48884877265051, 46.723634583101301 ], [ 31.488602613529739, 46.728492638730735 ], [ 31.487885559124084, 46.733303785349861 ], [ 31.486704396008964, 46.738022487767566 ], [ 31.485070303325742, 46.742604085732687 ], [ 31.482998746976527, 46.747005216621837 ], [ 31.480509333246832, 46.751184225845783 ], [ 31.477625623241504, 46.755101561090122 ], [ 31.441457802932124, 46.799532441384983 ], [ 31.440967889820726, 46.800198415772243 ], [ 31.441632784558678, 46.799707038393123 ], [ 31.480634132814505, 46.767816043930459 ], [ 31.484469273789063, 46.764974392265181 ], [ 31.488557904689799, 46.762511388440771 ], [ 31.492862764530521, 46.760449478589855 ], [ 31.497344621762331, 46.758807453548883 ], [ 31.501962631803146, 46.757600277611232 ], [ 31.506674709267287, 46.756838952152933 ], [ 31.511437911502899, 46.756530415373611 ], [ 31.516208829941917, 46.756677479066482 ], [ 31.520943985696078, 46.757278802993632 ], [ 31.525600225793774, 46.758328907099965 ], [ 31.530135116446726, 46.759818221454729 ], [ 31.534507329762512, 46.761733173465302 ], [ 31.538677020378724, 46.76405631156851 ], [ 31.617142241062496, 46.812820993423593 ], [ 31.618007924378748, 46.813302328876418 ], [ 31.617492844219104, 46.812456288776005 ], [ 31.548359924248118, 46.710420054102819 ], [ 31.545762957747598, 46.70614029857726 ], [ 31.543606963726383, 46.701622308742849 ], [ 31.541913554336276, 46.696911373909842 ], [ 31.540699704680375, 46.69205471751102 ], [ 31.539977582650973, 46.687101023723756 ], [ 31.539754426955955, 46.682099949449253 ], [ 31.540032474556416, 46.677101626540988 ], [ 31.540808938242893, 46.672156159272177 ], [ 31.54207603457494, 46.667313122079598 ], [ 31.543821061904033, 46.662621062618754 ], [ 31.546026527697652, 46.65812701511161 ], [ 31.548670323888217, 46.653876028865319 ], [ 31.55172594848915, 46.649910716688261 ], [ 31.555162771256551, 46.64627082772995 ], [ 31.558946340733396, 46.642992849026967 ], [ 31.563038729598421, 46.640109639748964 ], [ 31.567398914857819, 46.637650101811246 ], [ 31.571983189068629, 46.635638890155683 ], [ 31.576745598471621, 46.634096165604241 ], [ 31.581638403641762, 46.633037392762503 ], [ 31.586612558038553, 46.632473184999135 ], [ 31.591618199659198, 46.632409198055157 ], [ 31.835238384091159, 46.641500244820982 ], [ 31.840216507362129, 46.641935899709431 ], [ 31.84512628212827, 46.642866285773664 ], [ 31.84991866660063, 46.644282109757036 ], [ 31.854545791555232, 46.646169229556428 ], [ 31.858961438479763, 46.648508795482122 ], [ 31.863121501231902, 46.651277438539843 ], [ 31.866984426598052, 46.654447503854364 ], [ 31.870511629351885, 46.657987326903068 ], [ 31.873667877666826, 46.661861549800271 ], [ 31.876421645032774, 46.666031474473094 ], [ 31.878745425161878, 46.670455449201143 ], [ 31.88061600673791, 46.675089284658966 ], [ 31.882014705264893, 46.679886695305697 ], [ 31.882927549699094, 46.684799761712917 ], [ 31.883345422000229, 46.689779409212761 ], [ 31.883264148207946, 46.694775898085311 ], [ 31.882684540133855, 46.699739320388844 ], [ 31.864949146910423, 46.805439097492979 ], [ 31.864812908187041, 46.806571514233646 ], [ 31.86547971881539, 46.807496874839138 ], [ 31.914337431259725, 46.869049142354562 ], [ 31.917238890533881, 46.873104401793221 ], [ 31.919722006628053, 46.877428488922007 ], [ 31.921762083865044, 46.881978398800406 ], [ 31.923338832783156, 46.88670888058175 ], [ 31.924436571923753, 46.891572887552719 ], [ 31.925044383790265, 46.896522045033478 ], [ 31.92515622342744, 46.90150713148509 ], [ 31.924770978541108, 46.90647856803924 ], [ 31.923892480560401, 46.911386911581857 ], [ 31.922529466532531, 46.916183346486477 ], [ 31.920695492229026, 46.920820170107078 ], [ 31.91840879732764, 46.925251267201745 ], [ 31.915692124010771, 46.929432568569005 ], [ 31.912572490784498, 46.933322489335289 ], [ 31.909080923767693, 46.936882342534737 ], [ 31.905252148123697, 46.94007672386801 ], [ 31.901124242703347, 46.942873863813574 ], [ 31.899496245771058, 46.943862304705135 ], [ 31.899526734705599, 46.943974510504738 ], [ 31.900571999020244, 46.948722816417053 ], [ 31.901151142889582, 46.95355019447382 ], [ 31.901258690163967, 46.958410998945112 ], [ 31.900893623919973, 46.963259268034371 ], [ 31.900059396076006, 46.968049158474528 ], [ 31.898763894752371, 46.972735379003353 ], [ 31.897019369684401, 46.977273618619286 ], [ 31.894842316393923, 46.981620965568261 ], [ 31.892253320214298, 46.985736313099913 ], [ 31.889276861643847, 46.9895807481563 ], [ 31.885941084868186, 46.993117919318017 ], [ 31.882277531640209, 46.99631438052851 ], [ 31.878320843034079, 46.999139907346375 ], [ 31.874108431893244, 47.001567782735464 ], [ 31.869680129069788, 47.003575049690333 ], [ 31.865077806800016, 47.0051427283084 ], [ 31.860344982777573, 47.006255995256147 ], [ 31.855526408667778, 47.006904323932645 ], [ 31.838654324369724, 47.008343707996183 ], [ 31.837498285909959, 47.008500646135367 ], [ 31.837906888218388, 47.009593394346759 ], [ 31.85969434326848, 47.060046022829631 ], [ 31.86140726513408, 47.064612605813025 ], [ 31.862667118465655, 47.069324351884795 ], [ 31.863461915616913, 47.07413642825059 ], [ 31.863784094003474, 47.079003047462024 ], [ 31.863630588061724, 47.083877903089402 ], [ 31.863002858417975, 47.08871461033258 ], [ 31.861906877990464, 47.093467147377616 ], [ 31.860353075156347, 47.09809029329945 ], [ 31.858356234524528, 47.102540058344147 ], [ 31.855935356258431, 47.106774102496331 ], [ 31.853113475287309, 47.110752138349206 ], [ 31.849917442126308, 47.114436314443758 ], [ 31.846377667390779, 47.117791575429671 ], [ 31.727713998832058, 47.219755886702075 ], [ 31.726881524109746, 47.220542588325735 ], [ 31.727243087270384, 47.221629411995302 ], [ 31.741276092858801, 47.257977197502662 ], [ 31.741729107782813, 47.259000938311878 ], [ 31.742531025123522, 47.258219787657787 ], [ 31.895971911562544, 47.093629077998266 ], [ 31.896748851667461, 47.092707757251176 ], [ 31.896285846239081, 47.091595060608391 ], [ 31.894160984095336, 47.087129016608912 ], [ 31.892274261623996, 47.082604066657353 ], [ 31.890839750002041, 47.077916095864531 ], [ 31.889871240563231, 47.073110174182389 ], [ 31.889378044516157, 47.068232505537729 ], [ 31.889364903426646, 47.063329983629593 ], [ 31.889831943632583, 47.058449741095259 ], [ 31.890774675029267, 47.053638696379018 ], [ 31.892184034237129, 47.04894310266031 ], [ 31.894046471736633, 47.044408103177581 ], [ 31.896344082132821, 47.040077297223107 ], [ 31.899054776296989, 47.035992320981286 ], [ 31.902152493730654, 47.032192447240078 ], [ 31.905607453110061, 47.028714207824137 ], [ 31.909386438602578, 47.025591042379389 ], [ 31.913453119202288, 47.022852976885673 ], [ 31.917768398014744, 47.020526334988276 ], [ 31.922290788132845, 47.018633484923519 ], [ 31.926976811490199, 47.017192624471477 ], [ 31.931781416857412, 47.016217606003295 ], [ 31.975683500420839, 47.009529898161581 ], [ 31.976806591458974, 47.009301854727966 ], [ 31.976091401943094, 47.007984781151073 ], [ 31.973951773531994, 47.003533317241931 ], [ 31.972261761086589, 46.998892476950964 ], [ 31.971037854761807, 46.994107542888706 ], [ 31.970291996721137, 46.989225203648637 ], [ 31.970031464611953, 46.984293098247086 ], [ 31.970258800554504, 46.979359351289531 ], [ 31.970971786337362, 46.974472103398803 ], [ 31.972163465061445, 46.969679041486991 ], [ 31.973822209021392, 46.965026933454354 ], [ 31.975931833161898, 46.960561171855502 ], [ 31.978471753002051, 46.956325330985322 ], [ 31.981417185486688, 46.952360741706414 ], [ 31.984739390804958, 46.948706088166716 ], [ 31.988405952816642, 46.945397030342136 ], [ 31.99238109534992, 46.942465856087324 ], [ 31.995255706493005, 46.940756171391897 ], [ 31.995893193665939, 46.940331562289593 ], [ 31.99646598917651, 46.939233971019341 ], [ 32.0070122263133, 46.916284766025122 ], [ 32.00743961825755, 46.915227864833717 ], [ 32.007038538780193, 46.914160700715634 ], [ 31.95071585581023, 46.783138865441096 ], [ 31.949015500809971, 46.778585092176748 ], [ 31.947765363709085, 46.773887729587059 ], [ 31.946977259832373, 46.769091173494452 ], [ 31.946658637725502, 46.76424075722128 ], [ 31.94681250875713, 46.759382323134496 ], [ 31.947437418657788, 46.754561789379188 ], [ 31.948527461264511, 46.749824715895961 ], [ 31.950072334341289, 46.745215873823739 ], [ 31.952057436947822, 46.740778822357782 ], [ 31.954464007436236, 46.736555497061964 ], [ 32.011554528941609, 46.646809647459577 ], [ 32.014419099410809, 46.642764335873643 ], [ 32.017670139846146, 46.639022538726806 ], [ 32.02127569861937, 46.63562103086511 ], [ 32.025200339852034, 46.632593242729335 ], [ 32.029405491683782, 46.62996893179649 ], [ 32.033849825361301, 46.627773890119613 ], [ 32.03848966142246, 46.626029690840333 ], [ 32.043279398983486, 46.624753476165289 ], [ 32.32366571126834, 46.564754013446731 ], [ 32.328459683293396, 46.563969477274732 ], [ 32.333307161522185, 46.563653851541332 ], [ 32.338162390288204, 46.563810115458637 ], [ 32.342979540767097, 46.564436794041228 ], [ 32.347713143557989, 46.565527972028669 ], [ 32.644354297463245, 46.649274929547595 ], [ 32.645195304212486, 46.649468991812476 ], [ 32.644465217191126, 46.649008638191674 ], [ 32.318590853584844, 46.464926010652079 ], [ 32.317545565242654, 46.464399401740842 ], [ 32.316381396494975, 46.464520462843325 ], [ 32.03651784101848, 46.507144492690806 ], [ 32.031601983905631, 46.507646202610992 ], [ 32.02666061090153, 46.507660232302818 ], [ 32.021741984127488, 46.507186444739041 ], [ 32.016894143543624, 46.506229467377025 ], [ 32.012164437745206, 46.504798646962612 ], [ 32.007599061511456, 46.502907958240932 ], [ 32.003242604623694, 46.500575867465898 ], [ 31.999137616359352, 46.497825152041223 ], [ 31.995324189915486, 46.494682678054829 ], [ 31.991839570820723, 46.491179137879186 ], [ 31.988717793160195, 46.487348750400592 ], [ 31.985989347166484, 46.483228926805175 ], [ 31.983680881423183, 46.478859905185871 ], [ 31.981814942589622, 46.474284357539155 ], [ 31.980409755188884, 46.469546972989981 ], [ 31.979479043609864, 46.46469402131553 ], [ 31.979031898061923, 46.459772901030789 ], [ 31.979072685791309, 46.454831676449871 ], [ 31.979601008426478, 46.449918608244445 ], [ 31.980611705869002, 46.445081682084414 ], [ 31.982094906691938, 46.440368139964441 ], [ 31.984036124553537, 46.435824018793987 ], [ 31.986416399684547, 46.431493700757329 ], [ 31.989212484067256, 46.427419479835152 ], [ 31.992397068497606, 46.423641148721558 ], [ 31.995939049312707, 46.420195610171 ], [ 31.999803832178628, 46.417116516571056 ], [ 32.003953669971366, 46.414433941261414 ], [ 32.008348031450943, 46.41217408480918 ], [ 32.012943997127863, 46.410359019109393 ], [ 32.060693077134182, 46.394180142481005 ], [ 32.061699563672171, 46.393782862697996 ], [ 32.060703507986695, 46.393360110467455 ], [ 31.958215651434326, 46.355701640989111 ], [ 31.953766839174197, 46.353818309587439 ], [ 31.949520549166678, 46.351514423985577 ], [ 31.945516422852045, 46.348811492216029 ], [ 31.941791840940013, 46.345734747625563 ], [ 31.938381574440363, 46.342312913308156 ], [ 31.935317460056556, 46.338577933959172 ], [ 31.932628102972668, 46.334564677654157 ], [ 31.93033860980837, 46.330310610336284 ], [ 31.928470354234875, 46.325855446051264 ], [ 31.927040777440048, 46.321240776195019 ], [ 31.926063225305359, 46.316509681235253 ], [ 31.925546823814777, 46.311706328531677 ], [ 31.925496393858733, 46.306875560009594 ], [ 31.925912406228452, 46.302062473535969 ], [ 31.926790977220875, 46.29731200190615 ], [ 31.928123904895141, 46.292668493371693 ], [ 31.929898745642195, 46.288175297625124 ], [ 31.932098930352684, 46.283874361106861 ], [ 31.934703919098666, 46.279805835412255 ], [ 31.937689392885069, 46.276007702454457 ], [ 31.941027480680805, 46.272515419882502 ], [ 31.944687019610111, 46.269361590064761 ], [ 31.94863384587503, 46.266575655727962 ], [ 31.952831113693154, 46.264183625093267 ], [ 31.957239639273173, 46.262207829075273 ], [ 31.961818266616991, 46.260666712810725 ], [ 31.966524251733485, 46.259574663463063 ], [ 32.268083655939023, 46.20479644889393 ], [ 32.269234893257817, 46.204528062434882 ], [ 32.269187660937533, 46.203346898702286 ], [ 32.2664013221492, 46.172232779719025 ], [ 32.266203310913177, 46.167415116190931 ], [ 32.266470269571329, 46.162600780993387 ], [ 32.267199715505271, 46.157834545691919 ], [ 32.26838486513325, 46.153160734540535 ], [ 32.270014696994963, 46.148622812282269 ], [ 32.272074054247142, 46.144262979942901 ], [ 32.2745437856167, 46.140121782376774 ], [ 32.277400923500551, 46.136237731214372 ], [ 32.280618897556018, 46.132646946718211 ], [ 32.284167781795311, 46.129382821877527 ], [ 32.288014572886354, 46.126475711865602 ], [ 32.292123497071728, 46.123952651747743 ], [ 32.296456342851634, 46.121837105064962 ], [ 32.30097281633693, 46.120148745631631 ], [ 32.305630915967619, 46.118903274576127 ], [ 32.495811933247779, 46.077764827942417 ], [ 32.500896364604024, 46.076936517160455 ], [ 32.506039037186575, 46.076635752008556 ], [ 32.51118536144169, 46.076865725113748 ], [ 33.108356132430437, 46.134488154400202 ], [ 33.11304254942192, 46.135165613875259 ], [ 33.117643865947677, 46.136283353463973 ], [ 33.122118814722121, 46.137831348626932 ], [ 33.126427261799208, 46.139795716042237 ], [ 33.130530566517088, 46.142158838119201 ], [ 33.13439192805, 46.144899521003182 ], [ 33.234154854264155, 46.223067643531316 ], [ 33.235035839479792, 46.223690868431049 ], [ 33.23486133562448, 46.222625930578296 ], [ 33.223793005891977, 46.171039609164076 ], [ 33.223013388064068, 46.16631139913526 ], [ 33.222689986902843, 46.161530271054659 ], [ 33.222825773012765, 46.156740142020226 ], [ 33.223419499129221, 46.15198501180825 ], [ 33.224465711575256, 46.147308558713014 ], [ 33.225954800356398, 46.14275373833938 ], [ 33.227873087433323, 46.138362389033681 ], [ 33.230202952361651, 46.134174847577178 ], [ 33.23292299414468, 46.130229578672179 ], [ 33.236008227812462, 46.126562821624134 ], [ 33.239430313921481, 46.123208257465166 ], [ 33.243157818866884, 46.120196699576603 ], [ 33.247156503616168, 46.117555810652391 ], [ 33.251389638212117, 46.115309848603118 ], [ 33.255818339156207, 46.113479443734789 ], [ 33.404065817086824, 46.060373287703243 ], [ 33.408821224503292, 46.058932050506151 ], [ 33.413696202223164, 46.057969940021046 ], [ 33.418642602891012, 46.057496458460676 ], [ 33.423611573747934, 46.057516282130521 ], [ 33.428554039122261, 46.058029215243572 ], [ 33.43342118512173, 46.059030191854035 ], [ 33.438164941740311, 46.060509325890742 ], [ 33.442738457618013, 46.062452008796221 ], [ 33.612335699810451, 46.144666638371334 ], [ 33.613400094000411, 46.145118736635212 ], [ 33.613495711088355, 46.143966267457976 ], [ 33.618486176016994, 45.993020508550096 ], [ 33.61890274601442, 45.988025088192238 ], [ 33.619817409692516, 45.983096483372364 ], [ 33.62122097367331, 45.978284232000476 ], [ 33.623099330592005, 45.97363670250617 ], [ 33.625433600891533, 45.969200607682652 ], [ 33.62820032258292, 45.965020535171689 ], [ 33.631371687064096, 45.961138499308646 ], [ 33.63491581862705, 45.95759351883212 ], [ 33.638797094843774, 45.954421224702635 ], [ 33.642976504610949, 45.951653501972203 ], [ 33.647412040254508, 45.949318169304433 ], [ 33.652059119753076, 45.947438699366266 ], [ 33.656871034836392, 45.946033982901845 ], [ 33.661799420454926, 45.945118138859705 ], [ 33.775826373469307, 45.929794475330638 ], [ 33.776899830047959, 45.929596800719992 ], [ 33.776084644702038, 45.928870951472561 ], [ 33.692699961465486, 45.861582929099477 ], [ 33.691631810538418, 45.860811331081599 ], [ 33.690339986082137, 45.860551524464377 ], [ 33.178070390237288, 45.785705904866255 ], [ 33.173716026405188, 45.784871044727161 ], [ 33.16945273890952, 45.783653729828117 ], [ 33.165314049938658, 45.782063531904406 ], [ 33.161332501963962, 45.780112954666926 ], [ 32.547203056546046, 45.444700441462196 ], [ 32.543019894949097, 45.442141787741811 ], [ 32.539107482390691, 45.439185679188348 ], [ 32.535503449315243, 45.435860548303985 ], [ 32.532242460105479, 45.432198376928852 ], [ 32.529355879672792, 45.428234388632617 ], [ 32.526871471782606, 45.424006709926495 ], [ 32.524813132016384, 45.419556003554042 ], [ 32.523200657938673, 45.414925077387956 ], [ 32.522049558679775, 45.410158472694548 ], [ 32.521370905765515, 45.405302035726052 ], [ 32.521171226628866, 45.400402476761265 ], [ 32.521452441827691, 45.395506920835835 ], [ 32.522211846572354, 45.390662454483305 ], [ 32.523442136741011, 45.385915672846451 ], [ 32.525131479132256, 45.381312231514997 ], [ 32.527263625279438, 45.376896407400054 ], [ 32.529818067732009, 45.372710672869111 ], [ 32.532770237300682, 45.368795287237418 ], [ 32.53609173936929, 45.365187909545071 ], [ 32.539750627000473, 45.361923236344055 ], [ 32.575270485509826, 45.333231083642424 ], [ 32.579257210526585, 45.330323675867199 ], [ 32.583511091651602, 45.327823377544021 ], [ 32.587990701193633, 45.325754538574529 ], [ 32.592652413137834, 45.324137306964651 ], [ 32.597450828010764, 45.322987432607214 ], [ 32.602339215016713, 45.322316113896917 ], [ 32.607269967139466, 45.322129888671427 ], [ 32.612195064777502, 45.32243057054071 ], [ 32.897992089857539, 45.354093435681783 ], [ 32.899248767627789, 45.354167975204824 ], [ 32.900381406125696, 45.353618498006256 ], [ 33.242516520150708, 45.165475090873336 ], [ 33.24668996590264, 45.163426731118854 ], [ 33.251035622714461, 45.161774855214922 ], [ 33.25551592077143, 45.16053374424132 ], [ 33.260092126235335, 45.159714128062689 ], [ 33.264724676112834, 45.15932309256484 ], [ 33.269373520292255, 45.159364018394676 ], [ 33.273998467791642, 45.159836551733221 ], [ 33.278559534224691, 45.160736607354522 ], [ 33.39525357954755, 45.189459161238716 ], [ 33.396487018137208, 45.189696645849658 ], [ 33.397632238150429, 45.189180660562926 ], [ 33.53636500477652, 45.117931932537481 ], [ 33.537400718216553, 45.117334761749838 ], [ 33.537936665520519, 45.116266082300015 ], [ 33.619165643104807, 44.932535784978917 ], [ 33.619578278610483, 44.931470034137369 ], [ 33.618963518758981, 44.93050662184671 ], [ 33.530915501906364, 44.805818150618883 ], [ 33.528391680442674, 44.801862351707719 ], [ 33.526249802742115, 44.797687381082433 ], [ 33.524508732766954, 44.793330008577385 ], [ 33.523183804482457, 44.788828610478234 ], [ 33.522286686807519, 44.78422283153396 ], [ 33.521825280844027, 44.779553235797394 ], [ 33.521803650290245, 44.774860949369085 ], [ 33.522221985650951, 44.770187298191246 ], [ 33.523076602559648, 44.765573444081554 ], [ 33.524359974227522, 44.761060022212476 ], [ 33.571151181520285, 44.621720077644177 ], [ 33.571468662459345, 44.620593337182143 ], [ 33.570339533246326, 44.620284459479159 ], [ 33.501261519881211, 44.605004335480992 ], [ 33.496598090067501, 44.603733507043394 ], [ 33.492079157235032, 44.602018331075492 ], [ 33.487746950960336, 44.599874835953344 ], [ 33.483641955854083, 44.597323052709633 ], [ 33.479802533231087, 44.594386827843039 ], [ 33.476264562622525, 44.591093600471872 ], [ 33.473061106480557, 44.587474145914669 ], [ 33.470222101208591, 44.583562288093759 ], [ 33.467774077404648, 44.579394583449655 ], [ 33.46573991193199, 44.575009979319852 ], [ 33.464138614134129, 44.570449449974724 ], [ 33.462985148191862, 44.565755613711573 ], [ 33.4622902932825, 44.560972334585273 ], [ 33.462060542848114, 44.556144312497175 ], [ 33.462298043914096, 44.551316665473124 ], [ 33.463000577025149, 44.546534508033943 ], [ 33.464161576986157, 44.54184252959881 ], [ 33.465770194214137, 44.537284576861119 ], [ 33.467811396127992, 44.532903244039687 ], [ 33.470266107628433, 44.528739474834417 ], [ 33.473111389355445, 44.524832179805991 ], [ 33.476320652057339, 44.521217872755464 ], [ 33.4798639050682, 44.517930329501574 ], [ 33.483708036571656, 44.515000272244563 ], [ 33.487817123031881, 44.512455082466253 ], [ 33.637474390965586, 44.429485628149202 ], [ 33.641464302010547, 44.427500706312429 ], [ 33.645615101169497, 44.425878926060101 ], [ 33.649893815648092, 44.42463317036357 ], [ 33.654266456528269, 44.423773335159694 ], [ 33.923929046613893, 44.383132563402427 ], [ 33.928447402189249, 44.382660319540783 ], [ 33.932989970769178, 44.382600135931369 ], [ 33.937519251539683, 44.382952509415198 ], [ 33.941997853383228, 44.383714531000969 ], [ 33.946388803558129, 44.384879909880034 ], [ 33.950655852924079, 44.386439025359635 ], [ 34.320331199268047, 44.540890853010787 ], [ 34.324551951309608, 44.542890716003278 ], [ 34.328567682854455, 44.545275689786109 ], [ 34.33234335391451, 44.548024963841442 ], [ 34.335846019192644, 44.551114548883874 ], [ 34.339045115552793, 44.554517486183265 ], [ 34.499258419274234, 44.741742150241521 ], [ 34.500039176853065, 44.742573412718372 ], [ 34.501140836367284, 44.742868244903043 ], [ 34.951321064014465, 44.841284443795224 ], [ 34.952480457419604, 44.841480596470291 ], [ 34.953600740666126, 44.841123336918471 ], [ 35.051720340760419, 44.804600696019328 ], [ 35.056536048712836, 44.803080286759652 ], [ 35.061480559928718, 44.802053400088276 ], [ 35.066503435078523, 44.801530511353114 ], [ 35.071553435436329, 44.801516954581345 ], [ 35.076579045569936, 44.802012868066626 ], [ 35.081528998853649, 44.803013192958304 ], [ 35.086352800442974, 44.804507724867186 ], [ 35.091001242376315, 44.806481217961235 ], [ 35.095426905549054, 44.808913540489463 ], [ 35.099584643439421, 44.811779880147434 ], [ 35.103432042651534, 44.815050997189445 ], [ 35.255130163269236, 44.957836060836748 ], [ 35.256052997524471, 44.958622182028613 ], [ 35.257260628192846, 44.958516173728164 ], [ 35.339395007400334, 44.947182110661366 ], [ 35.344488905384836, 44.946743065317335 ], [ 35.349601008063317, 44.946826514076136 ], [ 35.354677862150183, 44.947431584378926 ], [ 35.359666382926981, 44.948551949475693 ], [ 35.364514409308057, 44.950175894579154 ], [ 35.369171249248474, 44.952286439357167 ], [ 35.373588209791357, 44.954861515482889 ], [ 35.377719106212297, 44.957874197386126 ], [ 35.381520744937156, 44.961292983793072 ], [ 35.384953375183663, 44.965082127110684 ], [ 35.50538719563923, 45.112521891364636 ], [ 35.506216281738304, 45.113437181478481 ], [ 35.507399895301141, 45.113084763139085 ], [ 35.836794766130076, 44.99638486604541 ], [ 35.841258530856713, 44.995034160468478 ], [ 35.845828725756668, 44.99410522577395 ], [ 35.85046559086355, 44.993606143545435 ], [ 35.855128786190818, 44.993541255718689 ], [ 35.859777742683193, 44.993911126807454 ], [ 36.395783197812456, 45.061832653599851 ], [ 36.400569566098262, 45.062677288856158 ], [ 36.405251314013597, 45.063982649549928 ], [ 36.40978420329153, 45.065736401207815 ], [ 36.414125402244096, 45.067921972469016 ], [ 36.418233890482853, 45.070518711669536 ], [ 36.422070846524328, 45.07350208198168 ], [ 36.42560001461775, 45.076843893264794 ], [ 36.428788047328993, 45.080512568436511 ], [ 36.431604820643578, 45.084473441847486 ], [ 36.434023718611215, 45.08868908684034 ], [ 36.436021884842376, 45.093119669397538 ], [ 36.43758043848046, 45.097723324536751 ], [ 36.438684652608693, 45.102456551896864 ], [ 36.439324093406157, 45.107274626776949 ], [ 36.43949271873791, 45.112132022744035 ], [ 36.437284013174342, 45.270780148824301 ], [ 36.43732846872296, 45.27199852487032 ], [ 36.438438848074554, 45.27250198706443 ], [ 36.578395234342409, 45.327640611998881 ], [ 36.582765072093181, 45.329609084560971 ], [ 36.5869263637423, 45.331986902469623 ], [ 36.590840874732564, 45.334752217985603 ], [ 36.594472637963598, 45.337879622984879 ], [ 36.597788284262855, 45.341340382412227 ], [ 36.600757348986477, 45.345102698303101 ], [ 36.603352551932872, 45.349132001948 ], [ 36.605550047997234, 45.353391271514823 ], [ 36.607329646263835, 45.357841372210906 ], [ 36.608674995523124, 45.362441415859209 ], [ 36.609573734509055, 45.367149136584885 ], [ 36.610017605476166, 45.371921279160325 ], [ 36.610002530073004, 45.376713996440529 ], [ 36.609528646814574, 45.381483252237103 ], [ 36.608600309809674, 45.386185225929189 ], [ 36.607226048754683, 45.390776715093779 ], [ 36.605418490561469, 45.395215532455857 ], [ 36.603194243339487, 45.399460893511325 ], [ 36.600573743798016, 45.40347379126095 ], [ 36.595333865733402, 45.410714420418799 ], [ 36.592282671267839, 45.414524274913596 ], [ 36.588874536103106, 45.418018469189406 ], [ 36.585141939465956, 45.421163703883749 ], [ 36.58112045267228, 45.423930005188105 ], [ 36.576848400135624, 45.426291010495653 ], [ 36.572366494138919, 45.428224219634586 ], [ 36.56771744684999, 45.429711209292748 ], [ 36.562945563278411, 45.430737808590187 ], [ 36.297366742239177, 45.474435166929922 ], [ 36.292120099139908, 45.475016036869121 ], [ 36.286841455976592, 45.47504053282259 ], [ 36.281589647816944, 45.474508381761616 ], [ 36.276423210629254, 45.473425514972469 ], [ 36.271399728848081, 45.471804001947056 ], [ 35.98715906777668, 45.363176255746531 ], [ 35.98602154718013, 45.362804357956577 ], [ 35.98501208204091, 45.363447196355189 ], [ 35.869568948483618, 45.445186101372158 ], [ 35.865483370503519, 45.447791194987126 ], [ 35.861164816261613, 45.449988591044708 ], [ 35.856653842959403, 45.451757652954576 ], [ 35.851992814879708, 45.453081766776904 ], [ 35.847225505527376, 45.453948497250224 ], [ 35.842396686535523, 45.454349704575776 ], [ 35.837551707197889, 45.454281620861479 ], [ 35.83273606857626, 45.453744885507639 ], [ 35.827994996182468, 45.452744539202108 ], [ 35.823373015248258, 45.451289976581243 ], [ 35.818913532571756, 45.449394858001277 ], [ 35.814658428867517, 45.447076981248642 ], [ 35.810647665448698, 45.444358114394156 ], [ 35.806918908934968, 45.441263791360676 ], [ 35.803507177510852, 45.437823072124253 ], [ 35.71685002555931, 45.34151396150024 ], [ 35.715959394533847, 45.340620646948508 ], [ 35.714745319619091, 45.34027821941892 ], [ 35.51907479923652, 45.29576016198402 ], [ 35.517838361067078, 45.29554438877804 ], [ 35.516653662392699, 45.29595890834878 ], [ 35.33325494705182, 45.370813885704322 ], [ 35.332234777143405, 45.371285325335194 ], [ 35.331448452041059, 45.372088254224593 ], [ 34.958926569671206, 45.788703240887678 ], [ 34.958224176378224, 45.789563249427772 ], [ 34.957774932525822, 45.790578705476968 ], [ 34.811723073627491, 46.165134968279908 ], [ 34.811359508481409, 46.166217132601041 ], [ 34.812380214364701, 46.166728423841832 ], [ 35.100167480577269, 46.294108381211515 ], [ 35.104158680579104, 46.296092201544745 ], [ 35.10795735970391, 46.298423565410801 ], [ 35.111533333312209, 46.301083947586719 ], [ 35.114858186402209, 46.304052208441007 ], [ 35.184634928471866, 46.372171612538857 ], [ 35.188069889600307, 46.375882307127448 ], [ 35.191112502921776, 46.379920959930018 ], [ 35.193731650762949, 46.38424626649369 ], [ 35.195900546352625, 46.388813990675906 ], [ 35.197597007777667, 46.393577417060037 ], [ 35.198803684843732, 46.398487828727291 ], [ 35.199508236520664, 46.403495005498506 ], [ 35.199703457157732, 46.408547737550236 ], [ 35.199387350177858, 46.413594349152184 ], [ 35.198563148497186, 46.418583227169663 ], [ 35.197239281461137, 46.423463348925786 ], [ 35.195429288635069, 46.42818480402493 ], [ 35.167167561805663, 46.492042337455786 ], [ 35.16674589384332, 46.493135280418457 ], [ 35.167581782294668, 46.49395602318387 ], [ 35.1874012637889, 46.511614735051353 ], [ 35.188319168891582, 46.512354524919452 ], [ 35.189136256808631, 46.51150469778279 ], [ 35.322880602123888, 46.357875610813736 ], [ 35.326185318208232, 46.354427010518556 ], [ 35.32980401739087, 46.351309478061701 ], [ 35.333703676881555, 46.34855146278786 ], [ 35.337848709959495, 46.346178133232833 ], [ 35.342201290723452, 46.344211147445577 ], [ 35.346721699275641, 46.342668455345617 ], [ 35.351368684189538, 46.341564134919288 ], [ 35.356099838953753, 46.340908263749711 ], [ 35.360871988956752, 46.340706827052827 ], [ 35.365641585481001, 46.340961663058756 ], [ 35.370365103110956, 46.341670446236812 ], [ 35.374999436928512, 46.342826708517379 ], [ 35.379502295871085, 46.344419898316914 ], [ 35.383832588662798, 46.346435476827423 ], [ 35.387950798796929, 46.348855050691789 ], [ 35.391819345147617, 46.351656539854112 ], [ 35.395402924920042, 46.354814379053416 ], [ 35.490546966941864, 46.447093061253433 ], [ 35.491503752084903, 46.447930413866843 ], [ 35.492610793299576, 46.448555759337964 ], [ 35.900485056708696, 46.65216918114394 ], [ 35.901638712486452, 46.6526736115772 ], [ 35.902890586487679, 46.65280845667634 ], [ 36.188282103886394, 46.668945946389968 ], [ 36.189447906560467, 46.668956617181173 ], [ 36.190436403221355, 46.668338487670241 ], [ 36.244781681809826, 46.630665066745365 ], [ 36.248930739085431, 46.62807964288087 ], [ 36.253312448045492, 46.625911759252837 ], [ 36.257884921142313, 46.624182140042102 ], [ 36.262604447192295, 46.622907319780687 ], [ 36.267425909238945, 46.622099485287713 ], [ 36.272303215854649, 46.621766359167793 ], [ 36.277189741757965, 46.621911125985754 ], [ 36.28203877353441, 46.622532401823349 ], [ 36.286803956199748, 46.623624247509007 ], [ 36.291439736336827, 46.625176225394171 ], [ 36.295901797569691, 46.627173499133413 ], [ 36.300147484212097, 46.629596975514538 ], [ 36.304136209040351, 46.632423486982731 ], [ 36.307829841292467, 46.635626013113999 ], [ 36.399289681169265, 46.723114650518511 ], [ 36.400184227753684, 46.723891670096911 ], [ 36.401336513413085, 46.724167733090042 ], [ 36.69488738949309, 46.779753481128679 ], [ 36.696046985976295, 46.779916413015911 ], [ 36.697110897865016, 46.779427227676194 ], [ 36.76753595139219, 46.742895576604695 ], [ 36.772000090977301, 46.74085146270869 ], [ 36.776643192289328, 46.739255043571546 ], [ 36.781420482935218, 46.738121713107866 ], [ 36.786285896564017, 46.737462399771196 ], [ 36.79119251707445, 46.737283461173377 ], [ 36.796093031016454, 46.737586622779496 ], [ 36.800940183824245, 46.738368961269622 ], [ 36.805687235481585, 46.739622932727734 ], [ 36.810288411225358, 46.741336445386025 ], [ 36.814699342941438, 46.743492976223109 ], [ 36.818877496996528, 46.74607173029186 ], [ 36.822782584380548, 46.749047841240461 ], [ 36.826376949204565, 46.752392611093093 ], [ 36.829625931808174, 46.756073786978142 ], [ 36.832498202974897, 46.760055872135446 ], [ 36.834966066032834, 46.764300468203679 ], [ 36.853155541482153, 46.799451585567901 ], [ 36.853726558009079, 46.800439828399469 ], [ 36.854779163162178, 46.800881083608942 ], [ 37.225861489886164, 46.936559070787823 ], [ 37.22705734154264, 46.936928252281895 ], [ 37.228202213073281, 46.936422658237113 ], [ 37.305656158803863, 46.897375145839739 ], [ 37.310107813893879, 46.895396663630841 ], [ 37.31473087509525, 46.893860782769643 ], [ 37.31948145730626, 46.892782082835538 ], [ 37.324314464912888, 46.892170803549405 ], [ 37.329184019865693, 46.892032747571527 ], [ 37.33404389718406, 46.892369225418989 ], [ 37.338847963753771, 46.893177043025361 ], [ 37.343550616252521, 46.894448532060871 ], [ 37.348107214046259, 46.896171622725191 ], [ 37.352474502947146, 46.898329958321803 ], [ 37.356611025810388, 46.900903050526388 ], [ 37.3604775160724, 46.903866473875347 ], [ 37.579808149821908, 47.08961051345041 ], [ 37.580761755687909, 47.09034125846761 ], [ 37.581960377459758, 47.090422856726455 ], [ 38.070261617874657, 47.09977433955607 ], [ 38.071504701933044, 47.09973437634077 ], [ 38.072115046430461, 47.098650709127433 ], [ 38.082103056832381, 47.078574586026953 ], [ 38.084438413049298, 47.074395079115156 ], [ 38.087162809377105, 47.070458096598728 ], [ 38.0902512661891, 47.066799736145455 ], [ 38.093675465836547, 47.063453540774574 ], [ 38.09740401228941, 47.060450191305321 ], [ 38.10140271900238, 47.057817225048545 ], [ 38.105634922366725, 47.055578783320819 ], [ 38.110061817874076, 47.053755390095894 ], [ 38.114642815909725, 47.052363763823152 ], [ 38.119335913913467, 47.051416664138344 ], [ 38.124098081495397, 47.050922774872205 ], [ 38.128885654975896, 47.05088662442958 ], [ 38.133654737732016, 47.051308544269041 ], [ 38.138361602679808, 47.052184665863848 ], [ 38.142963093202113, 47.053506956171894 ], [ 38.147417018845836, 47.055263291289648 ], [ 38.151682542160565, 47.057437567614585 ], [ 38.155720553131729, 47.060009849496957 ], [ 38.223126709616288, 47.107633764499219 ], [ 38.224153971416065, 47.108286249362891 ], [ 38.225352939684655, 47.108494764094665 ], [ 38.414402974763135, 47.131861771785601 ], [ 38.419632612279308, 47.132792466840797 ], [ 38.424734004756438, 47.134272702170257 ], [ 38.42964957726312, 47.136285771659352 ], [ 38.434323852054554, 47.138808955562773 ], [ 38.438704074701107, 47.141813776922348 ], [ 38.552323784531247, 47.22898116686131 ], [ 38.553427419492358, 47.229736795363948 ], [ 38.554714292042874, 47.230101409680671 ], [ 38.809194933025829, 47.287556982543592 ], [ 38.809995103134746, 47.28769669669903 ], [ 38.80926778346506, 47.287335036158353 ], [ 38.733222919239687, 47.254079373139454 ], [ 38.728770812593083, 47.251862413188896 ], [ 38.724560981710859, 47.249214113931224 ], [ 38.72063508062157, 47.246160678873423 ], [ 38.717031954020079, 47.242732320124873 ], [ 38.713787252920071, 47.238962959464665 ], [ 38.710933081906269, 47.23488989270372 ], [ 38.708497681476757, 47.230553420662645 ], [ 38.706505148618284, 47.225996450416631 ], [ 38.704975198379493, 47.221264070752873 ], [ 38.703922968801002, 47.216403106041085 ], [ 38.703358871132622, 47.211461652931355 ], [ 38.703288486819545, 47.206488604463509 ], [ 38.703712512276958, 47.201533166296549 ], [ 38.704626751999406, 47.196644369844961 ], [ 38.706022160073019, 47.191870587139057 ], [ 38.707884929680056, 47.187259052209534 ], [ 38.710196629709955, 47.182855393731984 ], [ 38.712934387125358, 47.178703183555527 ], [ 38.716071113278588, 47.174843505582587 ], [ 38.719575771939354, 47.171314549265681 ], [ 38.723413686381669, 47.16815123174311 ], [ 38.727546882491545, 47.165384852352567 ], [ 38.731934464500583, 47.163042782940899 ], [ 38.73653301962775, 47.161148197034287 ], [ 38.74129704762565, 47.159719840548561 ], [ 38.74617941098122, 47.158771846308433 ], [ 38.751131801316198, 47.158313594210675 ], [ 38.756105217372777, 47.158349618415095 ], [ 38.836913376394016, 47.162960614948105 ], [ 38.842067814884601, 47.163524026526623 ], [ 38.847136188516302, 47.164618219146561 ], [ 38.852063990643266, 47.166231425567787 ], [ 38.856798226363225, 47.168346296936903 ], [ 39.087000731908525, 47.285860083495457 ], [ 39.088156498893667, 47.286377050965449 ], [ 39.089417103316208, 47.286259029022325 ], [ 39.262752613097639, 47.260992630852705 ], [ 39.26394657339312, 47.260756213925987 ], [ 39.264014926016301, 47.259540992929772 ], [ 39.2645884095352, 47.154358868009112 ], [ 39.264869807090818, 47.14932728494238 ], [ 39.265656258801492, 47.144349584022429 ], [ 39.266939775572141, 47.139476330751648 ], [ 39.268707318919468, 47.134757029610896 ], [ 39.270940933422118, 47.130239621172947 ], [ 39.273617929119148, 47.125969995102693 ], [ 39.276711112003831, 47.121991523991369 ], [ 39.280189060271375, 47.118344622760191 ], [ 39.284016443514389, 47.115066338109209 ], [ 39.288154381623407, 47.11218997218193 ], [ 39.292560839746876, 47.109744744268653 ], [ 39.297191055298121, 47.107755493985067 ], [ 39.301997992671893, 47.1062424289414 ], [ 39.30693282105107, 47.105220919465303 ], [ 39.311945410449901, 47.104701342463841 ], [ 39.316984840954689, 47.104688976010678 ], [ 39.321999919988905, 47.105183945729244 ], [ 39.387477214795759, 47.114999082877944 ], [ 39.388527714017272, 47.11510454121791 ], [ 39.387795675024933, 47.114343759390032 ], [ 39.280901874445796, 47.013575332984935 ], [ 39.28002036950452, 47.012819896652573 ], [ 39.278860869340114, 47.012877293363367 ], [ 39.08979649809222, 47.031242902729346 ], [ 39.085050847520662, 47.031477069644488 ], [ 39.080304397147515, 47.031259716598171 ], [ 39.075600009381823, 47.030592806378245 ], [ 39.070980166789873, 47.029482361459706 ], [ 39.066486588460108, 47.02793840961921 ], [ 39.062159853262479, 47.025974893380152 ], [ 38.804813224472767, 46.894100174718616 ], [ 38.803702171139818, 46.893598008720907 ], [ 38.802514532551683, 46.893322101523061 ], [ 38.486444419276083, 46.836064883351781 ], [ 38.481570632295934, 46.834927426834447 ], [ 38.476834971879711, 46.833308437248633 ], [ 38.47228488481155, 46.831224135320198 ], [ 38.467965958608261, 46.828695403759262 ], [ 38.463921464776078, 46.825747578035411 ], [ 38.460191925271587, 46.82241019254058 ], [ 38.456814706510485, 46.818716684682677 ], [ 38.453823644991893, 46.814704059874806 ], [ 38.451248708289015, 46.810412520776431 ], [ 38.449115694802735, 46.805885064501204 ], [ 38.447445975286335, 46.801167051827072 ], [ 38.446256278731035, 46.79630575272467 ], [ 38.445558524757459, 46.791349872757486 ], [ 38.445359704192491, 46.786349065098754 ], [ 38.445661809027882, 46.781353433054143 ], [ 38.446461812462367, 46.776413028074636 ], [ 38.447751699227339, 46.771577348288886 ], [ 38.449518545892168, 46.766894842579362 ], [ 38.451744650344601, 46.762412425170915 ], [ 38.454407709148981, 46.758175005595142 ], [ 38.457481041005316, 46.754225038739889 ], [ 38.460933854070383, 46.750602099491921 ], [ 38.464731554462489, 46.747342486234416 ], [ 38.468836092859085, 46.74447885717192 ], [ 38.471549607053788, 46.742781041366882 ], [ 38.590633537155554, 46.659950484778129 ], [ 38.59141209467009, 46.659349972747769 ], [ 38.590443946091412, 46.659521596847867 ], [ 38.286883143035361, 46.728905821063982 ], [ 38.281940863227689, 46.729777119120364 ], [ 38.276936136069601, 46.730148597347814 ], [ 38.271919379763034, 46.730016513431586 ], [ 38.266941133692967, 46.729382198000373 ], [ 38.262051549287797, 46.72825204122141 ], [ 38.257299884787997, 46.726637428425178 ], [ 37.98340073085155, 46.617947899526975 ], [ 37.982264501453656, 46.617559851900282 ], [ 37.981078700921479, 46.617748200787418 ], [ 37.864241309498368, 46.642185396793806 ], [ 37.859425705332598, 46.642949720596491 ], [ 37.854558552212993, 46.643241362272306 ], [ 37.849686135275121, 46.643057548398239 ], [ 37.844854789711846, 46.642400026987936 ], [ 37.840110460139847, 46.641275050868636 ], [ 37.835498263680364, 46.639693318218704 ], [ 37.831062060909204, 46.637669870831218 ], [ 37.826844038756107, 46.63522395107114 ], [ 37.822884309319946, 46.632378818886309 ], [ 37.819220528414959, 46.629161530612457 ], [ 37.815887537475504, 46.625602681675758 ], [ 37.812917032224654, 46.621736115639671 ], [ 37.810337261257608, 46.617598602363039 ], [ 37.808172757406183, 46.613229488329971 ], [ 37.806444104439123, 46.608670322476854 ], [ 37.805167741316723, 46.603964461074675 ], [ 37.804355805861384, 46.59915665542416 ], [ 37.804016019330625, 46.59429262628462 ], [ 37.804151612990289, 46.589418629083532 ], [ 37.804761297386207, 46.584581014041575 ], [ 37.805839274606484, 46.579825785396253 ], [ 37.807375293417898, 46.575198163915651 ], [ 37.809354746751971, 46.570742156862806 ], [ 37.811758810613718, 46.566500139500114 ], [ 37.814564623092075, 46.562512452113538 ], [ 37.949993524621505, 46.388707440936848 ], [ 37.953250917330365, 46.384931598265482 ], [ 37.956868223867268, 46.381499006160858 ], [ 37.960809462746447, 46.378443808747278 ], [ 37.965035430314771, 46.375796396189678 ], [ 37.969504090712014, 46.373583102401518 ], [ 37.974170994003167, 46.371825943100333 ], [ 37.978989718323575, 46.370542396816568 ], [ 37.983912331639047, 46.369745231033953 ], [ 37.988889868527608, 46.369442375190857 ], [ 37.993872817240394, 46.369636841805885 ], [ 37.998811612196945, 46.370326696512208 ], [ 38.00365712701587, 46.371505077298814 ], [ 38.086521502161723, 46.39609279850648 ], [ 38.087648797060218, 46.396369950868824 ], [ 38.088658010449805, 46.395796282363342 ], [ 38.57496802315957, 46.088013340596724 ], [ 38.575896766280032, 46.087358635570936 ], [ 38.574867238966704, 46.086877723972187 ], [ 38.446948860946101, 46.034711010240734 ], [ 38.445808662866341, 46.034310120716583 ], [ 38.44463804266681, 46.034610807297717 ], [ 38.210817118693491, 46.10708162026139 ], [ 38.206061664026009, 46.108303154828448 ], [ 38.201209330791521, 46.109052393091233 ], [ 38.196306908090307, 46.109322110446151 ], [ 38.191401668015246, 46.109109706117074 ], [ 38.186540909826043, 46.108417228233641 ], [ 38.181771503861427, 46.107251354081917 ], [ 38.177139439587329, 46.105623325718035 ], [ 38.172689382138927, 46.103548841565569 ], [ 38.168464241632677, 46.101047905041902 ], [ 38.164504759401318, 46.098144631673357 ], [ 38.160849115141552, 46.09486701655883 ], [ 38.157532558762561, 46.091246664424304 ], [ 38.154587070485313, 46.087318484871183 ], [ 38.152041052470103, 46.083120355757018 ], [ 38.149919054945968, 46.078692757954542 ], [ 38.040030156359116, 45.817182346058644 ], [ 38.039601958011659, 45.816287232902098 ], [ 38.039520455195316, 45.817276140723251 ], [ 38.033975503045824, 45.98107530448641 ], [ 38.03356776282093, 45.985975029546324 ], [ 38.032680770836926, 45.990811019928245 ], [ 38.031323103794598, 45.995536514395063 ], [ 38.029507889550999, 46.000105820141407 ], [ 38.027252680180673, 46.004474754616737 ], [ 38.024579282257207, 46.008601072745108 ], [ 38.021513545996243, 46.012444875410694 ], [ 38.018085115298803, 46.015968995259193 ], [ 38.014327141111877, 46.019139356084729 ], [ 38.010275960877877, 46.021925302327105 ], [ 38.005970747172547, 46.02429989549335 ], [ 38.001453128928752, 46.026240174637465 ], [ 37.996766788908701, 46.027727378379453 ], [ 37.991957041316844, 46.028747126317107 ], [ 37.987070393637659, 46.029289558076158 ], [ 37.982154096935098, 46.029349428654413 ], [ 37.977255688962074, 46.028926159137939 ], [ 37.972422534497809, 46.028023842298758 ], [ 37.964954243969551, 46.026245585931633 ], [ 37.960419541264727, 46.024936847990567 ], [ 37.956028443288552, 46.023206361878778 ], [ 37.951820077048843, 46.021069547143711 ], [ 37.947831941316906, 46.018545443936006 ], [ 37.944099572493627, 46.015656543351611 ], [ 37.940656227961313, 46.012428587024253 ], [ 37.937532589742823, 46.008890337753854 ], [ 37.93475649110848, 46.005073323214731 ], [ 37.932352668566921, 46.001011555027326 ], [ 37.930342541449683, 45.996741225696695 ], [ 37.829916531938885, 45.754315793866148 ], [ 37.829389454009942, 45.753204211941863 ], [ 37.828326526744824, 45.752584848440648 ], [ 37.719741495354697, 45.696390192080138 ], [ 37.715432530795191, 45.693880229723604 ], [ 37.711395013205603, 45.690953535629582 ], [ 37.707669103105758, 45.687639221140259 ], [ 37.704291861507315, 45.68397025319382 ], [ 37.701296881273997, 45.679983126407741 ], [ 37.698713952978949, 45.675717500072857 ], [ 37.696568768582807, 45.671215803668964 ], [ 37.694882665880037, 45.666522814825811 ], [ 37.693672416255424, 45.661685213927392 ], [ 37.692950057861857, 45.656751119789917 ], [ 37.692722775878821, 45.651769611031874 ], [ 37.692992831042631, 45.646790237897157 ], [ 37.693757537159215, 45.641862529386955 ], [ 37.695009287823289, 45.637035500602991 ], [ 37.696735632077981, 45.632357165202386 ], [ 37.698919398262454, 45.627874057813777 ], [ 37.701538864815582, 45.623630771165047 ], [ 37.702801177582188, 45.621797265081959 ], [ 37.702077915370367, 45.621480330219796 ], [ 37.699113534534803, 45.620350381880002 ], [ 37.694729958282423, 45.618166740835392 ], [ 37.690581033607067, 45.615564731417578 ], [ 37.68670656368058, 45.61256931629427 ], [ 37.683143718662556, 45.609209232314704 ], [ 37.679926679104248, 45.605516714819487 ], [ 37.677086308033644, 45.601527188387259 ], [ 37.67464985486756, 45.597278926985034 ], [ 37.672640693991333, 45.592812686782622 ], [ 37.671078100514016, 45.588171315153801 ], [ 37.669977065350523, 45.583399339615212 ], [ 37.669348151404535, 45.57854254064668 ], [ 37.669197392232192, 45.573647512491078 ], [ 37.669526234158418, 45.568761216147244 ], [ 37.670331522401518, 45.563930528844416 ], [ 37.671605531338862, 45.55920179432028 ], [ 37.673336038623539, 45.554620378217173 ], [ 37.675506442440813, 45.550230232861701 ], [ 37.678095920779469, 45.546073475603237 ], [ 37.743719617189569, 45.451400421368099 ], [ 37.744338956306265, 45.450409661479661 ], [ 37.744326584069761, 45.449241315201412 ], [ 37.736085603302698, 45.307384442213362 ], [ 37.73595639373238, 45.306192080531126 ], [ 37.734773354147933, 45.305995004820481 ], [ 37.592260077398656, 45.289511155766711 ], [ 37.591097219711529, 45.289432606262423 ], [ 37.590277949193748, 45.290261583851979 ], [ 37.536656461147601, 45.349962605046478 ], [ 37.533288791996711, 45.3533687464843 ], [ 37.529610649767513, 45.356437013869325 ], [ 37.52565578949951, 45.359139249104253 ], [ 37.521460505728463, 45.36145065324127 ], [ 37.517063299404199, 45.363350014066967 ], [ 37.51250452455983, 45.364819900770954 ], [ 37.507826017974729, 45.365846823911909 ], [ 37.503070715230187, 45.36642135921285 ], [ 37.498282256681044, 45.366538234049543 ], [ 37.493504586959538, 45.366196375838484 ], [ 37.35444334337415, 45.349520332618447 ], [ 37.349633299701246, 45.348703780261616 ], [ 37.344925737002143, 45.347422323543356 ], [ 37.340365477446092, 45.345688163611825 ], [ 37.335995940683262, 45.343517811943322 ], [ 37.331858730432771, 45.340931933131387 ], [ 37.32799323836074, 45.337955148132806 ], [ 37.324436269019941, 45.334615799843796 ], [ 37.321221689422245, 45.330945683238454 ], [ 37.318380106580221, 45.326979742638969 ], [ 37.315938576088293, 45.322755738999803 ], [ 37.313920344517953, 45.318313890373929 ], [ 37.312344628079977, 45.313696488984206 ], [ 37.311226429660863, 45.308947498545997 ], [ 37.31057639597568, 45.304112135674934 ], [ 37.310400716197421, 45.299236439365458 ], [ 37.310701063027906, 45.294366832639227 ], [ 37.311474576771516, 45.289549680537085 ], [ 37.31271389256321, 45.284830848663077 ], [ 37.314407210491716, 45.280255266483756 ], [ 37.316538407950155, 45.275866499540768 ], [ 37.319080533621992, 45.271717204420725 ], [ 37.317954430057164, 45.271506878208342 ], [ 37.079602210795883, 45.239125130952928 ], [ 37.078489473284712, 45.23902954355421 ], [ 37.079038930805986, 45.240001869709225 ], [ 37.105859255400276, 45.28243162330881 ], [ 37.108311256645507, 45.286776529439095 ], [ 37.110318053256329, 45.291344164138849 ], [ 37.111859665148771, 45.296089051088053 ], [ 37.11292074371454, 45.300963949206462 ], [ 37.113490724635007, 45.305920322995632 ], [ 37.113563933061698, 45.310908825768394 ], [ 37.113139640116316, 45.315879790954767 ], [ 37.112222070147567, 45.320783726592609 ], [ 37.110820358672697, 45.325571808079886 ], [ 37.108948461422358, 45.330196364282571 ], [ 37.106625015394471, 45.334611352158333 ], [ 37.103873153300398, 45.338772815170643 ], [ 37.100720273250865, 45.342639320929187 ], [ 37.097197765974663, 45.346172373699346 ], [ 37.093340702286056, 45.349336797673736 ], [ 37.089187483912454, 45.35210108718983 ], [ 37.084779461158838, 45.354437720406921 ], [ 37.080160521215532, 45.356323433319254 ], [ 36.914017257166002, 45.41466347882826 ], [ 36.909390581115296, 45.416041114090348 ], [ 36.904652615602302, 45.416966150841589 ], [ 36.899847526065656, 45.417429966255625 ], [ 36.895020103647575, 45.417428236828812 ], [ 36.890215347668558, 45.416960978682177 ], [ 36.885478046161531, 45.416032547411163 ], [ 36.880852358375535, 45.414651597484493 ], [ 36.876381403140691, 45.41283100157063 ], [ 36.872106856931559, 45.410587730543874 ], [ 36.868068565375502, 45.407942695288575 ], [ 36.864304171827563, 45.404920551776151 ], [ 36.860848766473971, 45.401549471231888 ], [ 36.857734559235375, 45.397860877533937 ], [ 36.854990579518663, 45.393889154292346 ], [ 36.852642405616351, 45.389671324338686 ], [ 36.850711926275864, 45.385246704613849 ], [ 36.849217136661281, 45.380656539671101 ], [ 36.848171970609584, 45.375943617210687 ], [ 36.847586170744897, 45.371151869229834 ], [ 36.847514244300029, 45.368282550663238 ], [ 36.847443140257731, 45.367356967553768 ], [ 36.846819650746824, 45.366397333350562 ], [ 36.845263812945383, 45.364246449 ], [ 36.842759648525828, 45.359938228039965 ], [ 36.840696755863028, 45.355402141495105 ], [ 36.839095624933172, 45.350683244693293 ], [ 36.837972159198038, 45.345828408751402 ], [ 36.8373375176416, 45.340885855021241 ], [ 36.837198003931817, 45.33590467612408 ], [ 36.837555003808554, 45.330934348331198 ], [ 36.838404971319505, 45.326024240133712 ], [ 36.839739464040896, 45.321223121883008 ], [ 36.841545226933071, 45.316578681372256 ], [ 36.843804323998022, 45.312137050170563 ], [ 36.846494316431311, 45.307942345414617 ], [ 36.84958848549865, 45.304036231608876 ], [ 36.853056097923591, 45.300457506786948 ], [ 36.856862711150157, 45.297241717144573 ], [ 36.860970515448464, 45.294420803971938 ], [ 36.865338709465263, 45.292022786392288 ], [ 36.869923905489209, 45.290071483057936 ], [ 36.874680560405523, 45.288586275568107 ], [ 36.879561428059453, 45.287581915958455 ], [ 36.884518028535496, 45.28706838017434 ], [ 36.96044877017345, 45.283010875710389 ], [ 36.961358893073061, 45.282917060424438 ], [ 36.960478661873921, 45.282667424616974 ], [ 36.751243233324971, 45.234334616704182 ], [ 36.746444286919917, 45.232970615002834 ], [ 36.741805161373762, 45.231135158273055 ], [ 36.737372044539036, 45.228846520606339 ], [ 36.733189073213609, 45.226127488033796 ], [ 36.729297893707923, 45.223005131664898 ], [ 36.725737247207867, 45.219510538163291 ], [ 36.722542584061522, 45.215678500243165 ], [ 36.719745710830018, 45.211547170267629 ], [ 36.717374473616466, 45.207157680397842 ], [ 36.715452480825867, 45.202553733074865 ], [ 36.71399886811615, 45.19778116591138 ], [ 36.713028107880604, 45.192887495325309 ], [ 36.712549865158515, 45.187921443459025 ], [ 36.712568901408488, 45.182932453094125 ], [ 36.713085027102686, 45.17797019539146 ], [ 36.714093103613735, 45.173084075357345 ], [ 36.715583094375752, 45.168322739959692 ], [ 36.717540164809918, 45.163733593791221 ], [ 36.719944830019841, 45.159362327102031 ], [ 36.722773148786224, 45.155252460900364 ], [ 36.72599696192934, 45.151444913650735 ], [ 36.729584172666165, 45.147977593883326 ], [ 36.733499066170971, 45.144885022770822 ], [ 36.73770266515762, 45.14219799043024 ], [ 36.742153117943481, 45.139943249371782 ], [ 36.746806115131257, 45.138143248146669 ], [ 37.190685390828797, 44.991437385760292 ], [ 37.191865100598385, 44.990979031614508 ], [ 37.19266726637089, 44.990000086398133 ], [ 37.362930933327462, 44.758961104925575 ], [ 37.366347555431695, 44.754811888894103 ], [ 37.370189822527223, 44.751053394003115 ], [ 37.3744133344509, 44.747729052367617 ], [ 37.378969285481048, 44.744877279149108 ], [ 37.383805028322726, 44.742531028640713 ], [ 37.658567720650751, 44.627025213470333 ], [ 37.659564376576313, 44.626546674861522 ], [ 37.658549778160818, 44.626107457046096 ], [ 37.262217801054483, 44.47744325746514 ], [ 37.261186247319309, 44.477106833320356 ], [ 37.260111964899593, 44.476954512617802 ], [ 36.685702487141754, 44.42091778396631 ], [ 36.681131446650738, 44.420257538465044 ], [ 36.676640828028148, 44.419178335203917 ], [ 36.672268945834332, 44.417689382089875 ], [ 36.668053101554513, 44.415803383070596 ], [ 36.664029265337504, 44.413536429742649 ], [ 36.660231769093564, 44.410907864055872 ], [ 36.656693013569971, 44.407940113285228 ], [ 36.653443191903449, 44.40465849867833 ], [ 36.310883598132314, 44.025193867930035 ], [ 36.309861681604801, 44.024185417351966 ], [ 36.30873044315365, 44.023301344094612 ], [ 35.977137594658551, 43.793679060457087 ], [ 35.976101468043005, 43.793034410010144 ], [ 35.974959465673038, 43.792604336587246 ], [ 35.192640613474957, 43.541082516780023 ], [ 35.191568807073551, 43.540790123455565 ], [ 35.190457835840938, 43.54079251893576 ], [ 34.574831430565645, 43.569688342324419 ], [ 34.57350463233923, 43.569822297528134 ], [ 34.572236906896876, 43.570236072506603 ], [ 33.813201368638445, 43.863946190977259 ], [ 33.808300402612865, 43.865557247808319 ], [ 33.803259517877805, 43.8666547236325 ], [ 33.798132379635895, 43.867226934734425 ], [ 33.792973571343637, 43.867267789361101 ], [ 32.82452580214666, 43.824926079069975 ], [ 32.823308590054594, 43.824932361159533 ], [ 32.822097796545343, 43.825057356436673 ], [ 31.485998034138056, 44.029345976763999 ], [ 31.481009117737742, 44.029854378074752 ], [ 31.475994367354179, 44.029860488122189 ], [ 31.471004226880488, 44.029364245444704 ], [ 31.46608889265616, 44.028370641798752 ], [ 31.461297808536877, 44.026889671946236 ], [ 31.456679168533658, 44.024936233116179 ], [ 31.452279432024305, 44.022529975151954 ], [ 31.448142856413732, 44.019695102851458 ], [ 31.444311051944123, 44.016460132488568 ], [ 31.440822563133217, 44.012857604964964 ], [ 31.020099209222884, 43.532340141188151 ], [ 31.019303317869593, 43.531511826464666 ], [ 31.018310819356024, 43.530933471013491 ], [ 30.232444687037006, 43.120471258528859 ], [ 30.231264763646731, 43.119931427443795 ], [ 30.229998514240581, 43.119648144460371 ], [ 29.806567780837572, 43.047901811404508 ], [ 29.80547831511754, 43.047766230552554 ], [ 29.804381146554036, 43.047727002173481 ], [ 28.64920056475556, 43.057311554364752 ], [ 28.648109351319214, 43.057368484369078 ], [ 28.647027311033479, 43.057520723029477 ], [ 27.905167535252335, 43.195281863523178 ], [ 27.904096492790305, 43.195534709044964 ] ], [ [ 31.727525228134805, 46.476193823866886 ], [ 31.73057199580769, 46.479994452252448 ], [ 31.733234480076003, 46.484073514264558 ], [ 31.735487411227659, 46.488392295412474 ], [ 31.737309406630583, 46.492909806024457 ], [ 31.738683173675838, 46.497583170281928 ], [ 31.739595673902279, 46.502368033155037 ], [ 31.74003824674493, 46.507218981377456 ], [ 31.74000669173266, 46.512089974464999 ], [ 31.739501308354967, 46.516934781687084 ], [ 31.738526893219515, 46.521707420843931 ], [ 31.737092694527394, 46.526362594684855 ], [ 31.735212324298189, 46.530856120825739 ], [ 31.732903629177933, 46.535145351085276 ], [ 31.730188521056078, 46.539189576260057 ], [ 31.727092769099155, 46.542950412496701 ], [ 31.7236457551749, 46.546392165594135 ], [ 31.719880194988125, 46.54948216977818 ], [ 31.715831827575062, 46.552191097733392 ], [ 31.711539076103172, 46.554493238949355 ], [ 31.707042683195809, 46.556366743739922 ], [ 31.70238532424283, 46.557793830619119 ], [ 31.697611202367305, 46.558760955065772 ], [ 31.676006871282198, 46.562051357245643 ], [ 31.671095362852299, 46.562552839448735 ], [ 31.666158341030023, 46.562567501760732 ], [ 31.661243940592186, 46.562095201227613 ], [ 31.656400075762534, 46.561140542666124 ], [ 31.65167397305957, 46.559712833767911 ], [ 31.647111710849359, 46.557825994351774 ], [ 31.642757770092519, 46.555498420648767 ], [ 31.638654600665536, 46.552752805943378 ], [ 31.63484220748467, 46.549615919319429 ], [ 31.631357760467637, 46.546118344667981 ], [ 31.628235232135822, 46.542294182501699 ], [ 31.625505066390382, 46.53818071748308 ], [ 31.623193881691495, 46.533818054907925 ], [ 31.621324211534798, 46.529248729688362 ], [ 31.619914284755183, 46.524517291647648 ], [ 31.618977847800068, 46.519669871170109 ], [ 31.618524030704812, 46.514753729440962 ], [ 31.618557258077086, 46.509816797661131 ], [ 31.619077205957986, 46.504907209729524 ], [ 31.620078804980579, 46.500072832949115 ], [ 31.621552289794991, 46.495360801332218 ], [ 31.623483294278241, 46.490817056055171 ], [ 31.625852991600475, 46.486485897542948 ], [ 31.628638277782049, 46.482409553550632 ], [ 31.631811996951761, 46.47862776745292 ], [ 31.635343206110086, 46.475177410755833 ], [ 31.64909190062642, 46.463010757763925 ], [ 31.652921483555961, 46.45994331818396 ], [ 31.657033279591218, 46.457266001550572 ], [ 31.661387692315664, 46.45500459030621 ], [ 31.665942788924632, 46.453180861742545 ], [ 31.670654704036394, 46.451812378286128 ], [ 31.675478062113886, 46.450912318372971 ], [ 31.68036641442913, 46.450489349540788 ], [ 31.685272686362488, 46.450547544960997 ], [ 31.690149630729163, 46.451086344214239 ], [ 31.694950282767564, 46.452100558687192 ], [ 31.699628412407886, 46.453580421538717 ], [ 31.704138969465674, 46.455511681754068 ], [ 31.708438517473141, 46.457875741381585 ], [ 31.712485651970447, 46.460649834630139 ], [ 31.716241399228853, 46.463807247102707 ], [ 31.719669591566031, 46.467317573054849 ], [ 31.727525228134805, 46.476193823866886 ] ] ], [ [ [ 37.778614060161331, 44.729696459545444 ], [ 37.779634332687039, 44.729334021413891 ], [ 37.819234466409355, 44.713025357353416 ], [ 37.820187476468575, 44.712577923136408 ], [ 37.819178184398794, 44.712278331632426 ], [ 37.809902434189631, 44.710005774225579 ], [ 37.80545757235334, 44.708695702198625 ], [ 37.801153084083204, 44.706979757504961 ], [ 37.797025941637003, 44.704872678795397 ], [ 37.794495678926275, 44.703429313958836 ], [ 37.793443024055662, 44.702896054733635 ], [ 37.792821502994755, 44.703899129630457 ], [ 37.779090742617115, 44.728724301501487 ], [ 37.778614060161331, 44.729696459545444 ] ] ], [ [ [ 33.664976817926558, 35.361541723674421 ], [ 33.664905167159176, 35.36271041766647 ], [ 33.660382193123311, 35.76717228851485 ], [ 33.66045627342254, 35.76867424737371 ], [ 33.660711001465785, 35.77015630065501 ], [ 33.766426233024134, 36.22028160499864 ], [ 33.766774493591114, 36.221485719961265 ], [ 33.767665076029438, 36.222367786390699 ], [ 33.870180646054308, 36.314060587654637 ], [ 33.871099090565536, 36.314803551068557 ], [ 33.871916445675616, 36.313950635141438 ], [ 33.913492228784648, 36.266022996457032 ], [ 33.916939390855632, 36.26242778035914 ], [ 33.920727146646769, 36.259193369871774 ], [ 33.924817908734482, 36.256351861350595 ], [ 33.929171082841847, 36.253931452227107 ], [ 33.933743470672006, 36.251956161194173 ], [ 33.93848969858216, 36.250445589858884 ], [ 33.943362667844532, 36.24941472822794 ], [ 33.948314022025926, 36.248873805955753 ], [ 33.953294626848091, 36.248828190831517 ], [ 33.958255057766905, 36.24927833551245 ], [ 33.963146090432012, 36.250219773031901 ], [ 33.967919189159808, 36.251643161126857 ], [ 33.972526988572582, 36.253534374944962 ], [ 33.976923763624171, 36.255874647211151 ], [ 33.981065883348002, 36.258640754462789 ], [ 33.984912243824702, 36.261805247505507 ], [ 33.988424676072817, 36.265336723802548 ], [ 33.991568324814963, 36.269200139094764 ], [ 33.994311994360757, 36.273357155158919 ], [ 34.076659542390679, 36.41276464381837 ], [ 34.077372394708341, 36.413839449775011 ], [ 34.07838111619251, 36.414643095989838 ], [ 34.595623308951389, 36.784414514008965 ], [ 34.596547008808685, 36.785014683180286 ], [ 34.597621878097108, 36.785255682087872 ], [ 34.769486477960648, 36.815839713742108 ], [ 34.770753222911672, 36.815997956303043 ], [ 34.771931972150774, 36.815507819882534 ], [ 35.330492012537192, 36.548514698395088 ], [ 35.334860238348725, 36.54667565405817 ], [ 35.339382968561665, 36.545258476498866 ], [ 35.344019564670681, 36.544275899613531 ], [ 35.348728365040664, 36.543736752240974 ], [ 35.353467059252907, 36.543645878831867 ], [ 35.358193068280819, 36.544004095919433 ], [ 35.362863927079133, 36.54480818478261 ], [ 35.569939032688225, 36.590656191887405 ], [ 35.574645407988598, 36.59194201695577 ], [ 35.579204059924052, 36.593680409059331 ], [ 35.583571584084169, 36.595854816400461 ], [ 35.58770639584835, 36.598444535738366 ], [ 35.591569126326554, 36.601424909511422 ], [ 35.595122997203291, 36.604767560609858 ], [ 35.59833417091599, 36.60844066256341 ], [ 35.60117207283345, 36.61240924257158 ], [ 35.603609682366823, 36.616635514491037 ], [ 35.605623790241509, 36.621079238609781 ], [ 35.607195219480168, 36.625698104782579 ], [ 35.608309007993007, 36.630448135279643 ], [ 35.608954551036689, 36.635284103512902 ], [ 35.609125702185551, 36.640159964653115 ], [ 35.608820831853748, 36.645029294037649 ], [ 35.608042842811045, 36.64984572919488 ], [ 35.606799142544602, 36.654563411276328 ], [ 35.605101572729893, 36.659137421693735 ], [ 35.602966296482244, 36.663524209803569 ], [ 35.600413644462542, 36.667682007566889 ], [ 35.597467921302403, 36.671571227236463 ], [ 35.594157174191835, 36.675154838284584 ], [ 35.590512925832819, 36.678398719982823 ], [ 35.586569874301382, 36.68127198627657 ], [ 35.582365562675918, 36.683747279861258 ], [ 35.580861808091264, 36.684445124513068 ], [ 35.579517391593171, 36.685154099947965 ], [ 35.579988678333073, 36.686242811158728 ], [ 35.606190379036605, 36.739350138006948 ], [ 35.606737943721335, 36.740342045757231 ], [ 35.607771827866678, 36.740805501950469 ], [ 36.05743536613334, 36.91798249139331 ], [ 36.058591656163621, 36.918372221099233 ], [ 36.059540552336763, 36.917605088822071 ], [ 36.188105044276156, 36.802523015487175 ], [ 36.188926010140015, 36.801715986415005 ], [ 36.189192190426837, 36.800595973500911 ], [ 36.215926811134885, 36.658998533771651 ], [ 36.216091260848138, 36.65780667213955 ], [ 36.215185080916328, 36.657015207807071 ], [ 35.822972504392446, 36.347285264649038 ], [ 35.819367223888591, 36.344147066114132 ], [ 35.816078072225935, 36.340678951511642 ], [ 35.813135107432146, 36.33691261432832 ], [ 35.810565223894052, 36.332882473368429 ], [ 35.808391906582372, 36.328625358216271 ], [ 35.806635016433482, 36.324180172667766 ], [ 35.805310608849531, 36.319587539206715 ], [ 35.804430786975608, 36.314889427774865 ], [ 35.80400359109472, 36.310128772228062 ], [ 35.80403292515139, 36.305349077983749 ], [ 35.804518521075316, 36.300594024445189 ], [ 35.805455941231131, 36.295907065835657 ], [ 35.806836618971921, 36.291331034090575 ], [ 35.808647936925794, 36.286907747436288 ], [ 35.810873342300184, 36.282677628232818 ], [ 35.976102065329123, 36.00203914472943 ], [ 35.976658634007634, 36.000975677049553 ], [ 35.975783676507596, 36.000153982718871 ], [ 35.826221805926714, 35.873139128018614 ], [ 35.822700366867451, 35.869843365111329 ], [ 35.81951285925004, 35.866223643937253 ], [ 35.816688942942747, 35.862313646126694 ], [ 35.814254894584181, 35.858149754344083 ], [ 35.812233363078228, 35.853770713746009 ], [ 35.810643158845238, 35.849217271456212 ], [ 35.809499078790424, 35.844531797412174 ], [ 35.808811768618149, 35.839757890111422 ], [ 35.808587623773249, 35.834939970925959 ], [ 35.808828729931243, 35.830122870759908 ], [ 35.809532843591008, 35.825351412896396 ], [ 35.810693412950677, 35.820669995915338 ], [ 35.812299638872346, 35.816122180563141 ], [ 35.839868343142591, 35.748624534222635 ], [ 35.840273193603792, 35.747471226777343 ], [ 35.839618374739203, 35.746439124934732 ], [ 35.7499506776172, 35.619643884316162 ], [ 35.747293543373772, 35.615461278961085 ], [ 35.74506346635377, 35.611036201964161 ], [ 35.743282349972212, 35.606412115635031 ], [ 35.741967688033569, 35.60163443691718 ], [ 35.741132392910714, 35.596750091310902 ], [ 35.740784668721993, 35.59180705197943 ], [ 35.740927930751774, 35.586853868565228 ], [ 35.741560771906194, 35.581939190344109 ], [ 35.742676976533367, 35.577111288400801 ], [ 35.744265581472376, 35.572417581519069 ], [ 35.746310983731505, 35.56790417044293 ], [ 35.74879309373798, 35.563615385083452 ], [ 35.751687532654152, 35.559593349118366 ], [ 35.754965871822044, 35.555877566260861 ], [ 35.758595911984536, 35.552504532261239 ], [ 35.918031264184485, 35.418447465980698 ], [ 35.918903499704605, 35.417639028269114 ], [ 35.919190316994836, 35.416484860959613 ], [ 35.96215529752569, 35.199246199597908 ], [ 35.962341019497138, 35.197948491197771 ], [ 35.961975320201134, 35.196689601303021 ], [ 35.872451141738459, 34.940203593429231 ], [ 35.871121713004655, 34.935735304455008 ], [ 35.870214221022998, 34.931162619749209 ], [ 35.869736554798102, 34.926525290550956 ], [ 35.869692866775544, 34.921863630066518 ], [ 35.870083536743799, 34.917218163018816 ], [ 35.870905168532722, 34.912629273358029 ], [ 35.872150619537081, 34.908136853196119 ], [ 35.988406237043534, 34.553859887762151 ], [ 35.988714803684928, 34.552741116173934 ], [ 35.987818911949851, 34.552003389098395 ], [ 35.683399686598847, 34.324913996836649 ], [ 35.679745122864396, 34.321908456303163 ], [ 35.676391032151372, 34.318570914471763 ], [ 35.673367452502113, 34.314931261178913 ], [ 35.670701462019551, 34.311022091863769 ], [ 35.668416936365347, 34.306878415655028 ], [ 35.666534334937957, 34.302537341841656 ], [ 35.665070517645546, 34.298037747535275 ], [ 35.664038593914654, 34.293419929500622 ], [ 35.663447805286857, 34.28872524327204 ], [ 35.640974458992446, 34.000630469005479 ], [ 35.640824453582852, 33.999451453540601 ], [ 35.639822327310213, 33.99881245274058 ], [ 35.487532945596428, 33.911831507460619 ], [ 35.483582907993878, 33.909323286661298 ], [ 35.47988463397315, 33.90645680137311 ], [ 35.476470511492437, 33.903257155091666 ], [ 35.473370440027928, 33.899752368999089 ], [ 35.470611568726611, 33.895973136566113 ], [ 35.468218058645171, 33.891952554751278 ], [ 35.466210871157486, 33.887725834151446 ], [ 35.464607584383515, 33.883329990641933 ], [ 35.349581116802298, 33.515299295384565 ], [ 35.349048867309818, 33.513898728245643 ], [ 35.348352139499106, 33.512572286316555 ], [ 35.104944470335582, 33.110068411341061 ], [ 35.102543492172977, 33.105601030020303 ], [ 35.100607427332605, 33.100913403228823 ], [ 35.099156195747085, 33.096053761381157 ], [ 35.098204728959416, 33.091072104733584 ], [ 35.067232619660828, 32.868034200462631 ], [ 35.067017724509249, 32.866891415696671 ], [ 35.065918141443483, 32.866513190857788 ], [ 34.984273099177926, 32.842734817450406 ], [ 34.979645064319747, 32.841137276817776 ], [ 34.97519546070469, 32.839094761116421 ], [ 34.970966952632125, 32.836626854675387 ], [ 34.967000084462839, 32.833757220613549 ], [ 34.963332891866017, 32.8305133739496 ], [ 34.96000053712045, 32.826926417778814 ], [ 34.957034971966735, 32.823030745046097 ], [ 34.954464631243226, 32.818863708774778 ], [ 34.952314160243212, 32.814465263913291 ], [ 34.950604178407538, 32.809877584233639 ], [ 34.94935108161846, 32.805144657955047 ], [ 34.837926465899628, 32.281971867708855 ], [ 34.837593421731903, 32.280727724845505 ], [ 34.837133707575688, 32.279524615217547 ], [ 34.610061615804597, 31.766505386344786 ], [ 34.609590680803038, 31.765553363012039 ], [ 34.608964873146753, 31.764695171320735 ], [ 34.349167932780986, 31.438613590720369 ], [ 34.348383652644934, 31.43772311078974 ], [ 34.347306989689002, 31.438221956174502 ], [ 34.226829994978111, 31.501436105669168 ], [ 34.225670683600676, 31.502127510966481 ], [ 34.224795207341494, 31.503154927860926 ], [ 33.8905502206647, 31.941768557188766 ], [ 33.889819137752035, 31.942839583734621 ], [ 33.889326016089271, 31.944038921515663 ], [ 33.710987399501569, 32.451621673172667 ], [ 33.710610621942699, 32.452914250729556 ], [ 33.710520929431965, 32.454257632031492 ], [ 33.697732918215344, 33.483374833131727 ], [ 33.697790687319994, 33.484735225316172 ], [ 33.698143232265608, 33.486050412080964 ], [ 33.935667583230554, 34.210645241970958 ], [ 33.936904372685603, 34.215106165705116 ], [ 33.937723294029439, 34.219662354523706 ], [ 33.938117327635773, 34.224274753707988 ], [ 33.938083095929123, 34.228903826715438 ], [ 33.937620892336675, 34.233509894078949 ], [ 33.936734678773099, 34.238053473531075 ], [ 33.756415579623528, 34.978307322775336 ], [ 33.756198993174465, 34.979432204734124 ], [ 33.757344508630801, 34.979440170305523 ], [ 33.971061109662585, 34.970507989170457 ], [ 33.97605419957948, 34.9705488492407 ], [ 33.981018315930541, 34.971087519192295 ], [ 33.985903951352128, 34.972118626844711 ], [ 33.990662381174587, 34.97363188891331 ], [ 33.99524614935563, 34.975612213564979 ], [ 33.99960954176165, 34.978039850929711 ], [ 34.003709042076913, 34.980890590066977 ], [ 34.007503765793793, 34.984136000422566 ], [ 34.010955867955879, 34.987743715367799 ], [ 34.014030920587501, 34.991677754993468 ], [ 34.016698256045501, 34.995898884939109 ], [ 34.018931272869104, 35.000365007679143 ], [ 34.020707701077505, 35.005031582363429 ], [ 34.022009824269418, 35.009852069025229 ], [ 34.022824656309595, 35.014778392726519 ], [ 34.023144070840139, 35.019761423011516 ], [ 34.022964882325063, 35.024751463887064 ], [ 34.022288877819761, 35.029698749443043 ], [ 34.021122799148664, 35.034553940170127 ], [ 34.019478275668689, 35.039268615025023 ], [ 34.017371708289097, 35.043795754335754 ], [ 34.014824105904516, 35.048090208731089 ], [ 34.011860875872195, 35.052109149417284 ], [ 34.008511570623298, 35.055812495311642 ], [ 33.900787867796609, 35.163580202806244 ], [ 33.899977963847014, 35.164474888964236 ], [ 33.900164465888892, 35.165667208014341 ], [ 33.923336507799299, 35.277307082901075 ], [ 33.923650925678913, 35.278511074213142 ], [ 33.924674888470669, 35.279218148384707 ], [ 34.191425282603362, 35.444071189758034 ], [ 34.195447888114579, 35.446837349546215 ], [ 34.199181558935827, 35.449982615396848 ], [ 34.2025907012438, 35.453477002867722 ], [ 34.20564281500976, 35.457287199271093 ], [ 34.208308803828771, 35.461376881250111 ], [ 34.210563252301483, 35.465707061056605 ], [ 34.212384668324148, 35.47023645822896 ], [ 34.213755687977141, 35.474921893126997 ], [ 34.214663241058602, 35.479718698571972 ], [ 34.215098675685283, 35.484581145667676 ], [ 34.215057840772658, 35.489462879743037 ], [ 34.214541125608044, 35.494317362260389 ], [ 34.213553456139422, 35.499098314476562 ], [ 34.212104248015422, 35.503760158627323 ], [ 34.210207316824082, 35.508258452429189 ], [ 34.207880746386095, 35.512550312756566 ], [ 34.205146716358172, 35.516594824455034 ], [ 34.202031290789989, 35.520353430393641 ], [ 34.198564169650432, 35.523790299037657 ], [ 34.194778405691913, 35.526872666037711 ], [ 34.190710089351938, 35.529571146578775 ], [ 34.186398004695832, 35.531860015511491 ], [ 34.181883259680525, 35.533717452595056 ], [ 34.177208894264304, 35.53512575051392 ], [ 34.172419470098347, 35.536071483685141 ], [ 34.167560645711667, 35.536545636247119 ], [ 34.162678741239333, 35.53654368800958 ], [ 34.15782029684344, 35.536065657545464 ], [ 34.153031629036526, 35.535116102013838 ], [ 34.148358389137087, 35.53370407371564 ], [ 33.666098068853174, 35.361879030417654 ], [ 33.664976817926558, 35.361541723674421 ] ] ], [ [ [ 10.005279987250788, 34.170628675295312 ], [ 10.005952675505389, 34.171576326702976 ], [ 10.125994565496111, 34.324704108637739 ], [ 10.126754538607964, 34.325584953771255 ], [ 10.127784862996725, 34.326125211981427 ], [ 10.589982599534736, 34.541433439877309 ], [ 10.5945196375114, 34.543837815497319 ], [ 10.598786159022131, 34.546694829659394 ], [ 10.60273716807548, 34.549974351451382 ], [ 10.863075210012811, 34.789682522434411 ], [ 10.866218801017503, 34.792847505076274 ], [ 10.869067791128595, 34.796280074795156 ], [ 10.871599503205854, 34.799952909325313 ], [ 10.873793785550752, 34.803836773962367 ], [ 10.875633172308195, 34.807900754263081 ], [ 10.9453891084048, 34.98234615507738 ], [ 10.945910341154161, 34.983478381731274 ], [ 10.947092437984088, 34.983873689028755 ], [ 11.136456801246016, 35.036624692552834 ], [ 11.137453597800677, 35.03685867169974 ], [ 11.138475253888886, 35.036926262010397 ], [ 11.76039913061023, 35.052438631159006 ], [ 11.761663186221277, 35.052405807118731 ], [ 11.762894497279516, 35.052118079672056 ], [ 12.774238552932148, 34.760803041041278 ], [ 12.779048757996613, 34.759671584818378 ], [ 12.78394715654064, 34.759020464514293 ], [ 12.788885904404886, 34.758856039820508 ], [ 13.602193677622727, 34.771995744769534 ], [ 13.603689544413315, 34.771929812811798 ], [ 13.605166662081855, 34.771684684534911 ], [ 14.881103784773419, 34.480119000398005 ], [ 14.884350868943979, 34.479140795375308 ], [ 16.399688540777177, 33.907786674654318 ], [ 16.400957327919237, 33.907225411835697 ], [ 16.402070009919662, 33.906396692625314 ], [ 16.863120861992439, 33.521137923191489 ], [ 16.863961811987071, 33.520367053770656 ], [ 16.864648014497448, 33.519455701658757 ], [ 17.196123767800007, 33.034440054068227 ], [ 17.198895033319985, 33.030761114928019 ], [ 17.20199307900678, 33.027352798818548 ], [ 17.205391615457142, 33.024244028036527 ], [ 17.209061803362601, 33.021461182996255 ], [ 17.212972498234148, 33.019027878370593 ], [ 17.217090514688199, 33.016964762701576 ], [ 17.221380908051206, 33.01528934318091 ], [ 17.225807270893252, 33.014015837087442 ], [ 18.06253532616622, 32.814507926430196 ], [ 18.06722490978547, 32.813623872395553 ], [ 18.071977414774576, 32.813190926224969 ], [ 18.076749548196837, 32.813213031840924 ], [ 18.081497838310362, 32.813689987872323 ], [ 18.086179030573856, 32.814617449488956 ], [ 18.090750481673766, 32.815986967980692 ], [ 18.095170547983514, 32.817786067720988 ], [ 18.09939896491602, 32.819998359813596 ], [ 18.103397213713901, 32.822603691387187 ], [ 18.107128872336038, 32.825578329177901 ], [ 18.110559947244095, 32.828895175727467 ], [ 18.113659183066609, 32.832524016227481 ], [ 18.116398347319745, 32.836431793761129 ], [ 18.36434677610773, 33.22874883409591 ], [ 18.36517271950358, 33.229904071128509 ], [ 18.366124857935954, 33.230957725483471 ], [ 18.932760660574502, 33.790274477388124 ], [ 18.93365573781044, 33.791076568229592 ], [ 18.934623909871913, 33.791788716975333 ], [ 19.460963709890994, 34.141131969529447 ], [ 19.461773555917219, 34.141626190823352 ], [ 19.462618612602341, 34.142057449993992 ], [ 20.161225053761434, 34.465715240161344 ], [ 20.162167821259562, 34.466106005028415 ], [ 20.163139377052506, 34.466418394333282 ], [ 21.398629598525719, 34.80858453646502 ], [ 21.399844432708537, 34.808856295199533 ], [ 21.401089051018314, 34.8088807934557 ], [ 22.656873894339014, 34.770670242865123 ], [ 22.658068782144628, 34.770576090609609 ], [ 22.659223470744188, 34.770254662930036 ], [ 24.021787966596513, 34.319154702139748 ], [ 24.022881257923544, 34.318734661218151 ], [ 24.023876532033327, 34.318117287953221 ], [ 24.633944108229375, 33.898669069930335 ], [ 24.637710778115533, 33.896318544558106 ], [ 24.641671114142142, 33.894311429685175 ], [ 24.645793888629441, 33.892663551630328 ], [ 24.650046593052775, 33.891387904091019 ], [ 24.654395694375825, 33.890494545686671 ], [ 25.618950465663573, 33.736635444548753 ], [ 25.620222356662136, 33.736363614948331 ], [ 25.621409909977867, 33.735833223426823 ], [ 26.374825830618946, 33.350830095153817 ], [ 26.375995575759188, 33.350149516785635 ], [ 26.376990346169386, 33.349231953469548 ], [ 26.749867264663585, 32.965631487239513 ], [ 26.750661768450001, 32.964730929170805 ], [ 26.751268539489079, 32.963694555682316 ], [ 27.111502182813688, 32.274042897701456 ], [ 27.111966728245129, 32.273049119335909 ], [ 27.112249723836282, 32.271989255480094 ], [ 27.226363095570992, 31.753999315945958 ], [ 27.226559468175214, 31.75285686090449 ], [ 27.226540653144554, 31.75169780451407 ], [ 27.203217903156691, 31.38107293554436 ], [ 27.20308482482449, 31.3798977742888 ], [ 27.201913609731822, 31.380061996777421 ], [ 25.97644027201039, 31.614759080984712 ], [ 25.971647624907103, 31.615438379529259 ], [ 25.966811750558033, 31.615651057805813 ], [ 25.961977972543202, 31.615395122515913 ], [ 25.957191594795013, 31.614672972378543 ], [ 25.403221183905039, 31.503432011519109 ], [ 25.401863596781556, 31.503236682242758 ], [ 25.400496220105666, 31.503343814640019 ], [ 25.192155707452358, 31.531315457048709 ], [ 25.190968517356907, 31.53153514212622 ], [ 25.190393350410748, 31.532596681028092 ], [ 24.991698679223642, 31.947065573053013 ], [ 24.989411962420153, 31.95129985720363 ], [ 24.986728776089013, 31.955294697265497 ], [ 24.983673975375147, 31.959013087859031 ], [ 24.980275857796908, 31.962420584437456 ], [ 24.976565901117841, 31.965485622356791 ], [ 24.972578471758883, 31.968179809268435 ], [ 24.968350506452101, 31.970478188125842 ], [ 24.963921170084859, 31.97235946836901 ], [ 24.959331492903932, 31.973806223145189 ], [ 24.741037213028775, 32.031227577010888 ], [ 24.736149885271345, 32.032255261308627 ], [ 24.73118441628877, 32.032790261689406 ], [ 24.726190345785756, 32.032827240538396 ], [ 24.09183946790327, 32.005813943945327 ], [ 24.090681525241408, 32.005818955024502 ], [ 24.089650807406354, 32.006346664284962 ], [ 23.848737904400608, 32.144307678076821 ], [ 23.84448444972772, 32.146480566360687 ], [ 23.8400430704481, 32.14823768623225 ], [ 23.835454295604716, 32.149563003396246 ], [ 23.8307599992734, 32.150444423898776 ], [ 23.368956856378301, 32.214496957164279 ], [ 23.364051334123818, 32.214932497449645 ], [ 23.359126760335609, 32.214883335128043 ], [ 23.354230910951301, 32.214349947149579 ], [ 23.349411283237647, 32.213337508197768 ], [ 23.344714634993984, 32.211855840487146 ], [ 23.340186530929717, 32.209919318472664 ], [ 23.335870900616552, 32.207546729395418 ], [ 23.33180961230412, 32.204761091017474 ], [ 23.328042066733566, 32.201589428314222 ], [ 23.324604814889806, 32.198062511290537 ], [ 23.321531203400738, 32.194214556464445 ], [ 23.31885105102371, 32.190082894914255 ], [ 23.316590359357704, 32.185707610109745 ], [ 23.314771060587852, 32.181131149040816 ], [ 23.31341080470953, 32.176397910416483 ], [ 23.312522788296246, 32.171553813929094 ], [ 23.312115626472593, 32.166645854762727 ], [ 23.312160333311926, 32.163810491271946 ], [ 23.312130010922054, 32.162853506448585 ], [ 23.311212997009331, 32.163465481066893 ], [ 23.081565732346611, 32.333320538422683 ], [ 23.080650098544368, 32.334070129919802 ], [ 23.081104276044787, 32.335162830917611 ], [ 23.141089021083683, 32.461559258183236 ], [ 23.1430078878012, 32.466188236043493 ], [ 23.144453790670322, 32.470986032454704 ], [ 23.145412207340186, 32.47590445933708 ], [ 23.145873511671002, 32.480894117023212 ], [ 23.145833070417005, 32.485904890418141 ], [ 23.145291289761825, 32.490886452345094 ], [ 23.14425361123887, 32.495788769021253 ], [ 23.113122720478447, 32.613417373974727 ], [ 23.111603329479056, 32.618181175658087 ], [ 23.109615729472583, 32.622769399900832 ], [ 23.107179798331799, 32.627136160137532 ], [ 23.104319897663231, 32.631237784651475 ], [ 23.10106462916815, 32.635033253332992 ], [ 23.097446548598608, 32.638484607919203 ], [ 23.093501840169232, 32.64155733161239 ], [ 23.089269954681004, 32.644220694280513 ], [ 23.08479321497607, 32.646448059787495 ], [ 23.080116392669435, 32.648217152379651 ], [ 22.156925762073421, 32.94557972932018 ], [ 22.152000521025428, 32.946893186844122 ], [ 22.146967145176092, 32.947698356147633 ], [ 22.141877947749649, 32.947986868890332 ], [ 21.728705026030582, 32.950315040638472 ], [ 21.723854769717349, 32.950106683423876 ], [ 21.719047582463983, 32.949428929970189 ], [ 21.714328783353444, 32.948288169702955 ], [ 21.709742858201892, 32.94669515697943 ], [ 21.705333040174889, 32.944664909703448 ], [ 21.415975661259921, 32.794011634631914 ], [ 21.414786812579383, 32.793470323519927 ], [ 21.413488528611733, 32.793325971018774 ], [ 21.059930405371627, 32.77280520775048 ], [ 21.055507278193534, 32.772350444958853 ], [ 21.051142042370632, 32.77150452567151 ], [ 21.046869219695093, 32.770274139710267 ], [ 21.042722601124005, 32.768669017392142 ], [ 20.568345014365672, 32.560338193833587 ], [ 20.564655163596736, 32.558533460297113 ], [ 20.561125899860983, 32.556431946719194 ], [ 20.5577810415408, 32.554047835846646 ], [ 20.082818478216943, 32.185174672833831 ], [ 20.079294586608448, 32.182166050767819 ], [ 20.076064337795263, 32.178844136950538 ], [ 20.073155472661647, 32.17523745947134 ], [ 20.070592972097831, 32.171376991926479 ], [ 20.068398842467936, 32.167295887422583 ], [ 20.066591926622657, 32.163029193862855 ], [ 19.924117620234878, 31.777800010497618 ], [ 19.92269293735902, 31.773307544185677 ], [ 19.921697569053514, 31.768700894991621 ], [ 19.92114035895667, 31.764020992025891 ], [ 19.921026257763156, 31.75930941524329 ], [ 19.921356279238108, 31.754608026013845 ], [ 19.922127491210045, 31.749958595193299 ], [ 19.923333041622595, 31.745402431997856 ], [ 19.924962219413569, 31.740980016980462 ], [ 20.146191352160216, 31.217885733744513 ], [ 20.146598110265174, 31.216779068196029 ], [ 20.14633804953726, 31.215629055496073 ], [ 20.036770752797274, 30.820167180012344 ], [ 20.036424030415038, 30.819104883591841 ], [ 20.035648102485464, 30.818300753040656 ], [ 19.617258269756189, 30.422200188543705 ], [ 19.616352957665903, 30.421422190585936 ], [ 19.61526357098322, 30.420934228027502 ], [ 19.240882479704837, 30.27443376133262 ], [ 19.239746159202049, 30.274051324232484 ], [ 19.238547925035302, 30.274009883883124 ], [ 18.969302296420878, 30.277719168183104 ], [ 18.968045777266333, 30.277800621165376 ], [ 18.96692452395278, 30.278373566172295 ], [ 17.853963612698013, 30.920581544526513 ], [ 17.848496664965676, 30.923305396013685 ], [ 17.842738387228351, 30.925342335367748 ], [ 16.946156840332073, 31.182077520218208 ], [ 16.941868149403277, 31.183103316052364 ], [ 16.93750575702672, 31.183747256833069 ], [ 16.045751368020539, 31.275421807752206 ], [ 16.044619621967151, 31.275591062630951 ], [ 16.043537961294152, 31.275964568363097 ], [ 15.762697040199837, 31.387647067143568 ], [ 15.761523347494151, 31.388186271987529 ], [ 15.760572637342072, 31.389060598378439 ], [ 15.491214039219866, 31.664039257830716 ], [ 15.490452254023594, 31.664892219663429 ], [ 15.489952238791121, 31.66592073575022 ], [ 15.361616985547396, 31.964104344853901 ], [ 15.361163938031547, 31.965331800325945 ], [ 15.36111616378796, 31.966639323407612 ], [ 15.364211362156997, 32.156257057204044 ], [ 15.36403876804893, 32.161303160871988 ], [ 15.363358142807963, 32.166306130013915 ], [ 15.362176426892447, 32.171214948451052 ], [ 15.360505670472733, 32.175979560076328 ], [ 15.358362910553408, 32.180551379285561 ], [ 15.355769997243881, 32.184883786413593 ], [ 15.352753370948884, 32.188932603123455 ], [ 15.193755900709272, 32.381246529580075 ], [ 15.19034072120105, 32.384975997756179 ], [ 15.186566299111201, 32.388341428165141 ], [ 15.182471242828072, 32.39130839597555 ], [ 15.178097440492296, 32.393846552211379 ], [ 15.173489631524928, 32.395929934190328 ], [ 15.168694948990005, 32.397537231094837 ], [ 15.163762437472606, 32.398652001959483 ], [ 14.470819970441983, 32.518798966125971 ], [ 14.469520763693112, 32.519097055682408 ], [ 14.468383455567809, 32.519792272043027 ], [ 14.194951726122296, 32.707874463214985 ], [ 14.191050169318713, 32.710301904948011 ], [ 14.186942239101851, 32.712360916407974 ], [ 14.182662630424046, 32.71403410749798 ], [ 14.178247488207733, 32.715307346701181 ], [ 14.173734102070954, 32.716169880433377 ], [ 13.572657253890929, 32.802629960037599 ], [ 13.57147904126994, 32.802857943531698 ], [ 13.570366477798895, 32.803307792370013 ], [ 13.365798876595518, 32.897749835001576 ], [ 13.361155685378213, 32.899617560918557 ], [ 13.356349038216035, 32.90101175166582 ], [ 13.351427093146814, 32.901918438776676 ], [ 13.346439163383865, 32.90232853810771 ], [ 13.341435223244444, 32.902237940853247 ], [ 13.336465407454567, 32.901647554711715 ], [ 12.730947638383125, 32.798760244215778 ], [ 12.729826660735421, 32.798621775775317 ], [ 12.72869911033097, 32.79868806665521 ], [ 12.305159490752201, 32.842951760264924 ], [ 12.303901162355318, 32.84314890001211 ], [ 12.302709355972453, 32.843598179413227 ], [ 11.484862829951458, 33.200785553155626 ], [ 11.480302972013533, 33.202517414302363 ], [ 11.475596063598211, 33.203796734674839 ], [ 11.470786898747726, 33.204611339417347 ], [ 11.465921244643928, 33.204953476214342 ], [ 11.461045406057632, 33.204819889066613 ], [ 11.456205784681895, 33.204211849277485 ], [ 11.451448437542934, 33.203135143354274 ], [ 11.446818638691113, 33.201600017940073 ], [ 11.442360448343241, 33.199621082299942 ], [ 11.438116293576519, 33.197217169289502 ], [ 11.434126564564512, 33.194411156129085 ], [ 11.433096237010124, 33.193608638160782 ], [ 11.431900762767807, 33.193632945479912 ], [ 11.180751709842555, 33.211002207690768 ], [ 11.179573634962358, 33.211141642489146 ], [ 11.179028176386952, 33.212195102231561 ], [ 11.134145726668047, 33.310315778074106 ], [ 11.133697997358896, 33.311436454651421 ], [ 11.133758691845204, 33.311990611038176 ], [ 11.134053732386734, 33.316966795674197 ], [ 11.133851805409016, 33.321947627728044 ], [ 11.13315491802279, 33.326883598800066 ], [ 11.13196999713883, 33.331725646399143 ], [ 11.130308820615946, 33.33642564161326 ], [ 11.128187900191589, 33.340936867500588 ], [ 11.125628317358739, 33.345214483445794 ], [ 11.122655513820396, 33.349215970866162 ], [ 11.119299038604524, 33.352901555837121 ], [ 11.115592254353061, 33.35623460443653 ], [ 11.11157200570444, 33.359181986877985 ], [ 11.107278253065799, 33.361714406813761 ], [ 11.104262273554662, 33.363109076405379 ], [ 11.104272938042239, 33.363132257735785 ], [ 11.102121625591607, 33.364121961281747 ], [ 11.10180129759053, 33.365247404855516 ], [ 11.050348320673354, 33.585608681632976 ], [ 11.049010088402435, 33.590295281852747 ], [ 11.047221914830391, 33.594829322270208 ], [ 11.045000791244901, 33.599167720275105 ], [ 11.042367822839768, 33.603269252258215 ], [ 11.039348028172654, 33.607094945319531 ], [ 11.035970101437853, 33.610608447590089 ], [ 11.032266139813059, 33.613776373648719 ], [ 11.028271338470873, 33.616568621751483 ], [ 11.024023656153037, 33.618958659859473 ], [ 11.019563454485148, 33.620923777747201 ], [ 11.014933114459078, 33.622445302795924 ], [ 11.010176633727321, 33.623508777421534 ], [ 10.980828239901676, 33.628583137109359 ], [ 10.975960616432779, 33.629180676325511 ], [ 10.971057868954095, 33.62929848341372 ], [ 10.966167163487503, 33.628935425031578 ], [ 10.961335550206822, 33.628094993918552 ], [ 10.956609510799867, 33.626785275294694 ], [ 10.952034511299516, 33.625018869078218 ], [ 10.947654564685736, 33.622812768670208 ], [ 10.943511807466418, 33.620188197472551 ], [ 10.939646094310502, 33.617170404711949 ], [ 10.936094614633125, 33.613788422534142 ], [ 10.932891534821383, 33.610074786705283 ], [ 10.93006766954259, 33.60606522360726 ], [ 10.927650185297184, 33.601798306538349 ], [ 10.925662339068179, 33.597315084625521 ], [ 10.924123254581431, 33.592658687918579 ], [ 10.909753239824623, 33.540769395130845 ], [ 10.909388436076382, 33.539660906458202 ], [ 10.908310422273567, 33.53921401144477 ], [ 10.739263918787961, 33.478421516753656 ], [ 10.73814470080357, 33.47807899014817 ], [ 10.737299587552066, 33.478888778370056 ], [ 10.674957007057905, 33.544677233083064 ], [ 10.674152592029012, 33.545617499171847 ], [ 10.674407043501564, 33.546828465027907 ], [ 10.694767534879542, 33.624007576042253 ], [ 10.695794021775315, 33.628864835837447 ], [ 10.696333762356717, 33.633799947606192 ], [ 10.696381435505284, 33.63876425776332 ], [ 10.695936571227689, 33.643708824866692 ], [ 10.695003555289249, 33.648584902114216 ], [ 10.693591585976153, 33.65334441792195 ], [ 10.691714583412697, 33.657940449845469 ], [ 10.689391052327519, 33.662327687172244 ], [ 10.686643899621789, 33.666462877624525 ], [ 10.683500208537877, 33.670305253768802 ], [ 10.67999097165489, 33.673816934928062 ], [ 10.676150785343399, 33.676963300634441 ], [ 10.672017508691619, 33.67971333194064 ], [ 10.667631890265541, 33.68203991722514 ], [ 10.663037166382727, 33.683920119476475 ], [ 10.658278634860174, 33.685335402421366 ], [ 10.653403208438583, 33.686271813267552 ], [ 10.648458952285621, 33.686720120259601 ], [ 10.643494610137829, 33.686675903691658 ], [ 10.638559123752724, 33.686139599479787 ], [ 10.633701150408692, 33.685116494864467 ], [ 10.490465822807421, 33.647436477911867 ], [ 10.489270943612812, 33.647184644778392 ], [ 10.488099911660942, 33.647530824478437 ], [ 10.331483154362964, 33.702394781074332 ], [ 10.330287270109643, 33.702885150791673 ], [ 10.329300596717241, 33.703720062298132 ], [ 10.072265261207102, 33.945326815242424 ], [ 10.071360838578109, 33.946272055616575 ], [ 10.0709253376621, 33.947505667633678 ], [ 10.005554889457125, 34.169499524528028 ], [ 10.005279987250788, 34.170628675295312 ] ], [ [ 10.8261573473771, 33.729744628143827 ], [ 10.826851427185199, 33.728830149317432 ], [ 10.849215815172279, 33.696279193866381 ], [ 10.852206106353298, 33.692356512302801 ], [ 10.85556834646655, 33.688747549374568 ], [ 10.859269815170341, 33.685487426457961 ], [ 10.863274490849118, 33.68260787011986 ], [ 10.867543401165346, 33.680136903364009 ], [ 10.872035002326935, 33.678098572919325 ], [ 10.876705583379346, 33.676512715224135 ], [ 10.881509691587853, 33.675394763383721 ], [ 10.886400574770335, 33.674755596979857 ], [ 10.891330636275892, 33.674601436193846 ], [ 10.896251898181593, 33.674933781273573 ], [ 10.90111646819965, 33.675749397933494 ], [ 10.905877005751217, 33.677040348829792 ], [ 10.910487182671115, 33.678794070804258 ], [ 10.914902134060053, 33.680993497145344 ], [ 10.919078894896753, 33.683617223676357 ], [ 10.922976818161029, 33.686639717054732 ], [ 10.926557970398754, 33.690031563255069 ], [ 10.92978750087919, 33.693759753817858 ], [ 10.952894062998626, 33.723256864685197 ], [ 10.953662819027839, 33.724147940558659 ], [ 10.954585535554653, 33.72487841729059 ], [ 11.004294708196607, 33.760539345561135 ], [ 11.008178684405999, 33.763628800558486 ], [ 11.011737255217351, 33.767088074637883 ], [ 11.014935361586227, 33.770883087026419 ], [ 11.01774149576436, 33.774976449256918 ], [ 11.020128011714039, 33.779327833519162 ], [ 11.022071397476903, 33.783894369969524 ], [ 11.023552506813795, 33.78863106908473 ], [ 11.024556747833525, 33.793491264898691 ], [ 11.025074226752213, 33.798427074755693 ], [ 11.025099845366853, 33.803389871050364 ], [ 11.024633351282819, 33.808330760306895 ], [ 11.023679340400456, 33.813201064877674 ], [ 11.022247211636266, 33.817952802515478 ], [ 11.020351074324767, 33.822539159094696 ], [ 11.01800960921331, 33.826914949824108 ], [ 11.01524588441934, 33.831037064407546 ], [ 11.012087128163255, 33.834864891766564 ], [ 11.008564460515958, 33.838360720140848 ], [ 11.004712586803866, 33.841490108624541 ], [ 10.944482399679069, 33.88564763339123 ], [ 10.940357355080163, 33.888369067886323 ], [ 10.935983807499975, 33.890669998180329 ], [ 10.931404481597635, 33.892527946762549 ], [ 10.926664112255898, 33.893924763557251 ], [ 10.921809007571467, 33.894846803229527 ], [ 10.916886596476777, 33.895285058484966 ], [ 10.911944965412474, 33.8952352480608 ], [ 10.784204643271295, 33.887623361876237 ], [ 10.779435014907982, 33.88710859403848 ], [ 10.774736673835017, 33.886139093232408 ], [ 10.770152871741175, 33.884723784426747 ], [ 10.765725805899603, 33.882875696581088 ], [ 10.761496230710845, 33.880611842704717 ], [ 10.757503082528583, 33.87795306323936 ], [ 10.753783121221833, 33.87492383420755 ], [ 10.750370591773279, 33.871552041892819 ], [ 10.747296909029011, 33.867868726125948 ], [ 10.744590368501717, 33.863907794540445 ], [ 10.74227588588967, 33.859705710427839 ], [ 10.740374767709376, 33.855301157066208 ], [ 10.738904515153401, 33.850734681612145 ], [ 10.737878662979014, 33.846048321834324 ], [ 10.737306654910773, 33.841285219124877 ], [ 10.737193756704093, 33.836489221351123 ], [ 10.738745948845381, 33.773032963115632 ], [ 10.739121885815797, 33.768015761681532 ], [ 10.740000137638255, 33.763061741841803 ], [ 10.741371811612979, 33.758221065304049 ], [ 10.74322301891613, 33.753542746123316 ], [ 10.745535015230473, 33.749074154412433 ], [ 10.748284390540134, 33.744860536698077 ], [ 10.751443306167667, 33.740944557779059 ], [ 10.754979776653348, 33.737365868725789 ], [ 10.758857993622525, 33.734160705395155 ], [ 10.763038688361725, 33.731361521525933 ], [ 10.767479529432261, 33.72899666012993 ], [ 10.772135551295341, 33.727090066506051 ], [ 10.776959609608619, 33.725661045783262 ], [ 10.781902858584152, 33.72472406744734 ], [ 10.786915245574241, 33.724288618830776 ], [ 10.791946017877297, 33.724359109049168 ], [ 10.796944236632061, 33.724934824356943 ], [ 10.825017249997666, 33.729609734596252 ], [ 10.8261573473771, 33.729744628143827 ] ] ], [ [ [ 9.051310263479728, -3.782131203648682 ], [ 9.051596829776532, -3.781042134534865 ], [ 9.200332391523993, -3.30471806462264 ], [ 9.200820144872944, -3.303416370864029 ], [ 9.201449955457891, -3.302177157969614 ], [ 9.448992496084973, -2.875850862700279 ], [ 9.451094634706585, -2.871818696697043 ], [ 9.452821755159977, -2.867612224968671 ], [ 9.454159572535877, -2.863266238989533 ], [ 9.455097021827324, -2.858816684147969 ], [ 9.45562634944768, -2.854300362444143 ], [ 9.506851653121414, -2.135887303526091 ], [ 9.506995854177273, -2.134699136303642 ], [ 9.507162852889117, -2.134654738503182 ], [ 9.508582261394858, -2.138617648113456 ], [ 9.59082627372295, -2.33727672129278 ], [ 9.592915704780161, -2.341698438114442 ], [ 9.595427114555426, -2.345894879789781 ], [ 9.598336476590529, -2.349825899293993 ], [ 9.601615957249546, -2.353453888875143 ], [ 9.605234182001018, -2.356744139844545 ], [ 9.609156535575607, -2.359665174632032 ], [ 9.613345493127641, -2.36218904792938 ], [ 9.61776097923233, -2.364291614040853 ], [ 9.622360751284178, -2.365952757883158 ], [ 9.627100803628652, -2.367156587424855 ], [ 9.628401952033128, -2.367420054049476 ], [ 9.629334480686262, -2.368189521691066 ], [ 9.649780035959154, -2.386816708728277 ], [ 9.653668012128595, -2.390015947683658 ], [ 9.657858031511667, -2.392807940906655 ], [ 9.66230760481694, -2.395164375923534 ], [ 9.666971610721667, -2.39706135708012 ], [ 9.671802753428862, -2.398479647857957 ], [ 9.676752042274842, -2.399404865944057 ], [ 9.681769288523727, -2.399827629076118 ], [ 9.686803614311108, -2.399743650184256 ], [ 9.691803968575888, -2.399153780864437 ], [ 9.696719644748438, -2.398064002742792 ], [ 9.701500794945398, -2.396485366818367 ], [ 9.706098935456907, -2.394433881399412 ], [ 9.710467438400286, -2.391930349769601 ], [ 9.714562004554528, -2.389000159230351 ], [ 9.718341112580781, -2.385673023658468 ], [ 9.721766440073445, -2.381982682189745 ], [ 9.72310725610247, -2.380209478994676 ], [ 9.723947221771159, -2.379205990960126 ], [ 9.724334949444883, -2.380276708025554 ], [ 9.734672847555139, -2.413995084322984 ], [ 9.736305644935429, -2.418528566845167 ], [ 9.738367249472526, -2.422883825482339 ], [ 9.740838514227818, -2.427020411220999 ], [ 9.743696487585852, -2.430899905949544 ], [ 9.746914626415077, -2.434486279262497 ], [ 9.750463042584434, -2.437746223089173 ], [ 9.754308780546275, -2.440649461038928 ], [ 9.758416123407597, -2.443169029590003 ], [ 9.762746924646995, -2.445281528510443 ], [ 9.767260962396517, -2.446967338185327 ], [ 9.771916312998101, -2.448210801831905 ], [ 9.776669740365213, -2.449000370910351 ], [ 9.781477097533511, -2.449328712379627 ], [ 9.786293736671215, -2.449192776802346 ], [ 9.791074923741213, -2.448593826666101 ], [ 9.795776253963805, -2.447537424658248 ], [ 9.80035406422148, -2.446033382003018 ], [ 9.804765838575618, -2.444095667340792 ], [ 9.873399343662667, -2.409915635136644 ], [ 9.874503487942231, -2.409433267501638 ], [ 9.875259468497811, -2.410371514017734 ], [ 9.965019665839508, -2.533983368223865 ], [ 9.968027439792436, -2.537732313776374 ], [ 9.9713812777523, -2.541175142242413 ], [ 9.975050188516505, -2.544280040100943 ], [ 9.97900026944629, -2.547018316485046 ], [ 9.983195019744711, -2.549364668300415 ], [ 9.987595677742929, -2.551297414039077 ], [ 9.992161579078141, -2.552798694127769 ], [ 9.99685053245339, -2.553854635959662 ], [ 10.00161920950703, -2.554455482084447 ], [ 10.006423545189277, -2.554595680372234 ], [ 10.011219144946109, -2.554273935318113 ], [ 10.015961694947999, -2.553493220013295 ], [ 10.136244061976249, -2.527700185325052 ], [ 10.137205638389485, -2.527543593089395 ], [ 10.136409062450213, -2.528104500479025 ], [ 9.978334890157385, -2.628025370372814 ], [ 9.977318212674744, -2.628600747355116 ], [ 9.976546014679105, -2.627724161916601 ], [ 9.874603784201966, -2.499963821239019 ], [ 9.871353119551097, -2.496277216586663 ], [ 9.867756200623802, -2.492927582462516 ], [ 9.863847784986547, -2.48994728688294 ], [ 9.859665640245169, -2.487365128890612 ], [ 9.855250179090849, -2.485206060265055 ], [ 9.850644068786218, -2.483490944409855 ], [ 9.84589181886521, -2.482236354746473 ], [ 9.841039351030767, -2.481454414562778 ], [ 9.836133555406541, -2.481152679863912 ], [ 9.831221837430604, -2.481334066357475 ], [ 9.826351659769605, -2.481996821278603 ], [ 9.821570083679902, -2.483134540327206 ], [ 9.816923314247596, -2.48473622955367 ], [ 9.812456253901864, -2.486786411595043 ], [ 9.808212068516054, -2.489265275235115 ], [ 9.804231770289391, -2.492148866843162 ], [ 9.800553821439941, -2.495409321841473 ], [ 9.800125750095329, -2.49582813759426 ], [ 9.796830032860154, -2.499381163659971 ], [ 9.793893765640824, -2.503236560025398 ], [ 9.791344532608155, -2.507358107946144 ], [ 9.789206282018272, -2.511707088370648 ], [ 9.787499101235539, -2.516242645678513 ], [ 9.786239028025872, -2.520922171490402 ], [ 9.785437899893166, -2.525701704943872 ], [ 9.785103242874261, -2.530536345674842 ], [ 9.785238200837092, -2.535380675625013 ], [ 9.785841505946275, -2.540189185712669 ], [ 9.786907490573505, -2.544916703358577 ], [ 9.78842614054097, -2.549518816850677 ], [ 9.79038318919752, -2.55395229256097 ], [ 9.792760251443839, -2.55817548109512 ], [ 9.795534996447572, -2.562148708559301 ], [ 9.89912148257431, -2.696141634907808 ], [ 9.902648720422116, -2.700227832461022 ], [ 9.906595905448963, -2.703909971464741 ], [ 10.634474714754054, -3.312856333054865 ], [ 10.63536900977096, -3.31368335145085 ], [ 10.635525838217889, -3.314891295093081 ], [ 10.644650787953863, -3.429514632630185 ], [ 10.64524201771728, -3.434168311901292 ], [ 10.646266780796443, -3.43874610001599 ], [ 10.647716056700661, -3.443207700933255 ], [ 10.649577088159427, -3.447513841351421 ], [ 10.651833493418472, -3.451626616411942 ], [ 10.654465410440361, -3.455509823357415 ], [ 10.657449671740359, -3.459129280206836 ], [ 10.66076000831851, -3.462453126642944 ], [ 10.664367280892874, -3.465452104463091 ], [ 10.962844410500718, -3.690782136770809 ], [ 10.963737041735088, -3.691524188724499 ], [ 10.964295712007427, -3.69254169506325 ], [ 11.065950512815649, -3.900204103741529 ], [ 11.068228487270552, -3.904348844881024 ], [ 11.070887882224474, -3.908259812179493 ], [ 11.073904903489167, -3.911902013357217 ], [ 11.077252557115578, -3.915242860843738 ], [ 11.805520695135455, -4.57631185763522 ], [ 11.806353837114697, -4.577144384242852 ], [ 11.806488188812061, -4.578314502070843 ], [ 11.819182975711938, -4.769342126014904 ], [ 11.819764476927265, -4.774313787377132 ], [ 11.820840158537493, -4.779202393460415 ], [ 11.822399239820411, -4.783958949558827 ], [ 11.824426095313944, -4.788535784400989 ], [ 11.826900411418023, -4.792887027922235 ], [ 11.829797389982048, -4.796969070984683 ], [ 11.979314712477363, -4.98675315652073 ], [ 11.982610597852169, -4.990530558864596 ], [ 11.986268174183946, -4.993958935192907 ], [ 11.990250673132319, -4.997003821233057 ], [ 11.99451806002307, -4.999634607806679 ], [ 11.999027436302763, -5.001824848533051 ], [ 12.003733470782954, -5.003552525685342 ], [ 12.008588855338841, -5.004800271527152 ], [ 12.01354478048135, -5.005555542904314 ], [ 12.01855142602192, -5.005810747336845 ], [ 12.131240076065897, -5.005898259251731 ], [ 12.132389542820206, -5.005956012213203 ], [ 12.131986761404937, -5.007034147805457 ], [ 12.101015482131876, -5.078889844672237 ], [ 12.100482471649071, -5.079975816054056 ], [ 12.099356475255654, -5.080484255339491 ], [ 12.097038933619269, -5.081397445332355 ], [ 12.092608593615514, -5.083676030383319 ], [ 12.088426999875518, -5.08638419141564 ], [ 12.084535667031748, -5.089495041955661 ], [ 12.080973228022474, -5.092977697650466 ], [ 12.077775050546078, -5.096797582886023 ], [ 12.074972885932498, -5.100916774051986 ], [ 12.072594553917765, -5.105294376045207 ], [ 12.070663666451207, -5.10988692827407 ], [ 12.069199393277298, -5.114648836132852 ], [ 12.068216271619509, -5.119532823662457 ], [ 12.067724061855538, -5.124490402903539 ], [ 12.067727650616829, -5.12947235528229 ], [ 12.068227002274357, -5.134429220249734 ], [ 12.069217159292354, -5.139311786323334 ], [ 12.07068829144645, -5.144071579655878 ], [ 12.072625793417599, -5.148661345281174 ], [ 12.231655433000652, -5.478482256352674 ], [ 12.232124529798089, -5.479591121411526 ], [ 12.231783961377745, -5.480745957622942 ], [ 12.17039265415543, -5.656616084280103 ], [ 12.169028321122594, -5.661225783163472 ], [ 12.168112991609947, -5.6659452005325 ], [ 12.167655127190201, -5.670730708717943 ], [ 12.16765896049546, -5.675538069087791 ], [ 12.168124456089533, -5.680322841002074 ], [ 12.169047310795516, -5.685040792635087 ], [ 12.17041899347562, -5.689648309867275 ], [ 12.172226823895485, -5.694102799466862 ], [ 12.174454089943964, -5.698363082834093 ], [ 12.177080202124753, -5.702389776668211 ], [ 12.373722862605085, -5.974371674546986 ], [ 12.376912361196581, -5.978340666143149 ], [ 12.380488978758535, -5.98196469737523 ], [ 12.384415624628669, -5.985206185886105 ], [ 12.388651578239765, -5.988031516408401 ], [ 12.393152911404901, -5.99041138936552 ], [ 12.397872943866728, -5.992321124717568 ], [ 12.4027627273866, -5.993740917901225 ], [ 12.407771553353378, -5.994656045209365 ], [ 12.412847478647866, -5.99505701648059 ], [ 12.417937864309488, -5.994939673515219 ], [ 12.42298992141906, -5.994305233197144 ], [ 12.427951258536678, -5.993160274874357 ], [ 12.432770425017624, -5.991516672129015 ], [ 12.456052928087304, -5.982227503039719 ], [ 12.457136131758968, -5.981855858658162 ], [ 12.457181549287917, -5.983150047988544 ], [ 12.457598732820134, -5.988074310113385 ], [ 12.458499988398593, -5.992933336554557 ], [ 12.45987651169375, -5.997679659677942 ], [ 12.461714855504828, -6.002266912843614 ], [ 12.463997061124989, -6.006650283359668 ], [ 12.466700833779203, -6.010786950255615 ], [ 12.469799760421024, -6.014636502598721 ], [ 12.473263567760574, -6.018161334266784 ], [ 12.477058418003095, -6.021327011320834 ], [ 12.481147239409008, -6.024102608388897 ], [ 12.485490088446252, -6.02646101077471 ], [ 12.490044539997035, -6.028379179340107 ], [ 12.494766101807111, -6.029838375573426 ], [ 12.499608649128826, -6.030824344645279 ], [ 12.504524875311921, -6.03132745466341 ], [ 12.509466753940302, -6.031342790766264 ], [ 12.514386008000166, -6.030870203136065 ], [ 12.51923458149621, -6.029914308462392 ], [ 12.697372967304368, -5.985547396003066 ], [ 12.701964052205957, -5.984167092384334 ], [ 12.706401839632603, -5.982353438225076 ], [ 12.71064553158679, -5.980123107027371 ], [ 12.714656114452687, -5.977496602938423 ], [ 12.718396717660783, -5.97449807224939 ], [ 12.721832952650805, -5.97115508141081 ], [ 12.724933229016749, -5.96749836360542 ], [ 12.727669044927561, -5.963561536208183 ], [ 12.730015249153588, -5.959380791731028 ], [ 12.731950272289856, -5.954994565093519 ], [ 12.766062774523991, -5.866393121888049 ], [ 12.766521682198315, -5.865348498772994 ], [ 12.767519027164337, -5.864794299598699 ], [ 12.857665061882157, -5.820043559008095 ], [ 12.858744742079569, -5.819570400642795 ], [ 12.859921099156026, -5.819646375612572 ], [ 13.183102466490348, -5.85607596737163 ], [ 13.184148498151398, -5.856246840168264 ], [ 13.183216280948658, -5.856751172236898 ], [ 12.818648208939509, -6.031167402603938 ], [ 12.817410308620188, -6.031679531096425 ], [ 12.816091443237763, -6.031914620220968 ], [ 12.358967421082635, -6.088162183410525 ], [ 12.354069073198676, -6.089013966275647 ], [ 12.349279536180861, -6.090348013200074 ], [ 12.344646167718359, -6.092151133476785 ], [ 12.340214781346514, -6.094405498324147 ], [ 12.336029193454594, -6.097088817172255 ], [ 12.332130790040795, -6.100174558066252 ], [ 12.328558117498316, -6.103632210007354 ], [ 12.325346501478704, -6.107427584637633 ], [ 12.322527697601055, -6.111523154285551 ], [ 12.32012957746076, -6.115878423029764 ], [ 12.318175853042456, -6.120450327112192 ], [ 12.316685842262133, -6.125193660741204 ], [ 12.315674277956624, -6.130061523074653 ], [ 12.315151162209171, -6.135005781963138 ], [ 12.315121667451448, -6.139977549868106 ], [ 12.315586085319904, -6.144927667249044 ], [ 12.316539823772139, -6.149807188640156 ], [ 12.31797345249182, -6.15456786661033 ], [ 12.319872796133181, -6.159162628821111 ], [ 12.503248448941248, -6.546945395455524 ], [ 12.503684686150491, -6.547996542691783 ], [ 12.502575028346971, -6.548249273722914 ], [ 12.384087481097685, -6.569271719302285 ], [ 12.382953057941121, -6.569419681883899 ], [ 12.381809847708716, -6.569463031487754 ], [ 11.594906361593234, -6.563169815348281 ], [ 11.593514429024211, -6.563080301655758 ], [ 11.592177509831231, -6.562682638419755 ], [ 10.705442836516363, -6.243677474586888 ], [ 10.704409941559296, -6.24325250504203 ], [ 10.703527774300037, -6.242567485310151 ], [ 10.250902314897933, -5.857248229950552 ], [ 10.250088121384344, -5.856489770915545 ], [ 10.249421891355533, -5.855598530917566 ], [ 9.846510705202187, -5.263103558114311 ], [ 9.844074022212258, -5.259817898990097 ], [ 9.841376912690874, -5.256742418522981 ], [ 9.275203150773741, -4.66208172406719 ], [ 9.274314498293323, -4.661038683790355 ], [ 9.273675948341081, -4.659826293503126 ], [ 9.078991846586513, -4.234822231898458 ], [ 9.078563331677699, -4.233759836621505 ], [ 9.078441642849945, -4.232620757791612 ], [ 9.051327043054282, -3.783257218845313 ], [ 9.051310263479728, -3.782131203648682 ] ] ], [ [ [ 9.54300215744173, -2.070906507530103 ], [ 9.541607323496153, -2.06697886234206 ], [ 9.528314429857826, -2.034760111359375 ], [ 9.52789995069851, -2.033590238651807 ], [ 9.528464779921139, -2.032485085687437 ], [ 9.54789229231465, -1.998811527978232 ], [ 9.548500431128812, -1.997868939466314 ], [ 9.548918834130097, -1.998909729958514 ], [ 9.566022340467347, -2.048432154943415 ], [ 9.566351188598246, -2.049557886622806 ], [ 9.565527156379781, -2.050392382764274 ], [ 9.544108418979423, -2.070082591182864 ], [ 9.543195136292413, -2.070844535594782 ], [ 9.54300215744173, -2.070906507530103 ] ] ], [ [ [ -0.693614703773975, 5.303178428038566 ], [ -0.692597445712006, 5.303725115345184 ], [ 0.296930343156301, 5.773109884592678 ], [ 0.29812225877042, 5.773601038207945 ], [ 0.299407427397746, 5.773702212831003 ], [ 0.92649439884132, 5.790331285340415 ], [ 0.931170549413318, 5.790675211331034 ], [ 0.935793922857948, 5.791455651751884 ], [ 0.940323861840797, 5.79266574351315 ], [ 0.944720530677742, 5.794294845227976 ], [ 0.948945265644695, 5.796328630791407 ], [ 0.952960914981273, 5.798749215362259 ], [ 0.956732165598468, 5.801535312640051 ], [ 0.960225853617274, 5.804662422053913 ], [ 0.963411256007456, 5.808103044217365 ], [ 0.966260360761813, 5.811826922754283 ], [ 0.96874811323006, 5.815801310369468 ], [ 1.098218597188688, 6.045979190766401 ], [ 1.098845805226488, 6.046978920220971 ], [ 1.099915938492061, 6.047476578435939 ], [ 1.428270250437317, 6.181436089424198 ], [ 1.429555866326929, 6.181880356293956 ], [ 1.430882266131569, 6.182181761047469 ], [ 2.305652524506343, 6.331262668082881 ], [ 2.308317558246498, 6.331570723968339 ], [ 3.323311071050254, 6.393929853156268 ], [ 3.328098264126867, 6.394456350028877 ], [ 3.332812596028749, 6.395440977485605 ], [ 3.33741032828482, 6.396874600382717 ], [ 3.341848804208301, 6.398743917901577 ], [ 3.346086844655498, 6.401031586950535 ], [ 3.350085130076284, 6.403716383070088 ], [ 3.35380656531171, 6.406773397348461 ], [ 3.357216623754228, 6.410174267520673 ], [ 3.360283667677506, 6.413887441107017 ], [ 3.362979241763858, 6.417878468149601 ], [ 3.365278337106048, 6.422110320831011 ], [ 3.367159623234091, 6.426543737009768 ], [ 3.368605646014375, 6.43113758448531 ], [ 3.369602989585043, 6.435849242612942 ], [ 3.370142400825221, 6.440634997728242 ], [ 3.370218875203319, 6.445450448712224 ], [ 3.369868254677419, 6.449797724377476 ], [ 3.369861507901798, 6.450011826626183 ], [ 3.3701711506935, 6.451175953807446 ], [ 3.401976469444945, 6.550965141963986 ], [ 3.402405653030134, 6.552111230059721 ], [ 3.403405023945361, 6.552817611151458 ], [ 3.480174730684751, 6.60154141863543 ], [ 3.48119397982598, 6.60212014575563 ], [ 3.481868836172223, 6.601161833278668 ], [ 3.506382151650567, 6.562444342526661 ], [ 3.509207039870657, 6.558432618170238 ], [ 3.512411524725407, 6.554717082867809 ], [ 3.515964748402611, 6.551333515627798 ], [ 3.519832494885052, 6.548314498748831 ], [ 3.523977519436047, 6.545689104066203 ], [ 3.528359907250257, 6.543482613002595 ], [ 3.532937457816112, 6.541716273118835 ], [ 3.537666091288604, 6.540407093509021 ], [ 3.542500272959252, 6.53956768101025 ], [ 3.54739345173578, 6.539206118804195 ], [ 3.552298508409137, 6.539325888579541 ], [ 3.557168209391222, 6.539925837004815 ], [ 3.561955661554058, 6.541000186834474 ], [ 3.566614763790446, 6.542538592541301 ], [ 3.772519505161798, 6.621929723724141 ], [ 3.773696581042803, 6.622316846004237 ], [ 3.774914557935597, 6.622089022436535 ], [ 3.856712112347928, 6.602489221489829 ], [ 3.857729367939859, 6.602191318454492 ], [ 3.856741689399304, 6.601806550656571 ], [ 3.615673537753375, 6.521443587522314 ], [ 3.611121241248053, 6.519674592631041 ], [ 3.606763248346073, 6.517469905745334 ], [ 3.602641139087233, 6.514850562000063 ], [ 3.598794242922243, 6.511841552812058 ], [ 3.595259263466558, 6.50847158743455 ], [ 3.59206992830757, 6.504772819039347 ], [ 3.58925666720637, 6.500780537940252 ], [ 3.586846321764396, 6.496532834884709 ], [ 3.584861889325071, 6.492070237626221 ], [ 3.583322303553882, 6.48743532424506 ], [ 3.582242253790413, 6.482672316906609 ], [ 3.581632044895907, 6.47782665993332 ], [ 3.581497498933567, 6.47294458621596 ], [ 3.581839899619679, 6.46807267610104 ], [ 3.582655980075553, 6.463257412963136 ], [ 3.583937953997125, 6.458544739702436 ], [ 3.58567358994486, 6.453979620398996 ], [ 3.587846328045118, 6.449605611306024 ], [ 3.590435437989541, 6.445464445275374 ], [ 3.593416216824969, 6.441595633580296 ], [ 3.596760224646752, 6.438036088934478 ], [ 3.600435555946677, 6.434819773304211 ], [ 3.604407144026577, 6.431977373873921 ], [ 3.608637095573143, 6.429536010256716 ], [ 3.613085052201771, 6.427518975743487 ], [ 3.617708575519881, 6.425945515059321 ], [ 3.622463552035802, 6.424830640747686 ], [ 3.627304614049952, 6.424184989934268 ], [ 4.404313348083759, 6.358974744359711 ], [ 4.405508709358815, 6.358815445739288 ], [ 4.406553722808794, 6.358213605629528 ], [ 4.746673394607328, 6.139594124744909 ], [ 4.747763897225157, 6.138806565416259 ], [ 4.748659495549815, 6.137802897494816 ], [ 5.017789072761698, 5.801132715697936 ], [ 5.021156936025873, 5.797332585818416 ], [ 5.024892856172956, 5.79389363383823 ], [ 5.028958303178944, 5.790851327031066 ], [ 5.033311348478838, 5.788237041911864 ], [ 5.037907097392536, 5.786077740638384 ], [ 5.042698152141451, 5.784395692939802 ], [ 5.047635100680571, 5.78320824644017 ], [ 5.052667026304447, 5.782527647745498 ], [ 5.057742032771342, 5.782360916139662 ], [ 5.062807779529724, 5.78270977119174 ], [ 5.067812021527099, 5.783570615021427 ], [ 5.072703148033936, 5.784934569405388 ], [ 5.077430714925551, 5.786787567341899 ], [ 5.081945964932347, 5.789110498129404 ], [ 5.289324190913171, 5.909491531817488 ], [ 5.289586428224984, 5.90962717338412 ], [ 5.289343712653148, 5.909459077597447 ], [ 5.130899314475604, 5.810757698626488 ], [ 5.126885192553339, 5.807976148031615 ], [ 5.123161577282935, 5.8048162607177 ], [ 5.119763992249752, 5.801308182260633 ], [ 5.116724850684802, 5.797485380007465 ], [ 5.114073146239944, 5.793384323795248 ], [ 5.111834176386148, 5.789044138025902 ], [ 5.11002930107361, 5.78450622841631 ], [ 5.108675738956131, 5.779813886984491 ], [ 5.107786403123795, 5.775011879040312 ], [ 5.107369777911063, 5.770146016120875 ], [ 5.107429837955547, 5.765262718944816 ], [ 5.107966010279656, 5.760408574554968 ], [ 5.122882895964493, 5.667304260194279 ], [ 5.123866403812661, 5.662616109595508 ], [ 5.125294026389254, 5.658043589775652 ], [ 5.127152660378245, 5.653628669230597 ], [ 5.129425246460925, 5.649411869944293 ], [ 5.132090925893444, 5.645431895461057 ], [ 5.135125231957079, 5.641725275648294 ], [ 5.138500314523984, 5.638326031410122 ], [ 5.142185195677299, 5.635265362429307 ], [ 5.146146054039399, 5.632571360803555 ], [ 5.150346535198619, 5.630268753204504 ], [ 5.154748085385222, 5.628378673926012 ], [ 5.159310305333994, 5.626918470904786 ], [ 5.163991321085565, 5.625901546493775 ], [ 5.168748168323093, 5.625337234449779 ], [ 5.247976396681825, 5.619769499566574 ], [ 5.252763291492654, 5.619662924877606 ], [ 5.257538431760898, 5.620014713895171 ], [ 5.262258028074873, 5.620821640612647 ], [ 5.266878800376962, 5.62207630527961 ], [ 5.271358374854196, 5.623767202259673 ], [ 5.275655672518333, 5.625878825540488 ], [ 5.27973128591201, 5.62839181092834 ], [ 5.283547840486474, 5.631283113623391 ], [ 5.287070337336968, 5.634526219547121 ], [ 5.290266474152761, 5.638091388484074 ], [ 5.293106941438642, 5.641945926808194 ], [ 5.29556569129144, 5.646054487292797 ], [ 5.3369969842741, 5.723473330431699 ], [ 5.337504257506873, 5.724318768449221 ], [ 5.337457304615554, 5.723333940037703 ], [ 5.334093581171794, 5.688654426346763 ], [ 5.333860092402864, 5.683747916925455 ], [ 5.334109170059061, 5.678842174165405 ], [ 5.33483841020707, 5.673984545061292 ], [ 5.336040774701784, 5.669221912246509 ], [ 5.337704659113839, 5.664600241512898 ], [ 5.339814004727917, 5.660164138179232 ], [ 5.342348453530882, 5.655956416590088 ], [ 5.34528354469389, 5.652017686900019 ], [ 5.348590950652195, 5.648385963131123 ], [ 5.352238750504116, 5.645096296286757 ], [ 5.356191738090541, 5.642180436062369 ], [ 5.360411761781559, 5.639666524418367 ], [ 5.364858092690839, 5.637578823972476 ], [ 5.369487817763988, 5.635937483832938 ], [ 5.374256253947057, 5.63475834513262 ], [ 5.379117379437921, 5.634052788140828 ], [ 5.384024277858367, 5.633827622428463 ], [ 5.388929591060043, 5.634085021146523 ], [ 5.393785976194085, 5.63482250005229 ], [ 5.398546562633078, 5.636032941485597 ], [ 5.403165404335452, 5.637704663063797 ], [ 5.446277468255054, 5.655749893509964 ], [ 5.447423618146865, 5.656163150051595 ], [ 5.448305239673872, 5.655322207707084 ], [ 5.508754660206942, 5.591549651238291 ], [ 5.509486836134483, 5.590695621965309 ], [ 5.508365771727652, 5.590602551112124 ], [ 5.258361424670337, 5.582373123256405 ], [ 5.253624092916833, 5.581991179574447 ], [ 5.248944426993027, 5.581161167550118 ], [ 5.244364708977971, 5.579890586572175 ], [ 5.239926317893643, 5.578190916692018 ], [ 5.235669355834025, 5.576077514898246 ], [ 5.231632285631557, 5.573569476362 ], [ 5.227851583334788, 5.570689461906801 ], [ 5.224361408637157, 5.567463493261732 ], [ 5.221193296234702, 5.563920717947891 ], [ 5.218375870901331, 5.560093145922465 ], [ 5.215934588856053, 5.556015360359889 ], [ 5.213891507758987, 5.551724205183277 ], [ 5.212265087414287, 5.547258452169362 ], [ 5.21117974259088, 5.543771114635168 ], [ 5.20996818759652, 5.539092128622169 ], [ 5.209214063297087, 5.534318024292014 ], [ 5.208924416463996, 5.529493412356711 ], [ 5.209101953647119, 5.524663375486996 ], [ 5.209745015883937, 5.519873047045879 ], [ 5.2108475942014, 5.515167189348492 ], [ 5.212399385765641, 5.510589775389132 ], [ 5.214385890154847, 5.506183577943958 ], [ 5.2167885448557, 5.5019897698889 ], [ 5.219584898717263, 5.498047539467537 ], [ 5.222748821741496, 5.494393724103986 ], [ 5.226250749250068, 5.491062466182584 ], [ 5.23005795814588, 5.488084894010857 ], [ 5.23413487268784, 5.485488830946957 ], [ 5.238443396921624, 5.48329853540957 ], [ 5.367128319488129, 5.42552797447204 ], [ 5.371828899552351, 5.423696700318587 ], [ 5.376690083980149, 5.422348403643447 ], [ 5.381662387823591, 5.421496809577145 ], [ 5.386695194982739, 5.421150587012757 ], [ 5.39173727345767, 5.421313260359988 ], [ 5.396737296870108, 5.421983173668063 ], [ 5.401644366945792, 5.423153507482658 ], [ 5.406408531638919, 5.424812348265262 ], [ 5.41098129362434, 5.426942809668325 ], [ 5.415316103981292, 5.429523204431638 ], [ 5.419368836043111, 5.432527265150127 ], [ 5.423098234589379, 5.435924411665713 ], [ 5.423630806898209, 5.436461133307366 ], [ 5.424697295109509, 5.437038038752365 ], [ 5.638795195035481, 5.539656821944665 ], [ 5.639352751116299, 5.539891120983569 ], [ 5.63885059367522, 5.539554070946853 ], [ 5.572452150323575, 5.499572212072485 ], [ 5.56839965609931, 5.496854053988024 ], [ 5.56463141853444, 5.493753815535174 ], [ 5.561183327970721, 5.490301024740148 ], [ 5.558088225529924, 5.486528567491777 ], [ 5.555375590320639, 5.482472374321923 ], [ 5.553071258666356, 5.478171078187397 ], [ 5.55119717802903, 5.473665646512782 ], [ 5.549771197971856, 5.468998990998781 ], [ 5.548806900152227, 5.464215558912414 ], [ 5.548313468964097, 5.459360909751825 ], [ 5.548295604061792, 5.454481281317704 ], [ 5.54875347559845, 5.449623149324259 ], [ 5.54968272260541, 5.4448327847442 ], [ 5.55107449452798, 5.440155813103773 ], [ 5.552915535521994, 5.435636779925295 ], [ 5.577378333629205, 5.38308706524597 ], [ 5.577810017611518, 5.382028027253015 ], [ 5.576690869214345, 5.381792614007403 ], [ 5.388626133284253, 5.351693241996499 ], [ 5.383882109211396, 5.350695976925826 ], [ 5.379256957717552, 5.34924398667654 ], [ 5.374794155785529, 5.347350920132397 ], [ 5.370535654292636, 5.345034572347616 ], [ 5.36652148366738, 5.342316717271208 ], [ 5.362789377598586, 5.339222903069239 ], [ 5.35937441833418, 5.33578221196897 ], [ 5.356308706903808, 5.332026986882412 ], [ 5.353621061365282, 5.327992527379049 ], [ 5.351336745911361, 5.323716757865616 ], [ 5.349477233383279, 5.319239871092094 ], [ 5.348060003423448, 5.314603950335008 ], [ 5.347098378164705, 5.309852573809539 ], [ 5.346601397000658, 5.305030405029041 ], [ 5.346573731614288, 5.300182772962616 ], [ 5.347015642063568, 5.295355245937333 ], [ 5.357364058084542, 5.221805205779775 ], [ 5.358263607945483, 5.217075462231619 ], [ 5.359613888911267, 5.212454163139687 ], [ 5.361402381358263, 5.207984156568027 ], [ 5.363612502624891, 5.203706887816773 ], [ 5.366223760763819, 5.199662015146894 ], [ 5.369211944540554, 5.195887042074129 ], [ 5.37254934791675, 5.192416969641426 ], [ 5.376205026936871, 5.189283971893982 ], [ 5.38014508663639, 5.186517097565814 ], [ 5.384332995311343, 5.184142000743808 ], [ 5.388729923235378, 5.182180703006469 ], [ 5.393295102683759, 5.180651389242806 ], [ 5.39798620592623, 5.179568239044486 ], [ 5.402759737684043, 5.178941295234567 ], [ 5.407571438412334, 5.178776370751786 ], [ 5.412376694668672, 5.179074994753782 ], [ 5.417130952762908, 5.179834398438947 ], [ 5.421790131852995, 5.181047540718379 ], [ 5.449643514133033, 5.189751722966649 ], [ 5.450838211348775, 5.190059380373283 ], [ 5.451728336421194, 5.18920519545617 ], [ 5.495013214557634, 5.143219903694495 ], [ 5.495746631574948, 5.142359229173731 ], [ 5.49463858323864, 5.142133640972866 ], [ 5.444026461540337, 5.134410606050364 ], [ 5.439316532749328, 5.133458330463309 ], [ 5.434719767041902, 5.132058329377201 ], [ 5.430278620620538, 5.130223533346556 ], [ 5.426034112371926, 5.127970888736872 ], [ 5.422025445012301, 5.125321201206246 ], [ 5.418289643007109, 5.122298943542169 ], [ 5.414861210609218, 5.118932029628336 ], [ 5.411771813174084, 5.115251556629134 ], [ 5.409049984695255, 5.111291517773023 ], [ 5.406720864261465, 5.10708848838757 ], [ 5.404805963869417, 5.10268128808595 ], [ 5.403322969736755, 5.098110622224988 ], [ 5.402285578950341, 5.093418705946288 ], [ 5.401703372958541, 5.088648874272823 ], [ 5.401581729075981, 5.083845181862197 ], [ 5.401921770818114, 5.079051996113274 ], [ 5.402720357524316, 5.074313587384307 ], [ 5.403970113365352, 5.069673720107341 ], [ 5.472310610741423, 4.857190117259058 ], [ 5.474089231348612, 4.852486078825796 ], [ 5.476331394531998, 4.847984504311806 ], [ 5.47901441725146, 4.84373093428972 ], [ 5.482111156472789, 4.839768400373019 ], [ 5.883286206117788, 4.376483292738265 ], [ 5.886733135032699, 4.37288229840554 ], [ 5.890521493966808, 4.369642419439417 ], [ 5.894613628936952, 4.366795858265843 ], [ 5.898968866610971, 4.364370907971184 ], [ 5.909832063922202, 4.35901346087115 ], [ 5.91444906767043, 4.357018529593593 ], [ 5.919243131192706, 4.355497533420782 ], [ 5.924165745326941, 4.354465862689026 ], [ 5.929167100160136, 4.353933956451232 ], [ 5.934196589034463, 4.353907196848413 ], [ 5.939203320615275, 4.354385854650013 ], [ 5.944136633839639, 4.355365086514099 ], [ 5.948946610534854, 4.356834983995154 ], [ 5.953584580519961, 4.358780673803569 ], [ 5.958003614079336, 4.361182468302363 ], [ 5.962158996825234, 4.364016064718303 ], [ 5.96600868214433, 4.367252791051694 ], [ 5.969513716650154, 4.370859896196586 ], [ 5.972638634336429, 4.374800881335777 ], [ 5.975351815443037, 4.379035869257374 ], [ 5.977625806403402, 4.383522007855936 ], [ 5.979437597635865, 4.388213903735354 ], [ 5.988229803903508, 4.414906409698594 ], [ 5.988632353200027, 4.415951271574301 ], [ 5.989258962201849, 4.415023293431118 ], [ 5.998266345382403, 4.400144579265448 ], [ 6.000964774407901, 4.396137818092172 ], [ 6.004037266732045, 4.392410158608877 ], [ 6.00745514290734, 4.38899639576479 ], [ 6.011186499583034, 4.385928394515755 ], [ 6.015196507299336, 4.383234792388395 ], [ 6.019447735594715, 4.380940732169941 ], [ 6.023900502391621, 4.37906762721888 ], [ 6.028513244399385, 4.377632961587056 ], [ 6.033242905076849, 4.376650126818963 ], [ 6.038045336533393, 4.376128296951554 ], [ 6.042875711616899, 4.376072342881386 ], [ 6.047688942342121, 4.376482786898395 ], [ 6.052440100753742, 4.377355797810703 ], [ 6.057084838295663, 4.378683226705969 ], [ 6.061579799772039, 4.380452683015468 ], [ 6.065883028036017, 4.3826476501709 ], [ 6.069954355628731, 4.385247639774364 ], [ 6.073755779712876, 4.388228382842428 ], [ 6.077251816801131, 4.391562056339167 ], [ 6.080409833968327, 4.395217542883668 ], [ 6.0832003534557, 4.3991607212078 ], [ 6.085597327824015, 4.403354784653073 ], [ 6.087578383087177, 4.407760584733604 ], [ 6.088316300905242, 4.409944031475535 ], [ 6.08868153042082, 4.410869247749739 ], [ 6.088788684695547, 4.40989096936411 ], [ 6.093564781697115, 4.330256858304814 ], [ 6.094119938422037, 4.325245986367675 ], [ 6.095176879895045, 4.320316492348787 ], [ 6.096724860388114, 4.315518493500026 ], [ 6.098748141870528, 4.310900770186255 ], [ 6.101226154014526, 4.306510269944388 ], [ 6.104133703330003, 4.302391630176492 ], [ 6.107441229302059, 4.298586724329588 ], [ 6.111115104927272, 4.295134236176083 ], [ 6.115117978593211, 4.292069266523025 ], [ 6.11940915382535, 4.289422976348704 ], [ 6.123945003040586, 4.287222269994763 ], [ 6.128679411100785, 4.285489521634746 ], [ 6.133564244156847, 4.284242347800017 ], [ 6.138549839016622, 4.283493428275758 ], [ 6.14358550806138, 4.28325037718794 ], [ 6.148620054577438, 4.283515665591917 ], [ 6.176212327456122, 4.286370038656238 ], [ 6.181064343902557, 4.28711421591115 ], [ 6.185820006060951, 4.288330579680109 ], [ 6.190433477217034, 4.290007406229036 ], [ 6.19486029114253, 4.292128533724554 ], [ 6.199057780676009, 4.294673518007324 ], [ 6.20298548896373, 4.297617829639909 ], [ 6.20660555939677, 4.300933090329965 ], [ 6.209883100486091, 4.304587346450028 ], [ 6.212786522158765, 4.308545377017602 ], [ 6.215287840234006, 4.312769033167158 ], [ 6.217362946144364, 4.317217605842073 ], [ 6.218991839302432, 4.321848218162577 ], [ 6.220158819873409, 4.326616238687929 ], [ 6.22085264009553, 4.331475711589651 ], [ 6.236223246186283, 4.496790798843765 ], [ 6.236361469183021, 4.497753519364995 ], [ 6.236653478990147, 4.496825798139972 ], [ 6.246326109780534, 4.459727719858362 ], [ 6.247779833760958, 4.45508884895423 ], [ 6.249677174243522, 4.450613076867797 ], [ 6.252000195716705, 4.446342712959229 ], [ 6.25472693871736, 4.442318124870387 ], [ 6.257831627412969, 4.438577356930534 ], [ 6.261284913259932, 4.435155770524256 ], [ 6.265054152434609, 4.432085709821183 ], [ 6.269103714414553, 4.429396196027379 ], [ 6.273395318792939, 4.427112653048613 ], [ 6.277888397142286, 4.425256667158822 ], [ 6.282540476506762, 4.423845782945611 ], [ 6.287307580897969, 4.422893337461711 ], [ 6.292144646998846, 4.422408334150157 ], [ 6.29700595014606, 4.422395357734968 ], [ 6.301845536564096, 4.422854530881867 ], [ 6.306617657765127, 4.423781513038729 ], [ 6.311277203008315, 4.425167541466703 ], [ 6.3157801257305, 4.426999514074168 ], [ 6.320083859917244, 4.429260113270467 ], [ 6.331490240453753, 4.435978391129981 ], [ 6.332422020086428, 4.436468258008611 ], [ 6.332052691126561, 4.435482469510989 ], [ 6.305730962149278, 4.374375988936308 ], [ 6.304042249635341, 4.369870375311767 ], [ 6.302794446205949, 4.365223301965028 ], [ 6.301999107670881, 4.360477805078188 ], [ 6.301663599597982, 4.355677832326037 ], [ 6.301791029101222, 4.350867835880083 ], [ 6.302380216065961, 4.346092360740482 ], [ 6.303425704077886, 4.341395632208269 ], [ 6.304917810954452, 4.336821146318327 ], [ 6.3068427184108, 4.332411267026003 ], [ 6.309182600029822, 4.328206833877844 ], [ 6.311915786351211, 4.324246783799757 ], [ 6.315016965550626, 4.320567790505188 ], [ 6.318457417850527, 4.317203924862734 ], [ 6.322205281491772, 4.314186339368502 ], [ 6.326225847802882, 4.311542979645281 ], [ 6.330481882634319, 4.309298325640323 ], [ 6.334933971181031, 4.307473164918465 ], [ 6.339540882999875, 4.306084400150127 ], [ 6.344259953841513, 4.305144892576996 ], [ 6.349047480760691, 4.304663342905083 ], [ 6.353859126845784, 4.304644210728163 ], [ 6.358650331819458, 4.305087673227828 ], [ 6.521468381753429, 4.328103721221333 ], [ 6.526201100029507, 4.329007197789873 ], [ 6.530824883194698, 4.330362011958648 ], [ 6.535296794997926, 4.332155582981711 ], [ 6.539575309459031, 4.334371255835887 ], [ 6.543620696477234, 4.336988455878599 ], [ 6.547395390763135, 4.339982879903115 ], [ 6.550864340668376, 4.343326721817075 ], [ 6.553995333673729, 4.346988930848663 ], [ 6.556759295513167, 4.350935499882741 ], [ 6.559130560156243, 4.35512978124945 ], [ 6.561087108141736, 4.359532827032892 ], [ 6.562610771049429, 4.364103750739796 ], [ 6.563687400211268, 4.368800106969736 ], [ 6.56430699809528, 4.373578285561285 ], [ 6.564463811142239, 4.378393916554097 ], [ 6.564156383192949, 4.383202282206438 ], [ 6.550601452449952, 4.503668123813524 ], [ 6.550546324789521, 4.504532030809623 ], [ 6.550885442545422, 4.503735555132351 ], [ 6.558308064632279, 4.48366338597719 ], [ 6.560256862326268, 4.479102669015534 ], [ 6.562647905573399, 4.474757457415763 ], [ 6.565457668467195, 4.470670504499827 ], [ 6.568658505242921, 4.466882022535822 ], [ 6.572218922289272, 4.463429287082231 ], [ 6.576103888019694, 4.460346270226961 ], [ 6.580275177554498, 4.457663306329837 ], [ 6.584691748822354, 4.455406793557354 ], [ 6.589310146380649, 4.453598934146348 ], [ 6.594084928981436, 4.452257515952176 ], [ 6.598969116676081, 4.451395737430795 ], [ 6.603914653059466, 4.451022077776768 ], [ 6.608872878105641, 4.451140213494936 ], [ 6.613795006942613, 4.451748982226627 ], [ 6.618632609855509, 4.452842394186308 ], [ 6.623338088795296, 4.454409691096168 ], [ 6.627865145704581, 4.456435452038759 ], [ 6.632169238052563, 4.458899745186189 ], [ 6.636208017097044, 4.461778323912974 ], [ 6.639941744561347, 4.465042865362969 ], [ 6.643333683626407, 4.468661249123069 ], [ 6.646350460390966, 4.47259787326175 ], [ 6.64896239224342, 4.476814004622911 ], [ 6.651143779914393, 4.481268159928394 ], [ 6.652873160336495, 4.485916513939448 ], [ 6.65413351782332, 4.490713330661174 ], [ 6.654912451489855, 4.495611413347244 ], [ 6.655202297267031, 4.500562568877207 ], [ 6.65500020330988, 4.505518081937316 ], [ 6.654308158057361, 4.510429194339298 ], [ 6.654291009808932, 4.510518547924783 ], [ 6.654130822210607, 4.511644649760265 ], [ 6.654304374740782, 4.511639968057328 ], [ 6.659168766696106, 4.511745568348728 ], [ 6.663999863379217, 4.512323465705522 ], [ 6.668751917279485, 4.513368187795606 ], [ 6.673379929372756, 4.514869841744121 ], [ 6.677840075234409, 4.516814207812883 ], [ 6.682090120029658, 4.519182874052547 ], [ 6.686089818451445, 4.521953410652435 ], [ 6.689801295818702, 4.525099582337022 ], [ 6.693189406726265, 4.528591596797847 ], [ 6.696222067850214, 4.532396386808327 ], [ 6.6988705617572, 4.536477923350025 ], [ 6.701109808840847, 4.540797556785276 ], [ 6.702452525325522, 4.543728568060441 ], [ 6.735526599847987, 4.606812848991704 ], [ 6.736135339910566, 4.607847514299382 ], [ 6.73788713592442, 4.608495142628641 ], [ 6.738785764544807, 4.608777306574765 ], [ 6.743202466603565, 4.610645671874531 ], [ 6.747419860048339, 4.61292857320862 ], [ 6.751399148155804, 4.615605009669102 ], [ 6.755103724585631, 4.618650360132478 ], [ 6.758499510130209, 4.622036609754766 ], [ 6.761555266216715, 4.625732607686177 ], [ 6.76424288227757, 4.629704353634579 ], [ 6.766537634345688, 4.633915310641611 ], [ 6.768418412495648, 4.638326741194146 ], [ 6.769867915038511, 4.642898063579129 ], [ 6.770872807683832, 4.647587225203619 ], [ 6.771423846204708, 4.652351089445778 ], [ 6.771515961477449, 4.657145832478073 ], [ 6.771148306113541, 4.661927346412236 ], [ 6.77032426225497, 4.666651645057365 ], [ 6.769051410461151, 4.671275268558492 ], [ 6.715964037113684, 4.83330728607709 ], [ 6.715668560617272, 4.834382629081533 ], [ 6.716762353748591, 4.834165176735037 ], [ 6.78408468126592, 4.817354233274912 ], [ 6.785274947506016, 4.816991225542044 ], [ 6.785580966233127, 4.815785049404374 ], [ 6.808774906181025, 4.699668123441787 ], [ 6.80994343867229, 4.695000174055576 ], [ 6.811555281464384, 4.69046617113664 ], [ 6.813595505527745, 4.686108109018376 ], [ 6.816045214127841, 4.681966352455036 ], [ 6.818881717848381, 4.678079262759812 ], [ 6.822078744742684, 4.674482842498988 ], [ 6.825606683666757, 4.671210402033011 ], [ 6.829432858540313, 4.668292250992998 ], [ 6.833521830995497, 4.66575541755028 ], [ 6.837835728610165, 4.663623398079092 ], [ 6.84233459568558, 4.661915939531101 ], [ 6.84697676331961, 4.6606488565374 ], [ 6.851719235347757, 4.659833884932005 ], [ 6.856518086577413, 4.65947857305353 ], [ 6.861328869626852, 4.659586211831812 ], [ 6.866107026600783, 4.660155804307029 ], [ 6.870808301789497, 4.661182074863631 ], [ 6.875389151569129, 4.662655518093551 ], [ 6.879807147706539, 4.664562486836134 ], [ 6.884021370333326, 4.666885318579337 ], [ 6.887992786949252, 4.669602499051464 ], [ 6.891684613944681, 4.672688861488245 ], [ 6.895062657293612, 4.676115819729617 ], [ 6.898095629261743, 4.679851632987248 ], [ 6.900462949573689, 4.683420728709597 ], [ 6.900591294736852, 4.683594209642925 ], [ 6.901220108770369, 4.683492746713211 ], [ 6.904797991673148, 4.682732508012792 ], [ 6.90977067895926, 4.68218693594791 ], [ 6.914772994106789, 4.682140991544069 ], [ 6.919754863405412, 4.682595134709676 ], [ 6.924666417809947, 4.683544819423007 ], [ 6.929458492134827, 4.684980539238381 ], [ 6.934083117202882, 4.686887922446695 ], [ 6.938494000021931, 4.689247875937774 ], [ 6.942646987182597, 4.692036776324446 ], [ 6.946500506838661, 4.69522670641518 ], [ 6.950015984845694, 4.698785734668158 ], [ 6.953158230892377, 4.702678234829436 ], [ 6.95589579075928, 4.706865242555552 ], [ 6.958201261178973, 4.711304845450785 ], [ 6.960051564145662, 4.715952602614719 ], [ 6.961428177928504, 4.720761989500417 ], [ 6.96231732247611, 4.72568486363012 ], [ 6.962710097356344, 4.730671946506601 ], [ 6.962711641746941, 4.730726025949922 ], [ 6.963476162571566, 4.729972965161692 ], [ 6.979281409679397, 4.712822927200135 ], [ 6.982850627658711, 4.709319155374163 ], [ 6.986752037078899, 4.706189500676214 ], [ 6.990946599291861, 4.703465279350053 ], [ 6.995392342276584, 4.701173750754091 ], [ 7.000044780623505, 4.699337844596245 ], [ 7.004857360668585, 4.697975931492548 ], [ 7.009781926322934, 4.697101639145368 ], [ 7.014769200936776, 4.696723715980621 ], [ 7.019769280376076, 4.696845943608451 ], [ 7.024732132377959, 4.697467098983327 ], [ 7.029608097188214, 4.6985809666422 ], [ 7.034348384471381, 4.700176400898246 ], [ 7.038905561521172, 4.702237437367886 ], [ 7.043234027886053, 4.704743452715089 ], [ 7.047290471660753, 4.707669371014534 ], [ 7.051034302877902, 4.710985914668675 ], [ 7.054428059663165, 4.714659897367982 ], [ 7.057437783089751, 4.718654556162895 ], [ 7.060033356981409, 4.722929919324694 ], [ 7.062188809263726, 4.727443206314348 ], [ 7.063882571848331, 4.732149255857151 ], [ 7.071431268264876, 4.756952113807751 ], [ 7.071810781877581, 4.758010042524579 ], [ 7.072568210398455, 4.757179653586855 ], [ 7.202750706589094, 4.599603640198311 ], [ 7.20606492900409, 4.595971602885634 ], [ 7.209719860895324, 4.592682645888776 ], [ 7.213680157952621, 4.589768574428653 ], [ 7.217907522891181, 4.587257568468292 ], [ 7.22236107579804, 4.585173910203953 ], [ 7.226997749453345, 4.583537749248868 ], [ 7.231772705803548, 4.582364907780304 ], [ 7.23663976955912, 4.581666727534273 ], [ 7.24155187472372, 4.581449960127468 ], [ 7.246461519736798, 4.581716701767068 ], [ 7.251321226828222, 4.582464372979765 ], [ 7.25608400114285, 4.58368574355607 ], [ 7.26070378519516, 4.585369002468644 ], [ 7.265135904259238, 4.587497872088553 ], [ 7.269337498387052, 4.590051765594921 ], [ 7.273267936877264, 4.593005986055785 ], [ 7.27688921118656, 4.596331965254995 ], [ 7.280166302483883, 4.599997539955605 ], [ 7.281042688015231, 4.601080597519216 ], [ 7.282219296104724, 4.600986830316231 ], [ 7.453798597746033, 4.578899549941559 ], [ 7.458598986182453, 4.578515425832336 ], [ 7.463414063042818, 4.57859489469779 ], [ 7.468199161207944, 4.579137219344024 ], [ 7.472909891656378, 4.580137368889846 ], [ 7.477502555239695, 4.581586065435803 ], [ 7.481934548058189, 4.58346987013073 ], [ 7.486164756676456, 4.585771307837412 ], [ 7.490153939512689, 4.588469029240912 ], [ 7.493865090863686, 4.591538008895748 ], [ 7.497263784188704, 4.594949777374747 ], [ 7.500318491467687, 4.598672685366025 ], [ 7.503000875671329, 4.602672197268227 ], [ 7.505286053629871, 4.606911211560441 ], [ 7.507152826862127, 4.611350404974918 ], [ 7.508583878223454, 4.61594859727984 ], [ 7.509565932548455, 4.620663133288246 ], [ 7.52032134077751, 4.688521270111563 ], [ 7.520575623499933, 4.689728857386215 ], [ 7.521551749694792, 4.690483909954264 ], [ 7.550033042019415, 4.710306888493869 ], [ 7.550974083778188, 4.710895782833521 ], [ 7.550951567348022, 4.709785895836861 ], [ 7.542157164046651, 4.582816698267129 ], [ 7.542058872738224, 4.577905333651528 ], [ 7.542442999908285, 4.573008027260673 ], [ 7.543305837782608, 4.568172050175191 ], [ 7.544639057848441, 4.563444081496704 ], [ 7.54642979124519, 4.558869757779426 ], [ 7.548660752980656, 4.554493232524892 ], [ 7.551310408773813, 4.550356749991813 ], [ 7.554353182913727, 4.546500237434831 ], [ 7.557759705128205, 4.542960919708073 ], [ 7.561497094079348, 4.539772959953534 ], [ 7.565529274749514, 4.536967129842528 ], [ 7.569817326654186, 4.534570512553197 ], [ 7.574319859520604, 4.532606241351068 ], [ 7.578993412805939, 4.531093276296013 ], [ 7.694418965500252, 4.499900280599721 ], [ 7.698777097158596, 4.498929042099672 ], [ 7.70320449748503, 4.498350473067561 ], [ 7.70766585952788, 4.498169187386788 ], [ 7.712125605502791, 4.498386630746536 ], [ 8.272626757168855, 4.550880927144036 ], [ 8.277346966059374, 4.551551295375936 ], [ 8.281981869179726, 4.552668183285022 ], [ 8.286489326425421, 4.55422143623117 ], [ 8.290828356417917, 4.556196932184267 ], [ 8.29495950910346, 4.558576710120382 ], [ 8.298845224429277, 4.561339133321705 ], [ 8.302450173836046, 4.564459086095567 ], [ 8.305741581461854, 4.567908202123953 ], [ 8.308689522137252, 4.571655122367409 ], [ 8.311267193462093, 4.57566578017849 ], [ 8.339823382677951, 4.625133692413934 ], [ 8.342108529870426, 4.629594771924302 ], [ 8.343935551996589, 4.634262225002761 ], [ 8.345286088852077, 4.639089147240696 ], [ 8.346146568552729, 4.644027031683843 ], [ 8.346508343921847, 4.64902625629086 ], [ 8.34636777938786, 4.654036582597687 ], [ 8.345726287519081, 4.659007660576496 ], [ 8.344590314828467, 4.663889534615764 ], [ 8.342971276990983, 4.668633145536771 ], [ 8.340885444124616, 4.673190823601607 ], [ 8.176036015943616, 4.990345150530558 ], [ 8.175655673613184, 4.991174587679827 ], [ 8.176313568075448, 4.990542289372508 ], [ 8.326987189233083, 4.830686156210996 ], [ 8.330551012944639, 4.827261322577679 ], [ 8.334435568566084, 4.82420509083142 ], [ 8.338602895715107, 4.821547326865985 ], [ 8.343012270729282, 4.819314002696207 ], [ 8.347620604622996, 4.817526942656086 ], [ 8.352382864158606, 4.81620361012855 ], [ 8.3572525119171, 4.815356936891022 ], [ 8.362181961067792, 4.814995196744398 ], [ 8.367123040393027, 4.815121924660399 ], [ 8.372027465023566, 4.815735882237361 ], [ 8.376847308284614, 4.816831069802062 ], [ 8.381535470041509, 4.818396785039305 ], [ 8.386046136968359, 4.820417727576333 ], [ 8.390335230241813, 4.822874148500064 ], [ 8.39436083628506, 4.825742043346032 ], [ 8.420901680933369, 4.846702504968932 ], [ 8.421857177321822, 4.847382215407637 ], [ 8.422296538215532, 4.846295044016407 ], [ 8.443278468427902, 4.785813453233817 ], [ 8.44515809626307, 4.781162972969007 ], [ 8.447494212060491, 4.776724219712387 ], [ 8.450263305181162, 4.772541865019014 ], [ 8.453437507507919, 4.768658000052138 ], [ 8.456984873909825, 4.765111711978284 ], [ 8.460869703737533, 4.761938690594514 ], [ 8.465052900114175, 4.759170869146774 ], [ 8.469492363405813, 4.756836102954125 ], [ 8.474143414911602, 4.75495788907317 ], [ 8.478959246509669, 4.753555129823984 ], [ 8.483891391733433, 4.752641942557411 ], [ 8.488890213537493, 4.752227517578227 ], [ 8.493905403844215, 4.752316025654034 ], [ 8.498886489843565, 4.752906576040708 ], [ 8.503783341950815, 4.753993225446837 ], [ 8.508546678310033, 4.755565037846925 ], [ 8.513128560766038, 4.757606194541419 ], [ 8.517482877313372, 4.760096153355887 ], [ 8.521565806166921, 4.763009855377196 ], [ 8.525336256783794, 4.766317977146091 ], [ 8.584810431123469, 4.824029493325737 ], [ 8.585607106998728, 4.824729029072483 ], [ 8.585398274479548, 4.823689590911679 ], [ 8.577064182908298, 4.79078476323906 ], [ 8.576089219792742, 4.785941158346342 ], [ 8.575597053430602, 4.781024977541548 ], [ 8.575592489543199, 4.776084224501334 ], [ 8.576075572694268, 4.771167142836097 ], [ 8.577041585854817, 4.766321745018879 ], [ 8.578481096462204, 4.761595343571194 ], [ 8.580380048523677, 4.757034089083482 ], [ 8.582719899865067, 4.752682519581147 ], [ 8.585477803184437, 4.748583125636372 ], [ 8.588626829142843, 4.744775935472126 ], [ 8.592136229313837, 4.741298124109605 ], [ 8.595971736424151, 4.738183650375538 ], [ 8.600095898953903, 4.735462925313787 ], [ 8.604468446829145, 4.733162515239004 ], [ 8.609046684635956, 4.731304882331851 ], [ 8.613785908516592, 4.729908165308735 ], [ 8.618639842676934, 4.728986002307678 ], [ 8.623561091242989, 4.728547397719749 ], [ 8.628501601054328, 4.728596634266363 ], [ 8.633413130875542, 4.729133231180978 ], [ 8.638247722444154, 4.73015194890349 ], [ 8.642958168755447, 4.731642840241539 ], [ 8.647498475011711, 4.733591347499107 ], [ 8.651824307734962, 4.735978444624047 ], [ 8.654363301291156, 4.737727034181294 ], [ 8.655106044291307, 4.738186365990374 ], [ 8.655813048292794, 4.737245941834439 ], [ 8.736263761541945, 4.618460807217722 ], [ 8.739127999764493, 4.614638591733263 ], [ 8.742343874943616, 4.61110711348224 ], [ 8.745882041328402, 4.607898598180932 ], [ 8.749710212171498, 4.605042324419331 ], [ 8.753793454354623, 4.602564356485904 ], [ 8.758094507162935, 4.600487306523754 ], [ 8.762574122299359, 4.598830128188549 ], [ 8.767191422036166, 4.597607943691178 ], [ 8.771904272235552, 4.596831905803382 ], [ 8.776669666835298, 4.596509096085636 ], [ 8.781444120290988, 4.596642460265942 ], [ 8.786184064393646, 4.59723078135925 ], [ 8.790846245841685, 4.598268690772783 ], [ 8.795388120939267, 4.59974671729593 ], [ 8.797508016247829, 4.600668534313551 ], [ 8.798607575496014, 4.601080635601146 ], [ 8.800709342016299, 4.601207874524869 ], [ 8.801386970777136, 4.601214965860223 ], [ 8.806292803934785, 4.601752868855089 ], [ 8.811121710420364, 4.602771790224037 ], [ 8.815826644054987, 4.604261803008004 ], [ 8.820361766479571, 4.606208390585433 ], [ 8.824682893740359, 4.608592588102137 ], [ 8.828747926756176, 4.611391167238572 ], [ 8.832517261473594, 4.614576862514433 ], [ 8.835954174713994, 4.618118636925733 ], [ 8.839025181953367, 4.621981984326407 ], [ 8.841700363549167, 4.626129265608411 ], [ 8.84395365623587, 4.630520075405093 ], [ 8.845763107049352, 4.635111635745125 ], [ 8.84702125913882, 4.63954283897073 ], [ 8.847044028693379, 4.639610260832638 ], [ 8.847897109824686, 4.63885723678915 ], [ 8.934814343431452, 4.554172739623908 ], [ 8.935646317762657, 4.55327577757799 ], [ 8.9352096761005, 4.552132945018744 ], [ 8.901607272707198, 4.475976403462497 ], [ 8.899928720262782, 4.471635552469267 ], [ 8.898661055607874, 4.467157433223782 ], [ 8.897815262055587, 4.462580845092763 ], [ 8.897398667739095, 4.457945440598055 ], [ 8.897414882119149, 4.453291381858851 ], [ 8.897863764710953, 4.448658992618637 ], [ 8.898741426301347, 4.444088408871802 ], [ 8.978314716495976, 4.113592544963279 ], [ 8.979769624188918, 4.108673807017574 ], [ 8.981720815121292, 4.103930011773372 ], [ 8.984147754382665, 4.099411084334797 ], [ 8.987024900146483, 4.095164583230684 ], [ 8.990321972479814, 4.091235199894551 ], [ 8.994004272018316, 4.087664288318741 ], [ 8.998033045152605, 4.084489429832773 ], [ 9.002365891882711, 4.081744037586316 ], [ 9.185666052455137, 3.97837928554147 ], [ 9.189901848699998, 3.976248770110729 ], [ 9.194320406057365, 3.974529055975108 ], [ 9.198881990975712, 3.973235607537282 ], [ 9.203545583738705, 3.97238005603704 ], [ 9.208269247331982, 3.971970094958223 ], [ 9.213010504558669, 3.97200941084563 ], [ 9.217726720012433, 3.97249765015404 ], [ 9.222375483473245, 3.97343042242744 ], [ 9.22691499127815, 3.974799339779877 ], [ 9.231304422237633, 3.976592092322906 ], [ 9.235504304717153, 3.978792558861353 ], [ 9.325139716789199, 4.031316763050842 ], [ 9.326116463439053, 4.03182739142878 ], [ 9.326034718154704, 4.030728258558367 ], [ 9.318931126908018, 3.973063812403897 ], [ 9.318567974594991, 3.968044529158692 ], [ 9.318711202721795, 3.963014164400373 ], [ 9.319359360382702, 3.958023675892755 ], [ 9.320505881718852, 3.953123617451899 ], [ 9.322139152430633, 3.948363626834253 ], [ 9.324242627430927, 3.943791922904514 ], [ 9.326794998447388, 3.939454817176913 ], [ 9.329770409875962, 3.935396244678022 ], [ 9.333138720699029, 3.931657318883456 ], [ 9.33686580981491, 3.928275915236991 ], [ 9.340913921685784, 3.925286287471041 ], [ 9.345242048802547, 3.922718720615205 ], [ 9.34980634709226, 3.9205992242079 ], [ 9.35456058006007, 3.918949268818858 ], [ 9.391026877466732, 3.908317035509051 ], [ 9.395806026530273, 3.907175106918484 ], [ 9.400674183696433, 3.906507789540412 ], [ 9.405584333731269, 3.906321528130329 ], [ 9.410489055846039, 3.906618121546298 ], [ 9.415340981673253, 3.907394705376106 ], [ 9.420093252736482, 3.908643779600921 ], [ 9.424699972995777, 3.910353281028268 ], [ 9.429116652098159, 3.912506699794809 ], [ 9.433300635052396, 3.915083238813756 ], [ 9.437211514178399, 3.918058014627038 ], [ 9.440811519352746, 3.921402297722438 ], [ 9.444065882781446, 3.925083789994797 ], [ 9.446943174777108, 3.929066936671635 ], [ 9.449415607297626, 3.933313269690722 ], [ 9.451459302314955, 3.937781779213331 ], [ 9.453054522422093, 3.942429309685235 ], [ 9.454185861451171, 3.947210976620394 ], [ 9.454842393261698, 3.952080600082148 ], [ 9.455017777262031, 3.956991150675506 ], [ 9.454710319644935, 3.961895203743244 ], [ 9.453922989745895, 3.966745397379335 ], [ 9.452663391366126, 3.971494889836344 ], [ 9.450943689337304, 3.976097811909285 ], [ 9.429688438451695, 4.025445540624852 ], [ 9.42930163787257, 4.026478411799857 ], [ 9.429866118243847, 4.02636409480001 ], [ 9.434779021978715, 4.025621046546735 ], [ 9.439741416640885, 4.025369286677788 ], [ 9.444704296114153, 4.02561130144713 ], [ 9.449618649494557, 4.026344700838506 ], [ 9.454435945097449, 4.027562242168043 ], [ 9.459108609732018, 4.02925190160935 ], [ 9.46359049851023, 4.031396992934797 ], [ 9.467837350550541, 4.033976332300306 ], [ 9.471807226076136, 4.036964447446355 ], [ 9.475460920591082, 4.040331829249212 ], [ 9.478762352044239, 4.044045223138213 ], [ 9.481678917157456, 4.048067957501195 ], [ 9.484181813399177, 4.05236030583491 ], [ 9.486246323423757, 4.056879879064008 ], [ 9.487852059167555, 4.061582044154245 ], [ 9.488983163191207, 4.066420364885908 ], [ 9.489628465279729, 4.071347060434581 ], [ 9.489781592753937, 4.076313477230562 ], [ 9.489441033403843, 4.081270569437071 ], [ 9.488610150422462, 4.086169383302285 ], [ 9.487297149192624, 4.090961540601999 ], [ 9.485514996254725, 4.095599716398657 ], [ 9.479024963959469, 4.110268364063847 ], [ 9.478672098491341, 4.111185587089982 ], [ 9.479408441211683, 4.110534732638897 ], [ 9.550557887700634, 4.041108032864027 ], [ 9.554180174517692, 4.037900523714663 ], [ 9.558095516326727, 4.035058134711257 ], [ 9.562267251313013, 4.032607480934717 ], [ 9.566656316890796, 4.030571509401959 ], [ 9.571221615470924, 4.028969284198514 ], [ 9.575920399283499, 4.02781580796947 ], [ 9.580708670652198, 4.02712188144025 ], [ 9.585541593972279, 4.026894002282598 ], [ 9.590373915534611, 4.027134304272788 ], [ 9.595160387264706, 4.027840537311731 ], [ 9.599856190408962, 4.029006088494069 ], [ 9.604417355200946, 4.030620044028977 ], [ 9.608801172578016, 4.032667291432874 ], [ 9.612966594093239, 4.035128661037137 ], [ 9.755825228771847, 4.129155974381773 ], [ 9.756625174246611, 4.129628131155274 ], [ 9.756074715991492, 4.128879906262144 ], [ 9.683628683182279, 4.039871727151987 ], [ 9.680750419572579, 4.035962075795277 ], [ 9.678264893411377, 4.031791711921475 ], [ 9.67619553801576, 4.027399953346078 ], [ 9.674561863082269, 4.02282820517392 ], [ 9.673379270751237, 4.018119569435564 ], [ 9.672658910396795, 4.013318438725232 ], [ 9.672407573511567, 4.008470077671426 ], [ 9.672627629677105, 4.003620196186075 ], [ 9.673317004223673, 3.998814518515601 ], [ 9.674469197790049, 3.994098352156837 ], [ 9.676073347598926, 3.989516160702017 ], [ 9.678114329870189, 3.985111144640033 ], [ 9.68057290240656, 3.98092483406611 ], [ 9.683425886007303, 3.976996697139801 ], [ 9.686646382999642, 3.973363767982731 ], [ 9.690204030827598, 3.970060297524232 ], [ 9.694065288307442, 3.967117430586654 ], [ 9.698193751850956, 3.964562912254791 ], [ 9.702550498675183, 3.962420826297709 ], [ 9.707094453762933, 3.960711368109142 ], [ 9.711782777114342, 3.959450654307135 ], [ 9.716571267638544, 3.958650570788019 ], [ 9.721414779877579, 3.958318660667247 ], [ 9.763202409465444, 3.957488984692962 ], [ 9.764227647160368, 3.957418798261453 ], [ 9.763352226212277, 3.956880582106111 ], [ 9.750047954740628, 3.949565075534149 ], [ 9.745853742906442, 3.946981937954768 ], [ 9.741934058868214, 3.943998636142264 ], [ 9.738326945531201, 3.94064412484582 ], [ 9.735067412112878, 3.936950961627269 ], [ 9.7321870943573, 3.932954990870251 ], [ 9.729713947491069, 3.928694995888789 ], [ 9.727671974900936, 3.924212322511754 ], [ 9.726080995166416, 3.919550477796582 ], [ 9.724956449708481, 3.914754707766956 ], [ 9.724309252921222, 3.909871558272767 ], [ 9.724145686241057, 3.904948423234484 ], [ 9.724467337181585, 3.900033084656473 ], [ 9.72527108392581, 3.895173248873735 ], [ 9.726549125625256, 3.890416083533061 ], [ 9.728289058111935, 3.885807759802481 ], [ 9.730473994288287, 3.881393004252137 ], [ 9.733082728026694, 3.877214664755862 ], [ 9.736089939987769, 3.873313294626637 ], [ 9.739466443359866, 3.869726759022152 ], [ 9.743179467134757, 3.866489867440537 ], [ 9.74719297417008, 3.863634035873122 ], [ 9.75092590741153, 3.861245761385771 ], [ 9.75189878503455, 3.860553514118593 ], [ 9.751742068265594, 3.859369817788149 ], [ 9.744703008594742, 3.820884523100457 ], [ 9.744431880395535, 3.819732757036229 ], [ 9.743328816291815, 3.820160921899558 ], [ 9.693520644868324, 3.842436607932872 ], [ 9.689049813103017, 3.844183696764225 ], [ 9.684432053935145, 3.84549402356539 ], [ 9.679709925845007, 3.846355512020707 ], [ 9.674926949204277, 3.846760222426496 ], [ 9.670127205180842, 3.846704424865452 ], [ 9.665354929475187, 3.846188633582541 ], [ 9.66065410463257, 3.845217602245582 ], [ 9.656068054688349, 3.843800280134197 ], [ 9.651639045882295, 3.841949729660903 ], [ 9.647407897121839, 3.83968300598449 ], [ 9.64341360378431, 3.8370209998252 ], [ 9.639692978325305, 3.83398824493037 ], [ 9.63628031100543, 3.830612691964978 ], [ 9.63320705386227, 3.826925450910974 ], [ 9.630501530840149, 3.822960504349532 ], [ 9.628188676749232, 3.818754394268656 ], [ 9.62628980745977, 3.814345885282632 ], [ 9.624822423449439, 3.809775607367172 ], [ 9.623800048514356, 3.805085681402891 ], [ 9.623232105130217, 3.800319330978224 ], [ 9.623123827612293, 3.795520484029484 ], [ 9.624247405309596, 3.751398450431329 ], [ 9.62422062003102, 3.750229183011604 ], [ 9.622797938578064, 3.749649084771659 ], [ 9.61845192612857, 3.747628950790474 ], [ 9.614319288515816, 3.745202003762885 ], [ 9.610437994373509, 3.742390541279766 ], [ 9.606843703115668, 3.739220393670127 ], [ 9.603569437315528, 3.735720686684804 ], [ 9.600645279310445, 3.73192357390344 ], [ 9.598098094820235, 3.727863941323277 ], [ 9.595951286118209, 3.723579086843836 ], [ 9.594224577022638, 3.719108377592234 ], [ 9.592933831684052, 3.714492888237463 ], [ 9.592090908833258, 3.70977502361661 ], [ 9.591703552829179, 3.704998129140155 ], [ 9.591775322507505, 3.700206092555741 ], [ 9.592305558483872, 3.695442940729224 ], [ 9.593289389211957, 3.690752435147566 ], [ 9.594717775740842, 3.686177669859905 ], [ 9.611074999231517, 3.641448038718467 ], [ 9.612946215002651, 3.637007253414724 ], [ 9.615236238938063, 3.632767228302615 ], [ 9.617923799442739, 3.62876734816569 ], [ 9.620983932280398, 3.625044767126684 ], [ 9.624388212461497, 3.62163406352997 ], [ 9.628105018277553, 3.618566918749916 ], [ 9.632099825029135, 3.615871822908654 ], [ 9.636335525719215, 3.613573810236772 ], [ 9.640772775732971, 3.611694226535128 ], [ 9.645370358302408, 3.610250530897783 ], [ 9.650085567361034, 3.609256133537812 ], [ 9.654874604232367, 3.60872027122239 ], [ 9.659692984467469, 3.608647921474233 ], [ 9.664495951052498, 3.609039756336335 ], [ 9.669238890148069, 3.609892136129489 ], [ 9.786372306481763, 3.63682750571574 ], [ 9.78760645990582, 3.637046105886887 ], [ 9.788826693378006, 3.636759835067087 ], [ 9.818391311160578, 3.628221452792597 ], [ 9.819439390815237, 3.627861194916333 ], [ 9.818474295585091, 3.627316357420674 ], [ 9.706510438752918, 3.571283093117207 ], [ 9.70231075813428, 3.568921747360414 ], [ 9.69835785092773, 3.56616715198212 ], [ 9.694688421095892, 3.563044884250021 ], [ 9.691336540426523, 3.559583935383019 ], [ 9.688333332165467, 3.555816441358812 ], [ 9.685706682027719, 3.551777384521435 ], [ 9.68348097926995, 3.547504268759399 ], [ 9.681676890228745, 3.543036771270524 ], [ 9.680311166427295, 3.538416374146915 ], [ 9.679396489032326, 3.533685979200949 ], [ 9.67894135110557, 3.528889509608704 ], [ 9.678949978743056, 3.524071502069734 ], [ 9.679422291834506, 3.519276693270069 ], [ 9.680353904807191, 3.51454960448829 ], [ 9.681736167347321, 3.509934128201724 ], [ 9.683556244720874, 3.505473120531256 ], [ 9.685797236948066, 3.501208003309026 ], [ 9.688438335724873, 3.497178379463944 ], [ 9.691455017634549, 3.49342166529628 ], [ 9.694819271855122, 3.489972743055775 ], [ 9.92857621686035, 3.272368925298246 ], [ 9.929400942804756, 3.271523848642732 ], [ 9.929632872843593, 3.270366033504586 ], [ 9.957835425477542, 3.083433728381173 ], [ 9.957957679240593, 3.082223596057746 ], [ 9.957723599428672, 3.081030041339934 ], [ 9.769100985478865, 2.319229254203058 ], [ 9.768224545537015, 2.314865136256116 ], [ 9.767739709656501, 2.310440364330304 ], [ 9.767650320389055, 2.305990006818222 ], [ 9.767957086186538, 2.301549334890238 ], [ 9.80959760434042, 1.936244830172958 ], [ 9.809675993705101, 1.934980393162492 ], [ 9.809006197726346, 1.933905070330586 ], [ 9.645865418334747, 1.699816413173457 ], [ 9.643259248399378, 1.695655216085598 ], [ 9.641073777378583, 1.691258467360313 ], [ 9.639330079929335, 1.68666856516729 ], [ 9.638044970653734, 1.681929770269239 ], [ 9.637230841954558, 1.677087779212121 ], [ 9.636895544534429, 1.67218928367001 ], [ 9.637042311690905, 1.667281520193862 ], [ 9.637669728137555, 1.662411814706001 ], [ 9.638771743651674, 1.657627126132784 ], [ 9.640337731417018, 1.65297359357624 ], [ 9.642352590498978, 1.64849609139133 ], [ 9.64479689146399, 1.644237796459263 ], [ 9.647647063738987, 1.640239771829666 ], [ 9.650875622904163, 1.636540570746595 ], [ 9.654451435727239, 1.633175864876783 ], [ 9.658340020383505, 1.630178100325141 ], [ 9.662503878966577, 1.627576184754601 ], [ 9.666902859083446, 1.625395208627403 ], [ 9.671494541046957, 1.623656203255933 ], [ 9.743311353578045, 1.600420099261794 ], [ 9.744272355899797, 1.600056286216649 ], [ 9.74327242610028, 1.599819588539703 ], [ 9.615682783817265, 1.576147079435989 ], [ 9.61068673597806, 1.574951734136045 ], [ 9.605839705587, 1.573250075890143 ], [ 9.601192856625799, 1.571060066956482 ], [ 9.596795240013503, 1.568404824495055 ], [ 9.592693275837831, 1.565312376548972 ], [ 9.588930263356923, 1.561815366187785 ], [ 9.585545923943711, 1.557950706935809 ], [ 9.582575981797525, 1.553759193122634 ], [ 9.374460445328193, 1.225508586930334 ], [ 9.371988259152888, 1.221138536646813 ], [ 9.369966812086618, 1.216542582368958 ], [ 9.368416487628568, 1.211767067942151 ], [ 9.367352918657712, 1.20686014782765 ], [ 9.366786829796824, 1.201871301531416 ], [ 9.366723929269501, 1.196850834671697 ], [ 9.367164851340604, 1.191849371716413 ], [ 9.368105149920583, 1.186917345505376 ], [ 9.369535343398141, 1.182104488704824 ], [ 9.371441010249175, 1.177459332322232 ], [ 9.373802934457915, 1.173028716338191 ], [ 9.376597299283867, 1.168857317389955 ], [ 9.379795927420735, 1.164987198269319 ], [ 9.383366565125582, 1.161457383777509 ], [ 9.387273207453255, 1.158303467214012 ], [ 9.391476461316474, 1.155557251467351 ], [ 9.565025324827616, 1.054221357285137 ], [ 9.569161700254707, 1.052058413027926 ], [ 9.573481752821671, 1.050290624762233 ], [ 9.577947832528142, 1.048933399066525 ], [ 9.582521016722149, 1.04799856439593 ], [ 9.587161449317703, 1.047494267995218 ], [ 9.591828688147446, 1.047424904894167 ], [ 9.596482057423083, 1.047791079604121 ], [ 9.601081002231865, 1.048589600849567 ], [ 9.605585441979622, 1.049813509380655 ], [ 9.627534070738699, 1.05689271471521 ], [ 9.632163000250957, 1.058643037141151 ], [ 9.636596229066061, 1.060842377791693 ], [ 9.640790328180376, 1.063469191383005 ], [ 9.644704211163832, 1.066497745000824 ], [ 9.648299536652742, 1.069898370186433 ], [ 9.651541083951253, 1.073637753576206 ], [ 9.67573249719586, 1.104507602491231 ], [ 9.676481500546966, 1.105377679819099 ], [ 9.677307367685691, 1.106175165897782 ], [ 9.698217918470228, 1.124583918586323 ], [ 9.699268154746584, 1.125412503219567 ], [ 9.700471312374784, 1.12599727706669 ], [ 9.71671243050948, 1.132835642781362 ], [ 9.71778289045737, 1.133228845077691 ], [ 9.718836781221627, 1.132793176851971 ], [ 9.846423996275785, 1.07296165631311 ], [ 9.847429384859556, 1.07243028232904 ], [ 9.846942832150702, 1.071402454047256 ], [ 9.792828085248503, 0.969907416427562 ], [ 9.792247637502269, 0.968937397896809 ], [ 9.791678493742793, 0.969914091767571 ], [ 9.764786506054028, 1.021793798340396 ], [ 9.762240155748016, 1.026152474047617 ], [ 9.759267294785442, 1.030232186230951 ], [ 9.75589822488859, 1.033991351275448 ], [ 9.752167286250844, 1.037391652833107 ], [ 9.748112507514607, 1.040398432373049 ], [ 9.743775218153655, 1.042981042448341 ], [ 9.73919962721083, 1.045113159078732 ], [ 9.734432372684944, 1.046773050065234 ], [ 9.729522046159834, 1.047943796501672 ], [ 9.724518697520962, 1.048613465225403 ], [ 9.719473324807877, 1.048775230449435 ], [ 9.714437354402335, 1.048427443336183 ], [ 9.709462116850423, 1.047573648803707 ], [ 9.704598323661521, 1.04622254939314 ], [ 9.617961263643345, 1.017371814175271 ], [ 9.613380963036795, 1.015592038425631 ], [ 9.608997485042307, 1.013371255672362 ], [ 9.604853168368196, 1.010730915794607 ], [ 9.600988041734817, 1.007696521048812 ], [ 9.597439437249077, 1.00429737975002 ], [ 9.594241629824738, 1.000566323191587 ], [ 9.591425506131236, 0.996539388537504 ], [ 9.589018266268528, 0.992255470750155 ], [ 9.587043161049447, 0.987755946915466 ], [ 9.585519267427008, 0.983084276593958 ], [ 9.584461304235816, 0.97828558205779 ], [ 9.583879490027213, 0.973406212468177 ], [ 9.583779444371345, 0.968493296202646 ], [ 9.584162133579404, 0.963594285656076 ], [ 9.62745309882831, 0.62486912078955 ], [ 9.627542460652432, 0.623743907664091 ], [ 9.626416718784727, 0.623826341641322 ], [ 9.562358795509049, 0.631612865178078 ], [ 9.561049986871572, 0.631843375832462 ], [ 9.559773187741403, 0.632212020909089 ], [ 8.632710118013769, 0.954376340606217 ], [ 8.631684028085461, 0.954784907690305 ], [ 8.630802011194916, 0.955449613495899 ], [ 8.056198533411576, 1.429974549741516 ], [ 8.055260841621614, 1.430833546114279 ], [ 8.054627674866236, 1.431936379066846 ], [ 7.769633870566111, 1.993199059755667 ], [ 7.769147180341635, 1.994283647236505 ], [ 7.769102697459066, 1.995471594479155 ], [ 7.777507484342595, 2.786939781203943 ], [ 7.777325245719989, 2.791768562785548 ], [ 7.776677728711039, 2.796557201861689 ], [ 7.775570981213312, 2.801260971887391 ], [ 7.774015340400054, 2.805835939006239 ], [ 7.772025336169569, 2.810239372398613 ], [ 7.769619555433981, 2.814430143393393 ], [ 7.766820468514935, 2.818369109615391 ], [ 7.763654219267703, 2.822019480580488 ], [ 7.760150380894006, 2.825347161323802 ], [ 7.756341679724246, 2.828321070851325 ], [ 7.75226368954911, 2.830913432440671 ], [ 7.712299175524802, 2.853684959293655 ], [ 7.707657145983009, 2.856019235545847 ], [ 7.70279793563874, 2.857859169979074 ], [ 7.697774018684451, 2.859184893300446 ], [ 7.69263964796504, 2.859982089138415 ], [ 7.687450269106066, 2.860242148644041 ], [ 7.682261921761235, 2.859962263457204 ], [ 6.208346563494362, 2.703325702710306 ], [ 6.206957621313116, 2.703256196861695 ], [ 6.2055695914937, 2.703342014495561 ], [ 5.393313077263538, 2.799324953421499 ], [ 5.392180340957432, 2.799512155682602 ], [ 5.391101231004689, 2.799904147947339 ], [ 4.660366829907432, 3.104209992494391 ], [ 4.659309996735296, 3.104709605745287 ], [ 4.658365189618847, 3.105397972847131 ], [ 3.987579407627862, 3.64414234319098 ], [ 3.986507543605266, 3.645110722036783 ], [ 3.985555089972058, 3.646196761699287 ], [ 3.650895849672913, 4.075711582008588 ], [ 3.650281262503937, 4.076573609608854 ], [ 3.649821502816227, 4.077527250003042 ], [ 3.34505920170026, 4.785102944009783 ], [ 3.342950584172411, 4.789415941345379 ], [ 3.340438042588655, 4.793506827396775 ], [ 3.337544740787327, 4.797337887117276 ], [ 3.334297352943941, 4.800873800873329 ], [ 3.330725817654342, 4.804081970066306 ], [ 3.326863061922248, 4.806932817668297 ], [ 3.322744697595794, 4.809400060901179 ], [ 3.318408693051738, 4.811460953545046 ], [ 3.313895023154155, 4.813096495642108 ], [ 3.309245300714744, 4.814291608662729 ], [ 3.304502392852443, 4.815035274518699 ], [ 3.29971002578921, 4.815320637142132 ], [ 3.294912381725501, 4.815145065693514 ], [ 2.343436688521993, 4.734451844303663 ], [ 2.336234242731186, 4.733307253333767 ], [ 1.571431344620021, 4.553755946911942 ], [ 1.570184181402978, 4.553529384668656 ], [ 1.568920452726499, 4.553430711611125 ], [ 0.947709602672235, 4.536633428145918 ], [ 0.946586482290329, 4.536653783752151 ], [ 0.94548528908292, 4.536875565768846 ], [ 0.15939767040213, 4.732495129059702 ], [ 0.158367252985566, 4.732799425795107 ], [ 0.157449431474236, 4.733357959794846 ], [ -0.692688499136504, 5.302488626657437 ], [ -0.693614703773975, 5.303178428038566 ] ], [ [ 8.579556665424272, 3.463372441377311 ], [ 8.578427418203098, 3.462965915351199 ], [ 8.479589268579334, 3.432770245862308 ], [ 8.475124079471669, 3.431170879958793 ], [ 8.470830524592413, 3.429155620283383 ], [ 8.46674723886839, 3.426742600856087 ], [ 8.462910965150126, 3.423953534879979 ], [ 8.459356223586674, 3.42081351935811 ], [ 8.456115001001082, 3.417350809261787 ], [ 8.453216463061652, 3.413596563282339 ], [ 8.450686691838913, 3.409584563454184 ], [ 8.448548451109925, 3.40535091117212 ], [ 8.446820981521761, 3.400933702338197 ], [ 8.445519827457337, 3.396372684561301 ], [ 8.44465669716157, 3.3917088994941 ], [ 8.444239357386424, 3.386984313525721 ], [ 8.44427156350295, 3.382241440153326 ], [ 8.448338479079933, 3.307332136262868 ], [ 8.44886270413992, 3.30233441095854 ], [ 8.449885932823426, 3.297414545798568 ], [ 8.451397829673455, 3.292622235494977 ], [ 8.453383123279895, 3.288005886350114 ], [ 8.455821760533393, 3.283612127312924 ], [ 8.458689109178369, 3.279485338987943 ], [ 8.461956206619195, 3.275667205354452 ], [ 8.465590052466389, 3.272196292723764 ], [ 8.469553941867881, 3.269107660187546 ], [ 8.473807836258407, 3.266432505491963 ], [ 8.478308767782176, 3.264197849914609 ], [ 8.483011273303788, 3.262426265327228 ], [ 8.647138924907383, 3.209848820939031 ], [ 8.651878884383347, 3.208583139515892 ], [ 8.65672006644953, 3.207788078825933 ], [ 8.661615861821378, 3.207471293448021 ], [ 8.666519135415658, 3.207635833286006 ], [ 8.671382680151314, 3.208280114205266 ], [ 8.676159671443475, 3.209397933284222 ], [ 8.680804118014924, 3.210978528534001 ], [ 8.685271304684759, 3.213006682511266 ], [ 8.689518222871232, 3.215462868826688 ], [ 8.693503984664007, 3.218323440138492 ], [ 8.69719021647931, 3.221560855821178 ], [ 8.700541428507986, 3.225143947117465 ], [ 8.703525356399524, 3.229038217220674 ], [ 8.706113271892464, 3.233206173398474 ], [ 8.859463156833318, 3.509579287985892 ], [ 8.861683778053672, 3.514105203525668 ], [ 8.924260560517274, 3.659791774856364 ], [ 8.926004401482626, 3.664487377768582 ], [ 8.927269680823104, 3.66933389571575 ], [ 8.928043700363268, 3.674282689687326 ], [ 8.928318692145794, 3.679284094244169 ], [ 8.928091896389668, 3.684287915954289 ], [ 8.927365589186985, 3.689243937127468 ], [ 8.926147059660382, 3.694102419793328 ], [ 8.924448536810377, 3.698814604864999 ], [ 8.922287066786746, 3.703333201478839 ], [ 8.91968434181562, 3.707612861599262 ], [ 8.91666648249919, 3.711610635125602 ], [ 8.91326377567281, 3.715286400933617 ], [ 8.90951037045034, 3.718603269525768 ], [ 8.905443935508174, 3.721527953249317 ], [ 8.901105281047402, 3.724031100366785 ], [ 8.896537949228057, 3.726087589626098 ], [ 8.891787777185778, 3.727676782374135 ], [ 8.886902437016397, 3.728782729683505 ], [ 8.741909798734968, 3.754047684878798 ], [ 8.737120428196054, 3.754645764400012 ], [ 8.732295705915082, 3.754779271644033 ], [ 8.727480590138876, 3.75444696254928 ], [ 8.722719949597897, 3.753651933674152 ], [ 8.718058145405594, 3.752401593342345 ], [ 8.713538617687911, 3.750707592609812 ], [ 8.709203480794825, 3.748585716696638 ], [ 8.705093130865862, 3.746055737895502 ], [ 8.701245869406456, 3.743141231327372 ], [ 8.69769754638272, 3.739869355261269 ], [ 8.694481226160441, 3.736270598045162 ], [ 8.691626879401143, 3.732378494006162 ], [ 8.689161103786235, 3.728229310967341 ], [ 8.687106876171642, 3.723861712292995 ], [ 8.580068311436456, 3.464458112162906 ], [ 8.579556665424272, 3.463372441377311 ] ], [ [ 8.644810504169, 4.68562767884309 ], [ 8.644358347099349, 4.686980767999488 ], [ 8.642383201068206, 4.69140937413348 ], [ 8.639988353977992, 4.695625825431534 ], [ 8.637196330566978, 4.699590464053995 ], [ 8.634033391215969, 4.703266000585741 ], [ 8.63052928495626, 4.706617864761846 ], [ 8.626716969665079, 4.709614530618257 ], [ 8.622632302080195, 4.712227813009306 ], [ 8.618313700549336, 4.714433132703143 ], [ 8.613801783686341, 4.716209747561741 ], [ 8.609138988332727, 4.717540947631108 ], [ 8.604369170417904, 4.718414212306792 ], [ 8.599537192472157, 4.718821328096439 ], [ 8.594688501672046, 4.718758465871819 ], [ 8.589868702386909, 4.718226216883687 ], [ 8.585123127246895, 4.717229587200783 ], [ 8.58049641076683, 4.715777950625237 ], [ 8.57603206953622, 4.713884960527261 ], [ 8.57177209292389, 4.711568421428352 ], [ 8.567756548146914, 4.708850121540837 ], [ 8.564023203418333, 4.705755627838801 ], [ 8.560607172718164, 4.702314045587878 ], [ 8.557540585528807, 4.698557744595619 ], [ 8.554852284641145, 4.69452205475722 ], [ 8.552567554873621, 4.69024493376013 ], [ 8.550707885255839, 4.685766610072959 ], [ 8.549290766913471, 4.681129204576554 ], [ 8.525015833512548, 4.585286425133478 ], [ 8.524051642076625, 4.580514126836612 ], [ 8.523556170962312, 4.575670677184324 ], [ 8.523534118126857, 4.570802000790085 ], [ 8.523985692670804, 4.565954261462251 ], [ 8.524906612855336, 4.561173424488133 ], [ 8.526288146700859, 4.556504820800408 ], [ 8.528117194781881, 4.551992717158349 ], [ 8.530376414433119, 4.547679896419338 ], [ 8.533044384189152, 4.543607251880434 ], [ 8.536095806898446, 4.539813399536368 ], [ 8.539501749585845, 4.536334311930468 ], [ 8.543229917789207, 4.533202977070252 ], [ 8.547244961768989, 4.530449085641784 ], [ 8.551508811687352, 4.528098749488583 ], [ 8.555981038578691, 4.526174254024374 ], [ 8.560619237688936, 4.524693846927293 ], [ 8.565379430548893, 4.52367156511908 ], [ 8.57021648196921, 4.523117101669813 ], [ 8.639492093270496, 4.518578354605523 ], [ 8.6443965227162, 4.518498144361056 ], [ 8.649285211472963, 4.518898873834241 ], [ 8.654111111070302, 4.519776686426771 ], [ 8.658827777317128, 4.521123134118755 ], [ 8.663389817278086, 4.522925258771997 ], [ 8.667753326132649, 4.525165716838408 ], [ 8.671876309712692, 4.527822946273343 ], [ 8.675719088652045, 4.530871374047535 ], [ 8.67924468025851, 4.534281662260519 ], [ 8.682419154433264, 4.538020990486954 ], [ 8.685211960212243, 4.542053371638594 ], [ 8.687596219786936, 4.54633999830203 ], [ 8.689548987174932, 4.550839616219095 ], [ 8.69105146905078, 4.555508921315568 ], [ 8.692089205611923, 4.560302976457185 ], [ 8.692652209739032, 4.565175643922142 ], [ 8.692735063111495, 4.570080029427979 ], [ 8.692336968353034, 4.574968933439563 ], [ 8.691461756705607, 4.579795305414805 ], [ 8.690117851157755, 4.584512696616481 ], [ 8.688318185382213, 4.589075707132308 ], [ 8.645873466309375, 4.682923215051098 ], [ 8.644810504169, 4.68562767884309 ] ], [ [ 7.13933838451752, 4.592496283496536 ], [ 7.13659129095966, 4.596506544985399 ], [ 7.133467767679243, 4.600231101675984 ], [ 7.129997336619353, 4.603634750965091 ], [ 7.126212798517819, 4.606685323302002 ], [ 7.122149922891433, 4.609353986238607 ], [ 7.117847109960789, 4.611615516938944 ], [ 7.113345027711053, 4.613448540572535 ], [ 7.108686227518989, 4.614835732338339 ], [ 7.103914741979125, 4.615763981209902 ], [ 7.099075668730212, 4.616224513854071 ], [ 7.094214744215428, 4.616212977552044 ], [ 7.089377911404931, 4.615729481339041 ], [ 7.084610885566422, 4.614778594973764 ], [ 7.079958722187836, 4.613369305747366 ], [ 7.075465391135941, 4.611514933540187 ], [ 7.071173361075655, 4.609233004929057 ], [ 7.067123198077976, 4.606545087535066 ], [ 7.063353182210237, 4.60347658617745 ], [ 7.059898945732512, 4.600056502760245 ], [ 7.05679313631973, 4.596317162161134 ], [ 7.054065108492564, 4.592293906713254 ], [ 7.051740646173531, 4.588024762167552 ], [ 7.049841718990558, 4.583550078292858 ], [ 7.048386274631294, 4.578912147510517 ], [ 7.047388069210769, 4.574154805168082 ], [ 7.046856537255626, 4.569323015230042 ], [ 7.046796702533808, 4.564462445301448 ], [ 7.048318178395391, 4.522588788104562 ], [ 7.048745469903708, 4.5176356869538 ], [ 7.049662526872588, 4.512749502802686 ], [ 7.051060282987399, 4.507978542009903 ], [ 7.052924919590032, 4.503369971799644 ], [ 7.055238002294523, 4.498969353951552 ], [ 7.057976663235207, 4.494820194362584 ], [ 7.061113827145657, 4.49096351293398 ], [ 7.064618479033311, 4.48743743803558 ], [ 7.06845597080348, 4.484276829556718 ], [ 7.072588363801344, 4.481512934270359 ], [ 7.076974803885475, 4.479173076917636 ], [ 7.081571925324765, 4.477280390066837 ], [ 7.086334279525734, 4.475853585417533 ], [ 7.091214784351672, 4.474906768810812 ], [ 7.096165189591498, 4.474449300774479 ], [ 7.101136553976579, 4.474485703981927 ], [ 7.106079729029556, 4.475015618539555 ], [ 7.110945844961705, 4.476033805544798 ], [ 7.115686793815092, 4.477530198879565 ], [ 7.120255705073027, 4.479490004727061 ], [ 7.124607409036787, 4.48189384782813 ], [ 7.142174145156182, 4.492771050766511 ], [ 7.1462080881125, 4.495551142864617 ], [ 7.149950592538151, 4.498712672316127 ], [ 7.153365727983694, 4.502225286405005 ], [ 7.156420706952444, 4.506055261776893 ], [ 7.159086199681523, 4.510165828205015 ], [ 7.16133661572645, 4.514517521607993 ], [ 7.163150349645861, 4.519068562930411 ], [ 7.164509988427644, 4.523775259248621 ], [ 7.16540247866506, 4.528592423250905 ], [ 7.165819251877831, 4.533473807064732 ], [ 7.165756306775073, 4.53837254626608 ], [ 7.165214247670254, 4.543241609808042 ], [ 7.1641982786794, 4.548034251549129 ], [ 7.162718153758234, 4.552704459046288 ], [ 7.160788083057923, 4.557207395303952 ], [ 7.158426596498499, 4.561499829238032 ], [ 7.13933838451752, 4.592496283496536 ] ], [ [ 6.923409424941327, 4.630684874867462 ], [ 6.921258666829051, 4.635069880052398 ], [ 6.918690348276376, 4.639224127365861 ], [ 6.915728975183379, 4.643107978590291 ], [ 6.912402803824201, 4.646684375522794 ], [ 6.908743571236633, 4.649919193570152 ], [ 6.904786192399604, 4.652781567352464 ], [ 6.900568427087986, 4.655244185208637 ], [ 6.896130519583457, 4.657283549793667 ], [ 6.891514814679167, 4.658880202281199 ], [ 6.886765353642135, 4.660018908032105 ], [ 6.881927453988551, 4.660688801957503 ], [ 6.877047277081603, 4.660883492189227 ], [ 6.872171387677644, 4.660601121068555 ], [ 6.867346309623333, 4.659844382871263 ], [ 6.862618081943128, 4.658620498099899 ], [ 6.85803181955276, 4.656941144588537 ], [ 6.853631282790191, 4.654822346077419 ], [ 6.84945845987144, 4.652284319320631 ], [ 6.845553166255291, 4.649351281185676 ], [ 6.84195266473963, 4.646051217585509 ], [ 6.83869130991426, 4.642415616447805 ], [ 6.835800220362734, 4.638479167269359 ], [ 6.833306981740885, 4.634279430122352 ], [ 6.831235383565192, 4.629856477270704 ], [ 6.829605192222437, 4.625252510816066 ], [ 6.828431962366505, 4.620511460021718 ], [ 6.827726888501905, 4.615678562156576 ], [ 6.827496698170146, 4.610799930858703 ], [ 6.827743587758144, 4.605922116136846 ], [ 6.828465201541154, 4.601091660208302 ], [ 6.862467334799288, 4.430865161434312 ], [ 6.863727590596911, 4.425897049747681 ], [ 6.865489833054344, 4.421084059001015 ], [ 6.867735544261107, 4.416476764829585 ], [ 6.870441125943925, 4.412123581377917 ], [ 6.873578147440949, 4.408070252556629 ], [ 6.877113644455463, 4.404359371358498 ], [ 6.881010465449695, 4.401029932284842 ], [ 6.885227662038806, 4.398116921585399 ], [ 6.889720919282711, 4.395650949617519 ], [ 6.894443021354181, 4.393657929187897 ], [ 6.8993443476899, 4.392158803256875 ], [ 6.943525059359849, 4.381086881854716 ], [ 6.948263189746135, 4.380140162170817 ], [ 6.953070576790488, 4.379655200808314 ], [ 6.957902326886447, 4.379636526560988 ], [ 6.9627133189141, 4.380084313817611 ], [ 6.967458625601983, 4.380994380933414 ], [ 6.972093933078755, 4.382358229280231 ], [ 6.976575954696647, 4.384163122610618 ], [ 6.980862835262227, 4.386392205994833 ], [ 6.984914541899573, 4.389024663219977 ], [ 6.988693237895816, 4.392035911181423 ], [ 6.992163636037875, 4.395397829451237 ], [ 6.995293328140807, 4.399079022879758 ], [ 6.998053087690432, 4.403045114778035 ], [ 7.00041714277407, 4.407259067943277 ], [ 7.002363416750585, 4.411681530529401 ], [ 7.003873734412291, 4.416271203532794 ], [ 7.004933991713454, 4.420985226461531 ], [ 7.005534287480405, 4.425779577586502 ], [ 7.005669015873283, 4.4306094850367 ], [ 7.005336918735964, 4.435429844899689 ], [ 7.004541097345307, 4.440195642422823 ], [ 7.003288983449991, 4.44486237238185 ], [ 7.00159226986941, 4.449386454691314 ], [ 6.923409424941327, 4.630684874867462 ] ], [ [ 6.824049944900389, 4.503410050638814 ], [ 6.822298667767835, 4.507984623302432 ], [ 6.820108176726649, 4.512365882898509 ], [ 6.817499494959091, 4.516511780399092 ], [ 6.814497659222321, 4.520382525657978 ], [ 6.811131479558758, 4.523940969295629 ], [ 6.80743326279242, 4.527152959239404 ], [ 6.803438502465012, 4.52998766849721 ], [ 6.799185538187546, 4.532417891018777 ], [ 6.794715187676905, 4.534420302805036 ], [ 6.790070355008837, 4.535975685759611 ], [ 6.785295618847173, 4.537069112134008 ], [ 6.780436804601232, 4.537690087796306 ], [ 6.775540544617615, 4.537832652948322 ], [ 6.770653830627445, 4.537495439324623 ], [ 6.765823562744413, 4.536681683324415 ], [ 6.761096099342125, 4.535399194950292 ], [ 6.756516812130791, 4.533660282851926 ], [ 6.752129650703383, 4.531481636194115 ], [ 6.747976720730528, 4.528884164482952 ], [ 6.744097879852405, 4.525892796887364 ], [ 6.740530355146053, 4.522536242982047 ], [ 6.737308385839437, 4.518846717208054 ], [ 6.734462894701335, 4.514859629695507 ], [ 6.732021191260839, 4.510613246415773 ], [ 6.730006709704845, 4.506148321924778 ], [ 6.72843878396904, 4.501507708222181 ], [ 6.727332462180944, 4.496735943480398 ], [ 6.726698362235881, 4.491878824590624 ], [ 6.720139550427615, 4.410895715779084 ], [ 6.719985066224564, 4.405926877335588 ], [ 6.720324760461616, 4.400967257524365 ], [ 6.721155275163292, 4.3960658836173 ], [ 6.722468400452295, 4.391271207108719 ], [ 6.724251155706521, 4.386630624758401 ], [ 6.726485917876242, 4.382190010060936 ], [ 6.729150595693044, 4.37799325977301 ], [ 6.732218848048377, 4.374081859981305 ], [ 6.735660344383013, 4.370494476000569 ], [ 6.739441064513369, 4.367266570155833 ], [ 6.743523634930828, 4.364430051227102 ], [ 6.74786769824965, 4.362012959021865 ], [ 6.752430312151369, 4.360039187193512 ], [ 6.757166373881987, 4.35852824704568 ], [ 6.762029066105709, 4.357495074657393 ], [ 6.766970319707799, 4.356949883235613 ], [ 6.771941288971649, 4.356898062154744 ], [ 6.804612029785359, 4.35818296268685 ], [ 6.809454749801002, 4.358609946211772 ], [ 6.814233112422677, 4.359505213063755 ], [ 6.818901944439689, 4.360860299657814 ], [ 6.823417108110913, 4.362662395410688 ], [ 6.827735918429795, 4.364894463848259 ], [ 6.831817546655627, 4.36753540366328 ], [ 6.835623406296255, 4.370560248200825 ], [ 6.839117517893227, 4.373940401485571 ], [ 6.842266849160831, 4.377643908559597 ], [ 6.845041627263441, 4.381635757574998 ], [ 6.847415620279, 4.385878210785411 ], [ 6.849366385187762, 4.390331161307393 ], [ 6.850875480041883, 4.394952512278889 ], [ 6.851928638310087, 4.399698574830371 ], [ 6.852515903749176, 4.404524481106349 ], [ 6.852631724527382, 4.409384608432645 ], [ 6.852275005709715, 4.41423301061951 ], [ 6.85144911960916, 4.419023852323155 ], [ 6.850161873905832, 4.42371184235938 ], [ 6.824049944900389, 4.503410050638814 ] ] ] ] } }
]
}
