{
"type": "FeatureCollection",
"name": "merged_sea_buffer_200km",
"crs": { "type": "name", "properties": { "name": "urn:ogc:def:crs:OGC:1.3:CRS84" } },
"features": [
{ "type": "Feature", "properties": { }, "geometry": { "type": "MultiPolygon", "coordinates": [ [ [ [ 127.378525521277666, 39.37883308833019 ], [ 127.379554517937365, 39.37937808749048 ], [ 127.494003577963312, 39.432891402883612 ], [ 127.49514252915759, 39.4333565679039 ], [ 127.497407011990873, 39.433560810235441 ], [ 127.502335438191864, 39.434254028597657 ], [ 127.507170532413383, 39.435433774496225 ], [ 127.511864388664705, 39.437088359038718 ], [ 127.516370500337246, 39.439201388643525 ], [ 127.520644220991016, 39.441751927466974 ], [ 127.524643206710266, 39.444714704835157 ], [ 127.528327835646067, 39.44806036562516 ], [ 127.531661600588464, 39.451755761114825 ], [ 127.534611470679096, 39.45576427741949 ], [ 127.537148218679974, 39.460046198261381 ], [ 127.539246710556355, 39.464559098477544 ], [ 127.540886154503994, 39.469258264367234 ], [ 127.542050306953911, 39.474097136714136 ], [ 127.542727633513167, 39.479027772093922 ], [ 127.542911423247432, 39.48400131789645 ], [ 127.542599855172682, 39.488968496356208 ], [ 127.514552884783257, 39.737370845902021 ], [ 127.5144778044818, 39.738556250399377 ], [ 127.515545409248432, 39.73907686631982 ], [ 127.864050351442771, 39.888289894385935 ], [ 127.868114009633018, 39.890251235556406 ], [ 127.871984300478175, 39.892570939384044 ], [ 127.875629704055484, 39.895230114036565 ], [ 127.87902053194, 39.898207103007266 ], [ 127.882129168989266, 39.901477661487107 ], [ 128.006019097524558, 40.044198859744313 ], [ 128.006873624185232, 40.045088331991501 ], [ 128.008107062071446, 40.045085562034068 ], [ 128.31427511668528, 40.028927678628996 ], [ 128.319545503968016, 40.028927692643684 ], [ 128.324786610684868, 40.029482474125444 ], [ 128.329940203984876, 40.030585859012156 ], [ 128.334949023360451, 40.032225587822921 ], [ 128.33975741685714, 40.034383441870595 ], [ 128.629258103520328, 40.183103581213331 ], [ 128.633409543497237, 40.185494236083244 ], [ 128.637313139004618, 40.188271217664656 ], [ 128.640933055528222, 40.19140903361702 ], [ 128.644236062691078, 40.194878879185765 ], [ 128.647191839304128, 40.198648901626342 ], [ 128.649773251711025, 40.202684492608391 ], [ 128.651956602871508, 40.206948605915841 ], [ 128.653721849897408, 40.211402097526516 ], [ 128.655052788043719, 40.216004084949297 ], [ 128.655937199466194, 40.220712322520257 ], [ 128.65636696537959, 40.225483589212494 ], [ 128.656338140586968, 40.230274085399756 ], [ 128.655850989696347, 40.235039834931413 ], [ 128.654909984691386, 40.239737088828051 ], [ 128.636786540980239, 40.31202829868392 ], [ 128.63655707192072, 40.313180132195946 ], [ 128.637640797928441, 40.313632806945755 ], [ 129.062119652127251, 40.466985230710584 ], [ 129.066989700224326, 40.469041790529715 ], [ 129.071615392913685, 40.471601043135642 ], [ 129.07594502085945, 40.474634379353162 ], [ 129.07993018435144, 40.478107890357833 ], [ 129.083526334352001, 40.48198274673333 ], [ 129.086693270497534, 40.486215632534716 ], [ 129.232766553871301, 40.704643594357933 ], [ 129.233522533894501, 40.705657012296186 ], [ 129.234725751796475, 40.706045327108498 ], [ 129.693354653263384, 40.828395547835555 ], [ 129.698089976569207, 40.829914770950062 ], [ 129.70265096092217, 40.831896877762169 ], [ 129.706992486646413, 40.834322260220233 ], [ 129.71107160506736, 40.837166925154875 ], [ 129.714847963382482, 40.840402731632111 ], [ 129.718284203852875, 40.8439976693384 ], [ 129.721346333365631, 40.847916175243654 ], [ 129.724004059711831, 40.852119485409588 ], [ 129.726231091253169, 40.856566018463134 ], [ 129.75750007815418, 40.927619028025262 ], [ 129.759289755827467, 40.932312039617209 ], [ 129.760599568960828, 40.937160925420358 ], [ 129.761416300332684, 40.942116755708277 ], [ 129.761731708370803, 40.947129521586099 ], [ 129.761542610317349, 40.952148639626408 ], [ 129.760850914346008, 40.957123462302604 ], [ 129.759663600306567, 40.962003789069136 ], [ 129.712252831019612, 41.121521931172126 ], [ 129.711979778456822, 41.122624193883276 ], [ 129.712326150410661, 41.123705659211524 ], [ 129.791725732160415, 41.337220594331775 ], [ 129.793216637668394, 41.341929861236835 ], [ 129.794235594306684, 41.34676325770166 ], [ 129.794772657060918, 41.351673609788307 ], [ 129.79482258419992, 41.356612992472165 ], [ 129.794384888434905, 41.361533197390067 ], [ 129.793463841675532, 41.366386203353791 ], [ 129.79206843333597, 41.37112464503673 ], [ 129.790212282598219, 41.375702275259414 ], [ 129.787913505489087, 41.380074416361822 ], [ 129.785194538067628, 41.384198396257254 ], [ 129.782081917449403, 41.388033964911806 ], [ 129.778606022804155, 41.39154368718458 ], [ 129.774800778855337, 41.394693308194604 ], [ 129.770703324774757, 41.397452087648354 ], [ 129.660469743858158, 41.46400350657585 ], [ 129.65946925146784, 41.464677723807966 ], [ 129.659611695145543, 41.465875748722979 ], [ 129.690627282567988, 41.648565515268295 ], [ 129.690872975775619, 41.649691537521612 ], [ 129.691598950619493, 41.650586664213606 ], [ 130.072252692217035, 42.077574959301963 ], [ 130.07307491354058, 42.078413725366111 ], [ 130.074099265609902, 42.07898842463802 ], [ 130.375668681645351, 42.229879755266218 ], [ 130.380135422919693, 42.232409356152459 ], [ 130.384319262813619, 42.235383602611229 ], [ 130.388176102553047, 42.238771145301719 ], [ 130.391665290031625, 42.242536278632031 ], [ 130.394750048294583, 42.246639317105483 ], [ 130.397397863177616, 42.251037013616241 ], [ 130.399580826014699, 42.25568301528515 ], [ 130.401275927802715, 42.260528352031315 ], [ 130.402465301722543, 42.265521952729657 ], [ 130.403136411459855, 42.270611183513971 ], [ 130.40735074697767, 42.323339025224797 ], [ 130.407503548763572, 42.324512935109119 ], [ 130.40868593755448, 42.324454887298039 ], [ 130.675114677282863, 42.298063298995302 ], [ 130.679833908630457, 42.297820222048507 ], [ 130.684555011149655, 42.29802374580008 ], [ 130.689235815516668, 42.298672052357084 ], [ 130.693834512354584, 42.299759350985468 ], [ 130.698310025678438, 42.301275929833452 ], [ 130.702622379789858, 42.303208242678686 ], [ 130.706733056343637, 42.305539029924361 ], [ 130.710605338397045, 42.308247472763512 ], [ 130.714204638369182, 42.311309379134528 ], [ 130.717498806980188, 42.314697399806896 ], [ 130.720458420411802, 42.318381272667033 ], [ 130.841424821863427, 42.484451492616515 ], [ 130.844068677761385, 42.48847479247631 ], [ 130.846313344853939, 42.492733710814868 ], [ 130.848138013357101, 42.497188764195535 ], [ 130.84952576719553, 42.50179865085952 ], [ 130.850463740827735, 42.506520633624874 ], [ 130.850943238519363, 42.511310936092848 ], [ 130.850959814959367, 42.516125148488719 ], [ 130.850513316471421, 42.520918639374415 ], [ 130.849607882438676, 42.525646969416123 ], [ 130.848251906928482, 42.530266303371 ], [ 130.846457960872897, 42.534733816473455 ], [ 130.844242675526573, 42.539008091453532 ], [ 130.841626588282253, 42.543049502506754 ], [ 130.838633952273454, 42.546820582655684 ], [ 130.835292511529218, 42.550286371097542 ], [ 130.831633243765822, 42.553414737317603 ], [ 130.827690073199591, 42.556176678963716 ], [ 130.657694908633999, 42.663433103538232 ], [ 130.656853421092336, 42.664022870415749 ], [ 130.65788094080969, 42.664034249476536 ], [ 130.948479610038817, 42.653168767308415 ], [ 130.949683351967195, 42.653064053180096 ], [ 130.949857936930158, 42.652854079503591 ], [ 130.952398132923122, 42.649465967841621 ], [ 130.955668340094093, 42.645886889982769 ], [ 130.959269800961806, 42.642641349522513 ], [ 130.96316865595503, 42.639759859803199 ], [ 130.967328249515617, 42.637269511499959 ], [ 130.971709474720143, 42.635193717924452 ], [ 130.976271140948342, 42.633551994901779 ], [ 130.980970361141885, 42.632359777290091 ], [ 130.985762955012007, 42.631628273867889 ], [ 130.990603864406154, 42.631364361953317 ], [ 130.995447576927376, 42.631570522746273 ], [ 131.000248553824861, 42.632244818001034 ], [ 131.004961658131919, 42.633380908248988 ], [ 131.119213701474678, 42.666858539622794 ], [ 131.12032875330766, 42.667128842487152 ], [ 131.121127432216099, 42.666305121521006 ], [ 131.155938424523271, 42.626834618703121 ], [ 131.159398624616983, 42.623282979636301 ], [ 131.163193595096629, 42.620091534225828 ], [ 131.167286012997181, 42.61729166985829 ], [ 131.171635630002868, 42.614910922779458 ], [ 131.176199668283289, 42.612972707279518 ], [ 131.180933241207043, 42.611496085416981 ], [ 131.185789794794943, 42.610495579546225 ], [ 131.19072156557138, 42.609981029492303 ], [ 131.195680050311068, 42.609957495777778 ], [ 131.200616483060855, 42.610425209853183 ], [ 131.205482314745609, 42.611379571820805 ], [ 131.210229690641029, 42.612811195673935 ], [ 131.214811921017827, 42.614706001606862 ], [ 131.219183940328008, 42.617045354487651 ], [ 131.223302750417901, 42.619806247131855 ], [ 131.22712784340851, 42.622961526574734 ], [ 131.230621600084419, 42.626480161116561 ], [ 131.233749659873155, 42.630327545514788 ], [ 131.236481258776166, 42.63446584132133 ], [ 131.23878953192829, 42.638854349018096 ], [ 131.240651777809546, 42.643449908290613 ], [ 131.242049681511219, 42.648207322503218 ], [ 131.272839602542518, 42.776136529285203 ], [ 131.273178056120258, 42.777290324909828 ], [ 131.274233791014836, 42.777865841198881 ], [ 131.405533262773162, 42.841282860975767 ], [ 131.409805304297663, 42.843609003061182 ], [ 131.413831096922337, 42.846339253879641 ], [ 131.417572538491385, 42.849447772944096 ], [ 131.420994218092432, 42.852905139643802 ], [ 131.424063751203676, 42.856678631695964 ], [ 131.42675208619724, 42.860732534846129 ], [ 131.429033779298891, 42.86502848088611 ], [ 131.430887235400746, 42.869525810790307 ], [ 131.432294912448356, 42.874181959533438 ], [ 131.433243487467848, 42.878952858947706 ], [ 131.433723982661093, 42.883793354806379 ], [ 131.433731850376432, 42.88865763418648 ], [ 131.433267016149784, 42.893499659065633 ], [ 131.43233387940947, 42.898273602049422 ], [ 131.43094127183781, 42.902934280105235 ], [ 131.429102373783508, 42.907437582197531 ], [ 131.426834589516176, 42.91174088677721 ], [ 131.424159382503433, 42.915803465173681 ], [ 131.421102072269605, 42.919586867071807 ], [ 131.417691594758963, 42.923055284425303 ], [ 131.394812031225769, 42.944163835837209 ], [ 131.394004511329058, 42.944987480846997 ], [ 131.395091436448496, 42.945373580926066 ], [ 131.549452746249187, 42.991637912349866 ], [ 131.554362267147525, 42.993393157151559 ], [ 131.559062312813097, 42.995650113178343 ], [ 131.563501776303326, 42.998384238940609 ], [ 131.567632384171276, 43.001565804342498 ], [ 131.571409221376939, 43.005160213958412 ], [ 131.574791219680662, 43.009128383213728 ], [ 131.825931645049138, 43.336993145923287 ], [ 131.826687926366503, 43.337886918859162 ], [ 131.827768434420477, 43.337436037680739 ], [ 131.945703688015243, 43.281347358473361 ], [ 131.950475223285338, 43.279373332685417 ], [ 131.955424908180788, 43.277901957111006 ], [ 131.960499950695663, 43.276948925045694 ], [ 131.965646221793406, 43.276524401272809 ], [ 131.970808832732587, 43.276632913648562 ], [ 131.975932720495479, 43.277273304809185 ], [ 131.980963235075222, 43.278438744515043 ], [ 131.985846722358303, 43.280116802500132 ], [ 131.990531096384643, 43.282289581049952 ], [ 132.050940213798015, 43.314198288705924 ], [ 132.051790953193944, 43.314596162997169 ], [ 132.051180340804223, 43.31388257068982 ], [ 131.921170464183461, 43.176074194392989 ], [ 131.918001294049446, 43.172368447339785 ], [ 131.915208154918986, 43.168371626808579 ], [ 131.912817610886577, 43.164121744481989 ], [ 131.910852397173926, 43.159659218781854 ], [ 131.909331203907215, 43.155026490470576 ], [ 131.908268498364919, 43.150267619019161 ], [ 131.90767438738709, 43.145427863580423 ], [ 131.907554521254411, 43.140553252552763 ], [ 131.907910039951389, 43.135690145827958 ], [ 131.908737562324461, 43.130884793886345 ], [ 131.910029218238492, 43.12618289793253 ], [ 131.911772723425429, 43.121629175255002 ], [ 131.9139514963137, 43.117266933943228 ], [ 131.916544815726809, 43.113137661006945 ], [ 131.919528017951762, 43.109280627814748 ], [ 131.922872731302817, 43.105732516604533 ], [ 131.926547145949797, 43.102527071617814 ], [ 131.930516316444823, 43.099694778175731 ], [ 131.934742494070434, 43.097262572749059 ], [ 131.939185485847901, 43.095253586779407 ], [ 131.943803036791735, 43.093686926688122 ], [ 131.94855123177507, 43.092577492165006 ], [ 131.953384913183385, 43.091935834465161 ], [ 131.958258110385202, 43.091768056061447 ], [ 131.963124476934951, 43.092075752607059 ], [ 131.967937731349792, 43.092855997760083 ], [ 131.972652097268792, 43.094101371014418 ], [ 131.977222738808081, 43.095800028272357 ], [ 131.981606186971732, 43.097935814487641 ], [ 132.344724857942566, 43.297331311468199 ], [ 132.34573291414182, 43.297822412952222 ], [ 132.345702928253246, 43.296701494214723 ], [ 132.322029360876996, 42.984052958835711 ], [ 132.321901918476186, 42.979041767578096 ], [ 132.3222768880795, 42.974043000011726 ], [ 132.323150500750501, 42.969106900307814 ], [ 132.324513975535893, 42.964283082743322 ], [ 132.326353607725565, 42.959620033012442 ], [ 132.32865090660286, 42.955164620881746 ], [ 132.331382781300562, 42.950961629087544 ], [ 132.334521772894391, 42.94705330321068 ], [ 132.338036330401252, 42.943478927052965 ], [ 132.341891127907985, 42.940274427783486 ], [ 132.346047419643071, 42.937472014823427 ], [ 132.350463429422575, 42.935099856099114 ], [ 132.355094770555468, 42.933181794917409 ], [ 132.359894891988176, 42.931737110309214 ], [ 132.364815546203744, 42.93078032324992 ], [ 132.369807274172587, 42.930321050704528 ], [ 132.374819902480709, 42.930363908964587 ], [ 132.379803047638291, 42.930908467248358 ], [ 132.384706622499834, 42.931949252030762 ], [ 132.389481339705668, 42.933475802059483 ], [ 132.394079207084644, 42.935472773504273 ], [ 132.398454010038336, 42.93792009418258 ], [ 132.402561776058349, 42.940793165311298 ], [ 132.404400454219115, 42.942221612449586 ], [ 132.405526770815754, 42.94185788732711 ], [ 132.704706652343987, 42.828902663748416 ], [ 132.70577673017101, 42.828438782925687 ], [ 132.705898664330562, 42.827278876018383 ], [ 132.752610403959693, 42.004228819737122 ], [ 132.752619814487588, 42.003015482481125 ], [ 132.752277650813454, 42.001851351957356 ], [ 132.484959040043321, 41.233489810241572 ], [ 132.48442001992899, 41.232184924470026 ], [ 132.483600372171963, 41.231035382336565 ], [ 132.115959668446948, 40.772980466464539 ], [ 132.11493692279123, 40.771854721783747 ], [ 132.113784455698635, 40.770862184951589 ], [ 131.805443606127454, 40.536550683024096 ], [ 131.801758237086119, 40.5334595359556 ], [ 131.798386952602044, 40.530028562901585 ], [ 131.795360953421152, 40.526289517016977 ], [ 131.792708244724281, 40.522277002625792 ], [ 131.790453376943276, 40.518028154963162 ], [ 131.788617218550456, 40.513582296494157 ], [ 131.58440453318903, 39.942729238458206 ], [ 131.5838329724495, 39.941385746053626 ], [ 131.583108014398448, 39.940118430251481 ], [ 131.333437964004958, 39.557620342973067 ], [ 131.332806046972479, 39.556738710770027 ], [ 131.332030770825867, 39.555980066338932 ], [ 130.879400144230345, 39.150124023100346 ], [ 130.878504169376072, 39.149392841990782 ], [ 130.877488427383724, 39.148839972241895 ], [ 130.443580650015974, 38.93819106496715 ], [ 130.439422137846066, 38.935922809224522 ], [ 130.435496936310727, 38.933271205843866 ], [ 130.431840275204706, 38.930260053716019 ], [ 130.428484974096364, 38.926916378783581 ], [ 130.42546114776286, 38.923270191475439 ], [ 130.42279593590132, 38.919354217354673 ], [ 130.420513259542588, 38.915203603397366 ], [ 130.418633606353012, 38.910855602538547 ], [ 130.417173846752007, 38.906349239316548 ], [ 130.416147082495144, 38.901724959616729 ], [ 130.415562529082223, 38.897024267658225 ], [ 130.415425433045584, 38.8922893534818 ], [ 130.42449291684207, 38.400629999039722 ], [ 130.424457979756681, 38.399441460976703 ], [ 130.424197687304996, 38.398281249285702 ], [ 130.273072998774865, 37.849071369040459 ], [ 130.272748423676319, 37.848062001060732 ], [ 130.272257391911182, 37.847122288062444 ], [ 129.972111518580192, 37.327867176808397 ], [ 129.971522393859971, 37.326944232729716 ], [ 129.970780756467377, 37.326138709492064 ], [ 129.455835288818093, 36.814002378968254 ], [ 129.454980860456601, 36.813233453076592 ], [ 129.454632272112093, 36.814328798236247 ], [ 129.333806805039728, 37.271792191533862 ], [ 129.332189006415689, 37.276823595854083 ], [ 129.330049159152253, 37.281656126817325 ], [ 129.327411171593269, 37.286235790938207 ], [ 129.324304517764602, 37.290511419992548 ], [ 128.632413265335316, 38.1439647145748 ], [ 128.631657980716113, 38.145001179937857 ], [ 128.631013248681882, 38.146109798856649 ], [ 128.355301682695284, 38.681886358006118 ], [ 128.353011114463186, 38.685875128305661 ], [ 128.350363686133477, 38.689636526259548 ], [ 128.347381802353453, 38.693138719922224 ], [ 128.344090698198841, 38.696352070941309 ], [ 128.340518225614431, 38.699249385380945 ], [ 128.336694617708844, 38.701806143858533 ], [ 128.3326522328978, 38.704000709047307 ], [ 128.015937374002164, 38.857520729740465 ], [ 128.014706336334683, 38.858206354306965 ], [ 128.013661403134847, 38.85915168461608 ], [ 127.769474013396575, 39.106685173116162 ], [ 127.766016720980986, 39.109874774611015 ], [ 127.762274990572607, 39.112725367899067 ], [ 127.758281938623639, 39.115211723600829 ], [ 127.75407290592554, 39.117311836047605 ], [ 127.749685144822777, 39.119007118044202 ], [ 127.745157489508372, 39.120282565376229 ], [ 127.394562100806098, 39.201459122281257 ], [ 127.393456739129562, 39.201771153943866 ], [ 127.393390099172947, 39.202917778255042 ], [ 127.391950863856678, 39.340604600258352 ], [ 127.392028135460365, 39.342538821036698 ], [ 127.391995186698452, 39.347231891846256 ], [ 127.391522359353985, 39.351901199455185 ], [ 127.390613819224868, 39.356505605397132 ], [ 127.389277570912782, 39.361004543015383 ], [ 127.387525387299448, 39.365358374871299 ], [ 127.385372705822846, 39.369528741966015 ], [ 127.382838492467187, 39.373478901698547 ], [ 127.380083221546585, 39.376997625823321 ], [ 127.380086923214307, 39.377000780200618 ], [ 127.38001083468518, 39.377090070233635 ], [ 127.379945074665088, 39.377174051582777 ], [ 127.379887142981758, 39.377235222681854 ], [ 127.378525521277666, 39.37883308833019 ] ] ], [ [ [ 122.251539481164386, 39.323641550179815 ], [ 122.252587171608823, 39.324199404682489 ], [ 123.008121823183842, 39.680014838367121 ], [ 123.009136019016424, 39.680438596438876 ], [ 123.010234263463317, 39.680483576711531 ], [ 123.182437397002644, 39.679894288321513 ], [ 123.18731211520327, 39.680115727295281 ], [ 123.192142032561492, 39.680811292581474 ], [ 123.196881145249009, 39.68197435908413 ], [ 123.201484314330685, 39.683593848868014 ], [ 123.205907695702308, 39.685654336673338 ], [ 123.210109157695328, 39.688136196837775 ], [ 123.214048682371185, 39.691015790226238 ], [ 123.21768874668274, 39.694265689388111 ], [ 123.220994679872462, 39.697854939797281 ], [ 123.223934993703281, 39.70174935468669 ], [ 123.226481682376644, 39.70591184066933 ], [ 123.228610489281124, 39.710302751043962 ], [ 123.23030113803101, 39.714880263420689 ], [ 123.231537525594121, 39.719600778069371 ], [ 123.251784097006322, 39.815843283189565 ], [ 123.252095829193053, 39.817024364507027 ], [ 123.253311756557167, 39.817141200632513 ], [ 123.41582901266014, 39.824473709884785 ], [ 123.417030327897422, 39.824467511679522 ], [ 123.417220196823976, 39.823281279616374 ], [ 123.42091510094572, 39.789350212462985 ], [ 123.421704533553608, 39.784411429014646 ], [ 123.422983422752296, 39.779576221861952 ], [ 123.424738972086033, 39.774892971673374 ], [ 123.426953615678599, 39.770408538649022 ], [ 123.429605193995968, 39.7661677936415 ], [ 123.432667175572703, 39.762213169181997 ], [ 123.436108922483498, 39.758584234903999 ], [ 123.439895996903672, 39.755317301612962 ], [ 123.443990505691048, 39.75244505796347 ], [ 123.448351479541543, 39.749996243379378 ], [ 123.452935282924486, 39.747995360489597 ], [ 123.457696050695944, 39.746462429956871 ], [ 123.46258614702154, 39.745412790152763 ], [ 123.467556642016433, 39.744856943683232 ], [ 123.472557801333608, 39.74480045230041 ], [ 123.477539583801416, 39.745243881252236 ], [ 123.482452142131379, 39.746182793626623 ], [ 123.487246321685745, 39.747607794746784 ], [ 123.571975139572217, 39.77747986444836 ], [ 123.576495174288638, 39.779326232403101 ], [ 123.580813571171461, 39.781604660989728 ], [ 123.584889150353419, 39.784293423306032 ], [ 123.588683047456271, 39.78736687954207 ], [ 123.592159084198286, 39.790795721479235 ], [ 123.595284113387223, 39.794547251970954 ], [ 123.598028335009133, 39.798585696739892 ], [ 123.600365580398858, 39.80287254551844 ], [ 123.656222947378396, 39.918413127010965 ], [ 123.656767078920339, 39.919412378665669 ], [ 123.657660620902675, 39.918707988340479 ], [ 123.757999814117667, 39.831429040191523 ], [ 123.76172011863342, 39.828490835144919 ], [ 123.765701967863251, 39.825918172847459 ], [ 123.769909567029899, 39.82373418021043 ], [ 123.774305091980281, 39.8219584902047 ], [ 123.778849029205091, 39.820607065370424 ], [ 123.78350053104505, 39.819692054322005 ], [ 123.788217782890243, 39.819221682538299 ], [ 123.792958379072019, 39.819200178419791 ], [ 124.10604449826792, 39.832636083655288 ], [ 124.110787515385255, 39.833066652191398 ], [ 124.115468051366861, 39.83394652920807 ], [ 124.120043641393579, 39.835267731897673 ], [ 124.124472772783136, 39.837018273463485 ], [ 124.128715261619789, 39.839182271871636 ], [ 124.280298115690741, 39.92583608487864 ], [ 124.28464246518449, 39.928626670479815 ], [ 124.288675855956981, 39.93185041045038 ], [ 124.292355274734263, 39.935472925872389 ], [ 124.295641483104632, 39.939455585168368 ], [ 124.298499435968637, 39.943755916079887 ], [ 124.300898655270359, 39.948328058604304 ], [ 124.369451853104621, 40.097179067436699 ], [ 124.369990592577139, 40.098212240168522 ], [ 124.371024207569633, 40.097674349696298 ], [ 124.498536845687298, 40.023151897694852 ], [ 124.499396471855974, 40.022590769509115 ], [ 124.498369934983202, 40.022597405756621 ], [ 124.432882612371529, 40.026260834005065 ], [ 124.427909815437928, 40.026291334346794 ], [ 124.422958583855532, 40.025827712268686 ], [ 124.418077894493436, 40.024874553853486 ], [ 124.413316026427225, 40.023441287606836 ], [ 124.408720083369374, 40.021542091191854 ], [ 124.404335527726076, 40.019195751185677 ], [ 124.400205730889709, 40.016425477245427 ], [ 124.396371544215242, 40.013258672521566 ], [ 124.392870894924542, 40.009726662589919 ], [ 124.389738410935763, 40.005864385583564 ], [ 124.359409995191982, 39.964415550805768 ], [ 124.356775004259987, 39.960427478479659 ], [ 124.354532873862212, 39.956206015537816 ], [ 124.352704095185388, 39.95178974260228 ], [ 124.351305381729034, 39.947219020694639 ], [ 124.350349516558168, 39.942535622370229 ], [ 124.349845235476792, 39.937782349952101 ], [ 124.349797147190003, 39.933002644353778 ], [ 124.350205691184314, 39.928240188065821 ], [ 124.351067133711112, 39.923538505934609 ], [ 124.35237360190996, 39.918940567381803 ], [ 124.354113155759961, 39.914488393700005 ], [ 124.356269897201486, 39.910222674013433 ], [ 124.358824115431048, 39.906182393413566 ], [ 124.361752467041555, 39.902404476668153 ], [ 124.365028189361311, 39.898923450759916 ], [ 124.368621345042442, 39.895771129338939 ], [ 124.372499095663002, 39.892976321972654 ], [ 124.37662600184261, 39.8905645708506 ], [ 124.380964347128526, 39.888557917350333 ], [ 124.562938890617872, 39.8147299900997 ], [ 124.564010930278727, 39.814233569199757 ], [ 124.564432802044067, 39.813130062535578 ], [ 124.619310145630365, 39.64580115326914 ], [ 124.621016147764792, 39.641333269407831 ], [ 124.623141211047837, 39.637048816639521 ], [ 124.625665893335437, 39.632986993301721 ], [ 124.628567096380564, 39.629184960901576 ], [ 124.631818277158402, 39.625677504126273 ], [ 124.635389690707726, 39.622496712598917 ], [ 124.639248662266709, 39.619671687291451 ], [ 124.643359886213403, 39.617228274280741 ], [ 124.647685749075904, 39.6151888282835 ], [ 124.6521866736569, 39.613572008133623 ], [ 124.656821481124339, 39.612392606073051 ], [ 124.661547767755479, 39.611661412417973 ], [ 124.666322292887216, 39.611385116838512 ], [ 124.671101374523801, 39.611566247155132 ], [ 124.67584128898217, 39.612203146211677 ], [ 124.680498670918624, 39.613289987036644 ], [ 124.685030910077202, 39.614816826153977 ], [ 124.689396541129696, 39.616769694555664 ], [ 124.716968205338219, 39.630722232877019 ], [ 124.721257434165835, 39.633165896762037 ], [ 124.725284789652704, 39.636020609514858 ], [ 124.729011014785314, 39.639258544563575 ], [ 124.732399787845679, 39.642848139842144 ], [ 124.735418076460533, 39.64675440544449 ], [ 124.738036459587406, 39.650939264691772 ], [ 124.740229414298881, 39.655361925288297 ], [ 124.741975564569699, 39.659979276948114 ], [ 124.743257889641441, 39.664746311616433 ], [ 124.744063889933997, 39.669616562189766 ], [ 124.74438570888627, 39.674542555458196 ], [ 124.746084689445752, 39.781704162986259 ], [ 124.746159626702578, 39.782846873688328 ], [ 124.747175405732648, 39.782318105021417 ], [ 125.099727727442584, 39.575946957273871 ], [ 125.103932805758518, 39.573746461151238 ], [ 125.108327577653085, 39.571954577554713 ], [ 125.112872446465616, 39.570587451260039 ], [ 125.117526463170222, 39.569657400002299 ], [ 125.122247695324305, 39.5691728034938 ], [ 125.126993604877654, 39.569138027923259 ], [ 125.131721431437981, 39.569553386616718 ], [ 125.136388577539833, 39.570415137214475 ], [ 125.223987883838618, 39.590931816947716 ], [ 125.225168360386462, 39.591147484254861 ], [ 125.225998783416429, 39.590281207821626 ], [ 125.262720872260019, 39.547979524912911 ], [ 125.265998398559304, 39.544547546824504 ], [ 125.269586530876069, 39.541441752446381 ], [ 125.273452946378285, 39.538690119584608 ], [ 125.277562815386375, 39.536317435665879 ], [ 125.281879115128049, 39.534345074445966 ], [ 125.286362963249132, 39.532790803469325 ], [ 125.290973968075932, 39.531668624014408 ], [ 125.295670592473968, 39.530988644966527 ], [ 125.300410528025324, 39.530756991754345 ], [ 125.305151076153933, 39.53097575117043 ], [ 125.309849532765455, 39.531642952572902 ], [ 125.31446357293693, 39.532752585637446 ], [ 125.318951632190675, 39.534294654499917 ], [ 125.443778764675429, 39.583925104397345 ], [ 125.444778865704833, 39.584267080280561 ], [ 125.444228803569814, 39.583364538746252 ], [ 125.376976724275352, 39.484277313823199 ], [ 125.374415277634412, 39.480071548696053 ], [ 125.372279966501324, 39.475634216663842 ], [ 125.370591502940712, 39.471008358905152 ], [ 125.36936626469064, 39.466238845258069 ], [ 125.368616136301952, 39.461371938992315 ], [ 125.368348393860785, 39.45645484806532 ], [ 125.368565634411951, 39.451535267215078 ], [ 125.369265750768236, 39.446660915331314 ], [ 125.370441951949616, 39.441879072592364 ], [ 125.372082829054392, 39.437236121857524 ], [ 125.374172465923039, 39.432777098763125 ], [ 125.376690593521573, 39.428545254886437 ], [ 125.379612786546957, 39.424581638214569 ], [ 125.382910700347281, 39.420924694987676 ], [ 125.386552345858902, 39.417609896778607 ], [ 125.390502399893563, 39.414669396426206 ], [ 125.394722547765767, 39.41213171615955 ], [ 125.399171854937222, 39.410021470938439 ], [ 125.458121211688734, 39.385541455718752 ], [ 125.459171454841638, 39.385044438050095 ], [ 125.458910315435887, 39.383912252793955 ], [ 125.411253302295165, 39.215066825242829 ], [ 125.410843328021713, 39.213858943068345 ], [ 125.409732537914934, 39.213231883588392 ], [ 125.339070553887282, 39.178063814617879 ], [ 125.33467694702297, 39.175593343905255 ], [ 125.330554399205838, 39.172693066967504 ], [ 125.326744807076111, 39.169392458746998 ], [ 125.323286886767079, 39.165725062673971 ], [ 125.320215780440677, 39.161728149771236 ], [ 125.317562699144659, 39.157442339876148 ], [ 125.315354605620854, 39.152911188829194 ], [ 125.313613940288164, 39.148180745824604 ], [ 125.312358393184979, 39.14329908542144 ], [ 125.311600724188821, 39.138315818971371 ], [ 125.311348633340231, 39.133281590428268 ], [ 125.311604682588765, 39.128247561663706 ], [ 125.312366269756424, 39.123264892518947 ], [ 125.31362565498307, 39.118384220877559 ], [ 125.315370039385087, 39.113655148042625 ], [ 125.317581695127913, 39.109125734648444 ], [ 125.320238145590523, 39.104842012229824 ], [ 125.33436074334692, 39.084441365243904 ], [ 125.334974805095698, 39.083455096191948 ], [ 125.334063173459228, 39.082734869676649 ], [ 125.211816767768056, 38.995461256724582 ], [ 125.207735720485061, 38.99221349452656 ], [ 125.204015198566736, 38.98855827594538 ], [ 125.200695685616608, 38.984535374008352 ], [ 125.197813301794497, 38.980188562565132 ], [ 125.19539941078709, 38.975565139977334 ], [ 125.193480278534693, 38.970715414457395 ], [ 125.147125041128646, 38.832973505081668 ], [ 125.145771209182172, 38.828169717811846 ], [ 125.144903030124254, 38.823254893481682 ], [ 125.144529154224657, 38.818278001893084 ], [ 125.144653306668189, 38.813288631267064 ], [ 125.14527425043795, 38.808336494161956 ], [ 125.146385798640736, 38.803470932152706 ], [ 125.147976876151219, 38.798740424206557 ], [ 125.150031629961205, 38.794192103653501 ], [ 125.152529587134055, 38.789871288564235 ], [ 125.155445858790813, 38.785821030214819 ], [ 125.158751388095297, 38.782081684136941 ], [ 125.162413239767574, 38.778690508027793 ], [ 125.166394928240919, 38.775681290525817 ], [ 125.170656781192861, 38.77308401455106 ], [ 125.175156334827989, 38.770924558564573 ], [ 125.179848756974209, 38.769224438723342 ], [ 125.184687293776776, 38.768000594499917 ], [ 125.1896237355393, 38.767265219902704 ], [ 125.19460889707041, 38.767025641978591 ], [ 125.199593107749919, 38.767284247808533 ], [ 125.204526706431622, 38.768038460723353 ], [ 125.209360536251737, 38.769280765976958 ], [ 125.214046434412822, 38.77099878562089 ], [ 125.218537712063096, 38.773175401834465 ], [ 125.222789619489831, 38.775788927481443 ], [ 125.226759791991796, 38.77881332219404 ], [ 125.23040867198813, 38.782218451831127 ], [ 125.240114191155897, 38.79222737600319 ], [ 125.240957563722546, 38.79301494655919 ], [ 125.241446531443501, 38.791969740725371 ], [ 125.258341697018849, 38.750630904333178 ], [ 125.260450929649764, 38.746124453464148 ], [ 125.262997612443414, 38.741849951332341 ], [ 125.2659565261484, 38.737849727412019 ], [ 125.269298369279397, 38.734163395059383 ], [ 125.272990048283404, 38.730827459230021 ], [ 125.276995005258101, 38.727874954978184 ], [ 125.281273579976869, 38.725335120317787 ], [ 125.285783402635488, 38.72323310668461 ], [ 125.290479813431176, 38.721589729867084 ], [ 125.295316304819011, 38.720421263872005 ], [ 125.300244982066118, 38.719739279766529 ], [ 125.305217037542917, 38.719550531092423 ], [ 125.310183234054534, 38.719856886987159 ], [ 125.315094392426204, 38.720655313674285 ], [ 125.319901878513974, 38.72193790450622 ], [ 125.324558084818221, 38.723691958262108 ], [ 125.44659697111139, 38.7767409197752 ], [ 125.447757373536462, 38.777176554587939 ], [ 125.448809312057151, 38.776521011434014 ], [ 125.656812974444094, 38.63170017362394 ], [ 125.657494355838523, 38.631175019138446 ], [ 125.656678863010171, 38.631448952132409 ], [ 125.474364567565289, 38.702686856219287 ], [ 125.469695835277676, 38.704250846074267 ], [ 125.464895913422225, 38.705348058734295 ], [ 125.460011348041974, 38.705967854253714 ], [ 125.455089505989434, 38.70610422232032 ], [ 125.450178115598291, 38.705755840538849 ], [ 125.169833277666896, 38.671931553904813 ], [ 125.164893056535277, 38.671082413719986 ], [ 125.160062683926938, 38.669742889794293 ], [ 125.155390708610625, 38.667926445320447 ], [ 125.150924087346723, 38.665651336890591 ], [ 125.146707712937555, 38.662940431004259 ], [ 125.142783963021998, 38.659820974243374 ], [ 125.139192274149309, 38.656324319424172 ], [ 125.135968745412981, 38.652485610478593 ], [ 125.133145775628549, 38.648343429232078 ], [ 125.130751737701829, 38.643939407628103 ], [ 125.128810693460608, 38.639317809296749 ], [ 125.127342151815554, 38.634525084672944 ], [ 125.12636087268163, 38.629609404135714 ], [ 125.125876718629982, 38.624620173860698 ], [ 125.125894555762073, 38.61960753925208 ], [ 125.127941317660586, 38.581533769046544 ], [ 125.127945534699606, 38.580346278322843 ], [ 125.126758592738852, 38.580382620919103 ], [ 125.06019169678639, 38.585770550468396 ], [ 125.055236871789489, 38.585925049120426 ], [ 125.050291100041377, 38.585588147949458 ], [ 125.045402996817714, 38.584763158580891 ], [ 125.040620610531931, 38.583458190383205 ], [ 125.035990950435448, 38.581686070755623 ], [ 125.03155952453254, 38.579464219039075 ], [ 125.027369892251883, 38.576814475289893 ], [ 125.023463236272079, 38.57376288559945 ], [ 125.019877957709667, 38.570339446069774 ], [ 125.016649298649114, 38.566577807961963 ], [ 125.013808995724901, 38.562514946915591 ], [ 125.011384968161096, 38.558190799490575 ], [ 125.009401043334748, 38.553647870604181 ], [ 125.007876722560752, 38.548930815722017 ], [ 125.006826989400508, 38.544086001909733 ], [ 125.006262162378519, 38.539161052060379 ], [ 125.006187793554773, 38.534204376777339 ], [ 125.006604613949804, 38.529264698514368 ], [ 125.007508526359103, 38.524390572650205 ], [ 125.00889064562719, 38.519629910205524 ], [ 125.015974477694883, 38.499092560967163 ], [ 125.016303581907522, 38.497964550762397 ], [ 125.015563350502944, 38.497051986204156 ], [ 124.890877604603659, 38.3576623824923 ], [ 124.887966731779002, 38.354089696036283 ], [ 124.885397159642736, 38.350264180626461 ], [ 124.883190716472825, 38.346218333662932 ], [ 124.881366145800243, 38.341986524242003 ], [ 124.879938947184328, 38.337604701193875 ], [ 124.878921244545538, 38.333110087700675 ], [ 124.878321683173795, 38.328540865088911 ], [ 124.875896602216116, 38.299866281345885 ], [ 124.875725201539282, 38.294849080615087 ], [ 124.876057769384346, 38.289839980896218 ], [ 124.876890953243745, 38.284889477283294 ], [ 124.878216354063852, 38.280047474182183 ], [ 124.880020610912979, 38.275362782240599 ], [ 124.882285535668643, 38.270882626303994 ], [ 124.88498829636606, 38.266652169357322 ], [ 124.888101647359647, 38.26271405725177 ], [ 124.891594203977533, 38.259107988805944 ], [ 124.89543075890009, 38.255870315615006 ], [ 124.899572637073447, 38.253033675602218 ], [ 124.903978085580022, 38.250626664006674 ], [ 124.908602694535986, 38.248673545124085 ], [ 124.913399844772812, 38.247194007706341 ], [ 124.991804230002955, 38.227262481947925 ], [ 124.992817562436471, 38.226950381300959 ], [ 124.991821954318652, 38.226585670579119 ], [ 124.914807485111055, 38.20265212086035 ], [ 124.910179724592879, 38.200959707283637 ], [ 124.905741022230202, 38.198819998783918 ], [ 124.901534487465838, 38.196253776579127 ], [ 124.897600974890821, 38.193285964261882 ], [ 124.893978687457633, 38.189945385737197 ], [ 124.89070280544648, 38.1862644852798 ], [ 124.887805144788402, 38.18227901242971 ], [ 124.885313848063419, 38.178027674786541 ], [ 124.883253111174923, 38.173551762074631 ], [ 124.881642948354965, 38.168894745130117 ], [ 124.880498997782539, 38.164101853704679 ], [ 124.879832369702882, 38.159219637186375 ], [ 124.879649538522841, 38.154295512503978 ], [ 124.879952279930379, 38.149377303605569 ], [ 124.880737653648737, 38.144512776984129 ], [ 124.881998031992936, 38.139749177761097 ], [ 124.883721173951116, 38.135132770833607 ], [ 124.885890344071456, 38.130708391541859 ], [ 124.888484474999629, 38.126519010220512 ], [ 124.891478372088741, 38.122605314863428 ], [ 124.894842958093932, 38.119005315954837 ], [ 124.898545555575708, 38.115753977304969 ], [ 124.902550204268806, 38.112882876475474 ], [ 124.906818010334504, 38.110419898092751 ], [ 124.911307524104316, 38.108388963027586 ], [ 124.915975142646275, 38.106809796071566 ], [ 124.920775533244168, 38.105697734366508 ], [ 124.925662073676676, 38.105063578447464 ], [ 125.263655968811207, 38.078047998465721 ], [ 125.264824361355636, 38.077895486971073 ], [ 125.264521126089406, 38.076756869709797 ], [ 125.246720496248045, 38.02124700948648 ], [ 125.246298141053359, 38.020121630844706 ], [ 125.245885878229629, 38.019756699255375 ], [ 125.244841585164608, 38.018920088844517 ], [ 125.243538004235305, 38.019397555761174 ], [ 125.238747420662477, 38.020631606936334 ], [ 125.233858337728122, 38.021386220302396 ], [ 125.230483926257193, 38.021737229881431 ], [ 125.225629270554606, 38.022004549017439 ], [ 125.220771603406419, 38.021799094914201 ], [ 125.215956857245075, 38.021122810275166 ], [ 125.211230558656922, 38.019982089815642 ], [ 125.206637397898419, 38.018387719796578 ], [ 125.202220806320426, 38.016354776033374 ], [ 125.198022545696261, 38.013902481344161 ], [ 125.194082313336736, 38.011054023785398 ], [ 125.190437366725973, 38.00783633739362 ], [ 125.187122171227472, 38.00427984750641 ], [ 125.184168074191433, 38.000418183070856 ], [ 125.181603008545011, 37.996287858659784 ], [ 125.179451228668142, 37.99192792920249 ], [ 125.177733081052395, 37.987379620694739 ], [ 125.176464811911657, 37.982685940379909 ], [ 125.175658413563369, 37.977891270087284 ], [ 125.175321511033431, 37.973040946572667 ], [ 125.175361479623518, 37.971610298209761 ], [ 125.175328873873326, 37.9701234602271 ], [ 125.175461656660318, 37.965224725895538 ], [ 125.176073353060787, 37.960362518903501 ], [ 125.177158087063006, 37.955583546057355 ], [ 125.178705438612639, 37.950933714608631 ], [ 125.180700543708795, 37.946457691264733 ], [ 125.183124237188878, 37.942198473116491 ], [ 125.185953236831025, 37.938196974604118 ], [ 125.189160367005158, 37.934491634489376 ], [ 125.192714819724642, 37.931118046609292 ], [ 125.196582450590626, 37.928108617958493 ], [ 125.200726106786234, 37.925492257384647 ], [ 125.205105983969958, 37.923294097887414 ], [ 125.209680008639808, 37.921535255188566 ], [ 125.214404242295259, 37.9202326248924 ], [ 125.219233303514457, 37.919398720185022 ], [ 125.224120803892376, 37.919041551631551 ], [ 125.229019793652057, 37.919164550225872 ], [ 125.233883212648522, 37.919766534432213 ], [ 125.238664342432742, 37.920841721535055 ], [ 125.243317255033475, 37.922379783188468 ], [ 125.247797254145468, 37.924365944631134 ], [ 125.252061304486304, 37.926781126614038 ], [ 125.256068445197286, 37.929602128677516 ], [ 125.259436790834641, 37.932229438237506 ], [ 125.259928996311857, 37.932654145667463 ], [ 125.259984234938798, 37.932631206298829 ], [ 125.260853863857363, 37.931743107808423 ], [ 125.307521616702346, 37.879025831392845 ], [ 125.308299904518137, 37.878051507536078 ], [ 125.308651610954897, 37.875978333809478 ], [ 125.309734267480195, 37.871093321939341 ], [ 125.311299738492806, 37.866340976557133 ], [ 125.313332347061589, 37.861768888573593 ], [ 125.31581173824911, 37.857422843766834 ], [ 125.318713082949884, 37.853346364274628 ], [ 125.322007326533935, 37.849580272755283 ], [ 125.325661479805447, 37.846162283581585 ], [ 125.329638949362987, 37.843126625161752 ], [ 125.333899904053013, 37.840503697169474 ], [ 125.338401673846718, 37.838319766115688 ], [ 125.343099177146001, 37.836596702310644 ], [ 125.347945372239423, 37.83535176085033 ], [ 125.352891728386979, 37.834597408820599 ], [ 125.357888711816372, 37.834341200449366 ], [ 125.362886281763892, 37.83458570145708 ], [ 125.367834391592311, 37.835328463363112 ], [ 125.372683489967642, 37.836562048005291 ], [ 125.377385017075866, 37.83827410202715 ], [ 125.508957540785232, 37.893790382610113 ], [ 125.510057690084167, 37.89419148683298 ], [ 125.510326662778681, 37.893051808471505 ], [ 125.522861634340671, 37.824978942234267 ], [ 125.523970153760843, 37.820257685886844 ], [ 125.525530848631732, 37.81566602950565 ], [ 125.527529036512306, 37.811247169698312 ], [ 125.529945919188876, 37.807042677466107 ], [ 125.532758759521727, 37.803092107119333 ], [ 125.535941095347738, 37.799432624164936 ], [ 125.539462988426621, 37.796098655667201 ], [ 125.543291306088832, 37.793121566370573 ], [ 125.547390032935553, 37.790529363631784 ], [ 125.551720609658162, 37.788346433936958 ], [ 125.556242295790057, 37.786593313482555 ], [ 125.55868475093051, 37.785780235836313 ], [ 125.563311415185353, 37.784483384171295 ], [ 125.568041198508823, 37.783636627960206 ], [ 125.572830420696661, 37.783247787113972 ], [ 125.577634852618402, 37.783320452631685 ], [ 125.582410124679612, 37.783853953437216 ], [ 125.587112136581197, 37.784843362576716 ], [ 125.591697464591832, 37.786279542719697 ], [ 125.596123762572006, 37.78814923054356 ], [ 125.600350153046648, 37.790435159222213 ], [ 125.604337604714175, 37.793116217887601 ], [ 125.608049292905974, 37.796167646591499 ], [ 125.61145093966735, 37.799561264967053 ], [ 125.614511130319173, 37.803265732478387 ], [ 125.617201603576802, 37.807246837854798 ], [ 125.619497512546943, 37.811467815036558 ], [ 125.621377654192145, 37.815889682714591 ], [ 125.622824665143852, 37.820471604328247 ], [ 125.623825182055441, 37.825171265196623 ], [ 125.624369965014594, 37.829945263300466 ], [ 125.630545564023436, 37.924015432908817 ], [ 125.630682657720016, 37.925206818816619 ], [ 125.632179739403156, 37.926397857448151 ], [ 125.632879367073144, 37.926899580929927 ], [ 125.63650068488883, 37.930065266912521 ], [ 125.639801063868561, 37.93356426806325 ], [ 125.642749961631353, 37.937364203911031 ], [ 125.645320088475188, 37.941429909073641 ], [ 125.647487659921467, 37.945723758685332 ], [ 125.649232616821465, 37.950206016585078 ], [ 125.650538810987712, 37.954835203043054 ], [ 125.651394154632683, 37.959568478622565 ], [ 125.65179073223166, 37.964362040624941 ], [ 125.651724873774569, 37.969171528448634 ], [ 125.651197188729, 37.973952434111304 ], [ 125.650212560400121, 37.978660514135747 ], [ 125.648780100739515, 37.983252198988112 ], [ 125.646913066021398, 37.987684996279206 ], [ 125.644628734166261, 37.9919178839978 ], [ 125.641948244847512, 37.995911690136651 ], [ 125.638896403860628, 37.999629455198267 ], [ 125.63550145356524, 38.003036774225663 ], [ 125.631794811524571, 38.006102115192832 ], [ 125.597931625036736, 38.031465738316506 ], [ 125.597143080233565, 38.032120123739475 ], [ 125.598157473324008, 38.031975107028806 ], [ 125.798120012068111, 37.993140404681725 ], [ 125.799294758835757, 37.992851686047537 ], [ 125.800110209963023, 37.991958138132205 ], [ 125.875391646628984, 37.90084906729124 ], [ 125.878766385299798, 37.897157541199782 ], [ 125.882493049533224, 37.893821645567208 ], [ 125.886534348499438, 37.890874761001115 ], [ 125.890849842979151, 37.88834637547361 ], [ 125.895396350018316, 37.886261789250163 ], [ 125.900128375037937, 37.884641861722805 ], [ 125.904998567075111, 37.883502802680766 ], [ 125.909958192600001, 37.882856010107417 ], [ 125.914957623167467, 37.882707956126417 ], [ 125.919946832023555, 37.883060122238511 ], [ 125.924875894697792, 37.883908984496877 ], [ 125.929695488571866, 37.885246048769481 ], [ 125.934357386426001, 37.887057935735541 ], [ 125.938814939024113, 37.889326514765521 ], [ 125.943023541908943, 37.892029085345165 ], [ 125.946941081736171, 37.895138604227924 ], [ 125.950528357681151, 37.898623956042989 ], [ 125.953749473701606, 37.902450264650895 ], [ 125.95657219773102, 37.906579242131329 ], [ 125.958968284208524, 37.910969571910798 ], [ 125.959513913720969, 37.91210041409304 ], [ 125.960615467783953, 37.911687768728797 ], [ 126.054659245402249, 37.871065309250426 ], [ 126.055713141407168, 37.870549017175897 ], [ 126.056219721913067, 37.869490418816468 ], [ 126.069921948555702, 37.836950182638994 ], [ 126.07208700856377, 37.832450967775216 ], [ 126.074690007928496, 37.828190121200159 ], [ 126.077704989103708, 37.82421013279037 ], [ 126.081101886191547, 37.820550691657679 ], [ 126.084846824764611, 37.817248290362727 ], [ 126.088902459667466, 37.814335861005006 ], [ 126.093228347428763, 37.811842446818467 ], [ 126.097781349570326, 37.809792912547493 ], [ 126.10251606279131, 37.808207696491536 ], [ 126.107385271737485, 37.807102606690925 ], [ 126.112340419840734, 37.806488663286473 ], [ 126.117332093533221, 37.806371988624754 ], [ 126.122310515007825, 37.806753746205068 ], [ 126.127226038610772, 37.807630129076799 ], [ 126.13202964591639, 37.808992397802989 ], [ 126.136673434547106, 37.810826967611469 ], [ 126.141111095863977, 37.813115543864456 ], [ 126.145298376764188, 37.815835304495778 ], [ 126.149193520980418, 37.818959127596351 ], [ 126.152757685481376, 37.822455861878375 ], [ 126.155955327820976, 37.826290637321208 ], [ 126.157716436957926, 37.828891863969588 ], [ 126.158252837736086, 37.829602547665985 ], [ 126.159436538580707, 37.829989738674335 ], [ 126.377494113075755, 37.889273386779351 ], [ 126.378664810439432, 37.889531012832364 ], [ 126.379735039431651, 37.88899109301893 ], [ 126.554781207339673, 37.78967565296103 ], [ 126.55932048146822, 37.787396828936927 ], [ 126.564067526974455, 37.785590283197479 ], [ 126.568973358054194, 37.784274657884545 ], [ 126.573987350360099, 37.78346352922442 ], [ 126.579057763405402, 37.783165267431713 ], [ 126.584132274485341, 37.783382950335309 ], [ 126.589158518606638, 37.784114331617559 ], [ 126.594084628853366, 37.785351863994542 ], [ 126.598859771612993, 37.787082777098121 ], [ 126.698853605497774, 37.829190634579867 ], [ 126.699895225501663, 37.829571420712455 ], [ 126.699786255913608, 37.828467746874935 ], [ 126.683547924492572, 37.718421823133987 ], [ 126.683075873248896, 37.713643257285817 ], [ 126.683064386237405, 37.708841445961895 ], [ 126.683513569402962, 37.704060676314057 ], [ 126.684419279924896, 37.699345041426533 ], [ 126.685773164426394, 37.694738033645059 ], [ 126.687562736017753, 37.690282143446531 ], [ 126.689771489463027, 37.686018467548912 ], [ 126.692379053408047, 37.681986329875841 ], [ 126.695361378265574, 37.678222918871697 ], [ 126.698690958024898, 37.67476294451221 ], [ 126.70233708393998, 37.671638318174026 ], [ 126.706266127756621, 37.668877858315795 ], [ 126.754187178776803, 37.638538065823326 ], [ 126.754871647763835, 37.638056354238607 ], [ 126.75407309479607, 37.638307067227394 ], [ 126.661590656282883, 37.672385882029218 ], [ 126.656924604509967, 37.673850384435553 ], [ 126.65213780111614, 37.674852042917578 ], [ 126.647276040121511, 37.675381274886476 ], [ 126.642385832644763, 37.67543301732681 ], [ 126.63751396194418, 37.675006775233022 ], [ 126.632707035855191, 37.674106626344965 ], [ 126.628011040906131, 37.672741182137337 ], [ 126.623470902377917, 37.670923505436065 ], [ 126.619130054516305, 37.668670985449893 ], [ 126.615030025008551, 37.666005171412614 ], [ 126.611210037699522, 37.662951566427587 ], [ 126.607706637348059, 37.65953938348656 ], [ 126.604553340013382, 37.655801265997113 ], [ 126.601780312416324, 37.651772975492236 ], [ 126.599414083342594, 37.647493049509656 ], [ 126.597477289849309, 37.643002432913896 ], [ 126.595988460702486, 37.638344086188141 ], [ 126.594961839117573, 37.633562574443189 ], [ 126.594407246498434, 37.628703641075404 ], [ 126.594329988478833, 37.623813770152353 ], [ 126.594730804164783, 37.618939741712587 ], [ 126.595605859063809, 37.614128184234033 ], [ 126.59694678176848, 37.60942512855226 ], [ 126.598740744043255, 37.604875567496244 ], [ 126.643664706991487, 37.505487533103668 ], [ 126.644097273761602, 37.504392272674416 ], [ 126.643440677253679, 37.50341472960924 ], [ 126.628362367411427, 37.483156471156477 ], [ 126.625655317215589, 37.47912443179051 ], [ 126.62335220521733, 37.47484878712158 ], [ 126.621474759401053, 37.47036987437199 ], [ 126.620040691937689, 37.46572994843271 ], [ 126.619063532084837, 37.4609727832229 ], [ 126.618552498549192, 37.456143258718676 ], [ 126.618512412515628, 37.45128693754711 ], [ 126.618943652163182, 37.446449635139999 ], [ 126.619842149097309, 37.441676987502589 ], [ 126.621199426731806, 37.437014020675086 ], [ 126.623002680258523, 37.432504725948654 ], [ 126.625234897450298, 37.42819164484343 ], [ 126.627875019157457, 37.424115467763997 ], [ 126.630898137983664, 37.420314650118527 ], [ 126.634275733267017, 37.416825049523418 ], [ 126.637975940149119, 37.413679587515851 ], [ 126.641963850194159, 37.410907938965948 ], [ 126.869657081900456, 37.268540225174831 ], [ 126.870580728082373, 37.267897612525424 ], [ 126.86999557101214, 37.267598328957234 ], [ 126.866831990439678, 37.266168989502411 ], [ 126.862527779996014, 37.263682720290959 ], [ 126.85849170298026, 37.260781368113427 ], [ 126.854763648364752, 37.257493607337608 ], [ 126.851380460904167, 37.253851931247979 ], [ 126.848375576994925, 37.24989233091118 ], [ 126.84577869421976, 37.245653939472525 ], [ 126.843615477843457, 37.241178645399003 ], [ 126.841907307160255, 37.236510678491214 ], [ 126.840671064200137, 37.231696172755541 ], [ 126.839918966881925, 37.226782710457009 ], [ 126.839658448262242, 37.2218188518587 ], [ 126.839892083073934, 37.216853655295623 ], [ 126.840617562279661, 37.211936192326036 ], [ 126.841827715892379, 37.207115062752081 ], [ 126.843510583837016, 37.202437914302855 ], [ 126.845649534153239, 37.197950971726897 ], [ 126.848223427370783, 37.193698579948162 ], [ 126.85120682543311, 37.189722765800475 ], [ 126.854570243104334, 37.186062822671943 ], [ 126.858280439374951, 37.182754922164264 ], [ 126.86230074598619, 37.179831756605005 ], [ 126.866591429826258, 37.177322215945885 ], [ 126.870252828364869, 37.17564402379184 ], [ 126.870600534356015, 37.175463224384828 ], [ 126.870012048096825, 37.174762991191223 ], [ 126.867011046333914, 37.170809175019428 ], [ 126.864416862846355, 37.166577285850956 ], [ 126.862255064530558, 37.162109030940691 ], [ 126.860546956924011, 37.157448447038881 ], [ 126.859309374229227, 37.15264146638831 ], [ 126.858554513404812, 37.147735464040466 ], [ 126.858289813958606, 37.142778790952143 ], [ 126.858517884627972, 37.137820297464081 ], [ 126.859236477669356, 37.132908851857927 ], [ 126.860438511010926, 37.128092858736345 ], [ 126.862112138049653, 37.123419781972956 ], [ 126.864240864405218, 37.118935676933546 ], [ 126.866803710479815, 37.114684736578837 ], [ 126.869775418221977, 37.110708855922113 ], [ 126.873126700056488, 37.107047219134145 ], [ 126.876824527527262, 37.103735913364844 ], [ 126.880832456808193, 37.10080757308743 ], [ 126.885110987874285, 37.098291058470366 ], [ 126.889617953792822, 37.096211170946859 ], [ 126.890422569191131, 37.095887271658242 ], [ 126.890774402753308, 37.094730123598197 ], [ 126.910679510442193, 37.015307166550556 ], [ 126.910919305318629, 37.014099569166895 ], [ 126.910919130078852, 37.014017852570312 ], [ 126.910673438291781, 37.00936779345534 ], [ 126.910886878568789, 37.004530341679526 ], [ 126.911567242573966, 36.999736220148357 ], [ 126.912708149446445, 36.995030391003191 ], [ 126.914298899078631, 36.990456988326528 ], [ 126.916324572468312, 36.986058904226205 ], [ 126.918766171637913, 36.98187738656749 ], [ 126.921600797808935, 36.977951652125924 ], [ 126.924801866160436, 36.974318518788955 ], [ 126.92833935515732, 36.97101206025571 ], [ 126.932180088110343, 36.968063286473473 ], [ 126.936288044326886, 36.965499852807838 ], [ 126.940624696934648, 36.963345800674126 ], [ 126.945149374209663, 36.961621332062606 ], [ 126.949819641020085, 36.960342620072133 ], [ 126.954591696808279, 36.959521657229168 ], [ 126.959420786378629, 36.959166143014656 ], [ 126.964261619638577, 36.959279411653696 ], [ 126.969068796356211, 36.959860400845194 ], [ 126.973797231950812, 36.96090366172475 ], [ 126.978402580323078, 36.962399409967368 ], [ 126.982841649759308, 36.964333617550707 ], [ 127.04091748437169, 36.993060870845113 ], [ 127.041573286410141, 36.993346632269144 ], [ 127.041002545945602, 36.992915365266654 ], [ 126.879931714951908, 36.88303535362509 ], [ 126.875985758540992, 36.880046886252828 ], [ 126.872354628132129, 36.876682900345344 ], [ 126.869073910995411, 36.872976364995353 ], [ 126.866175760139313, 36.868963606486894 ], [ 126.86368857919183, 36.864683952275811 ], [ 126.861636744027734, 36.860179345556986 ], [ 126.860040363870311, 36.855493934195657 ], [ 126.858915084208832, 36.850673638051703 ], [ 126.858271933463286, 36.845765698937328 ], [ 126.850941453430323, 36.755218335058061 ], [ 126.850814806722767, 36.754255013793497 ], [ 126.850514500243762, 36.755179050192098 ], [ 126.803193952689185, 36.930039404094138 ], [ 126.801685968009636, 36.934694976291674 ], [ 126.799730091883333, 36.939180833941968 ], [ 126.797345060328539, 36.94345400545302 ], [ 126.794553720392784, 36.947473556627365 ], [ 126.791382811292991, 36.95120098278506 ], [ 126.787862708271277, 36.954600577613384 ], [ 126.784027131619879, 36.957639775210026 ], [ 126.779912823662755, 36.960289462043228 ], [ 126.775559196788038, 36.962524255840428 ], [ 126.771007955903144, 36.964322748733892 ], [ 126.719545302001137, 36.98179918702084 ], [ 126.714902918991001, 36.983129421966012 ], [ 126.710153859502554, 36.984005594892594 ], [ 126.705342425127768, 36.984419532423182 ], [ 126.700513499322625, 36.984367373142355 ], [ 126.695712128711889, 36.983849603617848 ], [ 126.690983102871741, 36.982871053861651 ], [ 126.68637053651031, 36.981440852273209 ], [ 126.681917457943726, 36.979572340485191 ], [ 126.677665407706527, 36.977282948906094 ], [ 126.67365405104087, 36.974594034120706 ], [ 126.66992080787945, 36.97153067966525 ], [ 126.666500503773634, 36.968121462035661 ], [ 126.663425045023487, 36.964398184111808 ], [ 126.660723121039823, 36.960395578484388 ], [ 126.631747010784963, 36.912649999190215 ], [ 126.631086920026277, 36.91167314477218 ], [ 126.629439082108519, 36.911997381873583 ], [ 126.628329120126779, 36.912274617634935 ], [ 126.623675173025234, 36.912980771009586 ], [ 126.618975443614545, 36.913246138073802 ], [ 126.614271586303701, 36.913068366839362 ], [ 126.609605292087934, 36.912449032919461 ], [ 126.605017919035063, 36.911393625563832 ], [ 126.600550125722791, 36.909911499006697 ], [ 126.596241510875586, 36.908015789558767 ], [ 126.59213026239523, 36.905723299178156 ], [ 126.588252818895668, 36.903054346552089 ], [ 126.584643546742143, 36.900032587009328 ], [ 126.583853768560104, 36.899233578861271 ], [ 126.582606847636711, 36.898092189113655 ], [ 126.58165745289115, 36.89876647103349 ], [ 126.575113004688859, 36.903909736062516 ], [ 126.571208695060221, 36.906686200124312 ], [ 126.567056580272848, 36.909076248064281 ], [ 126.562694780703893, 36.911057936960916 ], [ 126.558163341836931, 36.912613073018541 ], [ 126.553503866606221, 36.913727378603703 ], [ 126.548759133442047, 36.914390623327463 ], [ 126.543972703523934, 36.91459671797017 ], [ 126.539188520847389, 36.914343770386282 ], [ 126.534450508776089, 36.913634102876053 ], [ 126.529802166783512, 36.912474230864653 ], [ 126.525286171086208, 36.910874803084283 ], [ 126.520943982835377, 36.908850503808701 ], [ 126.516815467463985, 36.906419918037535 ], [ 126.512938528683989, 36.903605360868283 ], [ 126.50934876049412, 36.900432672622365 ], [ 126.506079120392954, 36.89693098160636 ], [ 126.503159626797625, 36.893132436686308 ], [ 126.50061708344613, 36.889071912130476 ], [ 126.498474833313423, 36.884786687430221 ], [ 126.496752544300577, 36.880316105038737 ], [ 126.484288626061243, 36.842679677478294 ], [ 126.483905672252945, 36.841691090438651 ], [ 126.483609438617052, 36.842709031295108 ], [ 126.475822463870074, 36.875462067499093 ], [ 126.474477992251337, 36.880106398795341 ], [ 126.472691223262771, 36.884599156712746 ], [ 126.470478864921944, 36.88889832962095 ], [ 126.467861604918383, 36.892963716096624 ], [ 126.464863917163584, 36.8967573008456 ], [ 126.46151383293639, 36.900243610182656 ], [ 126.457842678763342, 36.903390043744743 ], [ 126.453884783485421, 36.906167179335931 ], [ 126.44967715725015, 36.908549048053381 ], [ 126.445259145430981, 36.910513377121674 ], [ 126.440672060709957, 36.912041798164807 ], [ 126.435958796764254, 36.913120018968272 ], [ 126.431163427168784, 36.913737957125093 ], [ 126.426330793265649, 36.913889834316031 ], [ 126.421506084854272, 36.913574230342526 ], [ 126.416734417623061, 36.912794096406863 ], [ 126.41206041127414, 36.911556727515617 ], [ 126.407527772285889, 36.909873694264263 ], [ 126.403178885215254, 36.907760734640952 ], [ 126.399054416361054, 36.905237606861064 ], [ 126.395192933494826, 36.902327904608825 ], [ 126.358680773579223, 36.871939411837651 ], [ 126.354936999346862, 36.868486015528127 ], [ 126.351563976820884, 36.864669667717372 ], [ 126.348596706900196, 36.860529969565178 ], [ 126.34606598010393, 36.856109877546203 ], [ 126.343998057066941, 36.851455257702803 ], [ 126.342414396040581, 36.846614409706106 ], [ 126.341331430226546, 36.841637565664037 ], [ 126.340760397254229, 36.836576368876905 ], [ 126.340707222570956, 36.831483337949592 ], [ 126.341172457955352, 36.826411321820814 ], [ 126.342151275791679, 36.821412951364678 ], [ 126.343633519164584, 36.816540093255007 ], [ 126.345603807254648, 36.811843311759596 ], [ 126.356177610475726, 36.78985041610121 ], [ 126.356632321918227, 36.78877472850197 ], [ 126.353395219449254, 36.784987554735643 ], [ 126.350537984048557, 36.780873481740073 ], [ 126.348106710725816, 36.776494178053632 ], [ 126.346125799147615, 36.771893593300881 ], [ 126.344615129259779, 36.76711789782923 ], [ 126.343589861777161, 36.762215019354592 ], [ 126.343060286034358, 36.757234161970516 ], [ 126.343031716724482, 36.752225312347846 ], [ 126.343504440562143, 36.747238738080753 ], [ 126.344473713406103, 36.742324483213345 ], [ 126.345929807870348, 36.737531866009853 ], [ 126.347858110945651, 36.732908984008581 ], [ 126.350239270652295, 36.728502231326686 ], [ 126.37191760433879, 36.692785012237174 ], [ 126.374617960291431, 36.688784843481763 ], [ 126.377691407378862, 36.685063661499711 ], [ 126.381109309345064, 36.681656137693167 ], [ 126.384839820541501, 36.678594021014142 ], [ 126.388848182642874, 36.675905842149739 ], [ 126.393097048501147, 36.673616647692917 ], [ 126.39754683012049, 36.671747766775638 ], [ 126.40215606751083, 36.670316612338787 ], [ 126.406881814983478, 36.669336518890383 ], [ 126.41168004128923, 36.668816618263875 ], [ 126.41650603987128, 36.66876175453401 ], [ 126.421314845409881, 36.669172438883116 ], [ 126.42606165277823, 36.67004484483823 ], [ 126.430702234505617, 36.671370843923555 ], [ 126.43519335285842, 36.673138081395962 ], [ 126.439493162699478, 36.675330091357949 ], [ 126.443561601372124, 36.677926450175519 ], [ 126.447360761976384, 36.680902966771448 ], [ 126.450855246559172, 36.684231908021054 ], [ 126.454012495928083, 36.687882257150292 ], [ 126.456803093015324, 36.691820002728583 ], [ 126.459201036965752, 36.69600845556387 ], [ 126.461183985394726, 36.700408590547113 ], [ 126.479141480074617, 36.746013477895104 ], [ 126.479549397176555, 36.746918541448963 ], [ 126.479657118716474, 36.745931661279705 ], [ 126.494156616750217, 36.506167436606752 ], [ 126.494715118042336, 36.501151581712264 ], [ 126.49577641469844, 36.496217579946602 ], [ 126.497329693920861, 36.491415700348668 ], [ 126.499359130451026, 36.486794865858464 ], [ 126.501844047801839, 36.482402154875992 ], [ 126.50475912891568, 36.478282321612909 ], [ 126.50807467410192, 36.474477340123627 ], [ 126.511756903626022, 36.471025976661501 ], [ 126.515768301867183, 36.467963394717025 ], [ 126.520067999538398, 36.465320796761986 ], [ 126.524612190074578, 36.463125106349665 ], [ 126.529354575946513, 36.461398693809869 ], [ 126.534246840353504, 36.460159148333538 ], [ 126.539239139488956, 36.459419098768961 ], [ 126.544280610363472, 36.459186084955427 ], [ 126.549319889011727, 36.459462480905145 ], [ 126.554305633803466, 36.460245470616144 ], [ 126.616248963269172, 36.473206438887551 ], [ 126.617080606324862, 36.473338523164294 ], [ 126.616330332349762, 36.472956207338676 ], [ 126.573372777861309, 36.453642696083726 ], [ 126.569037846728961, 36.451434220284838 ], [ 126.564938070010584, 36.448814902790552 ], [ 126.561112262741219, 36.445809542244135 ], [ 126.557596646123443, 36.442446592189008 ], [ 126.554424504599723, 36.438757891682066 ], [ 126.551625870728614, 36.434778363854306 ], [ 126.549227240848623, 36.430545685272698 ], [ 126.547251324221563, 36.426099929233587 ], [ 126.545716828030351, 36.421483186364902 ], [ 126.544638280267009, 36.416739166129005 ], [ 126.544025892187463, 36.411912782999117 ], [ 126.543885461635426, 36.40704973122719 ], [ 126.544218318150826, 36.402196052229094 ], [ 126.545021310382197, 36.397397698683058 ], [ 126.546286835922459, 36.392700099468207 ], [ 126.548002913285416, 36.388147729562242 ], [ 126.550153295341644, 36.383783688970233 ], [ 126.552717623139756, 36.379649294671161 ], [ 126.555671618656802, 36.375783689445363 ], [ 126.558987314652754, 36.372223471286482 ], [ 126.562633319453127, 36.369002346906385 ], [ 126.581657987007986, 36.353776547591714 ], [ 126.582505870843264, 36.353027209404807 ], [ 126.581494008160277, 36.352520703109121 ], [ 126.565380423524871, 36.345416250214804 ], [ 126.560936430982039, 36.343186743271083 ], [ 126.556735832777179, 36.34052690386725 ], [ 126.552820164040455, 36.337463032251605 ], [ 126.549228142545559, 36.334025423705967 ], [ 126.545995285871896, 36.330248068988638 ], [ 126.543153560210058, 36.326168318236974 ], [ 126.540731064282994, 36.321826511652581 ], [ 126.538751751508485, 36.317265580621147 ], [ 126.537235193149868, 36.312530623210797 ], [ 126.536196384797236, 36.307668458246567 ], [ 126.535645598092415, 36.302727162370111 ], [ 126.535588279163846, 36.297755594662306 ], [ 126.536024994775872, 36.292802913529115 ], [ 126.536951426724528, 36.287918090627777 ], [ 126.53835841453558, 36.283149426639568 ], [ 126.540232046042476, 36.278544073677068 ], [ 126.54255379494856, 36.274147569048388 ], [ 126.602662622432931, 36.172864194646536 ], [ 126.603213750449783, 36.171823587911739 ], [ 126.602019678461161, 36.170004485993985 ], [ 126.59958278075824, 36.165872686406765 ], [ 126.597553037943996, 36.161526379658319 ], [ 126.595949131964758, 36.15700556957016 ], [ 126.594785825323996, 36.15235186610915 ], [ 126.594073825206877, 36.147608102405428 ], [ 126.593819684930338, 36.142817940512202 ], [ 126.594025743625721, 36.138025469536018 ], [ 126.59469010470913, 36.133274799836457 ], [ 126.59580665333786, 36.128609657030161 ], [ 126.597365112691918, 36.124072979536088 ], [ 126.599351138562909, 36.119706523366233 ], [ 126.601746451379427, 36.115550477799289 ], [ 126.604529004454051, 36.111643095474719 ], [ 126.670420378067448, 36.027925659364428 ], [ 126.673541620037867, 36.024326922545107 ], [ 126.676991174363422, 36.021041556037751 ], [ 126.680737728669385, 36.01809938184762 ], [ 126.684747274645886, 36.015527106746681 ], [ 126.688983416748968, 36.013348079850303 ], [ 126.693407702571008, 36.011582080672092 ], [ 126.697979971881892, 36.01024513958086 ], [ 126.702658721172284, 36.009349392289359 ], [ 126.707401480390345, 36.00890296969574 ], [ 126.712165198451814, 36.00890992407755 ], [ 126.71690663402434, 36.00937019230831 ], [ 126.721582748038685, 36.010279596430529 ], [ 126.726151094363971, 36.011629881579971 ], [ 126.869534073513208, 36.061552036945137 ], [ 126.870307708956631, 36.06177934963911 ], [ 126.869628839266966, 36.061344241831172 ], [ 126.745657656177272, 35.990246648671054 ], [ 126.744454362439086, 35.989641055525922 ], [ 126.743945795783461, 35.989569577797702 ], [ 126.739123323788576, 35.988648374165145 ], [ 126.734414447804568, 35.987258647846282 ], [ 126.729864570535426, 35.985413798500176 ], [ 126.725517561628934, 35.983131614055203 ], [ 126.721415334688075, 35.980434099198924 ], [ 126.717597443142637, 35.977347263210191 ], [ 126.714100698877289, 35.973900869179197 ], [ 126.71095881729363, 35.970128147033549 ], [ 126.708202092228206, 35.966065473137235 ], [ 126.70585710386122, 35.961752019551909 ], [ 126.703946462431944, 35.957229376342148 ], [ 126.702488590232122, 35.952541150566539 ], [ 126.701497543979372, 35.947732545820983 ], [ 126.700982879283103, 35.942849926388291 ], [ 126.70094955850989, 35.937940370196522 ], [ 126.701397902936677, 35.933051214896359 ], [ 126.702323589652991, 35.928229601434317 ], [ 126.703717693242197, 35.923522019522487 ], [ 126.705566771839884, 35.918973859387478 ], [ 126.707852996739462, 35.914628974120568 ], [ 126.710554324295543, 35.910529256848754 ], [ 126.71364470846747, 35.906714236803722 ], [ 126.717094351953662, 35.903220698183318 ], [ 126.720869993495455, 35.900082325480476 ], [ 126.724935228580222, 35.897329378699354 ], [ 126.729250860451486, 35.89498840159014 ], [ 126.733775278041747, 35.893081965715801 ], [ 126.805021506097091, 35.867101527107266 ], [ 126.805968776095654, 35.866702967424047 ], [ 126.804965105849504, 35.866482023293962 ], [ 126.424221585894045, 35.801872910217639 ], [ 126.421805909211585, 35.801583142225596 ], [ 125.4205950123675, 35.730704811465159 ], [ 125.419512548751342, 35.730675313536672 ], [ 125.418431607100331, 35.730739832953752 ], [ 124.762939272279795, 35.7985272093105 ], [ 124.761695147930368, 35.79871980980635 ], [ 124.760476809274721, 35.799036971071871 ], [ 124.367382205410195, 35.922883487781569 ], [ 124.366239157038663, 35.923306082554404 ], [ 124.365142848037394, 35.923838297262797 ], [ 123.683463520203105, 36.297003831225823 ], [ 123.682180581631499, 36.297811426453691 ], [ 123.681005383879963, 36.298769054604726 ], [ 123.136124175847371, 36.801010141840841 ], [ 123.135198500176941, 36.801959346683759 ], [ 123.134378963886732, 36.803001568133176 ], [ 122.786113294643897, 37.298012252967688 ], [ 122.785410652317111, 37.299133453637111 ], [ 122.784961121756325, 37.300377929211741 ], [ 122.611276926931566, 37.87538444412894 ], [ 122.610957217334857, 37.876697084047798 ], [ 122.610928598740472, 37.87804779451227 ], [ 122.63097825920471, 38.480880291248688 ], [ 122.630895008126643, 38.485870380033269 ], [ 122.630314703451361, 38.490827310868362 ], [ 122.629243126851094, 38.495701697025588 ], [ 122.627690954622167, 38.500444974182976 ], [ 122.625673651315282, 38.50500988427936 ], [ 122.623211315659645, 38.50935094635436 ], [ 122.296434798949704, 39.023802717806191 ], [ 122.295797869644232, 39.024931988698683 ], [ 122.295541033443385, 39.026202802160476 ], [ 122.251655522249109, 39.322460283325782 ], [ 122.251539481164386, 39.323641550179815 ] ], [ [ 126.479847795062753, 37.734055429242254 ], [ 126.477151068339197, 37.738071618653734 ], [ 126.474078846184639, 37.741808403828664 ], [ 126.470659887194373, 37.745230805300338 ], [ 126.466926195713427, 37.748306786499185 ], [ 126.46291272224893, 37.751007553642083 ], [ 126.45865703630372, 37.753307825266532 ], [ 126.454198974694165, 37.755186068886474 ], [ 126.449580268643814, 37.756624702554575 ], [ 126.444844153143961, 37.757610259444114 ], [ 126.440034962237533, 37.758133513909847 ], [ 126.43519771401499, 37.758189567847836 ], [ 126.430377689206992, 37.757777896545853 ], [ 126.425620007318528, 37.756902353595152 ], [ 126.420969204272097, 37.755571134817529 ], [ 126.416468815514008, 37.753796701545596 ], [ 126.412160968485708, 37.751595663974101 ], [ 126.408085988275332, 37.748988625674514 ], [ 126.404282020140869, 37.745999990728166 ], [ 126.400784672438292, 37.742657735283451 ], [ 126.397626683297219, 37.738993145675416 ], [ 126.394837614164388, 37.735040525559242 ], [ 126.392443573083568, 37.730836874799039 ], [ 126.390466970302128, 37.726421543117851 ], [ 126.388926308492287, 37.721835861751011 ], [ 126.387836009550369, 37.717122756550857 ], [ 126.387206279595745, 37.71232634616446 ], [ 126.387043013432887, 37.707491529045839 ], [ 126.387347739371037, 37.702663563168464 ], [ 126.388117604917923, 37.697887642372407 ], [ 126.392889872549887, 37.675300151791127 ], [ 126.394186399448785, 37.670404399192343 ], [ 126.395971531812776, 37.665664918424248 ], [ 126.398226954629706, 37.661130335375617 ], [ 126.4009295278249, 37.656847173735805 ], [ 126.40405152367245, 37.652859377673323 ], [ 126.407560911274828, 37.649207860979622 ], [ 126.411421685191868, 37.645930087303853 ], [ 126.415594234847589, 37.643059685785147 ], [ 126.420035750924825, 37.640626106026069 ], [ 126.424700664578083, 37.638654315947043 ], [ 126.429541114958568, 37.637164545621744 ], [ 126.434507440254507, 37.636172079721554 ], [ 126.439548687208926, 37.635687100698711 ], [ 126.448654647357216, 37.635274864282806 ], [ 126.453559366363748, 37.63529363508156 ], [ 126.458438648069944, 37.635792865396759 ], [ 126.46324554086371, 37.636767751310629 ], [ 126.46793378970608, 37.638208911838831 ], [ 126.47245828122702, 37.640102479200401 ], [ 126.476775477835687, 37.642430232262491 ], [ 126.480843836667262, 37.645169771875921 ], [ 126.484624209335323, 37.648294736414364 ], [ 126.488080218643063, 37.651775055442954 ], [ 126.491178608628204, 37.655577239075534 ], [ 126.493889564573493, 37.659664700236043 ], [ 126.496186999903159, 37.663998106723085 ], [ 126.498048807204924, 37.668535759689874 ], [ 126.499457070961824, 37.673233994897586 ], [ 126.500398239946932, 37.678047602880937 ], [ 126.500863257622072, 37.682930263983017 ], [ 126.500847649285689, 37.687834994073022 ], [ 126.500351565131311, 37.692714596658043 ], [ 126.499379778802293, 37.697522117038304 ], [ 126.497941641456777, 37.702211294135765 ], [ 126.496050991784685, 37.706737005648158 ], [ 126.493726022843006, 37.711055702245069 ], [ 126.479847795062753, 37.734055429242254 ] ] ], [ [ [ 122.240905218115756, 40.42810649933385 ], [ 122.240980999941456, 40.428389518417085 ], [ 122.262165199015769, 40.494470074269699 ], [ 122.26283384888815, 40.496305682130696 ], [ 122.279678141643288, 40.537468248972694 ], [ 122.279846355321212, 40.537828570930053 ], [ 122.279731603959959, 40.537447834959309 ], [ 122.24101652460952, 40.428377522489498 ], [ 122.240905218115756, 40.42810649933385 ] ] ], [ [ [ 40.171989940391626, -2.877600816088576 ], [ 40.171961650914575, -2.876389703829926 ], [ 40.174945380862368, -2.763860372014255 ], [ 40.175037000387917, -2.762654252349089 ], [ 40.175875669870067, -2.761782614646968 ], [ 40.388944097314827, -2.561143178720546 ], [ 40.389846413108025, -2.560372074481856 ], [ 40.391023535668936, -2.560219896907307 ], [ 40.633335889161351, -2.540707853191545 ], [ 40.638049834075701, -2.54010164707302 ], [ 40.642684924583783, -2.539050600691736 ], [ 40.647199280302104, -2.537564210782532 ], [ 40.651552111746973, -2.535655907628874 ], [ 40.655704088888079, -2.533342933713458 ], [ 40.659617696515191, -2.530646187923673 ], [ 40.663257573206998, -2.527590036719606 ], [ 40.799391296532093, -2.401784557794817 ], [ 40.802756469959931, -2.398360896890173 ], [ 40.805777798583144, -2.39463029110291 ], [ 40.808427430771843, -2.390627130419893 ], [ 40.81068094131966, -2.386388317331272 ], [ 40.812517556603623, -2.381952926650832 ], [ 40.813920346082391, -2.377361845311138 ], [ 40.814876378367728, -2.37265739545395 ], [ 40.815376840430446, -2.367882944290392 ], [ 40.81541711884185, -2.363082504327328 ], [ 40.814996842301916, -2.358300327645168 ], [ 40.814119885062034, -2.35358049796722 ], [ 40.812794331210881, -2.348966524281003 ], [ 40.811032400152513, -2.344500939757675 ], [ 40.808850333963811, -2.340224909666864 ], [ 40.774529300318768, -2.280265246459993 ], [ 40.774011908766987, -2.279252087303889 ], [ 40.775001669118133, -2.278691230868775 ], [ 40.882022795690268, -2.224622435630081 ], [ 40.882043896784573, -2.224613078997465 ], [ 40.886478493489378, -2.222376868303006 ], [ 40.890669363758668, -2.219711743054495 ], [ 40.894575158310246, -2.216643998748794 ], [ 40.898157340565596, -2.213203903329521 ], [ 40.90138056687163, -2.209425398547947 ], [ 40.904213035219314, -2.205345765076221 ], [ 40.906626799018682, -2.20100525467707 ], [ 40.908598042834257, -2.196446693059207 ], [ 40.910107317360371, -2.191715057336848 ], [ 40.911139731318059, -2.186857032262373 ], [ 40.911685098380069, -2.181920549610529 ], [ 40.911738037674375, -2.17695431525889 ], [ 40.911298026874661, -2.172007328630607 ], [ 40.910369407353862, -2.167128399240888 ], [ 40.861299710457274, -1.964656350189914 ], [ 40.861113549573844, -1.963683781757312 ], [ 40.861754426226703, -1.964438647537651 ], [ 40.876127009123529, -1.983139653074368 ], [ 40.879241470417583, -1.986811615038026 ], [ 40.88269468289414, -1.990166983483737 ], [ 40.88645462398317, -1.993174643175548 ], [ 40.890486426737553, -1.995806703274494 ], [ 40.894752703163668, -1.998038755977869 ], [ 40.899213890930355, -1.999850102859359 ], [ 40.903828620241043, -2.001223946811127 ], [ 40.908554097467039, -2.002147547807922 ], [ 40.9133465019844, -2.002612341048765 ], [ 40.918161392534344, -2.002614016380662 ], [ 40.922954119339074, -2.002152558267807 ], [ 40.927680238151169, -2.001232245935657 ], [ 40.93229592239706, -1.999861613688514 ], [ 40.936758369592702, -1.998053371768628 ], [ 40.941026198262499, -1.99582428849069 ], [ 40.945059831680901, -1.993195034744732 ], [ 40.948821864878063, -1.990189992309392 ], [ 40.952277411506167, -1.986837027753109 ], [ 40.955394427349979, -1.983167234019925 ], [ 40.958144007481472, -1.979214642096232 ], [ 40.96050065430299, -1.975015905432265 ], [ 40.962442513993381, -1.970609960044776 ], [ 40.963951579164359, -1.966037663452859 ], [ 40.965013855847864, -1.961341415795166 ], [ 40.970512740889092, -1.930110568521531 ], [ 40.970762194962965, -1.928998394017143 ], [ 40.971633112890046, -1.92826309718749 ], [ 41.005132823220869, -1.902541481344177 ], [ 41.006063415950116, -1.901897522671029 ], [ 41.006174199782379, -1.903023760897618 ], [ 41.008955434009465, -1.960237726325206 ], [ 41.009429610096305, -1.965092242807706 ], [ 41.010374535965298, -1.969877458408105 ], [ 41.011781219258431, -1.974547834769067 ], [ 41.013636273317331, -1.97905892639735 ], [ 41.015922044576996, -1.983367803627984 ], [ 41.018616780565431, -1.987433461163101 ], [ 41.021694836910328, -1.991217208297601 ], [ 41.025126921382991, -1.994683037118054 ], [ 41.028880372656921, -1.997797965170904 ], [ 41.032919471128309, -2.000532349338978 ], [ 41.037205778840573, -2.002860167939296 ], [ 41.041698505277978, -2.004759268357621 ], [ 41.046354895547317, -2.006211577863133 ], [ 41.051130637253564, -2.007203275597013 ], [ 41.05598028219741, -2.007724924098226 ], [ 41.060857678881653, -2.007771559114827 ], [ 41.06571641171049, -2.007342736846113 ], [ 41.070510242702149, -2.006442538166036 ], [ 41.075193551511184, -2.005079529787697 ], [ 41.079721769573105, -2.003266682738478 ], [ 41.08405180423977, -2.001021248921661 ], [ 41.217916202246847, -1.923092290767423 ], [ 41.219009840149226, -1.922527347161969 ], [ 41.220174702106185, -1.922925218699139 ], [ 41.270943037992147, -1.943173861245411 ], [ 41.275760874180605, -1.944816480584022 ], [ 41.280720751765244, -1.945960752481671 ], [ 41.285771267083007, -1.946594817821664 ], [ 41.290860077110658, -1.946712105215788 ], [ 41.295934441942514, -1.946311399109508 ], [ 41.30094177138141, -1.945396852379851 ], [ 41.305830169978137, -1.94397794329541 ], [ 41.310548974870535, -1.942069377284545 ], [ 41.315049280848228, -1.939690934529826 ], [ 41.319284447201206, -1.936867264968248 ], [ 41.323210581099346, -1.933627632821812 ], [ 41.32678699249324, -1.930005613306126 ], [ 41.646944614910751, -1.570911921018819 ], [ 41.650158527504843, -1.566911448833503 ], [ 41.652945480567766, -1.562602631769269 ], [ 41.655276118552273, -1.55803085547847 ], [ 41.828608667865055, -1.170005024489404 ], [ 41.829138692902895, -1.168960251940984 ], [ 41.829428820762317, -1.169110755392835 ], [ 41.833825038183463, -1.171127733456097 ], [ 41.838395573012484, -1.172710496703817 ], [ 41.843097654315862, -1.173844233683029 ], [ 41.847887280151959, -1.174518334915677 ], [ 41.852719629339902, -1.174726492181809 ], [ 41.857549480894924, -1.174466757551711 ], [ 41.862331637205045, -1.173741561614586 ], [ 41.867021346988999, -1.172557690733162 ], [ 41.871574724077476, -1.17092622353711 ], [ 41.875949158098585, -1.168862427249543 ], [ 41.880103713224543, -1.166385614816784 ], [ 41.883999511247914, -1.163518964178367 ], [ 41.88760009540281, -1.160289301368546 ], [ 41.890871771526236, -1.156726849479037 ], [ 41.893783923367081, -1.152864945832199 ], [ 41.896309299092167, -1.148739730011323 ], [ 41.898424266308055, -1.144389805667455 ], [ 41.900109033212338, -1.13985587926754 ], [ 41.901347833804785, -1.13518037916447 ], [ 41.952553253807245, -0.895665169961883 ], [ 41.952806229307605, -0.894713245807944 ], [ 41.953029609308501, -0.895672546372867 ], [ 41.954016181918753, -0.901104993010883 ], [ 41.955104115017278, -0.905797180486856 ], [ 41.956638488927076, -0.910362913554117 ], [ 41.958605064522168, -0.914759821804847 ], [ 41.960985591806612, -0.918947101540495 ], [ 41.963757979276068, -0.922885894433727 ], [ 41.966896498928911, -0.926539648137144 ], [ 41.97037202502441, -0.929874455492308 ], [ 41.974152304372133, -0.932859369191186 ], [ 41.97820225564444, -0.935466688969904 ], [ 41.982484294934316, -0.937672218669663 ], [ 41.986958684537356, -0.939455490779229 ], [ 41.991583901721192, -0.940799956375259 ], [ 41.996317024060119, -0.941693138697775 ], [ 42.001114127759038, -0.942126748935604 ], [ 42.005930695270145, -0.942096763147279 ], [ 42.010722028419735, -0.941603459603576 ], [ 42.015443663211208, -0.940651416205134 ], [ 42.020051782454914, -0.939249467999131 ], [ 42.024503622395564, -0.937410625189265 ], [ 42.028757869563648, -0.935151952399906 ], [ 42.032775044168119, -0.932494410314872 ], [ 42.036517866472352, -0.929462661160421 ], [ 42.039951602753383, -0.926084839837607 ], [ 43.466679331282684, 0.619530396993915 ], [ 43.468670553814484, 0.62146060177385 ], [ 44.549232303349221, 1.558350939511256 ], [ 44.550087571038908, 1.559029254347048 ], [ 44.550998883248205, 1.559630173554866 ], [ 46.041743452492504, 2.451549405661121 ], [ 46.045524755024879, 2.454051341588895 ], [ 46.049063863900763, 2.456885532936116 ], [ 46.052331676415989, 2.46002867365733 ], [ 47.945270888869921, 4.453700972949111 ], [ 47.948324717298881, 4.457234041951891 ], [ 47.95103560069785, 4.461036614219331 ], [ 49.032522617851861, 6.138615970974193 ], [ 49.034754389796049, 6.142439597742687 ], [ 49.036639178395376, 6.146445655606903 ], [ 49.038162206207836, 6.150602735586658 ], [ 49.246996275942919, 6.809576830827198 ], [ 49.247368126556282, 6.810594185522683 ], [ 49.247910591246637, 6.811531743795455 ], [ 49.739535249085769, 7.581824235934617 ], [ 49.742306163075064, 7.586761625789064 ], [ 49.744501120555803, 7.591980624214873 ], [ 49.746091977095787, 7.597414311579824 ], [ 49.823928900899034, 7.932611430274571 ], [ 49.824291794562619, 7.933867330112008 ], [ 49.825240889807425, 7.9347663264575 ], [ 50.082988787268235, 8.154154670677816 ], [ 50.086788219423148, 8.157747756406271 ], [ 50.090191596914082, 8.161718017280075 ], [ 50.093161692305088, 8.166022025077483 ], [ 50.09566601756444, 8.170612700926114 ], [ 50.439203150419694, 8.887116967953714 ], [ 50.439754651084115, 8.888141598069735 ], [ 50.440399288382906, 8.889110340868861 ], [ 50.822338283994775, 9.40874630095192 ], [ 50.825231971966964, 9.413152409750301 ], [ 50.827645700649576, 9.417838681047431 ], [ 50.829552641713981, 9.422753027453664 ], [ 50.830931599720145, 9.42784082654962 ], [ 50.83176724770162, 9.433045528008362 ], [ 50.92726010524148, 10.3266405063183 ], [ 50.927441338907883, 10.327801274176437 ], [ 50.928544692808295, 10.328204805876126 ], [ 50.992685914052373, 10.348200596235069 ], [ 50.997257842336865, 10.349874162751306 ], [ 51.001645331044912, 10.351984446135026 ], [ 51.005806780898837, 10.354511438069336 ], [ 51.009702735772485, 10.357431179281374 ], [ 51.013296256788216, 10.36071598670835 ], [ 51.016553272546993, 10.364334715970108 ], [ 51.019442902170944, 10.368253056659633 ], [ 51.021937748095532, 10.372433857651716 ], [ 51.024014155835168, 10.376837479345456 ], [ 51.025652438259513, 10.381422169500841 ], [ 51.02683706225384, 10.386144459105989 ], [ 51.027556795993796, 10.390959574521675 ], [ 51.027804815438188, 10.39582186199549 ], [ 51.027578769030029, 10.400685220520643 ], [ 51.026880799992455, 10.405503538935339 ], [ 51.025717526008094, 10.410231133118442 ], [ 51.024099976474552, 10.414823179136215 ], [ 51.022043487930944, 10.419236138233332 ], [ 51.019567558646933, 10.423428169638674 ], [ 51.016695663752962, 10.42735952727196 ], [ 51.013455032664552, 10.430992936589899 ], [ 51.010382931859304, 10.433826704400628 ], [ 51.010182427971237, 10.434030805027032 ], [ 51.010928562799947, 10.434930414828647 ], [ 51.14524585493772, 10.581626679487419 ], [ 51.148286693671913, 10.585282619649497 ], [ 51.150966473798213, 10.58921089880846 ], [ 51.153260956599617, 10.593375985524261 ], [ 51.155149388388608, 10.597740206423161 ], [ 51.156614688225126, 10.60226408695487 ], [ 51.157643602414311, 10.606906708441418 ], [ 51.158226824386716, 10.611626078188214 ], [ 51.158359078876572, 10.616379509309624 ], [ 51.158039169636801, 10.621124006833533 ], [ 51.115222985934771, 10.992133881704092 ], [ 51.11514335240755, 10.99334247798458 ], [ 51.115643011436113, 10.994445830749104 ], [ 51.166039378379047, 11.092603544866408 ], [ 51.168094670037043, 11.097152137417972 ], [ 51.169686211138185, 11.101882984585542 ], [ 51.170798141072687, 11.106748940793761 ], [ 51.171419378828055, 11.111701514029045 ], [ 51.171543733417707, 11.116691349090004 ], [ 51.171169965577604, 11.121668719440024 ], [ 51.170301800116285, 11.126584022760401 ], [ 51.168947888794989, 11.131388275265591 ], [ 51.167121724107979, 11.136033599854407 ], [ 51.164841504822157, 11.140473703232495 ], [ 51.162129954616042, 11.144664337251266 ], [ 51.159014095625437, 11.148563739865796 ], [ 51.155524979152489, 11.152133051317291 ], [ 51.151697376221883, 11.155336701392622 ], [ 51.147569431067843, 11.158142763901683 ], [ 51.143182281005188, 11.160523274839971 ], [ 51.087068621898915, 11.187436924211253 ], [ 51.086006979779697, 11.188012657724929 ], [ 51.085910581556419, 11.189216510062495 ], [ 51.0813506280209, 11.340134968163868 ], [ 51.081383459628618, 11.34148403655305 ], [ 51.081848159668873, 11.342750968795013 ], [ 51.270851281150783, 11.782300367644361 ], [ 51.272568276676367, 11.786904768444158 ], [ 51.273824994723249, 11.791655477876516 ], [ 51.274609296108736, 11.796506606786036 ], [ 51.274913604926802, 11.801411296022195 ], [ 51.274734981727079, 11.80632216907213 ], [ 51.274075151908242, 11.811191789690847 ], [ 51.272940489051649, 11.81597312010841 ], [ 51.271341953356171, 11.820619975388095 ], [ 51.269294985768887, 11.825087469546645 ], [ 51.266819358834312, 11.829332449127378 ], [ 51.263938985702829, 11.833313910038086 ], [ 51.260681689143254, 11.836993393627266 ], [ 51.257078932790677, 11.840335358172862 ], [ 51.253165517225618, 11.843307522195119 ], [ 51.24897924382018, 11.845881176277343 ], [ 51.244560549598255, 11.848031460382566 ], [ 51.239952116636843, 11.849737603987382 ], [ 50.812702717833524, 11.984440185355016 ], [ 50.807839445093833, 11.985708610725553 ], [ 50.802873401830198, 11.986482392972007 ], [ 50.79785476558866, 11.986753713698072 ], [ 50.792834245321558, 11.986519831443895 ], [ 50.787862569017648, 11.985783109386146 ], [ 50.782989971139948, 11.984550991460171 ], [ 50.59751937983954, 11.927593375353077 ], [ 50.593086453710434, 11.925999905692732 ], [ 50.5888231589661, 11.923996334494234 ], [ 50.584767336575943, 11.921600445439209 ], [ 50.58095498598643, 11.918833504419384 ], [ 50.577419945590336, 11.915720070780701 ], [ 50.574193592377398, 11.912287779334761 ], [ 50.571304563432442, 11.908567095072463 ], [ 50.568778501752831, 11.904591042756996 ], [ 50.566637828641447, 11.900394913796308 ], [ 50.501367815747138, 11.756030090837928 ], [ 50.500769487696545, 11.754873374205069 ], [ 50.499749881496733, 11.754063193347251 ], [ 50.269425969522679, 11.59008740122874 ], [ 50.268292027814837, 11.589369416672792 ], [ 50.266988058755885, 11.589051626942256 ], [ 49.583198338984033, 11.461218277441294 ], [ 49.579017643861498, 11.460249342268494 ], [ 49.574935435208616, 11.458925476870856 ], [ 49.57098178591697, 11.45725643392492 ], [ 49.240675185051209, 11.300791218594792 ], [ 49.239577021171343, 11.300333977566345 ], [ 49.238411930913934, 11.300093981821924 ], [ 48.90546489607808, 11.24796754158645 ], [ 48.904064552290663, 11.24782906031958 ], [ 48.902668952369652, 11.248009173186066 ], [ 48.537764922529242, 11.31632666877163 ], [ 48.532634551967895, 11.317014584348781 ], [ 48.527460552491149, 11.317168400318792 ], [ 48.522298376810795, 11.316786468147928 ], [ 48.517203350916226, 11.315872881221726 ], [ 48.512230081114197, 11.314437430973816 ], [ 48.507431868781758, 11.312495501945554 ], [ 48.131379506457854, 11.137129437975927 ], [ 48.130369128293957, 11.136711371035377 ], [ 48.129284637403828, 11.136571644480773 ], [ 47.711554061123806, 11.101355985060872 ], [ 47.71046427882559, 11.101312167365917 ], [ 47.709400699339618, 11.101553712651429 ], [ 47.426098051023281, 11.179117464997768 ], [ 47.421266754982987, 11.180186347094658 ], [ 47.416353467118263, 11.180772463742086 ], [ 47.411406306068287, 11.18087007476438 ], [ 47.406473722211729, 11.180478224200948 ], [ 47.401604023164452, 11.179600749668557 ], [ 47.396844900675411, 11.178246244777345 ], [ 47.392242963554054, 11.176427974968686 ], [ 47.387843281203587, 11.174163747599133 ], [ 46.867356729833247, 10.872834947741351 ], [ 46.866334328866486, 10.872309293798407 ], [ 46.866276992757513, 10.873457478615952 ], [ 46.866276992757513, 11.135427929801619 ], [ 46.866345247578032, 11.136730180588437 ], [ 46.866549264077989, 11.138018160828905 ], [ 47.002537134197489, 11.777725761890766 ], [ 47.003323314220594, 11.782593212127482 ], [ 47.003626273157288, 11.787514428107128 ], [ 47.003443065016604, 11.792441555628599 ], [ 47.002775471325542, 11.797326683006601 ], [ 47.001629983805437, 11.802122306967769 ], [ 47.000017741246047, 11.806781794575366 ], [ 46.997954421191302, 11.811259836690768 ], [ 46.995460087489889, 11.815512888562266 ], [ 46.992558995193221, 11.819499593256856 ], [ 46.989279354697828, 11.823181183817553 ], [ 46.985653057425758, 11.826521860235619 ], [ 46.981715365710478, 11.829489137572009 ], [ 46.9775045699038, 11.832054161842875 ], [ 46.973061616038208, 11.834191990597445 ], [ 46.968429707665152, 11.835881835459928 ], [ 46.963653885741117, 11.837107264276925 ], [ 46.958780590646633, 11.837856360904686 ], [ 46.953857210597228, 11.838121841082405 ], [ 46.948931620837548, 11.837901123264816 ], [ 46.74531819146285, 11.818683153879791 ], [ 46.740465218235123, 11.817983632766214 ], [ 46.735704093108502, 11.816812152307113 ], [ 46.731080600355213, 11.815179977776722 ], [ 46.726639200737196, 11.813102804608585 ], [ 46.722422603959345, 11.810600607463996 ], [ 46.718471357961398, 11.807697448150231 ], [ 46.35264142791678, 11.510217135691613 ], [ 46.351752646488308, 11.509557828191436 ], [ 46.350761213107631, 11.509066219954169 ], [ 45.802391317537278, 11.266904560235746 ], [ 45.801402542706278, 11.266517421830612 ], [ 45.800362385248683, 11.266303823435443 ], [ 44.218387265144514, 11.011210280687356 ], [ 44.217344007371459, 11.011086869729901 ], [ 44.21629406472978, 11.011051691685392 ], [ 43.646096877033997, 11.015975476632175 ], [ 43.644938887038187, 11.016040505019113 ], [ 43.644227439745791, 11.016956481149608 ], [ 43.488874802757628, 11.237858022085867 ], [ 43.488195451429497, 11.238939021527942 ], [ 43.488140987332493, 11.240214604407599 ], [ 43.489107644588508, 11.345640607755948 ], [ 43.488927606712402, 11.350362933871747 ], [ 43.488302540357374, 11.355047170163031 ], [ 43.487238029310561, 11.359651471826911 ], [ 43.485743582967352, 11.364134708125395 ], [ 43.483832551382861, 11.368456829810846 ], [ 43.481522006014409, 11.372579226890354 ], [ 43.478832587220332, 11.376465073533085 ], [ 43.475788319877317, 11.380079657039527 ], [ 43.472416398763556, 11.383390687933883 ], [ 43.468746945624758, 11.386368588409537 ], [ 43.464812740093222, 11.388986756550903 ], [ 43.460648926863804, 11.39122180397127 ], [ 43.456292701742392, 11.39305376474387 ], [ 43.268040770071956, 11.461944055991665 ], [ 43.266971231775436, 11.462393461526325 ], [ 43.266220982059032, 11.463278336017602 ], [ 43.170363645178853, 11.587743733466782 ], [ 43.16715086980102, 11.591513298071446 ], [ 43.163580907585057, 11.594946505422262 ], [ 43.159688789203514, 11.598009666769821 ], [ 43.155512706524064, 11.600672724484468 ], [ 43.151093637847339, 11.602909547000339 ], [ 43.146474945802531, 11.604698185234396 ], [ 43.141701951846521, 11.606021087964384 ], [ 43.136821491541781, 11.606865274052256 ], [ 43.131881454976913, 11.607222459823104 ], [ 43.126930316839562, 11.6070891403497 ], [ 43.122016660752848, 11.606466623844998 ], [ 42.539977055756296, 11.503215238714654 ], [ 42.538797277493444, 11.503066234446834 ], [ 42.538562952866855, 11.504232069336824 ], [ 42.527042928131344, 11.581282101038045 ], [ 42.526929654679947, 11.582404447085521 ], [ 42.528056266014168, 11.582347539908779 ], [ 42.638127272561569, 11.571492786356211 ], [ 42.643031850959538, 11.571251418002673 ], [ 42.647936452649105, 11.57149231260745 ], [ 42.652793771475814, 11.572213146679646 ], [ 42.657556957340674, 11.573406967587809 ], [ 42.662180068081497, 11.575062260619871 ], [ 42.66661851259699, 11.577163060045521 ], [ 42.67082948093946, 11.579689103109818 ], [ 42.674772357227845, 11.582616025472714 ], [ 42.678409111398437, 11.585915596209427 ], [ 42.68170466601471, 11.589555990105024 ], [ 42.684627234598246, 11.593502094616877 ], [ 42.776466559501202, 11.731158430651554 ], [ 42.777233081393597, 11.732186679420762 ], [ 42.778457071901684, 11.732569691925884 ], [ 43.047421106328365, 11.801540878689725 ], [ 43.052679247665438, 11.803203191387247 ], [ 43.057722345217741, 11.805434446841678 ], [ 43.062489052056009, 11.808207502871227 ], [ 43.372039537610668, 12.011932525632233 ], [ 43.375873368785385, 12.014725002116837 ], [ 43.379425353639988, 12.017868183623841 ], [ 43.382663529729136, 12.021333786314424 ], [ 43.385558758407683, 12.025090625050947 ], [ 43.388084987034013, 12.029104894015626 ], [ 43.390219483404124, 12.033340470911316 ], [ 43.391943040306728, 12.037759242007084 ], [ 43.393240148358885, 12.042321445103651 ], [ 43.394099135566798, 12.046986027332526 ], [ 43.394512272355925, 12.051711014569205 ], [ 43.394475841125384, 12.056453889136252 ], [ 43.393990169700679, 12.061171972397549 ], [ 43.331285902872693, 12.475990467723065 ], [ 43.330279537631235, 12.480940739581939 ], [ 43.328778817983142, 12.485764203380272 ], [ 43.326799062051499, 12.490411625130781 ], [ 43.324360477571318, 12.494835567739928 ], [ 43.321487955625514, 12.498990875207113 ], [ 43.061998187737558, 12.836538826981959 ], [ 43.058886682637443, 12.840206726065521 ], [ 43.055437139720944, 12.843558680919401 ], [ 43.051681480986005, 12.846563672623537 ], [ 43.047654461219963, 12.849193893047598 ], [ 43.043393346379446, 12.851425002186826 ], [ 43.038937568731995, 12.853236353403945 ], [ 43.034328361950713, 12.854611184492702 ], [ 43.029608379538679, 12.855536772794977 ], [ 43.024821300114347, 12.856004552935996 ], [ 43.020011423210505, 12.856010196088121 ], [ 43.015223259327364, 12.855553650029742 ], [ 43.010501118033282, 12.854639139628528 ], [ 43.005888697924952, 12.85327512774459 ], [ 43.001428682241524, 12.851474236915355 ], [ 42.997162343874791, 12.849253132546862 ], [ 42.993129163430694, 12.846632368692452 ], [ 42.98936646387665, 12.84363619784598 ], [ 42.928946671895098, 12.790581127562792 ], [ 42.927977281030053, 12.789813713943804 ], [ 42.926815689339371, 12.790237207811336 ], [ 42.782403398107313, 12.851390166193491 ], [ 42.781310647767512, 12.851918290402109 ], [ 42.780921376542494, 12.853067849621238 ], [ 42.733232189599185, 13.020884063873689 ], [ 42.731629785297855, 13.025611384601733 ], [ 42.729564023926521, 13.03015537962456 ], [ 42.727055493078538, 13.034470763013719 ], [ 42.724129193034031, 13.038514527208159 ], [ 42.720814287604519, 13.042246371632052 ], [ 42.549984423309461, 13.216235807166658 ], [ 42.546484907550891, 13.219475441867502 ], [ 42.542692674376575, 13.222366948583909 ], [ 42.538642220735923, 13.224884024038543 ], [ 42.534370392542115, 13.227003771056939 ], [ 42.529916049494517, 13.228706906857081 ], [ 42.525319711582192, 13.229977938459813 ], [ 42.520623190484208, 13.230805303624397 ], [ 42.515869209219751, 13.231181476027185 ], [ 42.511101013508075, 13.231103033726605 ], [ 42.380636777527691, 13.222721445478603 ], [ 42.379449728683319, 13.222703876719232 ], [ 42.379096266793105, 13.223837216170763 ], [ 42.301089747803807, 13.525606620714282 ], [ 42.299604466511646, 13.530361086938628 ], [ 42.2976534973158, 13.534944178558062 ], [ 42.295256202422429, 13.539310411120525 ], [ 42.292436373554182, 13.543416452370815 ], [ 42.289221995831504, 13.547221552297392 ], [ 42.285644970037005, 13.550687947551936 ], [ 42.281740796019193, 13.553781236228081 ], [ 42.277548220377696, 13.556470719279815 ], [ 42.273108851926281, 13.558729705191221 ], [ 42.268466748750271, 13.560535774873843 ], [ 42.263667980956221, 13.561871004162796 ], [ 42.258760173453652, 13.562722141703398 ], [ 42.253792033306176, 13.563080740462976 ], [ 42.248812866342952, 13.562943241562623 ], [ 42.24387208782769, 13.562311009596952 ], [ 42.239018732041657, 13.561190319091311 ], [ 42.234300965647634, 13.559592292230855 ], [ 42.22976560966454, 13.557532788479493 ], [ 42.225457674796694, 13.555032247184158 ], [ 42.223888565890945, 13.554013717315756 ], [ 42.222911442865772, 13.554686957554772 ], [ 42.107688535045732, 13.642723335906037 ], [ 42.10667167054747, 13.643590797983119 ], [ 42.105863682267383, 13.644655532129464 ], [ 41.979394012056581, 13.831390030089567 ], [ 41.976555059635764, 13.835181685998322 ], [ 41.973370050957676, 13.838687684443642 ], [ 41.969867569953266, 13.84187656076482 ], [ 41.96607904971588, 13.844719696320674 ], [ 41.962038490404304, 13.847191575328177 ], [ 41.957782154107598, 13.849270013854424 ], [ 41.953348239410133, 13.85093635890682 ], [ 41.677769099607715, 13.939851360313536 ], [ 41.67656576208887, 13.940310370302587 ], [ 41.675752630423709, 13.941309133662715 ], [ 41.179881110537899, 14.619991160758509 ], [ 41.176754111042165, 14.623852497392777 ], [ 41.173259308416526, 14.627384409206133 ], [ 41.169431214600813, 14.630552017797417 ], [ 41.165307632858195, 14.633324042339414 ], [ 41.160929284459712, 14.635673108483862 ], [ 41.156339406552824, 14.637576018689128 ], [ 41.151583325185108, 14.639013981300995 ], [ 41.146708007699651, 14.639972796124361 ], [ 40.767666952786897, 14.695121424179924 ], [ 40.766492892879675, 14.695351709656158 ], [ 40.7660346798829, 14.69645691955297 ], [ 40.70183897561639, 14.875754650215102 ], [ 40.699866218013206, 14.880485208429638 ], [ 40.69741954045346, 14.884988953815499 ], [ 40.694524652579524, 14.889218561099792 ], [ 40.691211973819421, 14.893129585647706 ], [ 40.687516313740055, 14.896680930485909 ], [ 40.683476506268924, 14.899835278148776 ], [ 40.679135001627927, 14.902559482809638 ], [ 40.674537420267228, 14.904824918576494 ], [ 40.515281820324127, 14.973390160664602 ], [ 40.514213114115186, 14.973913423758702 ], [ 40.513932830939524, 14.975069874608421 ], [ 40.482474665851299, 15.139512047763336 ], [ 40.482283910858698, 15.140973936426724 ], [ 40.482267370475412, 15.142448125134775 ], [ 40.504723387727253, 15.60946614026629 ], [ 40.504847586385317, 15.610719732885704 ], [ 40.505221753753645, 15.611922612157597 ], [ 40.72468534238029, 16.208921436592714 ], [ 40.726364103506974, 16.21445830051066 ], [ 40.727391998465833, 16.220152028017299 ], [ 40.801823161213015, 16.833728009015299 ], [ 40.802041767864687, 16.834984821344346 ], [ 40.802632205636087, 16.836115639338917 ], [ 41.055717816803131, 17.265407656108625 ], [ 41.057879278195792, 17.269494939014901 ], [ 41.05965394206072, 17.273764407960144 ], [ 41.061026633036441, 17.27817955420835 ], [ 41.223323043168953, 17.900325755026095 ], [ 41.223740211089854, 17.9016269880922 ], [ 41.224431591108839, 17.902805644206602 ], [ 41.473504022764608, 18.27839934000572 ], [ 41.474176728522785, 18.279313991756773 ], [ 41.474874042590308, 18.278417959417038 ], [ 41.782946965120331, 17.840194099396307 ], [ 41.78625633656641, 17.835985096689296 ], [ 41.789996805425524, 17.832154099969156 ], [ 41.794125479527089, 17.828745039494649 ], [ 42.300529240497411, 17.454335037901565 ], [ 42.301468403902398, 17.453565988225925 ], [ 42.301699811394847, 17.452374385994709 ], [ 42.335491714766441, 17.216547180920113 ], [ 42.336398216294171, 17.21184056610862 ], [ 42.337751221142632, 17.207242376694992 ], [ 42.339538295755794, 17.202794868141819 ], [ 42.341743017655666, 17.198538911216779 ], [ 42.344345126358085, 17.194513616407161 ], [ 42.347320709558225, 17.190755974510626 ], [ 42.350642422874792, 17.187300516705054 ], [ 42.35427974113361, 17.184178997221274 ], [ 42.355258279718555, 17.183490213592652 ], [ 42.356659667480933, 17.18239788988825 ], [ 42.357447979872369, 17.181490504362785 ], [ 42.711676096158989, 16.731553533188908 ], [ 42.712360413595455, 16.730593562397267 ], [ 42.712638566241168, 16.729447933582822 ], [ 42.843058112990086, 16.053302068010908 ], [ 42.843221052913982, 16.052188657941283 ], [ 42.843180970176938, 16.051064102572994 ], [ 42.83042506334354, 15.893661025017408 ], [ 42.830282750089431, 15.892542071813283 ], [ 42.82966183964492, 15.891600382079337 ], [ 42.705963806230343, 15.721433775587135 ], [ 42.703252950795417, 15.717287144156293 ], [ 42.700965755586061, 15.712892598959508 ], [ 42.699124674719855, 15.708293282634621 ], [ 42.697747782669005, 15.703534348122291 ], [ 42.696848596817567, 15.698662515385337 ], [ 42.696435944756956, 15.693725612744087 ], [ 42.69651387762277, 15.688772107330673 ], [ 42.697081630323439, 15.683850629271879 ], [ 42.698133629051441, 15.679009494271842 ], [ 42.808766212314147, 15.268977482436421 ], [ 42.809028595646225, 15.267766814181382 ], [ 42.808797704265253, 15.266549747294711 ], [ 42.795217342176606, 15.210472217304881 ], [ 42.794707839870696, 15.20873956434291 ], [ 42.793553475810256, 15.203955400611767 ], [ 42.792875034553767, 15.199080926645079 ], [ 42.792679089051518, 15.194163367865505 ], [ 42.792967537684596, 15.189250367114791 ], [ 42.793737585872755, 15.184389523075087 ], [ 42.794981773149203, 15.179627929118066 ], [ 42.796688045439936, 15.17501171704968 ], [ 42.798839871847314, 15.170585610170841 ], [ 42.801416404806616, 15.166392489984148 ], [ 42.804392682063693, 15.162472980744532 ], [ 42.807739868517075, 15.158865055878808 ], [ 42.811425535581442, 15.155603670087293 ], [ 42.815413975365821, 15.15272042069177 ], [ 42.819666546622805, 15.150243241510791 ], [ 42.824142049116979, 15.148196132228142 ], [ 42.828797122785616, 15.146598925876425 ], [ 42.862799242256273, 15.136773966782425 ], [ 42.863976525567573, 15.136367709685688 ], [ 42.864487293104887, 15.135231858750597 ], [ 42.936796603625389, 14.949678132464317 ], [ 42.937200742555454, 14.948457952052395 ], [ 42.937345473661715, 14.94718075926381 ], [ 42.945572504429776, 14.812672808439221 ], [ 42.945586095705593, 14.811461282164396 ], [ 42.944261601138081, 14.810584752300516 ], [ 42.940270258209175, 14.807648956021698 ], [ 42.936589078967955, 14.804332536633137 ], [ 42.93325421217957, 14.800668060999355 ], [ 42.930298405859944, 14.796691513857969 ], [ 42.927750685693901, 14.792441944453618 ], [ 42.925636070006277, 14.787961083078784 ], [ 42.923975324084722, 14.783292931287027 ], [ 42.922784756266971, 14.778483329802688 ], [ 42.922076057794776, 14.773579508370137 ], [ 42.921856188007247, 14.768629621963019 ], [ 42.922127306000903, 14.763682277907836 ], [ 42.922886749427612, 14.75878605856548 ], [ 42.924127060638533, 14.753989044257924 ], [ 43.021123203577901, 14.443275013135461 ], [ 43.021426260618867, 14.442101327665865 ], [ 43.019976789665641, 14.440530428035363 ], [ 43.016948351542347, 14.43692091318311 ], [ 43.014273120336242, 14.433042360240432 ], [ 43.011974852137826, 14.42892921081166 ], [ 43.010073955600809, 14.424617989721199 ], [ 43.008587310713011, 14.420146980672577 ], [ 43.00752811890181, 14.415555886288626 ], [ 43.00690578580528, 14.410885475551632 ], [ 43.006725837750032, 14.406177221774202 ], [ 43.006989872677295, 14.401472934315676 ], [ 43.007695545953233, 14.396814387314421 ], [ 43.008836591189294, 14.39224294873291 ], [ 43.010402875887834, 14.387799213009629 ], [ 43.280454982878538, 13.723294729871856 ], [ 43.280869280183737, 13.722104675597132 ], [ 43.280777412993288, 13.720847921105133 ], [ 43.228370453321673, 13.300264499061349 ], [ 43.227994545880335, 13.294964769761345 ], [ 43.228183119189737, 13.289655073238494 ], [ 43.228934043997967, 13.284395363266436 ], [ 43.230238841331548, 13.279245029201924 ], [ 43.232082778234712, 13.274262225397345 ], [ 43.234445034124747, 13.269503214558128 ], [ 43.472555994645091, 12.84768646808392 ], [ 43.473095442942608, 12.846611626552287 ], [ 43.473068649832811, 12.845409307579121 ], [ 43.468218389951431, 12.777234200167534 ], [ 43.468111223722417, 12.772311584541814 ], [ 43.468488746866541, 12.767402296866917 ], [ 43.469347298371339, 12.762553944722855 ], [ 43.470678552475093, 12.75781354477027 ], [ 43.472469599405457, 12.753227066808645 ], [ 43.474703070571366, 12.748838987986392 ], [ 43.477357306994101, 12.744691861485858 ], [ 43.480406569344218, 12.74082590386589 ], [ 43.483821287547414, 12.737278605063704 ], [ 43.487568347538911, 12.734084364838026 ], [ 43.49161141238551, 12.731274159179101 ], [ 43.495911274661211, 12.728875239920514 ], [ 43.500426236659372, 12.72691087046586 ], [ 43.505112514754181, 12.725400100193005 ], [ 43.509924663990255, 12.724357579723671 ], [ 43.514816018782902, 12.723793418849732 ], [ 43.519739145455375, 12.723713088494005 ], [ 43.524646302224646, 12.724117367656234 ], [ 43.529489902175065, 12.725002335858774 ], [ 43.534222974730163, 12.726359411165246 ], [ 43.538799621147533, 12.728175433403438 ], [ 43.599513852670547, 12.755800408715677 ], [ 43.600596480800625, 12.756232112585868 ], [ 43.601678125443293, 12.755797950442597 ], [ 43.932689670828516, 12.60427912992051 ], [ 43.937188505343869, 12.602478077886712 ], [ 43.941840561702804, 12.6011209957012 ], [ 43.946602141650501, 12.600220630871441 ], [ 43.951428518141995, 12.59978544081255 ], [ 43.956274355477639, 12.599819513404084 ], [ 43.96109413515584, 12.600322528591285 ], [ 44.402888191865166, 12.668208329918365 ], [ 44.407795338238373, 12.669216264623191 ], [ 44.412576994598389, 12.670710179062485 ], [ 44.41718516073179, 12.672675076714841 ], [ 44.421573577990671, 12.6750912331376 ], [ 44.425698193655798, 12.67793439396883 ], [ 44.609640083030108, 12.818826054657485 ], [ 44.610617178970394, 12.819501662858341 ], [ 44.611761690277291, 12.81918345414377 ], [ 44.805911382976099, 12.754875380068931 ], [ 44.810675449453342, 12.753554841164258 ], [ 44.815546636294535, 12.752711223267017 ], [ 44.820477322480173, 12.752352773637199 ], [ 44.825419305321532, 12.752482996500232 ], [ 44.830324271693094, 12.753100618789471 ], [ 44.835144270344614, 12.754199602591768 ], [ 44.839832180675444, 12.755769204174475 ], [ 44.844342173388426, 12.75779407901684 ], [ 44.84863015851986, 12.76025443181897 ], [ 44.852654216465716, 12.763126210021886 ], [ 44.856375007790206, 12.766381338946818 ], [ 44.85975615781053, 12.769987996254963 ], [ 44.862764612197978, 12.773910923044619 ], [ 44.865370960119066, 12.778111768544353 ], [ 44.867549721757626, 12.782549465032474 ], [ 44.869279597407065, 12.787180629317598 ], [ 44.870543675697597, 12.79195998685536 ], [ 44.871329598922777, 12.796840814355125 ], [ 44.871629683849264, 12.801775396549724 ], [ 44.871649105040113, 12.80349695505425 ], [ 44.87270603243573, 12.803962182007622 ], [ 45.013992007710129, 12.858265974790147 ], [ 45.015135041060738, 12.85864152813833 ], [ 45.015643143308836, 12.858236886363468 ], [ 45.019605717407018, 12.855385818963281 ], [ 45.023827432232544, 12.852934757410411 ], [ 45.028268045422273, 12.850907065791056 ], [ 45.03288522802319, 12.849322072531182 ], [ 45.037634967981752, 12.848194886153502 ], [ 45.042471989677018, 12.847536251259541 ], [ 45.04735018549831, 12.847352446109591 ], [ 45.05222305535365, 12.847645222776899 ], [ 45.057044149919406, 12.848411790446489 ], [ 45.061767513405989, 12.849644842017854 ], [ 45.066348121619079, 12.851332623757941 ], [ 45.070742311140684, 12.853459047340444 ], [ 45.074908195538939, 12.856003843203462 ], [ 45.078806064639252, 12.858942753763653 ], [ 45.082398763050932, 12.862247764645137 ], [ 45.085652044340932, 12.865887371719008 ], [ 45.08853489747878, 12.869826881407993 ], [ 45.091019842440929, 12.874028741393653 ], [ 45.093083192156683, 12.878452898573785 ], [ 45.094705278298839, 12.883057180857859 ], [ 45.117810438631366, 12.960516284493119 ], [ 45.118226477494616, 12.961689256182474 ], [ 45.119365600442883, 12.962190604193765 ], [ 45.392586933881198, 13.06617083659274 ], [ 45.397595211395078, 13.068398310711244 ], [ 45.40232957338047, 13.071160610694225 ], [ 45.406733123251051, 13.074424539789959 ], [ 45.410752940052305, 13.078150872771459 ], [ 45.664891777658525, 13.341065332203828 ], [ 45.665811645681934, 13.34192423729656 ], [ 45.667058480621321, 13.342095344785202 ], [ 46.695033700745945, 13.429841440478317 ], [ 46.700630832288745, 13.430640019953584 ], [ 46.706102024733426, 13.432065384439975 ], [ 47.39185340232283, 13.652808361247848 ], [ 47.395996906949883, 13.654347398415739 ], [ 47.39998830009656, 13.656246357801086 ], [ 47.40379638939902, 13.658490399214035 ], [ 48.015855418437333, 14.056626665433994 ], [ 48.016859616109862, 14.057213647288888 ], [ 48.017918793443563, 14.056732914473958 ], [ 48.174488607507577, 13.976446405274677 ], [ 48.179196685611331, 13.974331545192969 ], [ 48.184097696367509, 13.972713297324429 ], [ 48.189139417286164, 13.971608904833221 ], [ 48.19426812654681, 13.971030135521675 ], [ 48.199429175428769, 13.970983156439008 ], [ 48.20456757061806, 13.971468468168629 ], [ 48.680662809629638, 14.041381345739902 ], [ 48.685519214237637, 14.042342198705144 ], [ 48.690256796502283, 14.043778589467836 ], [ 48.694829113138773, 14.045676436857132 ], [ 48.699191340987987, 14.048017135968276 ], [ 48.703300716425154, 14.050777740549497 ], [ 48.707116954578545, 14.053931187947819 ], [ 48.996156099991836, 14.317909577730683 ], [ 48.99968762394694, 14.321476073049455 ], [ 49.002843792967994, 14.325378655196555 ], [ 49.005592803538725, 14.329577999334193 ], [ 49.007906954923911, 14.334031790266733 ], [ 49.092259537495885, 14.51845195759066 ], [ 49.092831296288161, 14.519551774510782 ], [ 49.093927192303113, 14.520131013061526 ], [ 49.371096726623833, 14.649197152035168 ], [ 49.373777745809292, 14.650261847763472 ], [ 49.940958418583932, 14.838376906021661 ], [ 49.942159967681256, 14.838709540570841 ], [ 49.943403711140213, 14.838795959231526 ], [ 50.167245371902403, 14.843093228328881 ], [ 50.172053842367831, 14.843417850897037 ], [ 50.17680872232458, 14.844203907272583 ], [ 50.181465835575146, 14.845444094435882 ], [ 50.185981914243875, 14.847126890171111 ], [ 50.190315000766105, 14.849236660115801 ], [ 50.553015390366596, 15.048004669699605 ], [ 50.554066658239165, 15.048518043855049 ], [ 50.555195410066261, 15.048825674276316 ], [ 51.362877958787728, 15.228615809722609 ], [ 51.367767643692112, 15.229967925340169 ], [ 51.372495145130905, 15.231808567959927 ], [ 52.192815441420734, 15.600153637872227 ], [ 52.197346888207612, 15.60247240429554 ], [ 52.201619096229066, 15.605239880822932 ], [ 52.205587787145937, 15.608427384566387 ], [ 52.209211828353844, 15.612001879360278 ], [ 52.212453659292805, 15.61592631815728 ], [ 52.215279680735186, 15.620160026994151 ], [ 52.217660603017372, 15.624659126547884 ], [ 52.219571749605876, 15.629376986913076 ], [ 52.220993312851732, 15.6342647108871 ], [ 52.221910559282406, 15.639271640754156 ], [ 52.222313982303575, 15.644345883315779 ], [ 52.222199400728073, 15.649434847726223 ], [ 52.221568002110871, 15.654485790558446 ], [ 52.160204883912371, 16.000968254274188 ], [ 52.160058592046894, 16.002093884896134 ], [ 52.160524864811094, 16.003128793257336 ], [ 52.292227975411187, 16.262820517981552 ], [ 52.292774516472178, 16.263788034853501 ], [ 52.293626002701359, 16.26450201470654 ], [ 52.531535600301567, 16.446466125366811 ], [ 52.532594781760018, 16.447192654096597 ], [ 52.533780595453905, 16.447686167258091 ], [ 53.337615111894628, 16.734445305146764 ], [ 53.338643577294427, 16.734762788473329 ], [ 53.339711341638456, 16.734898494209176 ], [ 53.605009747248666, 16.757013195160084 ], [ 53.610104202868555, 16.757703068627922 ], [ 53.615100891451426, 16.758912410048065 ], [ 53.619946989197864, 16.760628434551585 ], [ 53.62459126431883, 16.762833000736901 ], [ 54.083758973379261, 17.010481165202908 ], [ 54.084992379647822, 17.011061119767607 ], [ 54.086347248191821, 17.011209341051199 ], [ 54.590690370218894, 17.038405503578666 ], [ 54.592039323110576, 17.038404634583138 ], [ 54.593316474594403, 17.037970401066882 ], [ 54.789872945792688, 16.958948638400216 ], [ 54.794366364996492, 16.957386075019009 ], [ 54.798987949826696, 16.956257636221981 ], [ 54.80369586122287, 16.955573537729656 ], [ 54.808447478612919, 16.955339972663921 ], [ 54.813199785755806, 16.955559055481888 ], [ 54.817909760166138, 16.95622880283377 ], [ 54.822534762595453, 16.957343151518106 ], [ 54.827032923043888, 16.958892013371706 ], [ 55.091048717007766, 17.064100971456586 ], [ 55.092166871860073, 17.064482726140319 ], [ 55.092393416578382, 17.063323120861387 ], [ 55.161518629701263, 16.582314122696999 ], [ 55.161637198823897, 16.580978766711404 ], [ 55.161323131016701, 16.5796754648822 ], [ 54.979275971909587, 15.971049597538505 ], [ 54.978868858006692, 15.96989832866309 ], [ 54.978144083262862, 15.968915545205713 ], [ 54.655924581007838, 15.574255833529376 ], [ 54.655152348969871, 15.573394992710302 ], [ 54.654234236791396, 15.57269181473578 ], [ 54.274873127042582, 15.309186197787588 ], [ 54.271256133343798, 15.306421462429784 ], [ 54.267905608216402, 15.303339192748778 ], [ 54.264849329396718, 15.29996494249248 ], [ 54.262112635153812, 15.296326686091865 ], [ 54.259718214221003, 15.292454586737216 ], [ 53.914366311716115, 14.672549330522459 ], [ 53.913731959104041, 14.671530049346597 ], [ 53.912832252127785, 14.670735150165241 ], [ 53.579698659615161, 14.403968274681057 ], [ 53.575957638960347, 14.400652383642573 ], [ 53.572566426923238, 14.396979503323498 ], [ 53.569558922559793, 14.392986348377502 ], [ 53.566965189327441, 14.388712834970683 ], [ 53.564811154566328, 14.384201681773687 ], [ 53.56311835032578, 14.37949798293957 ], [ 53.561903698126798, 14.374648757335995 ], [ 53.561179339812, 14.369702478537681 ], [ 53.560952516173998, 14.364708590277406 ], [ 53.561225494575353, 14.359717012199155 ], [ 53.561995546283669, 14.354777640853996 ], [ 53.563254973748442, 14.349939850926784 ], [ 53.564991187546887, 14.345252001679532 ], [ 53.567186832229666, 14.340760953545091 ], [ 53.569819959808513, 14.336511599703345 ], [ 53.5728642491516, 14.332546417322362 ], [ 53.576289269093408, 14.328905042950357 ], [ 53.580060782629175, 14.325623876302901 ], [ 53.58414108915305, 14.322735716405992 ], [ 53.588489401318895, 14.320269433732163 ], [ 53.593062252756631, 14.318249681606961 ], [ 53.597813932568485, 14.316696649770682 ], [ 53.602696942261858, 14.315625862558738 ], [ 53.60766247055129, 14.315048023718113 ], [ 54.726262107638668, 14.241295308960979 ], [ 54.727350529086138, 14.241175268117209 ], [ 54.728401109334477, 14.240866476612743 ], [ 55.52092241824576, 13.96951351872208 ], [ 55.522290845807092, 13.968952068531847 ], [ 55.523582993679241, 13.968232225366162 ], [ 56.131828137776623, 13.580308146402928 ], [ 56.132948243784121, 13.579502844313234 ], [ 56.133863142205001, 13.578470318379754 ], [ 56.442133901342793, 13.188941536923332 ], [ 56.442927778476893, 13.187815135895546 ], [ 56.443453971148102, 13.186541502725412 ], [ 56.597480201323052, 12.745863009600855 ], [ 56.597804264326676, 12.744779812966369 ], [ 56.597823934082484, 12.743649350724478 ], [ 56.584991689782669, 12.287949297953238 ], [ 56.584886784065816, 12.286652230467546 ], [ 56.584384816106351, 12.285451640013097 ], [ 56.311144390055645, 11.717720993748268 ], [ 56.310530062903275, 11.716597195744724 ], [ 56.309601988329923, 11.715714587457155 ], [ 55.772735353042918, 11.255578947384015 ], [ 55.771866015974346, 11.254898361382962 ], [ 55.770890169352938, 11.254381962684986 ], [ 55.060101541137165, 10.917718543306236 ], [ 55.05897941425691, 10.917252585813999 ], [ 55.05781724697416, 10.916898111094319 ], [ 53.522623298381419, 10.529338655714881 ], [ 53.518018619068187, 10.527937267339379 ], [ 53.513570022129208, 10.526099620411602 ], [ 53.509318731753119, 10.523842744009396 ], [ 53.50530414373118, 10.521187552119763 ], [ 53.501563460384979, 10.518158649833437 ], [ 53.498131345820525, 10.514784105334819 ], [ 53.495039604703464, 10.511095189800169 ], [ 53.492316887532105, 10.507126087614356 ], [ 53.489988425139394, 10.502913579591524 ], [ 53.488075794884281, 10.498496702135233 ], [ 53.486596720698941, 10.493916385496513 ], [ 53.485564908844928, 10.489215074482063 ], [ 53.484989920900219, 10.484436335127368 ], [ 53.464619764949177, 10.200406431788254 ], [ 53.464474495141658, 10.199204662498268 ], [ 53.46409934362628, 10.198053743698372 ], [ 53.296863487963932, 9.758821925733345 ], [ 53.29628854939979, 9.75753644804881 ], [ 53.29543896047381, 9.756413413816496 ], [ 52.906995674311908, 9.299359374072893 ], [ 52.904231858471604, 9.295793031443395 ], [ 52.901800789247346, 9.291992060491534 ], [ 52.899722262814173, 9.28798741248994 ], [ 52.898013204594335, 9.283811697251652 ], [ 52.704150249416223, 8.74155457453972 ], [ 52.703660790619082, 8.740378848340635 ], [ 52.703053866129729, 8.739259230248102 ], [ 51.253210003419767, 6.363185464083355 ], [ 51.250716816090538, 6.358571452640651 ], [ 51.248720644130252, 6.353721670979897 ], [ 50.990956300986461, 5.620363702809225 ], [ 50.99052191604143, 5.619290087832195 ], [ 50.989989770335811, 5.618261418620366 ], [ 50.537629790305488, 4.835244940962258 ], [ 50.536486249728753, 4.833447111172325 ], [ 49.641353014349342, 3.550425615584389 ], [ 49.640785312525026, 3.549674040836269 ], [ 49.640162535557565, 3.54896743004352 ], [ 47.693872900015172, 1.501916869225091 ], [ 47.69313629464969, 1.501203411000423 ], [ 47.69229265009222, 1.500620423896434 ], [ 45.959013060349719, 0.405484626786939 ], [ 45.955929702088106, 0.403371179610923 ], [ 45.95301285821418, 0.401033279067623 ], [ 45.192903565002318, -0.256351565398875 ], [ 45.188794618718376, -0.260338596814946 ], [ 43.845614835176107, -1.722031495618427 ], [ 43.842857246382117, -1.725302954656102 ], [ 43.840389445473093, -1.728798194113617 ], [ 43.413787011271815, -2.391475853590339 ], [ 43.412934272252521, -2.392645069380021 ], [ 43.411951588888357, -2.393707407745808 ], [ 42.933308405254962, -2.854283665461782 ], [ 42.93225422328338, -2.855190000775209 ], [ 42.931024959488468, -2.85583934956613 ], [ 42.245336563702985, -3.170268358264797 ], [ 42.244277845745813, -3.170696190195937 ], [ 42.243158803244036, -3.170923495614467 ], [ 41.653158439480457, -3.262803783896858 ], [ 41.651778679044888, -3.262940525159159 ], [ 41.650392269858948, -3.262923015117654 ], [ 41.05075393848449, -3.221882878803459 ], [ 41.049347640068468, -3.221705751304921 ], [ 41.047970590701588, -3.221369917377467 ], [ 40.48947185128884, -3.050948128046115 ], [ 40.488276467326607, -3.050515559562447 ], [ 40.487131383993606, -3.049963434150408 ], [ 40.173022608635307, -2.878234211301603 ], [ 40.171989940391626, -2.877600816088576 ] ], [ [ 53.846102646081299, 12.598665631764948 ], [ 53.844957382724658, 12.598980640541253 ], [ 53.526914512051057, 12.70320189735072 ], [ 53.522381873088051, 12.704454513945409 ], [ 53.517751601746468, 12.705275763971617 ], [ 53.513064655303154, 12.705658383024687 ], [ 53.508362492357172, 12.705598986630294 ], [ 53.503686706105839, 12.705098100181957 ], [ 53.499078656430235, 12.704160154293657 ], [ 53.494579104044433, 12.702793445608632 ], [ 53.490227849944802, 12.701010063411044 ], [ 53.486063383348416, 12.698825782689658 ], [ 53.482122541234951, 12.696259924599463 ], [ 53.478440182503512, 12.69333518555551 ], [ 53.359718960949948, 12.589571027256284 ], [ 53.356119142219896, 12.586091860105011 ], [ 53.352885288225892, 12.582270147491375 ], [ 53.350049819387721, 12.578144203305682 ], [ 53.347641162186633, 12.57375539145697 ], [ 53.345683464180844, 12.569147711186611 ], [ 53.344196351918505, 12.564367355961846 ], [ 53.343194734175306, 12.559462250371521 ], [ 53.342688652489208, 12.554481569666764 ], [ 53.342683180490866, 12.549475246763379 ], [ 53.343178373038803, 12.544493471648401 ], [ 53.344169265669471, 12.539586188209448 ], [ 53.345645924367581, 12.534802593531277 ], [ 53.347593545157764, 12.530190644679285 ], [ 53.349992602519173, 12.525796577914614 ], [ 53.352819045135071, 12.521664445160843 ], [ 53.356044537014945, 12.517835672369388 ], [ 53.35963674157189, 12.51434864421109 ], [ 53.363559645807229, 12.511238319257625 ], [ 53.367773921352295, 12.508535879510664 ], [ 53.713741423195223, 12.310392390339718 ], [ 53.717990314709795, 12.308221314586973 ], [ 53.722426806838605, 12.30646512934111 ], [ 53.727010497957963, 12.305139827583378 ], [ 53.731699645953093, 12.304257478385765 ], [ 53.736451548349336, 12.303826117002073 ], [ 53.741222931189064, 12.303849671693589 ], [ 53.745970343112887, 12.304327927955757 ], [ 53.750650551056381, 12.305256530471592 ], [ 54.395053519566609, 12.465413168081863 ], [ 54.399807894443448, 12.466848955678516 ], [ 54.404396376267847, 12.468749324337317 ], [ 54.408773694038395, 12.471095524590458 ], [ 54.449986111131473, 12.495895281461351 ], [ 54.454057097734761, 12.498625429388271 ], [ 54.457841196446637, 12.501741073232772 ], [ 54.461302039596688, 12.505212269614109 ], [ 54.46440636621243, 12.509005658058468 ], [ 54.467124341679117, 12.513084781615005 ], [ 54.469429844469929, 12.517410437231044 ], [ 54.471300717190985, 12.52194105251913 ], [ 54.472718979528409, 12.526633085294938 ], [ 54.473671001050981, 12.531441442046217 ], [ 54.474147632207483, 12.536319911311026 ], [ 54.474144292259901, 12.541221607800178 ], [ 54.473661013307314, 12.546099422995633 ], [ 54.472702439977432, 12.550906477894243 ], [ 54.471277784788619, 12.555596573545721 ], [ 54.469400739611615, 12.560124635054855 ], [ 54.467089344081629, 12.564447144780807 ], [ 54.464365812225623, 12.568522560570193 ], [ 54.461256318970982, 12.572311715004407 ], [ 54.457790748587229, 12.57577819182422 ], [ 54.454002407478661, 12.578888675913902 ], [ 54.449927704087919, 12.581613273481334 ], [ 54.445605798986975, 12.583925799356969 ], [ 54.441078228518386, 12.585804028650466 ], [ 54.136657935120581, 12.694929169299247 ], [ 54.131853546394488, 12.696383713237077 ], [ 54.126927524997541, 12.69734919876014 ], [ 54.121929520987258, 12.69781589460503 ], [ 54.116909909943978, 12.697779096879156 ], [ 54.111919285228339, 12.697239176471935 ], [ 54.107007948043744, 12.696201575316547 ], [ 54.102225400443487, 12.694676751539925 ], [ 53.847233603104215, 12.59902866743476 ], [ 53.846102646081299, 12.598665631764948 ] ], [ [ 42.714986079293517, 15.179484783116015 ], [ 42.719719898141364, 15.178363289549113 ], [ 42.724540298944007, 15.17770714565734 ], [ 42.729401648338538, 15.177522562968237 ], [ 42.734257925313386, 15.177811288873603 ], [ 42.739063156876121, 15.178570590087437 ], [ 42.743771853266715, 15.179793278521188 ], [ 42.748339438596147, 15.181467779331326 ], [ 42.75272267283367, 15.183578240495111 ], [ 42.756880061147868, 15.186104682877165 ], [ 42.760772246726411, 15.18902318936628 ], [ 42.764362383355831, 15.19230613129189 ], [ 42.767616484234118, 15.195922429976839 ], [ 42.770503743714102, 15.199837850950384 ], [ 42.772996828931767, 15.204015328036173 ], [ 42.775072138558684, 15.208415314247201 ], [ 42.776710026229082, 15.212996156165888 ], [ 42.777894986526391, 15.217714488265118 ], [ 42.778615801768616, 15.222525643437363 ], [ 42.778865648202952, 15.227384075845462 ], [ 42.778642160604278, 15.232243792092126 ], [ 42.777947454666119, 15.237058786626319 ], [ 42.776788106971928, 15.241783477264741 ], [ 42.775175092736468, 15.24637313670538 ], [ 42.773123681906576, 15.250784315948149 ], [ 42.753986015475562, 15.287191178326353 ], [ 42.751540779406739, 15.291343799469587 ], [ 42.748707130217589, 15.295241731493666 ], [ 42.745511390742912, 15.298848765039603 ], [ 42.74198324741058, 15.302131393013958 ], [ 42.73815547447311, 15.30505912184886 ], [ 42.734063629555315, 15.307604754768237 ], [ 42.729745723346099, 15.309744644428916 ], [ 42.725241866502856, 15.31145891258971 ], [ 42.720593897048488, 15.312731634767879 ], [ 42.715844991722228, 15.313550988167655 ], [ 42.711039264894644, 15.313909361506642 ], [ 42.706221358772623, 15.31380342571989 ], [ 42.701436028701124, 15.313234164884831 ], [ 42.696727727413894, 15.312206867079809 ], [ 42.692140192095287, 15.310731075261137 ], [ 42.687716038089086, 15.308820498614974 ], [ 42.683496363028489, 15.306492885207531 ], [ 42.679520365064768, 15.303769857116601 ], [ 42.675824978740827, 15.300676709575932 ], [ 42.672444531892346, 15.297242175998266 ], [ 42.669410426763569, 15.293498161059855 ], [ 42.66675084830004, 15.289479444325892 ], [ 42.651083983707935, 15.263129398961201 ], [ 42.648830404481714, 15.25888767948585 ], [ 42.646994230505527, 15.254449293679549 ], [ 42.645592406582921, 15.249855200392902 ], [ 42.644637869195556, 15.245147795395184 ], [ 42.644139427121225, 15.240370520132554 ], [ 42.644101680143557, 15.235567460836428 ], [ 42.644524976603805, 15.230782941681577 ], [ 42.645405410186193, 15.226061115748379 ], [ 42.646734855966677, 15.221445557564024 ], [ 42.648501045392337, 15.216978860982758 ], [ 42.650687679499555, 15.212702246116118 ], [ 42.653274579326052, 15.208655178940486 ], [ 42.65623787212887, 15.204875007092385 ], [ 42.659550211689698, 15.201396615212479 ], [ 42.663181030674565, 15.198252103018904 ], [ 42.667096822719024, 15.195470489080748 ], [ 42.671261451635658, 15.193077443025372 ], [ 42.675636484890418, 15.191095048650839 ], [ 42.680181548270397, 15.189541600129528 ], [ 42.714986079293517, 15.179484783116015 ] ] ], [ [ [ 27.904096492790305, 43.195534709044964 ], [ 27.904872700555732, 43.196314814370126 ], [ 28.117963078920493, 43.39075978475195 ], [ 28.118850569360156, 43.391496712134327 ], [ 28.119974810921299, 43.391755134578297 ], [ 28.320467872454074, 43.428080422380269 ], [ 28.321619349223695, 43.42823353774282 ], [ 28.322715167103215, 43.427848146720528 ], [ 28.441115741642736, 43.379839321100846 ], [ 28.445875230451374, 43.378183480474938 ], [ 28.450777219763427, 43.377015130064123 ], [ 28.455771916069711, 43.376346137757778 ], [ 28.460808584160379, 43.376183299057168 ], [ 28.465836062483888, 43.376528268047977 ], [ 28.470803282836663, 43.37737754059841 ], [ 28.475659789104565, 43.378722489953518 ], [ 28.48035624978683, 43.380549454364193 ], [ 28.484844959096431, 43.382839875860739 ], [ 28.489080321546719, 43.385570488761289 ], [ 28.493019315102014, 43.388713556000361 ], [ 28.496621928187562, 43.392237150876873 ], [ 28.565545968971286, 43.466807210380551 ], [ 28.568867595022361, 43.470798138238933 ], [ 28.571757421993681, 43.475112023363714 ], [ 28.574184285176496, 43.479702343601545 ], [ 28.57612201259407, 43.484519595644898 ], [ 28.577549707247648, 43.489511828889661 ], [ 28.578451972475598, 43.494625205685125 ], [ 28.578819077995334, 43.499804581934384 ], [ 28.584459811070325, 43.799601942648223 ], [ 28.584544638948628, 43.800835086760593 ], [ 28.584989189223396, 43.801988436327662 ], [ 28.666195199255675, 43.98492921510806 ], [ 28.66809128414344, 43.989897798018951 ], [ 28.669448925632675, 43.995039661847436 ], [ 28.670252765021708, 44.000296637810919 ], [ 28.670493708651065, 44.005609254888356 ], [ 28.670169030778091, 44.010917412602929 ], [ 28.635241674934282, 44.315173496724633 ], [ 28.63516365305474, 44.316367861223164 ], [ 28.636037057592553, 44.317186248956588 ], [ 28.744264032930971, 44.409054803332388 ], [ 28.747933721892903, 44.412502367138892 ], [ 28.751238067073562, 44.416301527072918 ], [ 28.754143559355271, 44.420413756137329 ], [ 28.756620734357803, 44.42479735252433 ], [ 28.758644471234483, 44.429407862510352 ], [ 28.760194247420792, 44.434198531257991 ], [ 28.761254346752178, 44.439120776953281 ], [ 28.761814018840496, 44.444124683470278 ], [ 28.761867588092901, 44.449159506566716 ], [ 28.761414511267606, 44.45417418847763 ], [ 28.760459382982859, 44.4591178756883 ], [ 28.759011889123254, 44.463940434635958 ], [ 28.758531885494687, 44.465288941609593 ], [ 28.758469288726872, 44.466484550267644 ], [ 28.757828033351188, 44.625555880033119 ], [ 28.757881021774196, 44.6267383512225 ], [ 28.757911133540883, 44.626752976114787 ], [ 28.762444060209891, 44.628697488384447 ], [ 28.766877482593863, 44.631158108285 ], [ 28.771038898352501, 44.634055090027005 ], [ 28.774885511678679, 44.637358641184257 ], [ 28.778377764178927, 44.641034788189508 ], [ 28.781479741690116, 44.64504572571704 ], [ 28.783979429904328, 44.64906089459685 ], [ 28.784072374217107, 44.649195384071582 ], [ 28.785030199857335, 44.649954636205969 ], [ 28.915693461744446, 44.743426096241024 ], [ 28.919565279854414, 44.746496041852019 ], [ 28.923115177221277, 44.749933158407487 ], [ 28.926308484778399, 44.753703878282629 ], [ 28.929114015992472, 44.757771375810343 ], [ 28.931504371437939, 44.762095926928723 ], [ 28.933456206385745, 44.766635297134783 ], [ 28.934950458792997, 44.771345153955806 ], [ 28.935972535467009, 44.776179499909873 ], [ 28.936512454585593, 44.781091121727208 ], [ 28.936564943181679, 44.786032051445225 ], [ 28.936129488640272, 44.790954034874041 ], [ 28.935210343704743, 44.795809002857311 ], [ 28.933816484943637, 44.800549540726081 ], [ 28.880467079989298, 44.953600573915324 ], [ 28.880129270399905, 44.954751560006734 ], [ 28.881146689686336, 44.955386967196496 ], [ 28.982115120561502, 45.011644219795791 ], [ 28.983253022695042, 45.012203113564453 ], [ 28.984475369578526, 45.011866882086636 ], [ 29.109471308302528, 44.970414554912843 ], [ 29.110523695043003, 44.970008745465094 ], [ 29.109964374891678, 44.969029276155723 ], [ 29.070690068608311, 44.907305641902937 ], [ 29.068276545435275, 44.90306980720257 ], [ 29.066287013008299, 44.898619060025112 ], [ 29.064740385724409, 44.893995713427643 ], [ 29.06365136730096, 44.889243721362313 ], [ 29.063030310988065, 44.884408260808051 ], [ 29.062883121140693, 44.879535302275038 ], [ 29.063211197086229, 44.87467117276509 ], [ 29.064011419821135, 44.869862115342876 ], [ 29.065276181663165, 44.865153849505162 ], [ 29.066993458577286, 44.860591136527574 ], [ 29.069146924487629, 44.85621735392111 ], [ 29.071716106488779, 44.852074083044066 ], [ 29.074676579480791, 44.848200713789893 ], [ 29.078000198377527, 44.844634070109223 ], [ 29.081655365680749, 44.841408059926188 ], [ 29.085607331876158, 44.838553352777289 ], [ 29.137671653648376, 44.804680179270967 ], [ 29.138643908683697, 44.803978672704076 ], [ 29.139085910858761, 44.803506925075062 ], [ 29.142529255309608, 44.800168290978014 ], [ 29.146276641793957, 44.797174932800637 ], [ 29.150293589711428, 44.794554393148296 ], [ 29.154543138162342, 44.79233078423384 ], [ 29.158986186033832, 44.79052456601535 ], [ 29.163581851778506, 44.789152357939159 ], [ 29.168287849575393, 44.788226786020367 ], [ 29.173060878411874, 44.787756366667821 ], [ 29.1778570205067, 44.787745428322644 ], [ 29.182632145407986, 44.78819407163116 ], [ 29.578974345300612, 44.844718196041782 ], [ 29.583692628860103, 44.845624258552512 ], [ 29.588302166981698, 44.846978993702507 ], [ 29.592760398603254, 44.848769892870436 ], [ 29.597026159714808, 44.850980420219344 ], [ 29.601060063436588, 44.853590165376346 ], [ 29.6048248636883, 44.856575031886898 ], [ 29.608285799091846, 44.859907459703614 ], [ 29.611410913932151, 44.863556679655325 ], [ 29.614171353212594, 44.867488997546857 ], [ 29.616541629080665, 44.871668105266259 ], [ 29.618499856163929, 44.876055416027022 ], [ 29.620027953643355, 44.880610420649901 ], [ 29.690037748307457, 45.128158863770324 ], [ 29.691170799571022, 45.133115015034882 ], [ 29.691794702023998, 45.138160605808245 ], [ 29.69190300520367, 45.143243470251086 ], [ 29.691494589374713, 45.148311057155489 ], [ 29.690573677105991, 45.153310973266422 ], [ 29.689149789613865, 45.158191524970157 ], [ 29.687237648323332, 45.162902252749184 ], [ 29.68485702266473, 45.167394452877922 ], [ 29.682032525679659, 45.171621680965501 ], [ 29.678793359549289, 45.175540232139454 ], [ 29.675173013676048, 45.179109592905917 ], [ 29.671208918440161, 45.182292860014385 ], [ 29.624856039567604, 45.215786553024564 ], [ 29.62396327658735, 45.216500129926693 ], [ 29.624823920724427, 45.217252133519402 ], [ 29.735710638061057, 45.305020402137053 ], [ 29.739336405085346, 45.308185678142458 ], [ 29.742641036215112, 45.311684902599538 ], [ 29.745593910528516, 45.315485651472336 ], [ 29.74816766650472, 45.319552706780513 ], [ 29.750338455557461, 45.323848382931409 ], [ 29.752086163017569, 45.328332875917098 ], [ 29.753394594516774, 45.3329646321409 ], [ 29.754251626045736, 45.337700733455613 ], [ 29.754649316295907, 45.342497294845792 ], [ 29.754583980244185, 45.3473098710691 ], [ 29.750018751945088, 45.421177796951731 ], [ 29.749458369405186, 45.426163873153776 ], [ 29.748401089051775, 45.431068681278241 ], [ 29.746857557691452, 45.435842829937776 ], [ 29.744843318675443, 45.440438243484991 ], [ 29.742378655378129, 45.444808646134 ], [ 29.73948838694362, 45.448910027957254 ], [ 29.736201618357114, 45.452701088065233 ], [ 29.732551447357874, 45.456143650506192 ], [ 29.728574631145214, 45.459203048697717 ], [ 29.724311216233705, 45.461848474519002 ], [ 29.719804135185051, 45.464053288548449 ], [ 29.715098774277436, 45.465795288322468 ], [ 29.710242516465993, 45.467056931914144 ], [ 29.705284264236749, 45.467825514580333 ], [ 29.606958448843873, 45.478047785130286 ], [ 29.605850348857164, 45.478218937711013 ], [ 29.606056565252992, 45.478432792346133 ], [ 29.609213136940046, 45.482036968836915 ], [ 29.612010259169697, 45.485926716929605 ], [ 29.614422249847571, 45.490066322461786 ], [ 29.616426963008227, 45.494417777176672 ], [ 29.618005992150856, 45.498941127700228 ], [ 29.61914483924064, 45.503594842377595 ], [ 29.619833047824113, 45.508336192600666 ], [ 29.620064299036265, 45.513121645125672 ], [ 29.619836469617908, 45.517907261778554 ], [ 29.61915165141064, 45.522649102878297 ], [ 29.618016132150352, 45.527303630674083 ], [ 29.616440337735668, 45.531828109092075 ], [ 29.614438736501381, 45.536180996121516 ], [ 29.6120297063758, 45.540322325237426 ], [ 29.609235366141714, 45.544214072357725 ], [ 29.606081372350296, 45.547820504965713 ], [ 29.602596683752566, 45.551108510192144 ], [ 29.598813295411336, 45.55404789884485 ], [ 29.594765944934931, 45.556611682594188 ], [ 29.590491793529896, 45.558776321769443 ], [ 29.589757552576874, 45.559104975408012 ], [ 29.589911462197414, 45.560279545421537 ], [ 29.637976219475824, 45.825119579132746 ], [ 29.638215322922495, 45.826148398016208 ], [ 29.638695779898818, 45.825207760016262 ], [ 29.713508300745062, 45.659205529809697 ], [ 29.71571721274298, 45.654878581988996 ], [ 29.7183356220193, 45.650786430657575 ], [ 29.721338808936967, 45.646967708620672 ], [ 29.724698421285641, 45.643458467317444 ], [ 29.728382741946604, 45.640291836469871 ], [ 29.73235698832482, 45.637497711314694 ], [ 29.73658364072126, 45.635102470371223 ], [ 29.741022796545405, 45.633128726409474 ], [ 29.745632547023966, 45.631595112969585 ], [ 29.750369372849352, 45.630516108448013 ], [ 29.755188555032746, 45.629901899411244 ], [ 29.760044597083017, 45.629758284427339 ], [ 29.764891654525798, 45.630086619323428 ], [ 29.769683967707774, 45.630883804385661 ], [ 29.774376293800209, 45.632142313622758 ], [ 29.778924333923264, 45.633850265816662 ], [ 29.798411299484844, 45.642269939927594 ], [ 29.802808241501566, 45.644431202416847 ], [ 29.80697255093326, 45.647012419494693 ], [ 29.810864243488886, 45.649988807187576 ], [ 29.81444595245247, 45.653331787227316 ], [ 29.817683287465666, 45.657009261449957 ], [ 29.820545164732355, 45.660985919991532 ], [ 29.823004105474745, 45.665223580321396 ], [ 29.825036499775294, 45.669681553857991 ], [ 29.826622833271166, 45.674317036646841 ], [ 29.827747874524544, 45.679085520349659 ], [ 29.828400821269732, 45.68394121959836 ], [ 29.82857540413287, 45.688837511610664 ], [ 29.828269946828346, 45.693727383846316 ], [ 29.827487382253903, 45.698563885405576 ], [ 29.82623522432997, 45.70330057783589 ], [ 29.824525495853528, 45.707891981018221 ], [ 29.822374613059274, 45.712294009851753 ], [ 29.819803227996498, 45.716464397544136 ], [ 29.816836030235077, 45.720363101442935 ], [ 29.803215222865322, 45.736548616578624 ], [ 29.802547804317669, 45.737426309231935 ], [ 29.803648908896857, 45.737368338401588 ], [ 29.873375621052489, 45.730229755209173 ], [ 29.878202430439593, 45.729970463609114 ], [ 29.883031721647399, 45.730178471838514 ], [ 29.887818359500216, 45.730851835825753 ], [ 29.892517607466068, 45.731984262224557 ], [ 29.897085545770107, 45.733565167232392 ], [ 29.901479481874429, 45.735579775508072 ], [ 29.905658349488032, 45.738009258263986 ], [ 29.909583092377645, 45.740830909242362 ], [ 29.913217029392293, 45.744018356930852 ], [ 29.91652619729005, 45.747541811034111 ], [ 29.919479668162857, 45.751368340897677 ], [ 29.922049838492718, 45.755462183282134 ], [ 29.924212687137729, 45.759785076610925 ], [ 29.925947999836747, 45.76429661856794 ], [ 29.927239558134481, 45.768954643702791 ], [ 29.928075290961242, 45.773715617514476 ], [ 29.928447387450728, 45.778535043330464 ], [ 29.928352369941376, 45.783367878178275 ], [ 29.926361740784191, 45.812590312288052 ], [ 29.926338872005545, 45.813733634110427 ], [ 29.927480736955925, 45.813795700249933 ], [ 30.061866937080648, 45.814640488006944 ], [ 30.066685346710244, 45.814903645658433 ], [ 30.071455947498219, 45.815630069384596 ], [ 30.076134303543636, 45.816812992890341 ], [ 30.080676838161928, 45.81844139779998 ], [ 30.085041239781194, 45.820500116288237 ], [ 30.089186856054571, 45.822969972361385 ], [ 30.093075072517717, 45.825827960472601 ], [ 30.096669672264369, 45.829047459807825 ], [ 30.099937173289785, 45.832598482246091 ], [ 30.102847140359849, 45.836447951684761 ], [ 30.105372468500956, 45.840560012127881 ], [ 30.107489635470085, 45.844896361667871 ], [ 30.126961497289944, 45.89020217910182 ], [ 30.127447941635236, 45.891194965498372 ], [ 30.128237194414396, 45.88933188674951 ], [ 30.128483995197204, 45.888658696892229 ], [ 30.130666856211175, 45.884157073359027 ], [ 30.133288653830967, 45.879896125825695 ], [ 30.13632313914669, 45.875918514041011 ], [ 30.139739931502341, 45.872264061053308 ], [ 30.143504822660805, 45.868969354510092 ], [ 30.147580119289834, 45.866067380349904 ], [ 30.151925020340119, 45.863587192553744 ], [ 30.156496025537162, 45.861553622262463 ], [ 30.161247370897271, 45.859987029172366 ], [ 30.166131486907354, 45.85890309769804 ], [ 30.171099474781304, 45.858312679943175 ], [ 30.1761015960248, 45.858221687051454 ], [ 30.1810877704071, 45.858631030025379 ], [ 30.186008077354213, 45.859536610605524 ], [ 30.19081325574367, 45.860929362301448 ], [ 30.195455197096916, 45.862795341163597 ], [ 30.199887427231758, 45.865115865387303 ], [ 30.204065571552476, 45.867867702351262 ], [ 30.485977220552336, 46.074480369638366 ], [ 30.489855261468179, 46.077632202646264 ], [ 30.493399311868473, 46.081155405651309 ], [ 30.496573969166793, 46.085014784317991 ], [ 30.499347520755617, 46.089171786150892 ], [ 30.651197030288504, 46.34342960739724 ], [ 30.651912495138074, 46.344496881546817 ], [ 30.653064733319066, 46.345065486185881 ], [ 30.74591046666891, 46.385004187665302 ], [ 30.750192586659992, 46.387093314754253 ], [ 30.754256415752828, 46.389580541466081 ], [ 30.758065052747853, 46.392443282783766 ], [ 30.761583913692192, 46.395655543866901 ], [ 30.764781045915843, 46.399188156095306 ], [ 30.767627418174747, 46.40300904193181 ], [ 30.770097184266124, 46.407083506199129 ], [ 30.772167917722399, 46.411374551126059 ], [ 30.773820815452499, 46.415843212302029 ], [ 30.775040868481486, 46.420448912489654 ], [ 30.775816998238078, 46.42514983008229 ], [ 30.790562923860001, 46.551740965525006 ], [ 30.790750079382384, 46.552874792820177 ], [ 30.791882901694354, 46.553067938190935 ], [ 31.398829422684265, 46.627021284060994 ], [ 31.403565444230438, 46.627830905396664 ], [ 31.408201888888026, 46.62909136869645 ], [ 31.412695943009723, 46.630791034647231 ], [ 31.417006107804461, 46.632914208270655 ], [ 31.421092582543668, 46.635441283852984 ], [ 31.424917632087357, 46.638348925987316 ], [ 31.428445935336239, 46.641610285056309 ], [ 31.47451290155924, 46.688492410809062 ], [ 31.477749369423911, 46.692123743150276 ], [ 31.480617662744439, 46.69605238060349 ], [ 31.483090634502688, 46.700241140502825 ], [ 31.485144879209173, 46.704650378248431 ], [ 31.486760954424756, 46.709238362523578 ], [ 31.487923564774011, 46.713961670261504 ], [ 31.488621706708585, 46.718775597623917 ], [ 31.48884877265051, 46.723634583101301 ], [ 31.488602613529739, 46.728492638730735 ], [ 31.487885559124084, 46.733303785349861 ], [ 31.486704396008964, 46.738022487767566 ], [ 31.485070303325742, 46.742604085732687 ], [ 31.482998746976527, 46.747005216621837 ], [ 31.480509333246832, 46.751184225845783 ], [ 31.477625623241504, 46.755101561090122 ], [ 31.441457802932124, 46.799532441384983 ], [ 31.440967889820726, 46.800198415772243 ], [ 31.441632784558678, 46.799707038393123 ], [ 31.480634132814505, 46.767816043930459 ], [ 31.484469273789063, 46.764974392265181 ], [ 31.488557904689799, 46.762511388440771 ], [ 31.492862764530521, 46.760449478589855 ], [ 31.497344621762331, 46.758807453548883 ], [ 31.501962631803146, 46.757600277611232 ], [ 31.506674709267287, 46.756838952152933 ], [ 31.511437911502899, 46.756530415373611 ], [ 31.516208829941917, 46.756677479066482 ], [ 31.520943985696078, 46.757278802993632 ], [ 31.525600225793774, 46.758328907099965 ], [ 31.530135116446726, 46.759818221454729 ], [ 31.534507329762512, 46.761733173465302 ], [ 31.538677020378724, 46.76405631156851 ], [ 31.617142241062496, 46.812820993423593 ], [ 31.618007924378748, 46.813302328876418 ], [ 31.617492844219104, 46.812456288776005 ], [ 31.548359924248118, 46.710420054102819 ], [ 31.545762957747598, 46.70614029857726 ], [ 31.543606963726383, 46.701622308742849 ], [ 31.541913554336276, 46.696911373909842 ], [ 31.540699704680375, 46.69205471751102 ], [ 31.539977582650973, 46.687101023723756 ], [ 31.539754426955955, 46.682099949449253 ], [ 31.540032474556416, 46.677101626540988 ], [ 31.540808938242893, 46.672156159272177 ], [ 31.54207603457494, 46.667313122079598 ], [ 31.543821061904033, 46.662621062618754 ], [ 31.546026527697652, 46.65812701511161 ], [ 31.548670323888217, 46.653876028865319 ], [ 31.55172594848915, 46.649910716688261 ], [ 31.555162771256551, 46.64627082772995 ], [ 31.558946340733396, 46.642992849026967 ], [ 31.563038729598421, 46.640109639748964 ], [ 31.567398914857819, 46.637650101811246 ], [ 31.571983189068629, 46.635638890155683 ], [ 31.576745598471621, 46.634096165604241 ], [ 31.581638403641762, 46.633037392762503 ], [ 31.586612558038553, 46.632473184999135 ], [ 31.591618199659198, 46.632409198055157 ], [ 31.835238384091159, 46.641500244820982 ], [ 31.840216507362129, 46.641935899709431 ], [ 31.84512628212827, 46.642866285773664 ], [ 31.84991866660063, 46.644282109757036 ], [ 31.854545791555232, 46.646169229556428 ], [ 31.858961438479763, 46.648508795482122 ], [ 31.863121501231902, 46.651277438539843 ], [ 31.866984426598052, 46.654447503854364 ], [ 31.870511629351885, 46.657987326903068 ], [ 31.873667877666826, 46.661861549800271 ], [ 31.876421645032774, 46.666031474473094 ], [ 31.878745425161878, 46.670455449201143 ], [ 31.88061600673791, 46.675089284658966 ], [ 31.882014705264893, 46.679886695305697 ], [ 31.882927549699094, 46.684799761712917 ], [ 31.883345422000229, 46.689779409212761 ], [ 31.883264148207946, 46.694775898085311 ], [ 31.882684540133855, 46.699739320388844 ], [ 31.864949146910423, 46.805439097492979 ], [ 31.864812908187041, 46.806571514233646 ], [ 31.86547971881539, 46.807496874839138 ], [ 31.914337431259725, 46.869049142354562 ], [ 31.917238890533881, 46.873104401793221 ], [ 31.919722006628053, 46.877428488922007 ], [ 31.921762083865044, 46.881978398800406 ], [ 31.923338832783156, 46.88670888058175 ], [ 31.924436571923753, 46.891572887552719 ], [ 31.925044383790265, 46.896522045033478 ], [ 31.92515622342744, 46.90150713148509 ], [ 31.924770978541108, 46.90647856803924 ], [ 31.923892480560401, 46.911386911581857 ], [ 31.922529466532531, 46.916183346486477 ], [ 31.920695492229026, 46.920820170107078 ], [ 31.91840879732764, 46.925251267201745 ], [ 31.915692124010771, 46.929432568569005 ], [ 31.912572490784498, 46.933322489335289 ], [ 31.909080923767693, 46.936882342534737 ], [ 31.905252148123697, 46.94007672386801 ], [ 31.901124242703347, 46.942873863813574 ], [ 31.899496245771058, 46.943862304705135 ], [ 31.899526734705599, 46.943974510504738 ], [ 31.900571999020244, 46.948722816417053 ], [ 31.901151142889582, 46.95355019447382 ], [ 31.901258690163967, 46.958410998945112 ], [ 31.900893623919973, 46.963259268034371 ], [ 31.900059396076006, 46.968049158474528 ], [ 31.898763894752371, 46.972735379003353 ], [ 31.897019369684401, 46.977273618619286 ], [ 31.894842316393923, 46.981620965568261 ], [ 31.892253320214298, 46.985736313099913 ], [ 31.889276861643847, 46.9895807481563 ], [ 31.885941084868186, 46.993117919318017 ], [ 31.882277531640209, 46.99631438052851 ], [ 31.878320843034079, 46.999139907346375 ], [ 31.874108431893244, 47.001567782735464 ], [ 31.869680129069788, 47.003575049690333 ], [ 31.865077806800016, 47.0051427283084 ], [ 31.860344982777573, 47.006255995256147 ], [ 31.855526408667778, 47.006904323932645 ], [ 31.838654324369724, 47.008343707996183 ], [ 31.837498285909959, 47.008500646135367 ], [ 31.837906888218388, 47.009593394346759 ], [ 31.85969434326848, 47.060046022829631 ], [ 31.86140726513408, 47.064612605813025 ], [ 31.862667118465655, 47.069324351884795 ], [ 31.863461915616913, 47.07413642825059 ], [ 31.863784094003474, 47.079003047462024 ], [ 31.863630588061724, 47.083877903089402 ], [ 31.863002858417975, 47.08871461033258 ], [ 31.861906877990464, 47.093467147377616 ], [ 31.860353075156347, 47.09809029329945 ], [ 31.858356234524528, 47.102540058344147 ], [ 31.855935356258431, 47.106774102496331 ], [ 31.853113475287309, 47.110752138349206 ], [ 31.849917442126308, 47.114436314443758 ], [ 31.846377667390779, 47.117791575429671 ], [ 31.727713998832058, 47.219755886702075 ], [ 31.726881524109746, 47.220542588325735 ], [ 31.727243087270384, 47.221629411995302 ], [ 31.741276092858801, 47.257977197502662 ], [ 31.741729107782813, 47.259000938311878 ], [ 31.742531025123522, 47.258219787657787 ], [ 31.895971911562544, 47.093629077998266 ], [ 31.896748851667461, 47.092707757251176 ], [ 31.896285846239081, 47.091595060608391 ], [ 31.894160984095336, 47.087129016608912 ], [ 31.892274261623996, 47.082604066657353 ], [ 31.890839750002041, 47.077916095864531 ], [ 31.889871240563231, 47.073110174182389 ], [ 31.889378044516157, 47.068232505537729 ], [ 31.889364903426646, 47.063329983629593 ], [ 31.889831943632583, 47.058449741095259 ], [ 31.890774675029267, 47.053638696379018 ], [ 31.892184034237129, 47.04894310266031 ], [ 31.894046471736633, 47.044408103177581 ], [ 31.896344082132821, 47.040077297223107 ], [ 31.899054776296989, 47.035992320981286 ], [ 31.902152493730654, 47.032192447240078 ], [ 31.905607453110061, 47.028714207824137 ], [ 31.909386438602578, 47.025591042379389 ], [ 31.913453119202288, 47.022852976885673 ], [ 31.917768398014744, 47.020526334988276 ], [ 31.922290788132845, 47.018633484923519 ], [ 31.926976811490199, 47.017192624471477 ], [ 31.931781416857412, 47.016217606003295 ], [ 31.975683500420839, 47.009529898161581 ], [ 31.976806591458974, 47.009301854727966 ], [ 31.976091401943094, 47.007984781151073 ], [ 31.973951773531994, 47.003533317241931 ], [ 31.972261761086589, 46.998892476950964 ], [ 31.971037854761807, 46.994107542888706 ], [ 31.970291996721137, 46.989225203648637 ], [ 31.970031464611953, 46.984293098247086 ], [ 31.970258800554504, 46.979359351289531 ], [ 31.970971786337362, 46.974472103398803 ], [ 31.972163465061445, 46.969679041486991 ], [ 31.973822209021392, 46.965026933454354 ], [ 31.975931833161898, 46.960561171855502 ], [ 31.978471753002051, 46.956325330985322 ], [ 31.981417185486688, 46.952360741706414 ], [ 31.984739390804958, 46.948706088166716 ], [ 31.988405952816642, 46.945397030342136 ], [ 31.99238109534992, 46.942465856087324 ], [ 31.995255706493005, 46.940756171391897 ], [ 31.995893193665939, 46.940331562289593 ], [ 31.99646598917651, 46.939233971019341 ], [ 32.0070122263133, 46.916284766025122 ], [ 32.00743961825755, 46.915227864833717 ], [ 32.007038538780193, 46.914160700715634 ], [ 31.95071585581023, 46.783138865441096 ], [ 31.949015500809971, 46.778585092176748 ], [ 31.947765363709085, 46.773887729587059 ], [ 31.946977259832373, 46.769091173494452 ], [ 31.946658637725502, 46.76424075722128 ], [ 31.94681250875713, 46.759382323134496 ], [ 31.947437418657788, 46.754561789379188 ], [ 31.948527461264511, 46.749824715895961 ], [ 31.950072334341289, 46.745215873823739 ], [ 31.952057436947822, 46.740778822357782 ], [ 31.954464007436236, 46.736555497061964 ], [ 32.011554528941609, 46.646809647459577 ], [ 32.014419099410809, 46.642764335873643 ], [ 32.017670139846146, 46.639022538726806 ], [ 32.02127569861937, 46.63562103086511 ], [ 32.025200339852034, 46.632593242729335 ], [ 32.029405491683782, 46.62996893179649 ], [ 32.033849825361301, 46.627773890119613 ], [ 32.03848966142246, 46.626029690840333 ], [ 32.043279398983486, 46.624753476165289 ], [ 32.32366571126834, 46.564754013446731 ], [ 32.328459683293396, 46.563969477274732 ], [ 32.333307161522185, 46.563653851541332 ], [ 32.338162390288204, 46.563810115458637 ], [ 32.342979540767097, 46.564436794041228 ], [ 32.347713143557989, 46.565527972028669 ], [ 32.644354297463245, 46.649274929547595 ], [ 32.645195304212486, 46.649468991812476 ], [ 32.644465217191126, 46.649008638191674 ], [ 32.318590853584844, 46.464926010652079 ], [ 32.317545565242654, 46.464399401740842 ], [ 32.316381396494975, 46.464520462843325 ], [ 32.03651784101848, 46.507144492690806 ], [ 32.031601983905631, 46.507646202610992 ], [ 32.02666061090153, 46.507660232302818 ], [ 32.021741984127488, 46.507186444739041 ], [ 32.016894143543624, 46.506229467377025 ], [ 32.012164437745206, 46.504798646962612 ], [ 32.007599061511456, 46.502907958240932 ], [ 32.003242604623694, 46.500575867465898 ], [ 31.999137616359352, 46.497825152041223 ], [ 31.995324189915486, 46.494682678054829 ], [ 31.991839570820723, 46.491179137879186 ], [ 31.988717793160195, 46.487348750400592 ], [ 31.985989347166484, 46.483228926805175 ], [ 31.983680881423183, 46.478859905185871 ], [ 31.981814942589622, 46.474284357539155 ], [ 31.980409755188884, 46.469546972989981 ], [ 31.979479043609864, 46.46469402131553 ], [ 31.979031898061923, 46.459772901030789 ], [ 31.979072685791309, 46.454831676449871 ], [ 31.979601008426478, 46.449918608244445 ], [ 31.980611705869002, 46.445081682084414 ], [ 31.982094906691938, 46.440368139964441 ], [ 31.984036124553537, 46.435824018793987 ], [ 31.986416399684547, 46.431493700757329 ], [ 31.989212484067256, 46.427419479835152 ], [ 31.992397068497606, 46.423641148721558 ], [ 31.995939049312707, 46.420195610171 ], [ 31.999803832178628, 46.417116516571056 ], [ 32.003953669971366, 46.414433941261414 ], [ 32.008348031450943, 46.41217408480918 ], [ 32.012943997127863, 46.410359019109393 ], [ 32.060693077134182, 46.394180142481005 ], [ 32.061699563672171, 46.393782862697996 ], [ 32.060703507986695, 46.393360110467455 ], [ 31.958215651434326, 46.355701640989111 ], [ 31.953766839174197, 46.353818309587439 ], [ 31.949520549166678, 46.351514423985577 ], [ 31.945516422852045, 46.348811492216029 ], [ 31.941791840940013, 46.345734747625563 ], [ 31.938381574440363, 46.342312913308156 ], [ 31.935317460056556, 46.338577933959172 ], [ 31.932628102972668, 46.334564677654157 ], [ 31.93033860980837, 46.330310610336284 ], [ 31.928470354234875, 46.325855446051264 ], [ 31.927040777440048, 46.321240776195019 ], [ 31.926063225305359, 46.316509681235253 ], [ 31.925546823814777, 46.311706328531677 ], [ 31.925496393858733, 46.306875560009594 ], [ 31.925912406228452, 46.302062473535969 ], [ 31.926790977220875, 46.29731200190615 ], [ 31.928123904895141, 46.292668493371693 ], [ 31.929898745642195, 46.288175297625124 ], [ 31.932098930352684, 46.283874361106861 ], [ 31.934703919098666, 46.279805835412255 ], [ 31.937689392885069, 46.276007702454457 ], [ 31.941027480680805, 46.272515419882502 ], [ 31.944687019610111, 46.269361590064761 ], [ 31.94863384587503, 46.266575655727962 ], [ 31.952831113693154, 46.264183625093267 ], [ 31.957239639273173, 46.262207829075273 ], [ 31.961818266616991, 46.260666712810725 ], [ 31.966524251733485, 46.259574663463063 ], [ 32.268083655939023, 46.20479644889393 ], [ 32.269234893257817, 46.204528062434882 ], [ 32.269187660937533, 46.203346898702286 ], [ 32.2664013221492, 46.172232779719025 ], [ 32.266203310913177, 46.167415116190931 ], [ 32.266470269571329, 46.162600780993387 ], [ 32.267199715505271, 46.157834545691919 ], [ 32.26838486513325, 46.153160734540535 ], [ 32.270014696994963, 46.148622812282269 ], [ 32.272074054247142, 46.144262979942901 ], [ 32.2745437856167, 46.140121782376774 ], [ 32.277400923500551, 46.136237731214372 ], [ 32.280618897556018, 46.132646946718211 ], [ 32.284167781795311, 46.129382821877527 ], [ 32.288014572886354, 46.126475711865602 ], [ 32.292123497071728, 46.123952651747743 ], [ 32.296456342851634, 46.121837105064962 ], [ 32.30097281633693, 46.120148745631631 ], [ 32.305630915967619, 46.118903274576127 ], [ 32.495811933247779, 46.077764827942417 ], [ 32.500896364604024, 46.076936517160455 ], [ 32.506039037186575, 46.076635752008556 ], [ 32.51118536144169, 46.076865725113748 ], [ 33.108356132430437, 46.134488154400202 ], [ 33.11304254942192, 46.135165613875259 ], [ 33.117643865947677, 46.136283353463973 ], [ 33.122118814722121, 46.137831348626932 ], [ 33.126427261799208, 46.139795716042237 ], [ 33.130530566517088, 46.142158838119201 ], [ 33.13439192805, 46.144899521003182 ], [ 33.234154854264155, 46.223067643531316 ], [ 33.235035839479792, 46.223690868431049 ], [ 33.23486133562448, 46.222625930578296 ], [ 33.223793005891977, 46.171039609164076 ], [ 33.223013388064068, 46.16631139913526 ], [ 33.222689986902843, 46.161530271054659 ], [ 33.222825773012765, 46.156740142020226 ], [ 33.223419499129221, 46.15198501180825 ], [ 33.224465711575256, 46.147308558713014 ], [ 33.225954800356398, 46.14275373833938 ], [ 33.227873087433323, 46.138362389033681 ], [ 33.230202952361651, 46.134174847577178 ], [ 33.23292299414468, 46.130229578672179 ], [ 33.236008227812462, 46.126562821624134 ], [ 33.239430313921481, 46.123208257465166 ], [ 33.243157818866884, 46.120196699576603 ], [ 33.247156503616168, 46.117555810652391 ], [ 33.251389638212117, 46.115309848603118 ], [ 33.255818339156207, 46.113479443734789 ], [ 33.404065817086824, 46.060373287703243 ], [ 33.408821224503292, 46.058932050506151 ], [ 33.413696202223164, 46.057969940021046 ], [ 33.418642602891012, 46.057496458460676 ], [ 33.423611573747934, 46.057516282130521 ], [ 33.428554039122261, 46.058029215243572 ], [ 33.43342118512173, 46.059030191854035 ], [ 33.438164941740311, 46.060509325890742 ], [ 33.442738457618013, 46.062452008796221 ], [ 33.612335699810451, 46.144666638371334 ], [ 33.613400094000411, 46.145118736635212 ], [ 33.613495711088355, 46.143966267457976 ], [ 33.618486176016994, 45.993020508550096 ], [ 33.61890274601442, 45.988025088192238 ], [ 33.619817409692516, 45.983096483372364 ], [ 33.62122097367331, 45.978284232000476 ], [ 33.623099330592005, 45.97363670250617 ], [ 33.625433600891533, 45.969200607682652 ], [ 33.62820032258292, 45.965020535171689 ], [ 33.631371687064096, 45.961138499308646 ], [ 33.63491581862705, 45.95759351883212 ], [ 33.638797094843774, 45.954421224702635 ], [ 33.642976504610949, 45.951653501972203 ], [ 33.647412040254508, 45.949318169304433 ], [ 33.652059119753076, 45.947438699366266 ], [ 33.656871034836392, 45.946033982901845 ], [ 33.661799420454926, 45.945118138859705 ], [ 33.775826373469307, 45.929794475330638 ], [ 33.776899830047959, 45.929596800719992 ], [ 33.776084644702038, 45.928870951472561 ], [ 33.692699961465486, 45.861582929099477 ], [ 33.691631810538418, 45.860811331081599 ], [ 33.690339986082137, 45.860551524464377 ], [ 33.178070390237288, 45.785705904866255 ], [ 33.173716026405188, 45.784871044727161 ], [ 33.16945273890952, 45.783653729828117 ], [ 33.165314049938658, 45.782063531904406 ], [ 33.161332501963962, 45.780112954666926 ], [ 32.547203056546046, 45.444700441462196 ], [ 32.543019894949097, 45.442141787741811 ], [ 32.539107482390691, 45.439185679188348 ], [ 32.535503449315243, 45.435860548303985 ], [ 32.532242460105479, 45.432198376928852 ], [ 32.529355879672792, 45.428234388632617 ], [ 32.526871471782606, 45.424006709926495 ], [ 32.524813132016384, 45.419556003554042 ], [ 32.523200657938673, 45.414925077387956 ], [ 32.522049558679775, 45.410158472694548 ], [ 32.521370905765515, 45.405302035726052 ], [ 32.521171226628866, 45.400402476761265 ], [ 32.521452441827691, 45.395506920835835 ], [ 32.522211846572354, 45.390662454483305 ], [ 32.523442136741011, 45.385915672846451 ], [ 32.525131479132256, 45.381312231514997 ], [ 32.527263625279438, 45.376896407400054 ], [ 32.529818067732009, 45.372710672869111 ], [ 32.532770237300682, 45.368795287237418 ], [ 32.53609173936929, 45.365187909545071 ], [ 32.539750627000473, 45.361923236344055 ], [ 32.575270485509826, 45.333231083642424 ], [ 32.579257210526585, 45.330323675867199 ], [ 32.583511091651602, 45.327823377544021 ], [ 32.587990701193633, 45.325754538574529 ], [ 32.592652413137834, 45.324137306964651 ], [ 32.597450828010764, 45.322987432607214 ], [ 32.602339215016713, 45.322316113896917 ], [ 32.607269967139466, 45.322129888671427 ], [ 32.612195064777502, 45.32243057054071 ], [ 32.897992089857539, 45.354093435681783 ], [ 32.899248767627789, 45.354167975204824 ], [ 32.900381406125696, 45.353618498006256 ], [ 33.242516520150708, 45.165475090873336 ], [ 33.24668996590264, 45.163426731118854 ], [ 33.251035622714461, 45.161774855214922 ], [ 33.25551592077143, 45.16053374424132 ], [ 33.260092126235335, 45.159714128062689 ], [ 33.264724676112834, 45.15932309256484 ], [ 33.269373520292255, 45.159364018394676 ], [ 33.273998467791642, 45.159836551733221 ], [ 33.278559534224691, 45.160736607354522 ], [ 33.39525357954755, 45.189459161238716 ], [ 33.396487018137208, 45.189696645849658 ], [ 33.397632238150429, 45.189180660562926 ], [ 33.53636500477652, 45.117931932537481 ], [ 33.537400718216553, 45.117334761749838 ], [ 33.537936665520519, 45.116266082300015 ], [ 33.619165643104807, 44.932535784978917 ], [ 33.619578278610483, 44.931470034137369 ], [ 33.618963518758981, 44.93050662184671 ], [ 33.530915501906364, 44.805818150618883 ], [ 33.528391680442674, 44.801862351707719 ], [ 33.526249802742115, 44.797687381082433 ], [ 33.524508732766954, 44.793330008577385 ], [ 33.523183804482457, 44.788828610478234 ], [ 33.522286686807519, 44.78422283153396 ], [ 33.521825280844027, 44.779553235797394 ], [ 33.521803650290245, 44.774860949369085 ], [ 33.522221985650951, 44.770187298191246 ], [ 33.523076602559648, 44.765573444081554 ], [ 33.524359974227522, 44.761060022212476 ], [ 33.571151181520285, 44.621720077644177 ], [ 33.571468662459345, 44.620593337182143 ], [ 33.570339533246326, 44.620284459479159 ], [ 33.501261519881211, 44.605004335480992 ], [ 33.496598090067501, 44.603733507043394 ], [ 33.492079157235032, 44.602018331075492 ], [ 33.487746950960336, 44.599874835953344 ], [ 33.483641955854083, 44.597323052709633 ], [ 33.479802533231087, 44.594386827843039 ], [ 33.476264562622525, 44.591093600471872 ], [ 33.473061106480557, 44.587474145914669 ], [ 33.470222101208591, 44.583562288093759 ], [ 33.467774077404648, 44.579394583449655 ], [ 33.46573991193199, 44.575009979319852 ], [ 33.464138614134129, 44.570449449974724 ], [ 33.462985148191862, 44.565755613711573 ], [ 33.4622902932825, 44.560972334585273 ], [ 33.462060542848114, 44.556144312497175 ], [ 33.462298043914096, 44.551316665473124 ], [ 33.463000577025149, 44.546534508033943 ], [ 33.464161576986157, 44.54184252959881 ], [ 33.465770194214137, 44.537284576861119 ], [ 33.467811396127992, 44.532903244039687 ], [ 33.470266107628433, 44.528739474834417 ], [ 33.473111389355445, 44.524832179805991 ], [ 33.476320652057339, 44.521217872755464 ], [ 33.4798639050682, 44.517930329501574 ], [ 33.483708036571656, 44.515000272244563 ], [ 33.487817123031881, 44.512455082466253 ], [ 33.637474390965586, 44.429485628149202 ], [ 33.641464302010547, 44.427500706312429 ], [ 33.645615101169497, 44.425878926060101 ], [ 33.649893815648092, 44.42463317036357 ], [ 33.654266456528269, 44.423773335159694 ], [ 33.923929046613893, 44.383132563402427 ], [ 33.928447402189249, 44.382660319540783 ], [ 33.932989970769178, 44.382600135931369 ], [ 33.937519251539683, 44.382952509415198 ], [ 33.941997853383228, 44.383714531000969 ], [ 33.946388803558129, 44.384879909880034 ], [ 33.950655852924079, 44.386439025359635 ], [ 34.320331199268047, 44.540890853010787 ], [ 34.324551951309608, 44.542890716003278 ], [ 34.328567682854455, 44.545275689786109 ], [ 34.33234335391451, 44.548024963841442 ], [ 34.335846019192644, 44.551114548883874 ], [ 34.339045115552793, 44.554517486183265 ], [ 34.499258419274234, 44.741742150241521 ], [ 34.500039176853065, 44.742573412718372 ], [ 34.501140836367284, 44.742868244903043 ], [ 34.951321064014465, 44.841284443795224 ], [ 34.952480457419604, 44.841480596470291 ], [ 34.953600740666126, 44.841123336918471 ], [ 35.051720340760419, 44.804600696019328 ], [ 35.056536048712836, 44.803080286759652 ], [ 35.061480559928718, 44.802053400088276 ], [ 35.066503435078523, 44.801530511353114 ], [ 35.071553435436329, 44.801516954581345 ], [ 35.076579045569936, 44.802012868066626 ], [ 35.081528998853649, 44.803013192958304 ], [ 35.086352800442974, 44.804507724867186 ], [ 35.091001242376315, 44.806481217961235 ], [ 35.095426905549054, 44.808913540489463 ], [ 35.099584643439421, 44.811779880147434 ], [ 35.103432042651534, 44.815050997189445 ], [ 35.255130163269236, 44.957836060836748 ], [ 35.256052997524471, 44.958622182028613 ], [ 35.257260628192846, 44.958516173728164 ], [ 35.339395007400334, 44.947182110661366 ], [ 35.344488905384836, 44.946743065317335 ], [ 35.349601008063317, 44.946826514076136 ], [ 35.354677862150183, 44.947431584378926 ], [ 35.359666382926981, 44.948551949475693 ], [ 35.364514409308057, 44.950175894579154 ], [ 35.369171249248474, 44.952286439357167 ], [ 35.373588209791357, 44.954861515482889 ], [ 35.377719106212297, 44.957874197386126 ], [ 35.381520744937156, 44.961292983793072 ], [ 35.384953375183663, 44.965082127110684 ], [ 35.50538719563923, 45.112521891364636 ], [ 35.506216281738304, 45.113437181478481 ], [ 35.507399895301141, 45.113084763139085 ], [ 35.836794766130076, 44.99638486604541 ], [ 35.841258530856713, 44.995034160468478 ], [ 35.845828725756668, 44.99410522577395 ], [ 35.85046559086355, 44.993606143545435 ], [ 35.855128786190818, 44.993541255718689 ], [ 35.859777742683193, 44.993911126807454 ], [ 36.395783197812456, 45.061832653599851 ], [ 36.400569566098262, 45.062677288856158 ], [ 36.405251314013597, 45.063982649549928 ], [ 36.40978420329153, 45.065736401207815 ], [ 36.414125402244096, 45.067921972469016 ], [ 36.418233890482853, 45.070518711669536 ], [ 36.422070846524328, 45.07350208198168 ], [ 36.42560001461775, 45.076843893264794 ], [ 36.428788047328993, 45.080512568436511 ], [ 36.431604820643578, 45.084473441847486 ], [ 36.434023718611215, 45.08868908684034 ], [ 36.436021884842376, 45.093119669397538 ], [ 36.43758043848046, 45.097723324536751 ], [ 36.438684652608693, 45.102456551896864 ], [ 36.439324093406157, 45.107274626776949 ], [ 36.43949271873791, 45.112132022744035 ], [ 36.437284013174342, 45.270780148824301 ], [ 36.43732846872296, 45.27199852487032 ], [ 36.438438848074554, 45.27250198706443 ], [ 36.578395234342409, 45.327640611998881 ], [ 36.582765072093181, 45.329609084560971 ], [ 36.5869263637423, 45.331986902469623 ], [ 36.590840874732564, 45.334752217985603 ], [ 36.594472637963598, 45.337879622984879 ], [ 36.597788284262855, 45.341340382412227 ], [ 36.600757348986477, 45.345102698303101 ], [ 36.603352551932872, 45.349132001948 ], [ 36.605550047997234, 45.353391271514823 ], [ 36.607329646263835, 45.357841372210906 ], [ 36.608674995523124, 45.362441415859209 ], [ 36.609573734509055, 45.367149136584885 ], [ 36.610017605476166, 45.371921279160325 ], [ 36.610002530073004, 45.376713996440529 ], [ 36.609528646814574, 45.381483252237103 ], [ 36.608600309809674, 45.386185225929189 ], [ 36.607226048754683, 45.390776715093779 ], [ 36.605418490561469, 45.395215532455857 ], [ 36.603194243339487, 45.399460893511325 ], [ 36.600573743798016, 45.40347379126095 ], [ 36.595333865733402, 45.410714420418799 ], [ 36.592282671267839, 45.414524274913596 ], [ 36.588874536103106, 45.418018469189406 ], [ 36.585141939465956, 45.421163703883749 ], [ 36.58112045267228, 45.423930005188105 ], [ 36.576848400135624, 45.426291010495653 ], [ 36.572366494138919, 45.428224219634586 ], [ 36.56771744684999, 45.429711209292748 ], [ 36.562945563278411, 45.430737808590187 ], [ 36.297366742239177, 45.474435166929922 ], [ 36.292120099139908, 45.475016036869121 ], [ 36.286841455976592, 45.47504053282259 ], [ 36.281589647816944, 45.474508381761616 ], [ 36.276423210629254, 45.473425514972469 ], [ 36.271399728848081, 45.471804001947056 ], [ 35.98715906777668, 45.363176255746531 ], [ 35.98602154718013, 45.362804357956577 ], [ 35.98501208204091, 45.363447196355189 ], [ 35.869568948483618, 45.445186101372158 ], [ 35.865483370503519, 45.447791194987126 ], [ 35.861164816261613, 45.449988591044708 ], [ 35.856653842959403, 45.451757652954576 ], [ 35.851992814879708, 45.453081766776904 ], [ 35.847225505527376, 45.453948497250224 ], [ 35.842396686535523, 45.454349704575776 ], [ 35.837551707197889, 45.454281620861479 ], [ 35.83273606857626, 45.453744885507639 ], [ 35.827994996182468, 45.452744539202108 ], [ 35.823373015248258, 45.451289976581243 ], [ 35.818913532571756, 45.449394858001277 ], [ 35.814658428867517, 45.447076981248642 ], [ 35.810647665448698, 45.444358114394156 ], [ 35.806918908934968, 45.441263791360676 ], [ 35.803507177510852, 45.437823072124253 ], [ 35.71685002555931, 45.34151396150024 ], [ 35.715959394533847, 45.340620646948508 ], [ 35.714745319619091, 45.34027821941892 ], [ 35.51907479923652, 45.29576016198402 ], [ 35.517838361067078, 45.29554438877804 ], [ 35.516653662392699, 45.29595890834878 ], [ 35.33325494705182, 45.370813885704322 ], [ 35.332234777143405, 45.371285325335194 ], [ 35.331448452041059, 45.372088254224593 ], [ 34.958926569671206, 45.788703240887678 ], [ 34.958224176378224, 45.789563249427772 ], [ 34.957774932525822, 45.790578705476968 ], [ 34.811723073627491, 46.165134968279908 ], [ 34.811359508481409, 46.166217132601041 ], [ 34.812380214364701, 46.166728423841832 ], [ 35.100167480577269, 46.294108381211515 ], [ 35.104158680579104, 46.296092201544745 ], [ 35.10795735970391, 46.298423565410801 ], [ 35.111533333312209, 46.301083947586719 ], [ 35.114858186402209, 46.304052208441007 ], [ 35.184634928471866, 46.372171612538857 ], [ 35.188069889600307, 46.375882307127448 ], [ 35.191112502921776, 46.379920959930018 ], [ 35.193731650762949, 46.38424626649369 ], [ 35.195900546352625, 46.388813990675906 ], [ 35.197597007777667, 46.393577417060037 ], [ 35.198803684843732, 46.398487828727291 ], [ 35.199508236520664, 46.403495005498506 ], [ 35.199703457157732, 46.408547737550236 ], [ 35.199387350177858, 46.413594349152184 ], [ 35.198563148497186, 46.418583227169663 ], [ 35.197239281461137, 46.423463348925786 ], [ 35.195429288635069, 46.42818480402493 ], [ 35.167167561805663, 46.492042337455786 ], [ 35.16674589384332, 46.493135280418457 ], [ 35.167581782294668, 46.49395602318387 ], [ 35.1874012637889, 46.511614735051353 ], [ 35.188319168891582, 46.512354524919452 ], [ 35.189136256808631, 46.51150469778279 ], [ 35.322880602123888, 46.357875610813736 ], [ 35.326185318208232, 46.354427010518556 ], [ 35.32980401739087, 46.351309478061701 ], [ 35.333703676881555, 46.34855146278786 ], [ 35.337848709959495, 46.346178133232833 ], [ 35.342201290723452, 46.344211147445577 ], [ 35.346721699275641, 46.342668455345617 ], [ 35.351368684189538, 46.341564134919288 ], [ 35.356099838953753, 46.340908263749711 ], [ 35.360871988956752, 46.340706827052827 ], [ 35.365641585481001, 46.340961663058756 ], [ 35.370365103110956, 46.341670446236812 ], [ 35.374999436928512, 46.342826708517379 ], [ 35.379502295871085, 46.344419898316914 ], [ 35.383832588662798, 46.346435476827423 ], [ 35.387950798796929, 46.348855050691789 ], [ 35.391819345147617, 46.351656539854112 ], [ 35.395402924920042, 46.354814379053416 ], [ 35.490546966941864, 46.447093061253433 ], [ 35.491503752084903, 46.447930413866843 ], [ 35.492610793299576, 46.448555759337964 ], [ 35.900485056708696, 46.65216918114394 ], [ 35.901638712486452, 46.6526736115772 ], [ 35.902890586487679, 46.65280845667634 ], [ 36.188282103886394, 46.668945946389968 ], [ 36.189447906560467, 46.668956617181173 ], [ 36.190436403221355, 46.668338487670241 ], [ 36.244781681809826, 46.630665066745365 ], [ 36.248930739085431, 46.62807964288087 ], [ 36.253312448045492, 46.625911759252837 ], [ 36.257884921142313, 46.624182140042102 ], [ 36.262604447192295, 46.622907319780687 ], [ 36.267425909238945, 46.622099485287713 ], [ 36.272303215854649, 46.621766359167793 ], [ 36.277189741757965, 46.621911125985754 ], [ 36.28203877353441, 46.622532401823349 ], [ 36.286803956199748, 46.623624247509007 ], [ 36.291439736336827, 46.625176225394171 ], [ 36.295901797569691, 46.627173499133413 ], [ 36.300147484212097, 46.629596975514538 ], [ 36.304136209040351, 46.632423486982731 ], [ 36.307829841292467, 46.635626013113999 ], [ 36.399289681169265, 46.723114650518511 ], [ 36.400184227753684, 46.723891670096911 ], [ 36.401336513413085, 46.724167733090042 ], [ 36.69488738949309, 46.779753481128679 ], [ 36.696046985976295, 46.779916413015911 ], [ 36.697110897865016, 46.779427227676194 ], [ 36.76753595139219, 46.742895576604695 ], [ 36.772000090977301, 46.74085146270869 ], [ 36.776643192289328, 46.739255043571546 ], [ 36.781420482935218, 46.738121713107866 ], [ 36.786285896564017, 46.737462399771196 ], [ 36.79119251707445, 46.737283461173377 ], [ 36.796093031016454, 46.737586622779496 ], [ 36.800940183824245, 46.738368961269622 ], [ 36.805687235481585, 46.739622932727734 ], [ 36.810288411225358, 46.741336445386025 ], [ 36.814699342941438, 46.743492976223109 ], [ 36.818877496996528, 46.74607173029186 ], [ 36.822782584380548, 46.749047841240461 ], [ 36.826376949204565, 46.752392611093093 ], [ 36.829625931808174, 46.756073786978142 ], [ 36.832498202974897, 46.760055872135446 ], [ 36.834966066032834, 46.764300468203679 ], [ 36.853155541482153, 46.799451585567901 ], [ 36.853726558009079, 46.800439828399469 ], [ 36.854779163162178, 46.800881083608942 ], [ 37.225861489886164, 46.936559070787823 ], [ 37.22705734154264, 46.936928252281895 ], [ 37.228202213073281, 46.936422658237113 ], [ 37.305656158803863, 46.897375145839739 ], [ 37.310107813893879, 46.895396663630841 ], [ 37.31473087509525, 46.893860782769643 ], [ 37.31948145730626, 46.892782082835538 ], [ 37.324314464912888, 46.892170803549405 ], [ 37.329184019865693, 46.892032747571527 ], [ 37.33404389718406, 46.892369225418989 ], [ 37.338847963753771, 46.893177043025361 ], [ 37.343550616252521, 46.894448532060871 ], [ 37.348107214046259, 46.896171622725191 ], [ 37.352474502947146, 46.898329958321803 ], [ 37.356611025810388, 46.900903050526388 ], [ 37.3604775160724, 46.903866473875347 ], [ 37.579808149821908, 47.08961051345041 ], [ 37.580761755687909, 47.09034125846761 ], [ 37.581960377459758, 47.090422856726455 ], [ 38.070261617874657, 47.09977433955607 ], [ 38.071504701933044, 47.09973437634077 ], [ 38.072115046430461, 47.098650709127433 ], [ 38.082103056832381, 47.078574586026953 ], [ 38.084438413049298, 47.074395079115156 ], [ 38.087162809377105, 47.070458096598728 ], [ 38.0902512661891, 47.066799736145455 ], [ 38.093675465836547, 47.063453540774574 ], [ 38.09740401228941, 47.060450191305321 ], [ 38.10140271900238, 47.057817225048545 ], [ 38.105634922366725, 47.055578783320819 ], [ 38.110061817874076, 47.053755390095894 ], [ 38.114642815909725, 47.052363763823152 ], [ 38.119335913913467, 47.051416664138344 ], [ 38.124098081495397, 47.050922774872205 ], [ 38.128885654975896, 47.05088662442958 ], [ 38.133654737732016, 47.051308544269041 ], [ 38.138361602679808, 47.052184665863848 ], [ 38.142963093202113, 47.053506956171894 ], [ 38.147417018845836, 47.055263291289648 ], [ 38.151682542160565, 47.057437567614585 ], [ 38.155720553131729, 47.060009849496957 ], [ 38.223126709616288, 47.107633764499219 ], [ 38.224153971416065, 47.108286249362891 ], [ 38.225352939684655, 47.108494764094665 ], [ 38.414402974763135, 47.131861771785601 ], [ 38.419632612279308, 47.132792466840797 ], [ 38.424734004756438, 47.134272702170257 ], [ 38.42964957726312, 47.136285771659352 ], [ 38.434323852054554, 47.138808955562773 ], [ 38.438704074701107, 47.141813776922348 ], [ 38.552323784531247, 47.22898116686131 ], [ 38.553427419492358, 47.229736795363948 ], [ 38.554714292042874, 47.230101409680671 ], [ 38.809194933025829, 47.287556982543592 ], [ 38.809995103134746, 47.28769669669903 ], [ 38.80926778346506, 47.287335036158353 ], [ 38.733222919239687, 47.254079373139454 ], [ 38.728770812593083, 47.251862413188896 ], [ 38.724560981710859, 47.249214113931224 ], [ 38.72063508062157, 47.246160678873423 ], [ 38.717031954020079, 47.242732320124873 ], [ 38.713787252920071, 47.238962959464665 ], [ 38.710933081906269, 47.23488989270372 ], [ 38.708497681476757, 47.230553420662645 ], [ 38.706505148618284, 47.225996450416631 ], [ 38.704975198379493, 47.221264070752873 ], [ 38.703922968801002, 47.216403106041085 ], [ 38.703358871132622, 47.211461652931355 ], [ 38.703288486819545, 47.206488604463509 ], [ 38.703712512276958, 47.201533166296549 ], [ 38.704626751999406, 47.196644369844961 ], [ 38.706022160073019, 47.191870587139057 ], [ 38.707884929680056, 47.187259052209534 ], [ 38.710196629709955, 47.182855393731984 ], [ 38.712934387125358, 47.178703183555527 ], [ 38.716071113278588, 47.174843505582587 ], [ 38.719575771939354, 47.171314549265681 ], [ 38.723413686381669, 47.16815123174311 ], [ 38.727546882491545, 47.165384852352567 ], [ 38.731934464500583, 47.163042782940899 ], [ 38.73653301962775, 47.161148197034287 ], [ 38.74129704762565, 47.159719840548561 ], [ 38.74617941098122, 47.158771846308433 ], [ 38.751131801316198, 47.158313594210675 ], [ 38.756105217372777, 47.158349618415095 ], [ 38.836913376394016, 47.162960614948105 ], [ 38.842067814884601, 47.163524026526623 ], [ 38.847136188516302, 47.164618219146561 ], [ 38.852063990643266, 47.166231425567787 ], [ 38.856798226363225, 47.168346296936903 ], [ 39.087000731908525, 47.285860083495457 ], [ 39.088156498893667, 47.286377050965449 ], [ 39.089417103316208, 47.286259029022325 ], [ 39.262752613097639, 47.260992630852705 ], [ 39.26394657339312, 47.260756213925987 ], [ 39.264014926016301, 47.259540992929772 ], [ 39.2645884095352, 47.154358868009112 ], [ 39.264869807090818, 47.14932728494238 ], [ 39.265656258801492, 47.144349584022429 ], [ 39.266939775572141, 47.139476330751648 ], [ 39.268707318919468, 47.134757029610896 ], [ 39.270940933422118, 47.130239621172947 ], [ 39.273617929119148, 47.125969995102693 ], [ 39.276711112003831, 47.121991523991369 ], [ 39.280189060271375, 47.118344622760191 ], [ 39.284016443514389, 47.115066338109209 ], [ 39.288154381623407, 47.11218997218193 ], [ 39.292560839746876, 47.109744744268653 ], [ 39.297191055298121, 47.107755493985067 ], [ 39.301997992671893, 47.1062424289414 ], [ 39.30693282105107, 47.105220919465303 ], [ 39.311945410449901, 47.104701342463841 ], [ 39.316984840954689, 47.104688976010678 ], [ 39.321999919988905, 47.105183945729244 ], [ 39.387477214795759, 47.114999082877944 ], [ 39.388527714017272, 47.11510454121791 ], [ 39.387795675024933, 47.114343759390032 ], [ 39.280901874445796, 47.013575332984935 ], [ 39.28002036950452, 47.012819896652573 ], [ 39.278860869340114, 47.012877293363367 ], [ 39.08979649809222, 47.031242902729346 ], [ 39.085050847520662, 47.031477069644488 ], [ 39.080304397147515, 47.031259716598171 ], [ 39.075600009381823, 47.030592806378245 ], [ 39.070980166789873, 47.029482361459706 ], [ 39.066486588460108, 47.02793840961921 ], [ 39.062159853262479, 47.025974893380152 ], [ 38.804813224472767, 46.894100174718616 ], [ 38.803702171139818, 46.893598008720907 ], [ 38.802514532551683, 46.893322101523061 ], [ 38.486444419276083, 46.836064883351781 ], [ 38.481570632295934, 46.834927426834447 ], [ 38.476834971879711, 46.833308437248633 ], [ 38.47228488481155, 46.831224135320198 ], [ 38.467965958608261, 46.828695403759262 ], [ 38.463921464776078, 46.825747578035411 ], [ 38.460191925271587, 46.82241019254058 ], [ 38.456814706510485, 46.818716684682677 ], [ 38.453823644991893, 46.814704059874806 ], [ 38.451248708289015, 46.810412520776431 ], [ 38.449115694802735, 46.805885064501204 ], [ 38.447445975286335, 46.801167051827072 ], [ 38.446256278731035, 46.79630575272467 ], [ 38.445558524757459, 46.791349872757486 ], [ 38.445359704192491, 46.786349065098754 ], [ 38.445661809027882, 46.781353433054143 ], [ 38.446461812462367, 46.776413028074636 ], [ 38.447751699227339, 46.771577348288886 ], [ 38.449518545892168, 46.766894842579362 ], [ 38.451744650344601, 46.762412425170915 ], [ 38.454407709148981, 46.758175005595142 ], [ 38.457481041005316, 46.754225038739889 ], [ 38.460933854070383, 46.750602099491921 ], [ 38.464731554462489, 46.747342486234416 ], [ 38.468836092859085, 46.74447885717192 ], [ 38.471549607053788, 46.742781041366882 ], [ 38.590633537155554, 46.659950484778129 ], [ 38.59141209467009, 46.659349972747769 ], [ 38.590443946091412, 46.659521596847867 ], [ 38.286883143035361, 46.728905821063982 ], [ 38.281940863227689, 46.729777119120364 ], [ 38.276936136069601, 46.730148597347814 ], [ 38.271919379763034, 46.730016513431586 ], [ 38.266941133692967, 46.729382198000373 ], [ 38.262051549287797, 46.72825204122141 ], [ 38.257299884787997, 46.726637428425178 ], [ 37.98340073085155, 46.617947899526975 ], [ 37.982264501453656, 46.617559851900282 ], [ 37.981078700921479, 46.617748200787418 ], [ 37.864241309498368, 46.642185396793806 ], [ 37.859425705332598, 46.642949720596491 ], [ 37.854558552212993, 46.643241362272306 ], [ 37.849686135275121, 46.643057548398239 ], [ 37.844854789711846, 46.642400026987936 ], [ 37.840110460139847, 46.641275050868636 ], [ 37.835498263680364, 46.639693318218704 ], [ 37.831062060909204, 46.637669870831218 ], [ 37.826844038756107, 46.63522395107114 ], [ 37.822884309319946, 46.632378818886309 ], [ 37.819220528414959, 46.629161530612457 ], [ 37.815887537475504, 46.625602681675758 ], [ 37.812917032224654, 46.621736115639671 ], [ 37.810337261257608, 46.617598602363039 ], [ 37.808172757406183, 46.613229488329971 ], [ 37.806444104439123, 46.608670322476854 ], [ 37.805167741316723, 46.603964461074675 ], [ 37.804355805861384, 46.59915665542416 ], [ 37.804016019330625, 46.59429262628462 ], [ 37.804151612990289, 46.589418629083532 ], [ 37.804761297386207, 46.584581014041575 ], [ 37.805839274606484, 46.579825785396253 ], [ 37.807375293417898, 46.575198163915651 ], [ 37.809354746751971, 46.570742156862806 ], [ 37.811758810613718, 46.566500139500114 ], [ 37.814564623092075, 46.562512452113538 ], [ 37.949993524621505, 46.388707440936848 ], [ 37.953250917330365, 46.384931598265482 ], [ 37.956868223867268, 46.381499006160858 ], [ 37.960809462746447, 46.378443808747278 ], [ 37.965035430314771, 46.375796396189678 ], [ 37.969504090712014, 46.373583102401518 ], [ 37.974170994003167, 46.371825943100333 ], [ 37.978989718323575, 46.370542396816568 ], [ 37.983912331639047, 46.369745231033953 ], [ 37.988889868527608, 46.369442375190857 ], [ 37.993872817240394, 46.369636841805885 ], [ 37.998811612196945, 46.370326696512208 ], [ 38.00365712701587, 46.371505077298814 ], [ 38.086521502161723, 46.39609279850648 ], [ 38.087648797060218, 46.396369950868824 ], [ 38.088658010449805, 46.395796282363342 ], [ 38.57496802315957, 46.088013340596724 ], [ 38.575896766280032, 46.087358635570936 ], [ 38.574867238966704, 46.086877723972187 ], [ 38.446948860946101, 46.034711010240734 ], [ 38.445808662866341, 46.034310120716583 ], [ 38.44463804266681, 46.034610807297717 ], [ 38.210817118693491, 46.10708162026139 ], [ 38.206061664026009, 46.108303154828448 ], [ 38.201209330791521, 46.109052393091233 ], [ 38.196306908090307, 46.109322110446151 ], [ 38.191401668015246, 46.109109706117074 ], [ 38.186540909826043, 46.108417228233641 ], [ 38.181771503861427, 46.107251354081917 ], [ 38.177139439587329, 46.105623325718035 ], [ 38.172689382138927, 46.103548841565569 ], [ 38.168464241632677, 46.101047905041902 ], [ 38.164504759401318, 46.098144631673357 ], [ 38.160849115141552, 46.09486701655883 ], [ 38.157532558762561, 46.091246664424304 ], [ 38.154587070485313, 46.087318484871183 ], [ 38.152041052470103, 46.083120355757018 ], [ 38.149919054945968, 46.078692757954542 ], [ 38.040030156359116, 45.817182346058644 ], [ 38.039601958011659, 45.816287232902098 ], [ 38.039520455195316, 45.817276140723251 ], [ 38.033975503045824, 45.98107530448641 ], [ 38.03356776282093, 45.985975029546324 ], [ 38.032680770836926, 45.990811019928245 ], [ 38.031323103794598, 45.995536514395063 ], [ 38.029507889550999, 46.000105820141407 ], [ 38.027252680180673, 46.004474754616737 ], [ 38.024579282257207, 46.008601072745108 ], [ 38.021513545996243, 46.012444875410694 ], [ 38.018085115298803, 46.015968995259193 ], [ 38.014327141111877, 46.019139356084729 ], [ 38.010275960877877, 46.021925302327105 ], [ 38.005970747172547, 46.02429989549335 ], [ 38.001453128928752, 46.026240174637465 ], [ 37.996766788908701, 46.027727378379453 ], [ 37.991957041316844, 46.028747126317107 ], [ 37.987070393637659, 46.029289558076158 ], [ 37.982154096935098, 46.029349428654413 ], [ 37.977255688962074, 46.028926159137939 ], [ 37.972422534497809, 46.028023842298758 ], [ 37.964954243969551, 46.026245585931633 ], [ 37.960419541264727, 46.024936847990567 ], [ 37.956028443288552, 46.023206361878778 ], [ 37.951820077048843, 46.021069547143711 ], [ 37.947831941316906, 46.018545443936006 ], [ 37.944099572493627, 46.015656543351611 ], [ 37.940656227961313, 46.012428587024253 ], [ 37.937532589742823, 46.008890337753854 ], [ 37.93475649110848, 46.005073323214731 ], [ 37.932352668566921, 46.001011555027326 ], [ 37.930342541449683, 45.996741225696695 ], [ 37.829916531938885, 45.754315793866148 ], [ 37.829389454009942, 45.753204211941863 ], [ 37.828326526744824, 45.752584848440648 ], [ 37.719741495354697, 45.696390192080138 ], [ 37.715432530795191, 45.693880229723604 ], [ 37.711395013205603, 45.690953535629582 ], [ 37.707669103105758, 45.687639221140259 ], [ 37.704291861507315, 45.68397025319382 ], [ 37.701296881273997, 45.679983126407741 ], [ 37.698713952978949, 45.675717500072857 ], [ 37.696568768582807, 45.671215803668964 ], [ 37.694882665880037, 45.666522814825811 ], [ 37.693672416255424, 45.661685213927392 ], [ 37.692950057861857, 45.656751119789917 ], [ 37.692722775878821, 45.651769611031874 ], [ 37.692992831042631, 45.646790237897157 ], [ 37.693757537159215, 45.641862529386955 ], [ 37.695009287823289, 45.637035500602991 ], [ 37.696735632077981, 45.632357165202386 ], [ 37.698919398262454, 45.627874057813777 ], [ 37.701538864815582, 45.623630771165047 ], [ 37.702801177582188, 45.621797265081959 ], [ 37.702077915370367, 45.621480330219796 ], [ 37.699113534534803, 45.620350381880002 ], [ 37.694729958282423, 45.618166740835392 ], [ 37.690581033607067, 45.615564731417578 ], [ 37.68670656368058, 45.61256931629427 ], [ 37.683143718662556, 45.609209232314704 ], [ 37.679926679104248, 45.605516714819487 ], [ 37.677086308033644, 45.601527188387259 ], [ 37.67464985486756, 45.597278926985034 ], [ 37.672640693991333, 45.592812686782622 ], [ 37.671078100514016, 45.588171315153801 ], [ 37.669977065350523, 45.583399339615212 ], [ 37.669348151404535, 45.57854254064668 ], [ 37.669197392232192, 45.573647512491078 ], [ 37.669526234158418, 45.568761216147244 ], [ 37.670331522401518, 45.563930528844416 ], [ 37.671605531338862, 45.55920179432028 ], [ 37.673336038623539, 45.554620378217173 ], [ 37.675506442440813, 45.550230232861701 ], [ 37.678095920779469, 45.546073475603237 ], [ 37.743719617189569, 45.451400421368099 ], [ 37.744338956306265, 45.450409661479661 ], [ 37.744326584069761, 45.449241315201412 ], [ 37.736085603302698, 45.307384442213362 ], [ 37.73595639373238, 45.306192080531126 ], [ 37.734773354147933, 45.305995004820481 ], [ 37.592260077398656, 45.289511155766711 ], [ 37.591097219711529, 45.289432606262423 ], [ 37.590277949193748, 45.290261583851979 ], [ 37.536656461147601, 45.349962605046478 ], [ 37.533288791996711, 45.3533687464843 ], [ 37.529610649767513, 45.356437013869325 ], [ 37.52565578949951, 45.359139249104253 ], [ 37.521460505728463, 45.36145065324127 ], [ 37.517063299404199, 45.363350014066967 ], [ 37.51250452455983, 45.364819900770954 ], [ 37.507826017974729, 45.365846823911909 ], [ 37.503070715230187, 45.36642135921285 ], [ 37.498282256681044, 45.366538234049543 ], [ 37.493504586959538, 45.366196375838484 ], [ 37.35444334337415, 45.349520332618447 ], [ 37.349633299701246, 45.348703780261616 ], [ 37.344925737002143, 45.347422323543356 ], [ 37.340365477446092, 45.345688163611825 ], [ 37.335995940683262, 45.343517811943322 ], [ 37.331858730432771, 45.340931933131387 ], [ 37.32799323836074, 45.337955148132806 ], [ 37.324436269019941, 45.334615799843796 ], [ 37.321221689422245, 45.330945683238454 ], [ 37.318380106580221, 45.326979742638969 ], [ 37.315938576088293, 45.322755738999803 ], [ 37.313920344517953, 45.318313890373929 ], [ 37.312344628079977, 45.313696488984206 ], [ 37.311226429660863, 45.308947498545997 ], [ 37.31057639597568, 45.304112135674934 ], [ 37.310400716197421, 45.299236439365458 ], [ 37.310701063027906, 45.294366832639227 ], [ 37.311474576771516, 45.289549680537085 ], [ 37.31271389256321, 45.284830848663077 ], [ 37.314407210491716, 45.280255266483756 ], [ 37.316538407950155, 45.275866499540768 ], [ 37.319080533621992, 45.271717204420725 ], [ 37.317954430057164, 45.271506878208342 ], [ 37.079602210795883, 45.239125130952928 ], [ 37.078489473284712, 45.23902954355421 ], [ 37.079038930805986, 45.240001869709225 ], [ 37.105859255400276, 45.28243162330881 ], [ 37.108311256645507, 45.286776529439095 ], [ 37.110318053256329, 45.291344164138849 ], [ 37.111859665148771, 45.296089051088053 ], [ 37.11292074371454, 45.300963949206462 ], [ 37.113490724635007, 45.305920322995632 ], [ 37.113563933061698, 45.310908825768394 ], [ 37.113139640116316, 45.315879790954767 ], [ 37.112222070147567, 45.320783726592609 ], [ 37.110820358672697, 45.325571808079886 ], [ 37.108948461422358, 45.330196364282571 ], [ 37.106625015394471, 45.334611352158333 ], [ 37.103873153300398, 45.338772815170643 ], [ 37.100720273250865, 45.342639320929187 ], [ 37.097197765974663, 45.346172373699346 ], [ 37.093340702286056, 45.349336797673736 ], [ 37.089187483912454, 45.35210108718983 ], [ 37.084779461158838, 45.354437720406921 ], [ 37.080160521215532, 45.356323433319254 ], [ 36.914017257166002, 45.41466347882826 ], [ 36.909390581115296, 45.416041114090348 ], [ 36.904652615602302, 45.416966150841589 ], [ 36.899847526065656, 45.417429966255625 ], [ 36.895020103647575, 45.417428236828812 ], [ 36.890215347668558, 45.416960978682177 ], [ 36.885478046161531, 45.416032547411163 ], [ 36.880852358375535, 45.414651597484493 ], [ 36.876381403140691, 45.41283100157063 ], [ 36.872106856931559, 45.410587730543874 ], [ 36.868068565375502, 45.407942695288575 ], [ 36.864304171827563, 45.404920551776151 ], [ 36.860848766473971, 45.401549471231888 ], [ 36.857734559235375, 45.397860877533937 ], [ 36.854990579518663, 45.393889154292346 ], [ 36.852642405616351, 45.389671324338686 ], [ 36.850711926275864, 45.385246704613849 ], [ 36.849217136661281, 45.380656539671101 ], [ 36.848171970609584, 45.375943617210687 ], [ 36.847586170744897, 45.371151869229834 ], [ 36.847514244300029, 45.368282550663238 ], [ 36.847443140257731, 45.367356967553768 ], [ 36.846819650746824, 45.366397333350562 ], [ 36.845263812945383, 45.364246449 ], [ 36.842759648525828, 45.359938228039965 ], [ 36.840696755863028, 45.355402141495105 ], [ 36.839095624933172, 45.350683244693293 ], [ 36.837972159198038, 45.345828408751402 ], [ 36.8373375176416, 45.340885855021241 ], [ 36.837198003931817, 45.33590467612408 ], [ 36.837555003808554, 45.330934348331198 ], [ 36.838404971319505, 45.326024240133712 ], [ 36.839739464040896, 45.321223121883008 ], [ 36.841545226933071, 45.316578681372256 ], [ 36.843804323998022, 45.312137050170563 ], [ 36.846494316431311, 45.307942345414617 ], [ 36.84958848549865, 45.304036231608876 ], [ 36.853056097923591, 45.300457506786948 ], [ 36.856862711150157, 45.297241717144573 ], [ 36.860970515448464, 45.294420803971938 ], [ 36.865338709465263, 45.292022786392288 ], [ 36.869923905489209, 45.290071483057936 ], [ 36.874680560405523, 45.288586275568107 ], [ 36.879561428059453, 45.287581915958455 ], [ 36.884518028535496, 45.28706838017434 ], [ 36.96044877017345, 45.283010875710389 ], [ 36.961358893073061, 45.282917060424438 ], [ 36.960478661873921, 45.282667424616974 ], [ 36.751243233324971, 45.234334616704182 ], [ 36.746444286919917, 45.232970615002834 ], [ 36.741805161373762, 45.231135158273055 ], [ 36.737372044539036, 45.228846520606339 ], [ 36.733189073213609, 45.226127488033796 ], [ 36.729297893707923, 45.223005131664898 ], [ 36.725737247207867, 45.219510538163291 ], [ 36.722542584061522, 45.215678500243165 ], [ 36.719745710830018, 45.211547170267629 ], [ 36.717374473616466, 45.207157680397842 ], [ 36.715452480825867, 45.202553733074865 ], [ 36.71399886811615, 45.19778116591138 ], [ 36.713028107880604, 45.192887495325309 ], [ 36.712549865158515, 45.187921443459025 ], [ 36.712568901408488, 45.182932453094125 ], [ 36.713085027102686, 45.17797019539146 ], [ 36.714093103613735, 45.173084075357345 ], [ 36.715583094375752, 45.168322739959692 ], [ 36.717540164809918, 45.163733593791221 ], [ 36.719944830019841, 45.159362327102031 ], [ 36.722773148786224, 45.155252460900364 ], [ 36.72599696192934, 45.151444913650735 ], [ 36.729584172666165, 45.147977593883326 ], [ 36.733499066170971, 45.144885022770822 ], [ 36.73770266515762, 45.14219799043024 ], [ 36.742153117943481, 45.139943249371782 ], [ 36.746806115131257, 45.138143248146669 ], [ 37.190685390828797, 44.991437385760292 ], [ 37.191865100598385, 44.990979031614508 ], [ 37.19266726637089, 44.990000086398133 ], [ 37.362930933327462, 44.758961104925575 ], [ 37.366347555431695, 44.754811888894103 ], [ 37.370189822527223, 44.751053394003115 ], [ 37.3744133344509, 44.747729052367617 ], [ 37.378969285481048, 44.744877279149108 ], [ 37.383805028322726, 44.742531028640713 ], [ 37.658567720650751, 44.627025213470333 ], [ 37.659564376576313, 44.626546674861522 ], [ 37.658549778160818, 44.626107457046096 ], [ 37.262217801054483, 44.47744325746514 ], [ 37.261186247319309, 44.477106833320356 ], [ 37.260111964899593, 44.476954512617802 ], [ 36.685702487141754, 44.42091778396631 ], [ 36.681131446650738, 44.420257538465044 ], [ 36.676640828028148, 44.419178335203917 ], [ 36.672268945834332, 44.417689382089875 ], [ 36.668053101554513, 44.415803383070596 ], [ 36.664029265337504, 44.413536429742649 ], [ 36.660231769093564, 44.410907864055872 ], [ 36.656693013569971, 44.407940113285228 ], [ 36.653443191903449, 44.40465849867833 ], [ 36.310883598132314, 44.025193867930035 ], [ 36.309861681604801, 44.024185417351966 ], [ 36.30873044315365, 44.023301344094612 ], [ 35.977137594658551, 43.793679060457087 ], [ 35.976101468043005, 43.793034410010144 ], [ 35.974959465673038, 43.792604336587246 ], [ 35.192640613474957, 43.541082516780023 ], [ 35.191568807073551, 43.540790123455565 ], [ 35.190457835840938, 43.54079251893576 ], [ 34.574831430565645, 43.569688342324419 ], [ 34.57350463233923, 43.569822297528134 ], [ 34.572236906896876, 43.570236072506603 ], [ 33.813201368638445, 43.863946190977259 ], [ 33.808300402612865, 43.865557247808319 ], [ 33.803259517877805, 43.8666547236325 ], [ 33.798132379635895, 43.867226934734425 ], [ 33.792973571343637, 43.867267789361101 ], [ 32.82452580214666, 43.824926079069975 ], [ 32.823308590054594, 43.824932361159533 ], [ 32.822097796545343, 43.825057356436673 ], [ 31.485998034138056, 44.029345976763999 ], [ 31.481009117737742, 44.029854378074752 ], [ 31.475994367354179, 44.029860488122189 ], [ 31.471004226880488, 44.029364245444704 ], [ 31.46608889265616, 44.028370641798752 ], [ 31.461297808536877, 44.026889671946236 ], [ 31.456679168533658, 44.024936233116179 ], [ 31.452279432024305, 44.022529975151954 ], [ 31.448142856413732, 44.019695102851458 ], [ 31.444311051944123, 44.016460132488568 ], [ 31.440822563133217, 44.012857604964964 ], [ 31.020099209222884, 43.532340141188151 ], [ 31.019303317869593, 43.531511826464666 ], [ 31.018310819356024, 43.530933471013491 ], [ 30.232444687037006, 43.120471258528859 ], [ 30.231264763646731, 43.119931427443795 ], [ 30.229998514240581, 43.119648144460371 ], [ 29.806567780837572, 43.047901811404508 ], [ 29.80547831511754, 43.047766230552554 ], [ 29.804381146554036, 43.047727002173481 ], [ 28.64920056475556, 43.057311554364752 ], [ 28.648109351319214, 43.057368484369078 ], [ 28.647027311033479, 43.057520723029477 ], [ 27.905167535252335, 43.195281863523178 ], [ 27.904096492790305, 43.195534709044964 ] ], [ [ 31.727525228134805, 46.476193823866886 ], [ 31.73057199580769, 46.479994452252448 ], [ 31.733234480076003, 46.484073514264558 ], [ 31.735487411227659, 46.488392295412474 ], [ 31.737309406630583, 46.492909806024457 ], [ 31.738683173675838, 46.497583170281928 ], [ 31.739595673902279, 46.502368033155037 ], [ 31.74003824674493, 46.507218981377456 ], [ 31.74000669173266, 46.512089974464999 ], [ 31.739501308354967, 46.516934781687084 ], [ 31.738526893219515, 46.521707420843931 ], [ 31.737092694527394, 46.526362594684855 ], [ 31.735212324298189, 46.530856120825739 ], [ 31.732903629177933, 46.535145351085276 ], [ 31.730188521056078, 46.539189576260057 ], [ 31.727092769099155, 46.542950412496701 ], [ 31.7236457551749, 46.546392165594135 ], [ 31.719880194988125, 46.54948216977818 ], [ 31.715831827575062, 46.552191097733392 ], [ 31.711539076103172, 46.554493238949355 ], [ 31.707042683195809, 46.556366743739922 ], [ 31.70238532424283, 46.557793830619119 ], [ 31.697611202367305, 46.558760955065772 ], [ 31.676006871282198, 46.562051357245643 ], [ 31.671095362852299, 46.562552839448735 ], [ 31.666158341030023, 46.562567501760732 ], [ 31.661243940592186, 46.562095201227613 ], [ 31.656400075762534, 46.561140542666124 ], [ 31.65167397305957, 46.559712833767911 ], [ 31.647111710849359, 46.557825994351774 ], [ 31.642757770092519, 46.555498420648767 ], [ 31.638654600665536, 46.552752805943378 ], [ 31.63484220748467, 46.549615919319429 ], [ 31.631357760467637, 46.546118344667981 ], [ 31.628235232135822, 46.542294182501699 ], [ 31.625505066390382, 46.53818071748308 ], [ 31.623193881691495, 46.533818054907925 ], [ 31.621324211534798, 46.529248729688362 ], [ 31.619914284755183, 46.524517291647648 ], [ 31.618977847800068, 46.519669871170109 ], [ 31.618524030704812, 46.514753729440962 ], [ 31.618557258077086, 46.509816797661131 ], [ 31.619077205957986, 46.504907209729524 ], [ 31.620078804980579, 46.500072832949115 ], [ 31.621552289794991, 46.495360801332218 ], [ 31.623483294278241, 46.490817056055171 ], [ 31.625852991600475, 46.486485897542948 ], [ 31.628638277782049, 46.482409553550632 ], [ 31.631811996951761, 46.47862776745292 ], [ 31.635343206110086, 46.475177410755833 ], [ 31.64909190062642, 46.463010757763925 ], [ 31.652921483555961, 46.45994331818396 ], [ 31.657033279591218, 46.457266001550572 ], [ 31.661387692315664, 46.45500459030621 ], [ 31.665942788924632, 46.453180861742545 ], [ 31.670654704036394, 46.451812378286128 ], [ 31.675478062113886, 46.450912318372971 ], [ 31.68036641442913, 46.450489349540788 ], [ 31.685272686362488, 46.450547544960997 ], [ 31.690149630729163, 46.451086344214239 ], [ 31.694950282767564, 46.452100558687192 ], [ 31.699628412407886, 46.453580421538717 ], [ 31.704138969465674, 46.455511681754068 ], [ 31.708438517473141, 46.457875741381585 ], [ 31.712485651970447, 46.460649834630139 ], [ 31.716241399228853, 46.463807247102707 ], [ 31.719669591566031, 46.467317573054849 ], [ 31.727525228134805, 46.476193823866886 ] ] ], [ [ [ 37.778614060161331, 44.729696459545444 ], [ 37.779634332687039, 44.729334021413891 ], [ 37.819234466409355, 44.713025357353416 ], [ 37.820187476468575, 44.712577923136408 ], [ 37.819178184398794, 44.712278331632426 ], [ 37.809902434189631, 44.710005774225579 ], [ 37.80545757235334, 44.708695702198625 ], [ 37.801153084083204, 44.706979757504961 ], [ 37.797025941637003, 44.704872678795397 ], [ 37.794495678926275, 44.703429313958836 ], [ 37.793443024055662, 44.702896054733635 ], [ 37.792821502994755, 44.703899129630457 ], [ 37.779090742617115, 44.728724301501487 ], [ 37.778614060161331, 44.729696459545444 ] ] ], [ [ [ 33.664976817926558, 35.361541723674421 ], [ 33.664905167159176, 35.36271041766647 ], [ 33.660382193123311, 35.76717228851485 ], [ 33.66045627342254, 35.76867424737371 ], [ 33.660711001465785, 35.77015630065501 ], [ 33.766426233024134, 36.22028160499864 ], [ 33.766774493591114, 36.221485719961265 ], [ 33.767665076029438, 36.222367786390699 ], [ 33.870180646054308, 36.314060587654637 ], [ 33.871099090565536, 36.314803551068557 ], [ 33.871916445675616, 36.313950635141438 ], [ 33.913492228784648, 36.266022996457032 ], [ 33.916939390855632, 36.26242778035914 ], [ 33.920727146646769, 36.259193369871774 ], [ 33.924817908734482, 36.256351861350595 ], [ 33.929171082841847, 36.253931452227107 ], [ 33.933743470672006, 36.251956161194173 ], [ 33.93848969858216, 36.250445589858884 ], [ 33.943362667844532, 36.24941472822794 ], [ 33.948314022025926, 36.248873805955753 ], [ 33.953294626848091, 36.248828190831517 ], [ 33.958255057766905, 36.24927833551245 ], [ 33.963146090432012, 36.250219773031901 ], [ 33.967919189159808, 36.251643161126857 ], [ 33.972526988572582, 36.253534374944962 ], [ 33.976923763624171, 36.255874647211151 ], [ 33.981065883348002, 36.258640754462789 ], [ 33.984912243824702, 36.261805247505507 ], [ 33.988424676072817, 36.265336723802548 ], [ 33.991568324814963, 36.269200139094764 ], [ 33.994311994360757, 36.273357155158919 ], [ 34.076659542390679, 36.41276464381837 ], [ 34.077372394708341, 36.413839449775011 ], [ 34.07838111619251, 36.414643095989838 ], [ 34.595623308951389, 36.784414514008965 ], [ 34.596547008808685, 36.785014683180286 ], [ 34.597621878097108, 36.785255682087872 ], [ 34.769486477960648, 36.815839713742108 ], [ 34.770753222911672, 36.815997956303043 ], [ 34.771931972150774, 36.815507819882534 ], [ 35.330492012537192, 36.548514698395088 ], [ 35.334860238348725, 36.54667565405817 ], [ 35.339382968561665, 36.545258476498866 ], [ 35.344019564670681, 36.544275899613531 ], [ 35.348728365040664, 36.543736752240974 ], [ 35.353467059252907, 36.543645878831867 ], [ 35.358193068280819, 36.544004095919433 ], [ 35.362863927079133, 36.54480818478261 ], [ 35.569939032688225, 36.590656191887405 ], [ 35.574645407988598, 36.59194201695577 ], [ 35.579204059924052, 36.593680409059331 ], [ 35.583571584084169, 36.595854816400461 ], [ 35.58770639584835, 36.598444535738366 ], [ 35.591569126326554, 36.601424909511422 ], [ 35.595122997203291, 36.604767560609858 ], [ 35.59833417091599, 36.60844066256341 ], [ 35.60117207283345, 36.61240924257158 ], [ 35.603609682366823, 36.616635514491037 ], [ 35.605623790241509, 36.621079238609781 ], [ 35.607195219480168, 36.625698104782579 ], [ 35.608309007993007, 36.630448135279643 ], [ 35.608954551036689, 36.635284103512902 ], [ 35.609125702185551, 36.640159964653115 ], [ 35.608820831853748, 36.645029294037649 ], [ 35.608042842811045, 36.64984572919488 ], [ 35.606799142544602, 36.654563411276328 ], [ 35.605101572729893, 36.659137421693735 ], [ 35.602966296482244, 36.663524209803569 ], [ 35.600413644462542, 36.667682007566889 ], [ 35.597467921302403, 36.671571227236463 ], [ 35.594157174191835, 36.675154838284584 ], [ 35.590512925832819, 36.678398719982823 ], [ 35.586569874301382, 36.68127198627657 ], [ 35.582365562675918, 36.683747279861258 ], [ 35.580861808091264, 36.684445124513068 ], [ 35.579517391593171, 36.685154099947965 ], [ 35.579988678333073, 36.686242811158728 ], [ 35.606190379036605, 36.739350138006948 ], [ 35.606737943721335, 36.740342045757231 ], [ 35.607771827866678, 36.740805501950469 ], [ 36.05743536613334, 36.91798249139331 ], [ 36.058591656163621, 36.918372221099233 ], [ 36.059540552336763, 36.917605088822071 ], [ 36.188105044276156, 36.802523015487175 ], [ 36.188926010140015, 36.801715986415005 ], [ 36.189192190426837, 36.800595973500911 ], [ 36.215926811134885, 36.658998533771651 ], [ 36.216091260848138, 36.65780667213955 ], [ 36.215185080916328, 36.657015207807071 ], [ 35.822972504392446, 36.347285264649038 ], [ 35.819367223888591, 36.344147066114132 ], [ 35.816078072225935, 36.340678951511642 ], [ 35.813135107432146, 36.33691261432832 ], [ 35.810565223894052, 36.332882473368429 ], [ 35.808391906582372, 36.328625358216271 ], [ 35.806635016433482, 36.324180172667766 ], [ 35.805310608849531, 36.319587539206715 ], [ 35.804430786975608, 36.314889427774865 ], [ 35.80400359109472, 36.310128772228062 ], [ 35.80403292515139, 36.305349077983749 ], [ 35.804518521075316, 36.300594024445189 ], [ 35.805455941231131, 36.295907065835657 ], [ 35.806836618971921, 36.291331034090575 ], [ 35.808647936925794, 36.286907747436288 ], [ 35.810873342300184, 36.282677628232818 ], [ 35.976102065329123, 36.00203914472943 ], [ 35.976658634007634, 36.000975677049553 ], [ 35.975783676507596, 36.000153982718871 ], [ 35.826221805926714, 35.873139128018614 ], [ 35.822700366867451, 35.869843365111329 ], [ 35.81951285925004, 35.866223643937253 ], [ 35.816688942942747, 35.862313646126694 ], [ 35.814254894584181, 35.858149754344083 ], [ 35.812233363078228, 35.853770713746009 ], [ 35.810643158845238, 35.849217271456212 ], [ 35.809499078790424, 35.844531797412174 ], [ 35.808811768618149, 35.839757890111422 ], [ 35.808587623773249, 35.834939970925959 ], [ 35.808828729931243, 35.830122870759908 ], [ 35.809532843591008, 35.825351412896396 ], [ 35.810693412950677, 35.820669995915338 ], [ 35.812299638872346, 35.816122180563141 ], [ 35.839868343142591, 35.748624534222635 ], [ 35.840273193603792, 35.747471226777343 ], [ 35.839618374739203, 35.746439124934732 ], [ 35.7499506776172, 35.619643884316162 ], [ 35.747293543373772, 35.615461278961085 ], [ 35.74506346635377, 35.611036201964161 ], [ 35.743282349972212, 35.606412115635031 ], [ 35.741967688033569, 35.60163443691718 ], [ 35.741132392910714, 35.596750091310902 ], [ 35.740784668721993, 35.59180705197943 ], [ 35.740927930751774, 35.586853868565228 ], [ 35.741560771906194, 35.581939190344109 ], [ 35.742676976533367, 35.577111288400801 ], [ 35.744265581472376, 35.572417581519069 ], [ 35.746310983731505, 35.56790417044293 ], [ 35.74879309373798, 35.563615385083452 ], [ 35.751687532654152, 35.559593349118366 ], [ 35.754965871822044, 35.555877566260861 ], [ 35.758595911984536, 35.552504532261239 ], [ 35.918031264184485, 35.418447465980698 ], [ 35.918903499704605, 35.417639028269114 ], [ 35.919190316994836, 35.416484860959613 ], [ 35.96215529752569, 35.199246199597908 ], [ 35.962341019497138, 35.197948491197771 ], [ 35.961975320201134, 35.196689601303021 ], [ 35.872451141738459, 34.940203593429231 ], [ 35.871121713004655, 34.935735304455008 ], [ 35.870214221022998, 34.931162619749209 ], [ 35.869736554798102, 34.926525290550956 ], [ 35.869692866775544, 34.921863630066518 ], [ 35.870083536743799, 34.917218163018816 ], [ 35.870905168532722, 34.912629273358029 ], [ 35.872150619537081, 34.908136853196119 ], [ 35.988406237043534, 34.553859887762151 ], [ 35.988714803684928, 34.552741116173934 ], [ 35.987818911949851, 34.552003389098395 ], [ 35.683399686598847, 34.324913996836649 ], [ 35.679745122864396, 34.321908456303163 ], [ 35.676391032151372, 34.318570914471763 ], [ 35.673367452502113, 34.314931261178913 ], [ 35.670701462019551, 34.311022091863769 ], [ 35.668416936365347, 34.306878415655028 ], [ 35.666534334937957, 34.302537341841656 ], [ 35.665070517645546, 34.298037747535275 ], [ 35.664038593914654, 34.293419929500622 ], [ 35.663447805286857, 34.28872524327204 ], [ 35.640974458992446, 34.000630469005479 ], [ 35.640824453582852, 33.999451453540601 ], [ 35.639822327310213, 33.99881245274058 ], [ 35.487532945596428, 33.911831507460619 ], [ 35.483582907993878, 33.909323286661298 ], [ 35.47988463397315, 33.90645680137311 ], [ 35.476470511492437, 33.903257155091666 ], [ 35.473370440027928, 33.899752368999089 ], [ 35.470611568726611, 33.895973136566113 ], [ 35.468218058645171, 33.891952554751278 ], [ 35.466210871157486, 33.887725834151446 ], [ 35.464607584383515, 33.883329990641933 ], [ 35.349581116802298, 33.515299295384565 ], [ 35.349048867309818, 33.513898728245643 ], [ 35.348352139499106, 33.512572286316555 ], [ 35.104944470335582, 33.110068411341061 ], [ 35.102543492172977, 33.105601030020303 ], [ 35.100607427332605, 33.100913403228823 ], [ 35.099156195747085, 33.096053761381157 ], [ 35.098204728959416, 33.091072104733584 ], [ 35.067232619660828, 32.868034200462631 ], [ 35.067017724509249, 32.866891415696671 ], [ 35.065918141443483, 32.866513190857788 ], [ 34.984273099177926, 32.842734817450406 ], [ 34.979645064319747, 32.841137276817776 ], [ 34.97519546070469, 32.839094761116421 ], [ 34.970966952632125, 32.836626854675387 ], [ 34.967000084462839, 32.833757220613549 ], [ 34.963332891866017, 32.8305133739496 ], [ 34.96000053712045, 32.826926417778814 ], [ 34.957034971966735, 32.823030745046097 ], [ 34.954464631243226, 32.818863708774778 ], [ 34.952314160243212, 32.814465263913291 ], [ 34.950604178407538, 32.809877584233639 ], [ 34.94935108161846, 32.805144657955047 ], [ 34.837926465899628, 32.281971867708855 ], [ 34.837593421731903, 32.280727724845505 ], [ 34.837133707575688, 32.279524615217547 ], [ 34.610061615804597, 31.766505386344786 ], [ 34.609590680803038, 31.765553363012039 ], [ 34.608964873146753, 31.764695171320735 ], [ 34.349167932780986, 31.438613590720369 ], [ 34.348383652644934, 31.43772311078974 ], [ 34.347306989689002, 31.438221956174502 ], [ 34.226829994978111, 31.501436105669168 ], [ 34.225670683600676, 31.502127510966481 ], [ 34.224795207341494, 31.503154927860926 ], [ 33.8905502206647, 31.941768557188766 ], [ 33.889819137752035, 31.942839583734621 ], [ 33.889326016089271, 31.944038921515663 ], [ 33.710987399501569, 32.451621673172667 ], [ 33.710610621942699, 32.452914250729556 ], [ 33.710520929431965, 32.454257632031492 ], [ 33.697732918215344, 33.483374833131727 ], [ 33.697790687319994, 33.484735225316172 ], [ 33.698143232265608, 33.486050412080964 ], [ 33.935667583230554, 34.210645241970958 ], [ 33.936904372685603, 34.215106165705116 ], [ 33.937723294029439, 34.219662354523706 ], [ 33.938117327635773, 34.224274753707988 ], [ 33.938083095929123, 34.228903826715438 ], [ 33.937620892336675, 34.233509894078949 ], [ 33.936734678773099, 34.238053473531075 ], [ 33.756415579623528, 34.978307322775336 ], [ 33.756198993174465, 34.979432204734124 ], [ 33.757344508630801, 34.979440170305523 ], [ 33.971061109662585, 34.970507989170457 ], [ 33.97605419957948, 34.9705488492407 ], [ 33.981018315930541, 34.971087519192295 ], [ 33.985903951352128, 34.972118626844711 ], [ 33.990662381174587, 34.97363188891331 ], [ 33.99524614935563, 34.975612213564979 ], [ 33.99960954176165, 34.978039850929711 ], [ 34.003709042076913, 34.980890590066977 ], [ 34.007503765793793, 34.984136000422566 ], [ 34.010955867955879, 34.987743715367799 ], [ 34.014030920587501, 34.991677754993468 ], [ 34.016698256045501, 34.995898884939109 ], [ 34.018931272869104, 35.000365007679143 ], [ 34.020707701077505, 35.005031582363429 ], [ 34.022009824269418, 35.009852069025229 ], [ 34.022824656309595, 35.014778392726519 ], [ 34.023144070840139, 35.019761423011516 ], [ 34.022964882325063, 35.024751463887064 ], [ 34.022288877819761, 35.029698749443043 ], [ 34.021122799148664, 35.034553940170127 ], [ 34.019478275668689, 35.039268615025023 ], [ 34.017371708289097, 35.043795754335754 ], [ 34.014824105904516, 35.048090208731089 ], [ 34.011860875872195, 35.052109149417284 ], [ 34.008511570623298, 35.055812495311642 ], [ 33.900787867796609, 35.163580202806244 ], [ 33.899977963847014, 35.164474888964236 ], [ 33.900164465888892, 35.165667208014341 ], [ 33.923336507799299, 35.277307082901075 ], [ 33.923650925678913, 35.278511074213142 ], [ 33.924674888470669, 35.279218148384707 ], [ 34.191425282603362, 35.444071189758034 ], [ 34.195447888114579, 35.446837349546215 ], [ 34.199181558935827, 35.449982615396848 ], [ 34.2025907012438, 35.453477002867722 ], [ 34.20564281500976, 35.457287199271093 ], [ 34.208308803828771, 35.461376881250111 ], [ 34.210563252301483, 35.465707061056605 ], [ 34.212384668324148, 35.47023645822896 ], [ 34.213755687977141, 35.474921893126997 ], [ 34.214663241058602, 35.479718698571972 ], [ 34.215098675685283, 35.484581145667676 ], [ 34.215057840772658, 35.489462879743037 ], [ 34.214541125608044, 35.494317362260389 ], [ 34.213553456139422, 35.499098314476562 ], [ 34.212104248015422, 35.503760158627323 ], [ 34.210207316824082, 35.508258452429189 ], [ 34.207880746386095, 35.512550312756566 ], [ 34.205146716358172, 35.516594824455034 ], [ 34.202031290789989, 35.520353430393641 ], [ 34.198564169650432, 35.523790299037657 ], [ 34.194778405691913, 35.526872666037711 ], [ 34.190710089351938, 35.529571146578775 ], [ 34.186398004695832, 35.531860015511491 ], [ 34.181883259680525, 35.533717452595056 ], [ 34.177208894264304, 35.53512575051392 ], [ 34.172419470098347, 35.536071483685141 ], [ 34.167560645711667, 35.536545636247119 ], [ 34.162678741239333, 35.53654368800958 ], [ 34.15782029684344, 35.536065657545464 ], [ 34.153031629036526, 35.535116102013838 ], [ 34.148358389137087, 35.53370407371564 ], [ 33.666098068853174, 35.361879030417654 ], [ 33.664976817926558, 35.361541723674421 ] ] ], [ [ [ 10.005279987250788, 34.170628675295312 ], [ 10.005952675505389, 34.171576326702976 ], [ 10.125994565496111, 34.324704108637739 ], [ 10.126754538607964, 34.325584953771255 ], [ 10.127784862996725, 34.326125211981427 ], [ 10.589982599534736, 34.541433439877309 ], [ 10.5945196375114, 34.543837815497319 ], [ 10.598786159022131, 34.546694829659394 ], [ 10.60273716807548, 34.549974351451382 ], [ 10.863075210012811, 34.789682522434411 ], [ 10.866218801017503, 34.792847505076274 ], [ 10.869067791128595, 34.796280074795156 ], [ 10.871599503205854, 34.799952909325313 ], [ 10.873793785550752, 34.803836773962367 ], [ 10.875633172308195, 34.807900754263081 ], [ 10.9453891084048, 34.98234615507738 ], [ 10.945910341154161, 34.983478381731274 ], [ 10.947092437984088, 34.983873689028755 ], [ 11.136456801246016, 35.036624692552834 ], [ 11.137453597800677, 35.03685867169974 ], [ 11.138475253888886, 35.036926262010397 ], [ 11.76039913061023, 35.052438631159006 ], [ 11.761663186221277, 35.052405807118731 ], [ 11.762894497279516, 35.052118079672056 ], [ 12.774238552932148, 34.760803041041278 ], [ 12.779048757996613, 34.759671584818378 ], [ 12.78394715654064, 34.759020464514293 ], [ 12.788885904404886, 34.758856039820508 ], [ 13.602193677622727, 34.771995744769534 ], [ 13.603689544413315, 34.771929812811798 ], [ 13.605166662081855, 34.771684684534911 ], [ 14.881103784773419, 34.480119000398005 ], [ 14.884350868943979, 34.479140795375308 ], [ 16.399688540777177, 33.907786674654318 ], [ 16.400957327919237, 33.907225411835697 ], [ 16.402070009919662, 33.906396692625314 ], [ 16.863120861992439, 33.521137923191489 ], [ 16.863961811987071, 33.520367053770656 ], [ 16.864648014497448, 33.519455701658757 ], [ 17.196123767800007, 33.034440054068227 ], [ 17.198895033319985, 33.030761114928019 ], [ 17.20199307900678, 33.027352798818548 ], [ 17.205391615457142, 33.024244028036527 ], [ 17.209061803362601, 33.021461182996255 ], [ 17.212972498234148, 33.019027878370593 ], [ 17.217090514688199, 33.016964762701576 ], [ 17.221380908051206, 33.01528934318091 ], [ 17.225807270893252, 33.014015837087442 ], [ 18.06253532616622, 32.814507926430196 ], [ 18.06722490978547, 32.813623872395553 ], [ 18.071977414774576, 32.813190926224969 ], [ 18.076749548196837, 32.813213031840924 ], [ 18.081497838310362, 32.813689987872323 ], [ 18.086179030573856, 32.814617449488956 ], [ 18.090750481673766, 32.815986967980692 ], [ 18.095170547983514, 32.817786067720988 ], [ 18.09939896491602, 32.819998359813596 ], [ 18.103397213713901, 32.822603691387187 ], [ 18.107128872336038, 32.825578329177901 ], [ 18.110559947244095, 32.828895175727467 ], [ 18.113659183066609, 32.832524016227481 ], [ 18.116398347319745, 32.836431793761129 ], [ 18.36434677610773, 33.22874883409591 ], [ 18.36517271950358, 33.229904071128509 ], [ 18.366124857935954, 33.230957725483471 ], [ 18.932760660574502, 33.790274477388124 ], [ 18.93365573781044, 33.791076568229592 ], [ 18.934623909871913, 33.791788716975333 ], [ 19.460963709890994, 34.141131969529447 ], [ 19.461773555917219, 34.141626190823352 ], [ 19.462618612602341, 34.142057449993992 ], [ 20.161225053761434, 34.465715240161344 ], [ 20.162167821259562, 34.466106005028415 ], [ 20.163139377052506, 34.466418394333282 ], [ 21.398629598525719, 34.80858453646502 ], [ 21.399844432708537, 34.808856295199533 ], [ 21.401089051018314, 34.8088807934557 ], [ 22.656873894339014, 34.770670242865123 ], [ 22.658068782144628, 34.770576090609609 ], [ 22.659223470744188, 34.770254662930036 ], [ 24.021787966596513, 34.319154702139748 ], [ 24.022881257923544, 34.318734661218151 ], [ 24.023876532033327, 34.318117287953221 ], [ 24.633944108229375, 33.898669069930335 ], [ 24.637710778115533, 33.896318544558106 ], [ 24.641671114142142, 33.894311429685175 ], [ 24.645793888629441, 33.892663551630328 ], [ 24.650046593052775, 33.891387904091019 ], [ 24.654395694375825, 33.890494545686671 ], [ 25.618950465663573, 33.736635444548753 ], [ 25.620222356662136, 33.736363614948331 ], [ 25.621409909977867, 33.735833223426823 ], [ 26.374825830618946, 33.350830095153817 ], [ 26.375995575759188, 33.350149516785635 ], [ 26.376990346169386, 33.349231953469548 ], [ 26.749867264663585, 32.965631487239513 ], [ 26.750661768450001, 32.964730929170805 ], [ 26.751268539489079, 32.963694555682316 ], [ 27.111502182813688, 32.274042897701456 ], [ 27.111966728245129, 32.273049119335909 ], [ 27.112249723836282, 32.271989255480094 ], [ 27.226363095570992, 31.753999315945958 ], [ 27.226559468175214, 31.75285686090449 ], [ 27.226540653144554, 31.75169780451407 ], [ 27.203217903156691, 31.38107293554436 ], [ 27.20308482482449, 31.3798977742888 ], [ 27.201913609731822, 31.380061996777421 ], [ 25.97644027201039, 31.614759080984712 ], [ 25.971647624907103, 31.615438379529259 ], [ 25.966811750558033, 31.615651057805813 ], [ 25.961977972543202, 31.615395122515913 ], [ 25.957191594795013, 31.614672972378543 ], [ 25.403221183905039, 31.503432011519109 ], [ 25.401863596781556, 31.503236682242758 ], [ 25.400496220105666, 31.503343814640019 ], [ 25.192155707452358, 31.531315457048709 ], [ 25.190968517356907, 31.53153514212622 ], [ 25.190393350410748, 31.532596681028092 ], [ 24.991698679223642, 31.947065573053013 ], [ 24.989411962420153, 31.95129985720363 ], [ 24.986728776089013, 31.955294697265497 ], [ 24.983673975375147, 31.959013087859031 ], [ 24.980275857796908, 31.962420584437456 ], [ 24.976565901117841, 31.965485622356791 ], [ 24.972578471758883, 31.968179809268435 ], [ 24.968350506452101, 31.970478188125842 ], [ 24.963921170084859, 31.97235946836901 ], [ 24.959331492903932, 31.973806223145189 ], [ 24.741037213028775, 32.031227577010888 ], [ 24.736149885271345, 32.032255261308627 ], [ 24.73118441628877, 32.032790261689406 ], [ 24.726190345785756, 32.032827240538396 ], [ 24.09183946790327, 32.005813943945327 ], [ 24.090681525241408, 32.005818955024502 ], [ 24.089650807406354, 32.006346664284962 ], [ 23.848737904400608, 32.144307678076821 ], [ 23.84448444972772, 32.146480566360687 ], [ 23.8400430704481, 32.14823768623225 ], [ 23.835454295604716, 32.149563003396246 ], [ 23.8307599992734, 32.150444423898776 ], [ 23.368956856378301, 32.214496957164279 ], [ 23.364051334123818, 32.214932497449645 ], [ 23.359126760335609, 32.214883335128043 ], [ 23.354230910951301, 32.214349947149579 ], [ 23.349411283237647, 32.213337508197768 ], [ 23.344714634993984, 32.211855840487146 ], [ 23.340186530929717, 32.209919318472664 ], [ 23.335870900616552, 32.207546729395418 ], [ 23.33180961230412, 32.204761091017474 ], [ 23.328042066733566, 32.201589428314222 ], [ 23.324604814889806, 32.198062511290537 ], [ 23.321531203400738, 32.194214556464445 ], [ 23.31885105102371, 32.190082894914255 ], [ 23.316590359357704, 32.185707610109745 ], [ 23.314771060587852, 32.181131149040816 ], [ 23.31341080470953, 32.176397910416483 ], [ 23.312522788296246, 32.171553813929094 ], [ 23.312115626472593, 32.166645854762727 ], [ 23.312160333311926, 32.163810491271946 ], [ 23.312130010922054, 32.162853506448585 ], [ 23.311212997009331, 32.163465481066893 ], [ 23.081565732346611, 32.333320538422683 ], [ 23.080650098544368, 32.334070129919802 ], [ 23.081104276044787, 32.335162830917611 ], [ 23.141089021083683, 32.461559258183236 ], [ 23.1430078878012, 32.466188236043493 ], [ 23.144453790670322, 32.470986032454704 ], [ 23.145412207340186, 32.47590445933708 ], [ 23.145873511671002, 32.480894117023212 ], [ 23.145833070417005, 32.485904890418141 ], [ 23.145291289761825, 32.490886452345094 ], [ 23.14425361123887, 32.495788769021253 ], [ 23.113122720478447, 32.613417373974727 ], [ 23.111603329479056, 32.618181175658087 ], [ 23.109615729472583, 32.622769399900832 ], [ 23.107179798331799, 32.627136160137532 ], [ 23.104319897663231, 32.631237784651475 ], [ 23.10106462916815, 32.635033253332992 ], [ 23.097446548598608, 32.638484607919203 ], [ 23.093501840169232, 32.64155733161239 ], [ 23.089269954681004, 32.644220694280513 ], [ 23.08479321497607, 32.646448059787495 ], [ 23.080116392669435, 32.648217152379651 ], [ 22.156925762073421, 32.94557972932018 ], [ 22.152000521025428, 32.946893186844122 ], [ 22.146967145176092, 32.947698356147633 ], [ 22.141877947749649, 32.947986868890332 ], [ 21.728705026030582, 32.950315040638472 ], [ 21.723854769717349, 32.950106683423876 ], [ 21.719047582463983, 32.949428929970189 ], [ 21.714328783353444, 32.948288169702955 ], [ 21.709742858201892, 32.94669515697943 ], [ 21.705333040174889, 32.944664909703448 ], [ 21.415975661259921, 32.794011634631914 ], [ 21.414786812579383, 32.793470323519927 ], [ 21.413488528611733, 32.793325971018774 ], [ 21.059930405371627, 32.77280520775048 ], [ 21.055507278193534, 32.772350444958853 ], [ 21.051142042370632, 32.77150452567151 ], [ 21.046869219695093, 32.770274139710267 ], [ 21.042722601124005, 32.768669017392142 ], [ 20.568345014365672, 32.560338193833587 ], [ 20.564655163596736, 32.558533460297113 ], [ 20.561125899860983, 32.556431946719194 ], [ 20.5577810415408, 32.554047835846646 ], [ 20.082818478216943, 32.185174672833831 ], [ 20.079294586608448, 32.182166050767819 ], [ 20.076064337795263, 32.178844136950538 ], [ 20.073155472661647, 32.17523745947134 ], [ 20.070592972097831, 32.171376991926479 ], [ 20.068398842467936, 32.167295887422583 ], [ 20.066591926622657, 32.163029193862855 ], [ 19.924117620234878, 31.777800010497618 ], [ 19.92269293735902, 31.773307544185677 ], [ 19.921697569053514, 31.768700894991621 ], [ 19.92114035895667, 31.764020992025891 ], [ 19.921026257763156, 31.75930941524329 ], [ 19.921356279238108, 31.754608026013845 ], [ 19.922127491210045, 31.749958595193299 ], [ 19.923333041622595, 31.745402431997856 ], [ 19.924962219413569, 31.740980016980462 ], [ 20.146191352160216, 31.217885733744513 ], [ 20.146598110265174, 31.216779068196029 ], [ 20.14633804953726, 31.215629055496073 ], [ 20.036770752797274, 30.820167180012344 ], [ 20.036424030415038, 30.819104883591841 ], [ 20.035648102485464, 30.818300753040656 ], [ 19.617258269756189, 30.422200188543705 ], [ 19.616352957665903, 30.421422190585936 ], [ 19.61526357098322, 30.420934228027502 ], [ 19.240882479704837, 30.27443376133262 ], [ 19.239746159202049, 30.274051324232484 ], [ 19.238547925035302, 30.274009883883124 ], [ 18.969302296420878, 30.277719168183104 ], [ 18.968045777266333, 30.277800621165376 ], [ 18.96692452395278, 30.278373566172295 ], [ 17.853963612698013, 30.920581544526513 ], [ 17.848496664965676, 30.923305396013685 ], [ 17.842738387228351, 30.925342335367748 ], [ 16.946156840332073, 31.182077520218208 ], [ 16.941868149403277, 31.183103316052364 ], [ 16.93750575702672, 31.183747256833069 ], [ 16.045751368020539, 31.275421807752206 ], [ 16.044619621967151, 31.275591062630951 ], [ 16.043537961294152, 31.275964568363097 ], [ 15.762697040199837, 31.387647067143568 ], [ 15.761523347494151, 31.388186271987529 ], [ 15.760572637342072, 31.389060598378439 ], [ 15.491214039219866, 31.664039257830716 ], [ 15.490452254023594, 31.664892219663429 ], [ 15.489952238791121, 31.66592073575022 ], [ 15.361616985547396, 31.964104344853901 ], [ 15.361163938031547, 31.965331800325945 ], [ 15.36111616378796, 31.966639323407612 ], [ 15.364211362156997, 32.156257057204044 ], [ 15.36403876804893, 32.161303160871988 ], [ 15.363358142807963, 32.166306130013915 ], [ 15.362176426892447, 32.171214948451052 ], [ 15.360505670472733, 32.175979560076328 ], [ 15.358362910553408, 32.180551379285561 ], [ 15.355769997243881, 32.184883786413593 ], [ 15.352753370948884, 32.188932603123455 ], [ 15.193755900709272, 32.381246529580075 ], [ 15.19034072120105, 32.384975997756179 ], [ 15.186566299111201, 32.388341428165141 ], [ 15.182471242828072, 32.39130839597555 ], [ 15.178097440492296, 32.393846552211379 ], [ 15.173489631524928, 32.395929934190328 ], [ 15.168694948990005, 32.397537231094837 ], [ 15.163762437472606, 32.398652001959483 ], [ 14.470819970441983, 32.518798966125971 ], [ 14.469520763693112, 32.519097055682408 ], [ 14.468383455567809, 32.519792272043027 ], [ 14.194951726122296, 32.707874463214985 ], [ 14.191050169318713, 32.710301904948011 ], [ 14.186942239101851, 32.712360916407974 ], [ 14.182662630424046, 32.71403410749798 ], [ 14.178247488207733, 32.715307346701181 ], [ 14.173734102070954, 32.716169880433377 ], [ 13.572657253890929, 32.802629960037599 ], [ 13.57147904126994, 32.802857943531698 ], [ 13.570366477798895, 32.803307792370013 ], [ 13.365798876595518, 32.897749835001576 ], [ 13.361155685378213, 32.899617560918557 ], [ 13.356349038216035, 32.90101175166582 ], [ 13.351427093146814, 32.901918438776676 ], [ 13.346439163383865, 32.90232853810771 ], [ 13.341435223244444, 32.902237940853247 ], [ 13.336465407454567, 32.901647554711715 ], [ 12.730947638383125, 32.798760244215778 ], [ 12.729826660735421, 32.798621775775317 ], [ 12.72869911033097, 32.79868806665521 ], [ 12.305159490752201, 32.842951760264924 ], [ 12.303901162355318, 32.84314890001211 ], [ 12.302709355972453, 32.843598179413227 ], [ 11.484862829951458, 33.200785553155626 ], [ 11.480302972013533, 33.202517414302363 ], [ 11.475596063598211, 33.203796734674839 ], [ 11.470786898747726, 33.204611339417347 ], [ 11.465921244643928, 33.204953476214342 ], [ 11.461045406057632, 33.204819889066613 ], [ 11.456205784681895, 33.204211849277485 ], [ 11.451448437542934, 33.203135143354274 ], [ 11.446818638691113, 33.201600017940073 ], [ 11.442360448343241, 33.199621082299942 ], [ 11.438116293576519, 33.197217169289502 ], [ 11.434126564564512, 33.194411156129085 ], [ 11.433096237010124, 33.193608638160782 ], [ 11.431900762767807, 33.193632945479912 ], [ 11.180751709842555, 33.211002207690768 ], [ 11.179573634962358, 33.211141642489146 ], [ 11.179028176386952, 33.212195102231561 ], [ 11.134145726668047, 33.310315778074106 ], [ 11.133697997358896, 33.311436454651421 ], [ 11.133758691845204, 33.311990611038176 ], [ 11.134053732386734, 33.316966795674197 ], [ 11.133851805409016, 33.321947627728044 ], [ 11.13315491802279, 33.326883598800066 ], [ 11.13196999713883, 33.331725646399143 ], [ 11.130308820615946, 33.33642564161326 ], [ 11.128187900191589, 33.340936867500588 ], [ 11.125628317358739, 33.345214483445794 ], [ 11.122655513820396, 33.349215970866162 ], [ 11.119299038604524, 33.352901555837121 ], [ 11.115592254353061, 33.35623460443653 ], [ 11.11157200570444, 33.359181986877985 ], [ 11.107278253065799, 33.361714406813761 ], [ 11.104262273554662, 33.363109076405379 ], [ 11.104272938042239, 33.363132257735785 ], [ 11.102121625591607, 33.364121961281747 ], [ 11.10180129759053, 33.365247404855516 ], [ 11.050348320673354, 33.585608681632976 ], [ 11.049010088402435, 33.590295281852747 ], [ 11.047221914830391, 33.594829322270208 ], [ 11.045000791244901, 33.599167720275105 ], [ 11.042367822839768, 33.603269252258215 ], [ 11.039348028172654, 33.607094945319531 ], [ 11.035970101437853, 33.610608447590089 ], [ 11.032266139813059, 33.613776373648719 ], [ 11.028271338470873, 33.616568621751483 ], [ 11.024023656153037, 33.618958659859473 ], [ 11.019563454485148, 33.620923777747201 ], [ 11.014933114459078, 33.622445302795924 ], [ 11.010176633727321, 33.623508777421534 ], [ 10.980828239901676, 33.628583137109359 ], [ 10.975960616432779, 33.629180676325511 ], [ 10.971057868954095, 33.62929848341372 ], [ 10.966167163487503, 33.628935425031578 ], [ 10.961335550206822, 33.628094993918552 ], [ 10.956609510799867, 33.626785275294694 ], [ 10.952034511299516, 33.625018869078218 ], [ 10.947654564685736, 33.622812768670208 ], [ 10.943511807466418, 33.620188197472551 ], [ 10.939646094310502, 33.617170404711949 ], [ 10.936094614633125, 33.613788422534142 ], [ 10.932891534821383, 33.610074786705283 ], [ 10.93006766954259, 33.60606522360726 ], [ 10.927650185297184, 33.601798306538349 ], [ 10.925662339068179, 33.597315084625521 ], [ 10.924123254581431, 33.592658687918579 ], [ 10.909753239824623, 33.540769395130845 ], [ 10.909388436076382, 33.539660906458202 ], [ 10.908310422273567, 33.53921401144477 ], [ 10.739263918787961, 33.478421516753656 ], [ 10.73814470080357, 33.47807899014817 ], [ 10.737299587552066, 33.478888778370056 ], [ 10.674957007057905, 33.544677233083064 ], [ 10.674152592029012, 33.545617499171847 ], [ 10.674407043501564, 33.546828465027907 ], [ 10.694767534879542, 33.624007576042253 ], [ 10.695794021775315, 33.628864835837447 ], [ 10.696333762356717, 33.633799947606192 ], [ 10.696381435505284, 33.63876425776332 ], [ 10.695936571227689, 33.643708824866692 ], [ 10.695003555289249, 33.648584902114216 ], [ 10.693591585976153, 33.65334441792195 ], [ 10.691714583412697, 33.657940449845469 ], [ 10.689391052327519, 33.662327687172244 ], [ 10.686643899621789, 33.666462877624525 ], [ 10.683500208537877, 33.670305253768802 ], [ 10.67999097165489, 33.673816934928062 ], [ 10.676150785343399, 33.676963300634441 ], [ 10.672017508691619, 33.67971333194064 ], [ 10.667631890265541, 33.68203991722514 ], [ 10.663037166382727, 33.683920119476475 ], [ 10.658278634860174, 33.685335402421366 ], [ 10.653403208438583, 33.686271813267552 ], [ 10.648458952285621, 33.686720120259601 ], [ 10.643494610137829, 33.686675903691658 ], [ 10.638559123752724, 33.686139599479787 ], [ 10.633701150408692, 33.685116494864467 ], [ 10.490465822807421, 33.647436477911867 ], [ 10.489270943612812, 33.647184644778392 ], [ 10.488099911660942, 33.647530824478437 ], [ 10.331483154362964, 33.702394781074332 ], [ 10.330287270109643, 33.702885150791673 ], [ 10.329300596717241, 33.703720062298132 ], [ 10.072265261207102, 33.945326815242424 ], [ 10.071360838578109, 33.946272055616575 ], [ 10.0709253376621, 33.947505667633678 ], [ 10.005554889457125, 34.169499524528028 ], [ 10.005279987250788, 34.170628675295312 ] ], [ [ 10.8261573473771, 33.729744628143827 ], [ 10.826851427185199, 33.728830149317432 ], [ 10.849215815172279, 33.696279193866381 ], [ 10.852206106353298, 33.692356512302801 ], [ 10.85556834646655, 33.688747549374568 ], [ 10.859269815170341, 33.685487426457961 ], [ 10.863274490849118, 33.68260787011986 ], [ 10.867543401165346, 33.680136903364009 ], [ 10.872035002326935, 33.678098572919325 ], [ 10.876705583379346, 33.676512715224135 ], [ 10.881509691587853, 33.675394763383721 ], [ 10.886400574770335, 33.674755596979857 ], [ 10.891330636275892, 33.674601436193846 ], [ 10.896251898181593, 33.674933781273573 ], [ 10.90111646819965, 33.675749397933494 ], [ 10.905877005751217, 33.677040348829792 ], [ 10.910487182671115, 33.678794070804258 ], [ 10.914902134060053, 33.680993497145344 ], [ 10.919078894896753, 33.683617223676357 ], [ 10.922976818161029, 33.686639717054732 ], [ 10.926557970398754, 33.690031563255069 ], [ 10.92978750087919, 33.693759753817858 ], [ 10.952894062998626, 33.723256864685197 ], [ 10.953662819027839, 33.724147940558659 ], [ 10.954585535554653, 33.72487841729059 ], [ 11.004294708196607, 33.760539345561135 ], [ 11.008178684405999, 33.763628800558486 ], [ 11.011737255217351, 33.767088074637883 ], [ 11.014935361586227, 33.770883087026419 ], [ 11.01774149576436, 33.774976449256918 ], [ 11.020128011714039, 33.779327833519162 ], [ 11.022071397476903, 33.783894369969524 ], [ 11.023552506813795, 33.78863106908473 ], [ 11.024556747833525, 33.793491264898691 ], [ 11.025074226752213, 33.798427074755693 ], [ 11.025099845366853, 33.803389871050364 ], [ 11.024633351282819, 33.808330760306895 ], [ 11.023679340400456, 33.813201064877674 ], [ 11.022247211636266, 33.817952802515478 ], [ 11.020351074324767, 33.822539159094696 ], [ 11.01800960921331, 33.826914949824108 ], [ 11.01524588441934, 33.831037064407546 ], [ 11.012087128163255, 33.834864891766564 ], [ 11.008564460515958, 33.838360720140848 ], [ 11.004712586803866, 33.841490108624541 ], [ 10.944482399679069, 33.88564763339123 ], [ 10.940357355080163, 33.888369067886323 ], [ 10.935983807499975, 33.890669998180329 ], [ 10.931404481597635, 33.892527946762549 ], [ 10.926664112255898, 33.893924763557251 ], [ 10.921809007571467, 33.894846803229527 ], [ 10.916886596476777, 33.895285058484966 ], [ 10.911944965412474, 33.8952352480608 ], [ 10.784204643271295, 33.887623361876237 ], [ 10.779435014907982, 33.88710859403848 ], [ 10.774736673835017, 33.886139093232408 ], [ 10.770152871741175, 33.884723784426747 ], [ 10.765725805899603, 33.882875696581088 ], [ 10.761496230710845, 33.880611842704717 ], [ 10.757503082528583, 33.87795306323936 ], [ 10.753783121221833, 33.87492383420755 ], [ 10.750370591773279, 33.871552041892819 ], [ 10.747296909029011, 33.867868726125948 ], [ 10.744590368501717, 33.863907794540445 ], [ 10.74227588588967, 33.859705710427839 ], [ 10.740374767709376, 33.855301157066208 ], [ 10.738904515153401, 33.850734681612145 ], [ 10.737878662979014, 33.846048321834324 ], [ 10.737306654910773, 33.841285219124877 ], [ 10.737193756704093, 33.836489221351123 ], [ 10.738745948845381, 33.773032963115632 ], [ 10.739121885815797, 33.768015761681532 ], [ 10.740000137638255, 33.763061741841803 ], [ 10.741371811612979, 33.758221065304049 ], [ 10.74322301891613, 33.753542746123316 ], [ 10.745535015230473, 33.749074154412433 ], [ 10.748284390540134, 33.744860536698077 ], [ 10.751443306167667, 33.740944557779059 ], [ 10.754979776653348, 33.737365868725789 ], [ 10.758857993622525, 33.734160705395155 ], [ 10.763038688361725, 33.731361521525933 ], [ 10.767479529432261, 33.72899666012993 ], [ 10.772135551295341, 33.727090066506051 ], [ 10.776959609608619, 33.725661045783262 ], [ 10.781902858584152, 33.72472406744734 ], [ 10.786915245574241, 33.724288618830776 ], [ 10.791946017877297, 33.724359109049168 ], [ 10.796944236632061, 33.724934824356943 ], [ 10.825017249997666, 33.729609734596252 ], [ 10.8261573473771, 33.729744628143827 ] ] ] ] } }
]
}
