{
"type": "FeatureCollection",
"name": "sea_zones_maritime",
"crs": { "type": "name", "properties": { "name": "urn:ogc:def:crs:OGC:1.3:CRS84" } },
"features": [
{ "type": "Feature", "properties": { }, "geometry": { "type": "MultiPolygon", "coordinates": [ [ [ [ 120.403284194123472, 40.194317687460803 ], [ 120.404166813237154, 40.195217832294027 ], [ 120.547598001415693, 40.327214922055873 ], [ 120.551082117186667, 40.330756742771257 ], [ 120.554197534138538, 40.334626850508982 ], [ 120.556913492442888, 40.338787034059564 ], [ 120.559203176295455, 40.343196218172388 ], [ 120.561043978679763, 40.347810869109082 ], [ 120.562417724575795, 40.352585424470433 ], [ 120.563310850409678, 40.357472743053293 ], [ 120.563714537972572, 40.362424570295545 ], [ 120.563624801486512, 40.367392014713815 ], [ 120.563042526957773, 40.37232603062975 ], [ 120.561973463428885, 40.377177902418737 ], [ 120.560428166215942, 40.381899725499835 ], [ 120.55842189269147, 40.38644487931797 ], [ 120.555974451641987, 40.39076848764838 ], [ 120.553110007687437, 40.39482786167855 ], [ 120.549856842693714, 40.398582921492867 ], [ 120.546247076533831, 40.401996591798643 ], [ 120.545756464618961, 40.402416398450121 ], [ 120.546568826126105, 40.403289149489808 ], [ 120.824509109683234, 40.673245092396215 ], [ 120.82534596672798, 40.67398736328748 ], [ 120.826423145751107, 40.674288994090453 ], [ 120.900864357100716, 40.691544049697505 ], [ 120.905714109970049, 40.692929330937289 ], [ 120.91039962661668, 40.694796157324774 ], [ 120.914873228896866, 40.69712553270147 ], [ 120.919089395031776, 40.699893754175584 ], [ 120.923005222820805, 40.703072653314209 ], [ 120.926580866199117, 40.706629882775189 ], [ 120.929779940696875, 40.710529245462169 ], [ 120.93256989367471, 40.714731062853296 ], [ 120.934922335567691, 40.71919257875566 ], [ 120.936813328767371, 40.723868394377092 ], [ 120.938223631202447, 40.72871093028801 ], [ 120.939138892139056, 40.733670910572734 ], [ 120.939549798208859, 40.738697864243562 ], [ 120.939606942528343, 40.740534671708453 ], [ 120.940007763191971, 40.741703796471548 ], [ 120.970026164021647, 40.816828794621031 ], [ 120.97050458052162, 40.81787766227297 ], [ 120.971651672713691, 40.817762835442522 ], [ 121.041855881401261, 40.807327395394452 ], [ 121.046748262364531, 40.806844513035401 ], [ 121.05166441602907, 40.806844417076682 ], [ 121.056556815839443, 40.807327108445982 ], [ 121.061378164878874, 40.808287920759831 ], [ 121.066081853108727, 40.809717565435577 ], [ 121.070622407967591, 40.811602221488052 ], [ 121.074955933973996, 40.813923669142916 ], [ 121.079040537082733, 40.816659465975036 ], [ 121.082836729692445, 40.819783163868941 ], [ 121.086307812389194, 40.823264564704075 ], [ 121.17498285177814, 40.921413218909265 ], [ 121.175814077174067, 40.922248449909546 ], [ 121.176988588213931, 40.922153211787339 ], [ 121.702561313935277, 40.853883683002465 ], [ 121.707474059545092, 40.853490476897456 ], [ 121.712401650232422, 40.853582837527881 ], [ 121.717296210155922, 40.854159867529674 ], [ 121.72211018439701, 40.855215960553075 ], [ 121.726796800997207, 40.856740855733257 ], [ 121.73131052538865, 40.858719737383545 ], [ 121.735607502802068, 40.86113337894276 ], [ 121.739645984354127, 40.863958329778008 ], [ 121.743386732674225, 40.867167143028034 ], [ 121.7467934031298, 40.87072864227342 ], [ 121.749832896946117, 40.874608224442724 ], [ 121.752475682789765, 40.878768196011428 ], [ 121.754696083691243, 40.883168139227486 ], [ 121.777235668370651, 40.933905948671381 ], [ 121.777751842543168, 40.934935633119572 ], [ 121.778675847700427, 40.935623310594195 ], [ 121.86690890686063, 40.995106251167734 ], [ 121.867863817496186, 40.995683722002035 ], [ 121.867804283031759, 40.994569369035425 ], [ 121.854870272683016, 40.869009494421697 ], [ 121.854607649884045, 40.864123681121768 ], [ 121.854823824525241, 40.859235592450226 ], [ 121.85551672650594, 40.8543920370225 ], [ 121.856679720557324, 40.849639397001127 ], [ 121.858301669782151, 40.845023183937542 ], [ 121.860367042302286, 40.840587602950862 ], [ 121.862856059992879, 40.836375129417156 ], [ 121.865744887878847, 40.832426102222811 ], [ 121.869005862379836, 40.82877833747709 ], [ 121.872607756218386, 40.825466766382867 ], [ 121.876516077454042, 40.822523100733491 ], [ 121.8806933997801, 40.81997552923881 ], [ 121.885099720920152, 40.81784844758851 ], [ 122.158317074314141, 40.70207899395988 ], [ 122.159373945962443, 40.701569348299103 ], [ 122.159323164039691, 40.70039711215523 ], [ 122.153157413984928, 40.633439501477568 ], [ 122.152947556471631, 40.628573238982121 ], [ 122.153212182458503, 40.6237096473116 ], [ 122.153948780692446, 40.618894881077168 ], [ 122.155150360988571, 40.614174631545367 ], [ 122.156805520565726, 40.609593693036217 ], [ 122.158898552256915, 40.605195537833154 ], [ 122.161409593567413, 40.601021903638895 ], [ 122.164314815166293, 40.597112397492104 ], [ 122.167586647022574, 40.593504119903727 ], [ 122.171194040039722, 40.590231312779821 ], [ 122.175102760706125, 40.587325034471995 ], [ 122.300834171731822, 40.503027039068911 ], [ 122.301761552340665, 40.502337246109974 ], [ 122.300989601574017, 40.501477047799021 ], [ 121.869520286713396, 40.065571790249365 ], [ 121.866323025218591, 40.062016684430191 ], [ 121.863479957322852, 40.058172438939614 ], [ 121.861017081470152, 40.054074207493514 ], [ 121.858956919437048, 40.049759466383193 ], [ 121.857318310382226, 40.045267671773338 ], [ 121.856116238571744, 40.040639898894938 ], [ 121.855361696355303, 40.035918466432719 ], [ 121.855061583646773, 40.031146549541802 ], [ 121.855218644827829, 40.026367785032328 ], [ 121.855831443651965, 40.021625872332493 ], [ 121.856894376378264, 40.016964173879032 ], [ 121.858397723014818, 40.012425318589202 ], [ 121.860327736203232, 40.008050812040551 ], [ 121.862666766931369, 40.003880656922995 ], [ 121.865393425924836, 39.999952987234103 ], [ 121.868482779241248, 39.996303719562633 ], [ 121.871906576278747, 39.992966224649138 ], [ 121.873669427303369, 39.991405040861373 ], [ 121.872684258607194, 39.990903551074325 ], [ 121.511933402832, 39.828773245034576 ], [ 121.507569964246869, 39.826549240277849 ], [ 121.50344503892596, 39.823909015942476 ], [ 121.499598202711965, 39.820877903178683 ], [ 121.496066363372421, 39.817484983444331 ], [ 121.492883406494883, 39.813762809488182 ], [ 121.490079870377812, 39.80974709302852 ], [ 121.487682653036515, 39.805476362123542 ], [ 121.485714754134975, 39.800991591520997 ], [ 121.484195054319841, 39.796335809533403 ], [ 121.483138134073428, 39.791553685210793 ], [ 121.482554133824053, 39.786691099771666 ], [ 121.482448656655436, 39.781794706403986 ], [ 121.482822714549016, 39.776911482659742 ], [ 121.48367271867464, 39.772088279737346 ], [ 121.484990513822979, 39.767371372976434 ], [ 121.532900458539572, 39.623485784412708 ], [ 121.533219452694226, 39.622339715504062 ], [ 121.532099308897571, 39.621939079648797 ], [ 121.450454226265023, 39.597261167248561 ], [ 121.445763875241965, 39.595584269255994 ], [ 121.441263647668805, 39.59344901016474 ], [ 121.436998206287385, 39.590876581464322 ], [ 121.43300988369181, 39.587892513356735 ], [ 121.429338262196453, 39.584526421380609 ], [ 121.426019780999141, 39.580811712490245 ], [ 121.423087374538554, 39.5767852535066 ], [ 121.420570145634628, 39.572487005230585 ], [ 121.418493076656119, 39.567959625850023 ], [ 121.416876781581763, 39.56324804757628 ], [ 121.415737301415817, 39.558399030712167 ], [ 121.415085944988249, 39.553460699576931 ], [ 121.41492917671971, 39.548482064893903 ], [ 121.41526855246498, 39.543512537381098 ], [ 121.416100704071908, 39.538601437371923 ], [ 121.417417372808728, 39.533797505333006 ], [ 121.419205491328285, 39.529148418136899 ], [ 121.421447313355671, 39.524700315890485 ], [ 121.424120589811935, 39.520497344015084 ], [ 121.427198789626317, 39.516581215122962 ], [ 121.4306513630452, 39.512990795038306 ], [ 121.434444044824687, 39.50976171707137 ], [ 121.435998083845945, 39.508566853267936 ], [ 121.436721677705293, 39.507529326254314 ], [ 121.509734272133926, 39.390537224845389 ], [ 121.512577533019666, 39.386449596846226 ], [ 121.515813256127799, 39.382665031997874 ], [ 121.519409352358537, 39.379221062337258 ], [ 121.523330158743477, 39.376151842173165 ], [ 121.527536792120131, 39.373487809373387 ], [ 121.531987534741404, 39.371255383508306 ], [ 121.536638247996109, 39.369476703844491 ], [ 121.541442810137454, 39.368169409786596 ], [ 121.546353573678658, 39.36734646594504 ], [ 121.551321837919375, 39.367016033564205 ], [ 121.556298331917148, 39.367181389586314 ], [ 121.94173492128148, 39.399257234647692 ], [ 121.942650922146171, 39.399288153832892 ], [ 121.941812305393441, 39.398918376166904 ], [ 121.640516122849363, 39.283439078433567 ], [ 121.636074037569998, 39.28148429796461 ], [ 121.631842391610974, 39.279108069695141 ], [ 121.62786105264324, 39.276332780820979 ], [ 121.624167530116623, 39.273184578213723 ], [ 121.620796621871492, 39.269693122082835 ], [ 121.617780086297358, 39.265891306537469 ], [ 121.615146343127037, 39.261814949680684 ], [ 121.612920205685455, 39.257502456155798 ], [ 121.61112264711538, 39.252994455324149 ], [ 121.609770602782916, 39.24833341848305 ], [ 121.608876810724055, 39.243563258730319 ], [ 121.608449691635613, 39.23872891724514 ], [ 121.608493269541214, 39.233875939883028 ], [ 121.609007133879658, 39.229050048073979 ], [ 121.609986443372989, 39.224296708066433 ], [ 121.611421971637668, 39.21966070257546 ], [ 121.613300194109243, 39.215185708870628 ], [ 121.67355492361105, 39.089143841060661 ], [ 121.67402185223456, 39.088030093537128 ], [ 121.673873088146252, 39.086427417248565 ], [ 121.673617186097914, 39.0846164676203 ], [ 121.673415946363832, 39.079613982829585 ], [ 121.673715989192942, 39.074616450857434 ], [ 121.674514306313654, 39.069673977662084 ], [ 121.675802893686253, 39.064836117174728 ], [ 121.677568831752566, 39.060151374464837 ], [ 121.679794414969251, 39.055666719421517 ], [ 121.682457329326041, 39.051427115826797 ], [ 121.685530876069166, 39.047475070542426 ], [ 121.688984239386841, 39.043850207330102 ], [ 121.692782795372878, 39.040588869578059 ], [ 121.696888459170879, 39.03772375591717 ], [ 121.701260066818293, 39.035283592379841 ], [ 121.705853787962212, 39.033292844388789 ], [ 121.710623565308538, 39.031771471463294 ], [ 121.715521576398942, 39.030734727102214 ], [ 121.720498713085547, 39.030193005850286 ], [ 121.723860559845846, 39.030165294592535 ], [ 121.724686114266504, 39.030118904586786 ], [ 121.725778109466361, 39.029594045544009 ], [ 121.757350003349217, 39.012467782344707 ], [ 121.761651972039829, 39.010393653951319 ], [ 121.766132205379691, 39.008739431346086 ], [ 121.770749827613685, 39.007520206956777 ], [ 121.775462709508489, 39.006747104471351 ], [ 121.780227852721893, 39.006427177350069 ], [ 121.78500178210156, 39.006563344472745 ], [ 121.789740942333822, 39.007154363508121 ], [ 121.794402095324074, 39.008194842248351 ], [ 121.798942714682752, 39.00967528780523 ], [ 121.803321373718234, 39.011582193219311 ], [ 121.807498123396428, 39.013898160691674 ], [ 121.811434856818835, 39.016602060314106 ], [ 121.815095656893831, 39.019669222849437 ], [ 121.818447124029035, 39.023071664803233 ], [ 121.821458680855017, 39.026778343733376 ], [ 121.824102851200337, 39.030755441468187 ], [ 121.826355510772501, 39.034966672649119 ], [ 121.82695475792562, 39.036228361717882 ], [ 121.828121133700279, 39.036412883055362 ], [ 122.022543229509324, 39.057566477204269 ], [ 122.027219344390787, 39.058300622251501 ], [ 122.031805083528312, 39.059473659291676 ], [ 122.036259349492269, 39.06107507555776 ], [ 122.04054222311666, 39.063090519144801 ], [ 122.044615321254923, 39.065501927631779 ], [ 122.048442140770049, 39.068287689957188 ], [ 122.051988385675941, 39.071422840097519 ], [ 122.055222274498334, 39.074879280812965 ], [ 122.289166079925423, 39.349940016157873 ], [ 122.2900951478519, 39.350918822853671 ], [ 122.291289530578851, 39.351547058208773 ], [ 123.007894470894584, 39.679923405730534 ], [ 123.009140897837838, 39.680414818722824 ], [ 123.010478976180323, 39.680482739291442 ], [ 123.180397046169659, 39.679901270511863 ], [ 123.185442762871489, 39.680139163794273 ], [ 123.190438727594653, 39.68088494307392 ], [ 123.195333949824033, 39.682130996673834 ], [ 123.200078467256716, 39.683864606947189 ], [ 123.204623855734184, 39.686068080077952 ], [ 123.208923723475721, 39.688718926669928 ], [ 123.212934184568795, 39.691790091281263 ], [ 123.216614306883528, 39.695250228561427 ], [ 123.219926529839967, 39.699064023172546 ], [ 123.222837047764131, 39.703192550229744 ], [ 123.225316154920236, 39.70759367258178 ], [ 123.227338548697475, 39.712222470877094 ], [ 123.228883587857169, 39.717031702026041 ], [ 123.229935503204175, 39.721972281379891 ], [ 123.244529621915959, 39.812841323462614 ], [ 123.244769133829436, 39.813979062231098 ], [ 123.245924900755654, 39.814105625552308 ], [ 123.415896188467016, 39.824457984513799 ], [ 123.417035865800145, 39.824473066288029 ], [ 123.417213024828712, 39.823347141529077 ], [ 123.42091510094572, 39.789350212462985 ], [ 123.421704533553608, 39.784411429014646 ], [ 123.422983422752296, 39.779576221861952 ], [ 123.424738972086033, 39.774892971673374 ], [ 123.426953615678599, 39.770408538649022 ], [ 123.429605193995968, 39.7661677936415 ], [ 123.432667175572703, 39.762213169181997 ], [ 123.436108922483498, 39.758584234903999 ], [ 123.439895996903672, 39.755317301612962 ], [ 123.443990505691048, 39.75244505796347 ], [ 123.448351479541543, 39.749996243379378 ], [ 123.452935282924486, 39.747995360489597 ], [ 123.457696050695944, 39.746462429956871 ], [ 123.46258614702154, 39.745412790152763 ], [ 123.467556642016433, 39.744856943683232 ], [ 123.472557801333608, 39.74480045230041 ], [ 123.477539583801416, 39.745243881252236 ], [ 123.482452142131379, 39.746182793626623 ], [ 123.487246321685745, 39.747607794746784 ], [ 123.571975139572217, 39.77747986444836 ], [ 123.576495174288638, 39.779326232403101 ], [ 123.580813571171461, 39.781604660989728 ], [ 123.584889150353419, 39.784293423306032 ], [ 123.588683047456271, 39.78736687954207 ], [ 123.592159084198286, 39.790795721479235 ], [ 123.595284113387223, 39.794547251970954 ], [ 123.598028335009133, 39.798585696739892 ], [ 123.600365580398858, 39.80287254551844 ], [ 123.656222947378396, 39.918413127010965 ], [ 123.656767078920339, 39.919412378665669 ], [ 123.657660620902675, 39.918707988340479 ], [ 123.757999814117667, 39.831429040191523 ], [ 123.76172011863342, 39.828490835144919 ], [ 123.765701967863251, 39.825918172847459 ], [ 123.769909567029899, 39.82373418021043 ], [ 123.774305091980281, 39.8219584902047 ], [ 123.778849029205091, 39.820607065370424 ], [ 123.78350053104505, 39.819692054322005 ], [ 123.788217782890243, 39.819221682538299 ], [ 123.792958379072019, 39.819200178419791 ], [ 124.10604449826792, 39.832636083655288 ], [ 124.110787515385255, 39.833066652191398 ], [ 124.115468051366861, 39.83394652920807 ], [ 124.120043641393579, 39.835267731897673 ], [ 124.124472772783136, 39.837018273463485 ], [ 124.128715261619789, 39.839182271871636 ], [ 124.280298115690741, 39.92583608487864 ], [ 124.28464246518449, 39.928626670479815 ], [ 124.288675855956981, 39.93185041045038 ], [ 124.292355274734263, 39.935472925872389 ], [ 124.295641483104632, 39.939455585168368 ], [ 124.298499435968637, 39.943755916079887 ], [ 124.300898655270359, 39.948328058604304 ], [ 124.369451853104621, 40.097179067436699 ], [ 124.369990592577139, 40.098212240168522 ], [ 124.371024207569633, 40.097674349696298 ], [ 124.498536845687298, 40.023151897694852 ], [ 124.499396471855974, 40.022590769509115 ], [ 124.498369934983202, 40.022597405756621 ], [ 124.432882612371529, 40.026260834005065 ], [ 124.427909815437928, 40.026291334346794 ], [ 124.422958583855532, 40.025827712268686 ], [ 124.418077894493436, 40.024874553853486 ], [ 124.413316026427225, 40.023441287606836 ], [ 124.408720083369374, 40.021542091191854 ], [ 124.404335527726076, 40.019195751185677 ], [ 124.400205730889709, 40.016425477245427 ], [ 124.396371544215242, 40.013258672521566 ], [ 124.392870894924542, 40.009726662589919 ], [ 124.389738410935763, 40.005864385583564 ], [ 124.359409995191982, 39.964415550805768 ], [ 124.356775004259987, 39.960427478479659 ], [ 124.354532873862212, 39.956206015537816 ], [ 124.352704095185388, 39.95178974260228 ], [ 124.351305381729034, 39.947219020694639 ], [ 124.350349516558168, 39.942535622370229 ], [ 124.349845235476792, 39.937782349952101 ], [ 124.349797147190003, 39.933002644353778 ], [ 124.350205691184314, 39.928240188065821 ], [ 124.351067133711112, 39.923538505934609 ], [ 124.35237360190996, 39.918940567381803 ], [ 124.354113155759961, 39.914488393700005 ], [ 124.356269897201486, 39.910222674013433 ], [ 124.358824115431048, 39.906182393413566 ], [ 124.361752467041555, 39.902404476668153 ], [ 124.365028189361311, 39.898923450759916 ], [ 124.368621345042442, 39.895771129338939 ], [ 124.372499095663002, 39.892976321972654 ], [ 124.37662600184261, 39.8905645708506 ], [ 124.380964347128526, 39.888557917350333 ], [ 124.562938890617872, 39.8147299900997 ], [ 124.564010930278727, 39.814233569199757 ], [ 124.564432802044067, 39.813130062535578 ], [ 124.619310145630365, 39.64580115326914 ], [ 124.621016147764792, 39.641333269407831 ], [ 124.623141211047837, 39.637048816639521 ], [ 124.625665893335437, 39.632986993301721 ], [ 124.628567096380564, 39.629184960901576 ], [ 124.631818277158402, 39.625677504126273 ], [ 124.635389690707726, 39.622496712598917 ], [ 124.639248662266709, 39.619671687291451 ], [ 124.643359886213403, 39.617228274280741 ], [ 124.647685749075904, 39.6151888282835 ], [ 124.6521866736569, 39.613572008133623 ], [ 124.656821481124339, 39.612392606073051 ], [ 124.661547767755479, 39.611661412417973 ], [ 124.666322292887216, 39.611385116838512 ], [ 124.671101374523801, 39.611566247155132 ], [ 124.67584128898217, 39.612203146211677 ], [ 124.680498670918624, 39.613289987036644 ], [ 124.685030910077202, 39.614816826153977 ], [ 124.689396541129696, 39.616769694555664 ], [ 124.716968205338219, 39.630722232877019 ], [ 124.721257434165835, 39.633165896762037 ], [ 124.725284789652704, 39.636020609514858 ], [ 124.729011014785314, 39.639258544563575 ], [ 124.732399787845679, 39.642848139842144 ], [ 124.735418076460533, 39.64675440544449 ], [ 124.738036459587406, 39.650939264691772 ], [ 124.740229414298881, 39.655361925288297 ], [ 124.741975564569699, 39.659979276948114 ], [ 124.743257889641441, 39.664746311616433 ], [ 124.744063889933997, 39.669616562189766 ], [ 124.74438570888627, 39.674542555458196 ], [ 124.746084689445752, 39.781704162986259 ], [ 124.746159626702578, 39.782846873688328 ], [ 124.747175405732648, 39.782318105021417 ], [ 125.099727727442584, 39.575946957273871 ], [ 125.103932805758518, 39.573746461151238 ], [ 125.108327577653085, 39.571954577554713 ], [ 125.112872446465616, 39.570587451260039 ], [ 125.117526463170222, 39.569657400002299 ], [ 125.122247695324305, 39.5691728034938 ], [ 125.126993604877654, 39.569138027923259 ], [ 125.131721431437981, 39.569553386616718 ], [ 125.136388577539833, 39.570415137214475 ], [ 125.223987883838618, 39.590931816947716 ], [ 125.225168360386462, 39.591147484254861 ], [ 125.225998783416429, 39.590281207821626 ], [ 125.262720872260019, 39.547979524912911 ], [ 125.265998398559304, 39.544547546824504 ], [ 125.269586530876069, 39.541441752446381 ], [ 125.273452946378285, 39.538690119584608 ], [ 125.277562815386375, 39.536317435665879 ], [ 125.281879115128049, 39.534345074445966 ], [ 125.286362963249132, 39.532790803469325 ], [ 125.290973968075932, 39.531668624014408 ], [ 125.295670592473968, 39.530988644966527 ], [ 125.300410528025324, 39.530756991754345 ], [ 125.305151076153933, 39.53097575117043 ], [ 125.309849532765455, 39.531642952572902 ], [ 125.31446357293693, 39.532752585637446 ], [ 125.318951632190675, 39.534294654499917 ], [ 125.443778764675429, 39.583925104397345 ], [ 125.444778865704833, 39.584267080280561 ], [ 125.444228803569814, 39.583364538746252 ], [ 125.376976724275352, 39.484277313823199 ], [ 125.374415277634412, 39.480071548696053 ], [ 125.372279966501324, 39.475634216663842 ], [ 125.370591502940712, 39.471008358905152 ], [ 125.36936626469064, 39.466238845258069 ], [ 125.368616136301952, 39.461371938992315 ], [ 125.368348393860785, 39.45645484806532 ], [ 125.368565634411951, 39.451535267215078 ], [ 125.369265750768236, 39.446660915331314 ], [ 125.370441951949616, 39.441879072592364 ], [ 125.372082829054392, 39.437236121857524 ], [ 125.374172465923039, 39.432777098763125 ], [ 125.376690593521573, 39.428545254886437 ], [ 125.379612786546957, 39.424581638214569 ], [ 125.382910700347281, 39.420924694987676 ], [ 125.386552345858902, 39.417609896778607 ], [ 125.390502399893563, 39.414669396426206 ], [ 125.394722547765767, 39.41213171615955 ], [ 125.399171854937222, 39.410021470938439 ], [ 125.458121211688734, 39.385541455718752 ], [ 125.459171454841638, 39.385044438050095 ], [ 125.458910315435887, 39.383912252793955 ], [ 125.411253302295165, 39.215066825242829 ], [ 125.410843328021713, 39.213858943068345 ], [ 125.409732537914934, 39.213231883588392 ], [ 125.339070553887282, 39.178063814617879 ], [ 125.33467694702297, 39.175593343905255 ], [ 125.330554399205838, 39.172693066967504 ], [ 125.326744807076111, 39.169392458746998 ], [ 125.323286886767079, 39.165725062673971 ], [ 125.320215780440677, 39.161728149771236 ], [ 125.317562699144659, 39.157442339876148 ], [ 125.315354605620854, 39.152911188829194 ], [ 125.313613940288164, 39.148180745824604 ], [ 125.312358393184979, 39.14329908542144 ], [ 125.311600724188821, 39.138315818971371 ], [ 125.311348633340231, 39.133281590428268 ], [ 125.311604682588765, 39.128247561663706 ], [ 125.312366269756424, 39.123264892518947 ], [ 125.31362565498307, 39.118384220877559 ], [ 125.315370039385087, 39.113655148042625 ], [ 125.317581695127913, 39.109125734648444 ], [ 125.320238145590523, 39.104842012229824 ], [ 125.33436074334692, 39.084441365243904 ], [ 125.334974805095698, 39.083455096191948 ], [ 125.334063173459228, 39.082734869676649 ], [ 125.211816767768056, 38.995461256724582 ], [ 125.207735720485061, 38.99221349452656 ], [ 125.204015198566736, 38.98855827594538 ], [ 125.200695685616608, 38.984535374008352 ], [ 125.197813301794497, 38.980188562565132 ], [ 125.19539941078709, 38.975565139977334 ], [ 125.193480278534693, 38.970715414457395 ], [ 125.147125041128646, 38.832973505081668 ], [ 125.145771209182172, 38.828169717811846 ], [ 125.144903030124254, 38.823254893481682 ], [ 125.144529154224657, 38.818278001893084 ], [ 125.144653306668189, 38.813288631267064 ], [ 125.14527425043795, 38.808336494161956 ], [ 125.146385798640736, 38.803470932152706 ], [ 125.147976876151219, 38.798740424206557 ], [ 125.150031629961205, 38.794192103653501 ], [ 125.152529587134055, 38.789871288564235 ], [ 125.155445858790813, 38.785821030214819 ], [ 125.158751388095297, 38.782081684136941 ], [ 125.162413239767574, 38.778690508027793 ], [ 125.166394928240919, 38.775681290525817 ], [ 125.170656781192861, 38.77308401455106 ], [ 125.175156334827989, 38.770924558564573 ], [ 125.179848756974209, 38.769224438723342 ], [ 125.184687293776776, 38.768000594499917 ], [ 125.1896237355393, 38.767265219902704 ], [ 125.19460889707041, 38.767025641978591 ], [ 125.199593107749919, 38.767284247808533 ], [ 125.204526706431622, 38.768038460723353 ], [ 125.209360536251737, 38.769280765976958 ], [ 125.214046434412822, 38.77099878562089 ], [ 125.218537712063096, 38.773175401834465 ], [ 125.222789619489831, 38.775788927481443 ], [ 125.226759791991796, 38.77881332219404 ], [ 125.23040867198813, 38.782218451831127 ], [ 125.240114191155897, 38.79222737600319 ], [ 125.240957563722546, 38.79301494655919 ], [ 125.241446531443501, 38.791969740725371 ], [ 125.258341697018849, 38.750630904333178 ], [ 125.260450929649764, 38.746124453464148 ], [ 125.262997612443414, 38.741849951332341 ], [ 125.2659565261484, 38.737849727412019 ], [ 125.269298369279397, 38.734163395059383 ], [ 125.272990048283404, 38.730827459230021 ], [ 125.276995005258101, 38.727874954978184 ], [ 125.281273579976869, 38.725335120317787 ], [ 125.285783402635488, 38.72323310668461 ], [ 125.290479813431176, 38.721589729867084 ], [ 125.295316304819011, 38.720421263872005 ], [ 125.300244982066118, 38.719739279766529 ], [ 125.305217037542917, 38.719550531092423 ], [ 125.310183234054534, 38.719856886987159 ], [ 125.315094392426204, 38.720655313674285 ], [ 125.319901878513974, 38.72193790450622 ], [ 125.324558084818221, 38.723691958262108 ], [ 125.44659697111139, 38.7767409197752 ], [ 125.447757373536462, 38.777176554587939 ], [ 125.448809312057151, 38.776521011434014 ], [ 125.656812974444094, 38.63170017362394 ], [ 125.657494355838523, 38.631175019138446 ], [ 125.656678863010171, 38.631448952132409 ], [ 125.474364567565289, 38.702686856219287 ], [ 125.469695835277676, 38.704250846074267 ], [ 125.464895913422225, 38.705348058734295 ], [ 125.460011348041974, 38.705967854253714 ], [ 125.455089505989434, 38.70610422232032 ], [ 125.450178115598291, 38.705755840538849 ], [ 125.169833277666896, 38.671931553904813 ], [ 125.164893056535277, 38.671082413719986 ], [ 125.160062683926938, 38.669742889794293 ], [ 125.155390708610625, 38.667926445320447 ], [ 125.150924087346723, 38.665651336890591 ], [ 125.146707712937555, 38.662940431004259 ], [ 125.142783963021998, 38.659820974243374 ], [ 125.139192274149309, 38.656324319424172 ], [ 125.135968745412981, 38.652485610478593 ], [ 125.133145775628549, 38.648343429232078 ], [ 125.130751737701829, 38.643939407628103 ], [ 125.128810693460608, 38.639317809296749 ], [ 125.127342151815554, 38.634525084672944 ], [ 125.12636087268163, 38.629609404135714 ], [ 125.125876718629982, 38.624620173860698 ], [ 125.125894555762073, 38.61960753925208 ], [ 125.127941317660586, 38.581533769046544 ], [ 125.127945534699606, 38.580346278322843 ], [ 125.126758592738852, 38.580382620919103 ], [ 125.06019169678639, 38.585770550468396 ], [ 125.055236871789489, 38.585925049120426 ], [ 125.050291100041377, 38.585588147949458 ], [ 125.045402996817714, 38.584763158580891 ], [ 125.040620610531931, 38.583458190383205 ], [ 125.035990950435448, 38.581686070755623 ], [ 125.03155952453254, 38.579464219039075 ], [ 125.027369892251883, 38.576814475289893 ], [ 125.023463236272079, 38.57376288559945 ], [ 125.019877957709667, 38.570339446069774 ], [ 125.016649298649114, 38.566577807961963 ], [ 125.013808995724901, 38.562514946915591 ], [ 125.011384968161096, 38.558190799490575 ], [ 125.009401043334748, 38.553647870604181 ], [ 125.007876722560752, 38.548930815722017 ], [ 125.006826989400508, 38.544086001909733 ], [ 125.006262162378519, 38.539161052060379 ], [ 125.006187793554773, 38.534204376777339 ], [ 125.006604613949804, 38.529264698514368 ], [ 125.007508526359103, 38.524390572650205 ], [ 125.00889064562719, 38.519629910205524 ], [ 125.015974477694883, 38.499092560967163 ], [ 125.016303581907522, 38.497964550762397 ], [ 125.015563350502944, 38.497051986204156 ], [ 124.890877604603659, 38.3576623824923 ], [ 124.887966731779002, 38.354089696036283 ], [ 124.885397159642736, 38.350264180626461 ], [ 124.883190716472825, 38.346218333662932 ], [ 124.881366145800243, 38.341986524242003 ], [ 124.879938947184328, 38.337604701193875 ], [ 124.878921244545538, 38.333110087700675 ], [ 124.878321683173795, 38.328540865088911 ], [ 124.875896602216116, 38.299866281345885 ], [ 124.875725201539282, 38.294849080615087 ], [ 124.876057769384346, 38.289839980896218 ], [ 124.876890953243745, 38.284889477283294 ], [ 124.878216354063852, 38.280047474182183 ], [ 124.880020610912979, 38.275362782240599 ], [ 124.882285535668643, 38.270882626303994 ], [ 124.88498829636606, 38.266652169357322 ], [ 124.888101647359647, 38.26271405725177 ], [ 124.891594203977533, 38.259107988805944 ], [ 124.89543075890009, 38.255870315615006 ], [ 124.899572637073447, 38.253033675602218 ], [ 124.903978085580022, 38.250626664006674 ], [ 124.908602694535986, 38.248673545124085 ], [ 124.913399844772812, 38.247194007706341 ], [ 124.991804230002955, 38.227262481947925 ], [ 124.992817562436471, 38.226950381300959 ], [ 124.991821954318652, 38.226585670579119 ], [ 124.914807485111055, 38.20265212086035 ], [ 124.910179724592879, 38.200959707283637 ], [ 124.905741022230202, 38.198819998783918 ], [ 124.901534487465838, 38.196253776579127 ], [ 124.897600974890821, 38.193285964261882 ], [ 124.893978687457633, 38.189945385737197 ], [ 124.89070280544648, 38.1862644852798 ], [ 124.887805144788402, 38.18227901242971 ], [ 124.885313848063419, 38.178027674786541 ], [ 124.883253111174923, 38.173551762074631 ], [ 124.881642948354965, 38.168894745130117 ], [ 124.880498997782539, 38.164101853704679 ], [ 124.879832369702882, 38.159219637186375 ], [ 124.879649538522841, 38.154295512503978 ], [ 124.879952279930379, 38.149377303605569 ], [ 124.880737653648737, 38.144512776984129 ], [ 124.881998031992936, 38.139749177761097 ], [ 124.883721173951116, 38.135132770833607 ], [ 124.885890344071456, 38.130708391541859 ], [ 124.888484474999629, 38.126519010220512 ], [ 124.891478372088741, 38.122605314863428 ], [ 124.894842958093932, 38.119005315954837 ], [ 124.898545555575708, 38.115753977304969 ], [ 124.902550204268806, 38.112882876475474 ], [ 124.906818010334504, 38.110419898092751 ], [ 124.911307524104316, 38.108388963027586 ], [ 124.915975142646275, 38.106809796071566 ], [ 124.920775533244168, 38.105697734366508 ], [ 124.925662073676676, 38.105063578447464 ], [ 125.263655968811207, 38.078047998465721 ], [ 125.264824361355636, 38.077895486971073 ], [ 125.264521126089406, 38.076756869709797 ], [ 125.246720496248045, 38.02124700948648 ], [ 125.246298141053359, 38.020121630844706 ], [ 125.245885878229629, 38.019756699255375 ], [ 125.244841585164608, 38.018920088844517 ], [ 125.243538004235305, 38.019397555761174 ], [ 125.238747420662477, 38.020631606936334 ], [ 125.233858337728122, 38.021386220302396 ], [ 125.230483926257193, 38.021737229881431 ], [ 125.225629270554606, 38.022004549017439 ], [ 125.220771603406419, 38.021799094914201 ], [ 125.215956857245075, 38.021122810275166 ], [ 125.211230558656922, 38.019982089815642 ], [ 125.206637397898419, 38.018387719796578 ], [ 125.202220806320426, 38.016354776033374 ], [ 125.198022545696261, 38.013902481344161 ], [ 125.194082313336736, 38.011054023785398 ], [ 125.190437366725973, 38.00783633739362 ], [ 125.187122171227472, 38.00427984750641 ], [ 125.184168074191433, 38.000418183070856 ], [ 125.181603008545011, 37.996287858659784 ], [ 125.179451228668142, 37.99192792920249 ], [ 125.177733081052395, 37.987379620694739 ], [ 125.176464811911657, 37.982685940379909 ], [ 125.175658413563369, 37.977891270087284 ], [ 125.175321511033431, 37.973040946572667 ], [ 125.175361479623518, 37.971610298209761 ], [ 125.175328873873326, 37.9701234602271 ], [ 125.175461656660318, 37.965224725895538 ], [ 125.176073353060787, 37.960362518903501 ], [ 125.177158087063006, 37.955583546057355 ], [ 125.178705438612639, 37.950933714608631 ], [ 125.180700543708795, 37.946457691264733 ], [ 125.183124237188878, 37.942198473116491 ], [ 125.185953236831025, 37.938196974604118 ], [ 125.189160367005158, 37.934491634489376 ], [ 125.192714819724642, 37.931118046609292 ], [ 125.196582450590626, 37.928108617958493 ], [ 125.200726106786234, 37.925492257384647 ], [ 125.205105983969958, 37.923294097887414 ], [ 125.209680008639808, 37.921535255188566 ], [ 125.214404242295259, 37.9202326248924 ], [ 125.219233303514457, 37.919398720185022 ], [ 125.224120803892376, 37.919041551631551 ], [ 125.229019793652057, 37.919164550225872 ], [ 125.233883212648522, 37.919766534432213 ], [ 125.238664342432742, 37.920841721535055 ], [ 125.243317255033475, 37.922379783188468 ], [ 125.247797254145468, 37.924365944631134 ], [ 125.252061304486304, 37.926781126614038 ], [ 125.256068445197286, 37.929602128677516 ], [ 125.259436790834641, 37.932229438237506 ], [ 125.259928996311857, 37.932654145667463 ], [ 125.259984234938798, 37.932631206298829 ], [ 125.260853863857363, 37.931743107808423 ], [ 125.307521616702346, 37.879025831392845 ], [ 125.308299904518137, 37.878051507536078 ], [ 125.308651610954897, 37.875978333809478 ], [ 125.309734267480195, 37.871093321939341 ], [ 125.311299738492806, 37.866340976557133 ], [ 125.313332347061589, 37.861768888573593 ], [ 125.31581173824911, 37.857422843766834 ], [ 125.318713082949884, 37.853346364274628 ], [ 125.322007326533935, 37.849580272755283 ], [ 125.325661479805447, 37.846162283581585 ], [ 125.329638949362987, 37.843126625161752 ], [ 125.333899904053013, 37.840503697169474 ], [ 125.338401673846718, 37.838319766115688 ], [ 125.343099177146001, 37.836596702310644 ], [ 125.347945372239423, 37.83535176085033 ], [ 125.352891728386979, 37.834597408820599 ], [ 125.357888711816372, 37.834341200449366 ], [ 125.362886281763892, 37.83458570145708 ], [ 125.367834391592311, 37.835328463363112 ], [ 125.372683489967642, 37.836562048005291 ], [ 125.377385017075866, 37.83827410202715 ], [ 125.508957540785232, 37.893790382610113 ], [ 125.510057690084167, 37.89419148683298 ], [ 125.510326662778681, 37.893051808471505 ], [ 125.522861634340671, 37.824978942234267 ], [ 125.523970153760843, 37.820257685886844 ], [ 125.525530848631732, 37.81566602950565 ], [ 125.527529036512306, 37.811247169698312 ], [ 125.529945919188876, 37.807042677466107 ], [ 125.532758759521727, 37.803092107119333 ], [ 125.535941095347738, 37.799432624164936 ], [ 125.539462988426621, 37.796098655667201 ], [ 125.543291306088832, 37.793121566370573 ], [ 125.547390032935553, 37.790529363631784 ], [ 125.551720609658162, 37.788346433936958 ], [ 125.556242295790057, 37.786593313482555 ], [ 125.55868475093051, 37.785780235836313 ], [ 125.563311415185353, 37.784483384171295 ], [ 125.568041198508823, 37.783636627960206 ], [ 125.572830420696661, 37.783247787113972 ], [ 125.577634852618402, 37.783320452631685 ], [ 125.582410124679612, 37.783853953437216 ], [ 125.587112136581197, 37.784843362576716 ], [ 125.591697464591832, 37.786279542719697 ], [ 125.596123762572006, 37.78814923054356 ], [ 125.600350153046648, 37.790435159222213 ], [ 125.604337604714175, 37.793116217887601 ], [ 125.608049292905974, 37.796167646591499 ], [ 125.61145093966735, 37.799561264967053 ], [ 125.614511130319173, 37.803265732478387 ], [ 125.617201603576802, 37.807246837854798 ], [ 125.619497512546943, 37.811467815036558 ], [ 125.621377654192145, 37.815889682714591 ], [ 125.622824665143852, 37.820471604328247 ], [ 125.623825182055441, 37.825171265196623 ], [ 125.624369965014594, 37.829945263300466 ], [ 125.630545564023436, 37.924015432908817 ], [ 125.630682657720016, 37.925206818816619 ], [ 125.632179739403156, 37.926397857448151 ], [ 125.632879367073144, 37.926899580929927 ], [ 125.63650068488883, 37.930065266912521 ], [ 125.639801063868561, 37.93356426806325 ], [ 125.642749961631353, 37.937364203911031 ], [ 125.645320088475188, 37.941429909073641 ], [ 125.647487659921467, 37.945723758685332 ], [ 125.649232616821465, 37.950206016585078 ], [ 125.650538810987712, 37.954835203043054 ], [ 125.651394154632683, 37.959568478622565 ], [ 125.65179073223166, 37.964362040624941 ], [ 125.651724873774569, 37.969171528448634 ], [ 125.651197188729, 37.973952434111304 ], [ 125.650212560400121, 37.978660514135747 ], [ 125.648780100739515, 37.983252198988112 ], [ 125.646913066021398, 37.987684996279206 ], [ 125.644628734166261, 37.9919178839978 ], [ 125.641948244847512, 37.995911690136651 ], [ 125.638896403860628, 37.999629455198267 ], [ 125.63550145356524, 38.003036774225663 ], [ 125.631794811524571, 38.006102115192832 ], [ 125.597931625036736, 38.031465738316506 ], [ 125.597143080233565, 38.032120123739475 ], [ 125.598157473324008, 38.031975107028806 ], [ 125.798120012068111, 37.993140404681725 ], [ 125.799294758835757, 37.992851686047537 ], [ 125.800110209963023, 37.991958138132205 ], [ 125.875391646628984, 37.90084906729124 ], [ 125.878766385299798, 37.897157541199782 ], [ 125.882493049533224, 37.893821645567208 ], [ 125.886534348499438, 37.890874761001115 ], [ 125.890849842979151, 37.88834637547361 ], [ 125.895396350018316, 37.886261789250163 ], [ 125.900128375037937, 37.884641861722805 ], [ 125.904998567075111, 37.883502802680766 ], [ 125.909958192600001, 37.882856010107417 ], [ 125.914957623167467, 37.882707956126417 ], [ 125.919946832023555, 37.883060122238511 ], [ 125.924875894697792, 37.883908984496877 ], [ 125.929695488571866, 37.885246048769481 ], [ 125.934357386426001, 37.887057935735541 ], [ 125.938814939024113, 37.889326514765521 ], [ 125.943023541908943, 37.892029085345165 ], [ 125.946941081736171, 37.895138604227924 ], [ 125.950528357681151, 37.898623956042989 ], [ 125.953749473701606, 37.902450264650895 ], [ 125.95657219773102, 37.906579242131329 ], [ 125.958968284208524, 37.910969571910798 ], [ 125.959513913720969, 37.91210041409304 ], [ 125.960615467783953, 37.911687768728797 ], [ 126.054659245402249, 37.871065309250426 ], [ 126.055713141407168, 37.870549017175897 ], [ 126.056219721913067, 37.869490418816468 ], [ 126.069921948555702, 37.836950182638994 ], [ 126.07208700856377, 37.832450967775216 ], [ 126.074690007928496, 37.828190121200159 ], [ 126.077704989103708, 37.82421013279037 ], [ 126.081101886191547, 37.820550691657679 ], [ 126.084846824764611, 37.817248290362727 ], [ 126.088902459667466, 37.814335861005006 ], [ 126.093228347428763, 37.811842446818467 ], [ 126.097781349570326, 37.809792912547493 ], [ 126.10251606279131, 37.808207696491536 ], [ 126.107385271737485, 37.807102606690925 ], [ 126.112340419840734, 37.806488663286473 ], [ 126.117332093533221, 37.806371988624754 ], [ 126.122310515007825, 37.806753746205068 ], [ 126.127226038610772, 37.807630129076799 ], [ 126.13202964591639, 37.808992397802989 ], [ 126.136673434547106, 37.810826967611469 ], [ 126.141111095863977, 37.813115543864456 ], [ 126.145298376764188, 37.815835304495778 ], [ 126.149193520980418, 37.818959127596351 ], [ 126.152757685481376, 37.822455861878375 ], [ 126.155955327820976, 37.826290637321208 ], [ 126.157716436957926, 37.828891863969588 ], [ 126.158252837736086, 37.829602547665985 ], [ 126.159436538580707, 37.829989738674335 ], [ 126.377494113075755, 37.889273386779351 ], [ 126.378664810439432, 37.889531012832364 ], [ 126.379735039431651, 37.88899109301893 ], [ 126.554781207339673, 37.78967565296103 ], [ 126.55932048146822, 37.787396828936927 ], [ 126.564067526974455, 37.785590283197479 ], [ 126.568973358054194, 37.784274657884545 ], [ 126.573987350360099, 37.78346352922442 ], [ 126.579057763405402, 37.783165267431713 ], [ 126.584132274485341, 37.783382950335309 ], [ 126.589158518606638, 37.784114331617559 ], [ 126.594084628853366, 37.785351863994542 ], [ 126.598859771612993, 37.787082777098121 ], [ 126.698853605497774, 37.829190634579867 ], [ 126.699895225501663, 37.829571420712455 ], [ 126.699786255913608, 37.828467746874935 ], [ 126.683547924492572, 37.718421823133987 ], [ 126.683075873248896, 37.713643257285817 ], [ 126.683064386237405, 37.708841445961895 ], [ 126.683513569402962, 37.704060676314057 ], [ 126.684419279924896, 37.699345041426533 ], [ 126.685773164426394, 37.694738033645059 ], [ 126.687562736017753, 37.690282143446531 ], [ 126.689771489463027, 37.686018467548912 ], [ 126.692379053408047, 37.681986329875841 ], [ 126.695361378265574, 37.678222918871697 ], [ 126.698690958024898, 37.67476294451221 ], [ 126.70233708393998, 37.671638318174026 ], [ 126.706266127756621, 37.668877858315795 ], [ 126.754187178776803, 37.638538065823326 ], [ 126.754871647763835, 37.638056354238607 ], [ 126.75407309479607, 37.638307067227394 ], [ 126.661590656282883, 37.672385882029218 ], [ 126.656924604509967, 37.673850384435553 ], [ 126.65213780111614, 37.674852042917578 ], [ 126.647276040121511, 37.675381274886476 ], [ 126.642385832644763, 37.67543301732681 ], [ 126.63751396194418, 37.675006775233022 ], [ 126.632707035855191, 37.674106626344965 ], [ 126.628011040906131, 37.672741182137337 ], [ 126.623470902377917, 37.670923505436065 ], [ 126.619130054516305, 37.668670985449893 ], [ 126.615030025008551, 37.666005171412614 ], [ 126.611210037699522, 37.662951566427587 ], [ 126.607706637348059, 37.65953938348656 ], [ 126.604553340013382, 37.655801265997113 ], [ 126.601780312416324, 37.651772975492236 ], [ 126.599414083342594, 37.647493049509656 ], [ 126.597477289849309, 37.643002432913896 ], [ 126.595988460702486, 37.638344086188141 ], [ 126.594961839117573, 37.633562574443189 ], [ 126.594407246498434, 37.628703641075404 ], [ 126.594329988478833, 37.623813770152353 ], [ 126.594730804164783, 37.618939741712587 ], [ 126.595605859063809, 37.614128184234033 ], [ 126.59694678176848, 37.60942512855226 ], [ 126.598740744043255, 37.604875567496244 ], [ 126.643664706991487, 37.505487533103668 ], [ 126.644097273761602, 37.504392272674416 ], [ 126.643440677253679, 37.50341472960924 ], [ 126.628362367411427, 37.483156471156477 ], [ 126.625655317215589, 37.47912443179051 ], [ 126.62335220521733, 37.47484878712158 ], [ 126.621474759401053, 37.47036987437199 ], [ 126.620040691937689, 37.46572994843271 ], [ 126.619063532084837, 37.4609727832229 ], [ 126.618552498549192, 37.456143258718676 ], [ 126.618512412515628, 37.45128693754711 ], [ 126.618943652163182, 37.446449635139999 ], [ 126.619842149097309, 37.441676987502589 ], [ 126.621199426731806, 37.437014020675086 ], [ 126.623002680258523, 37.432504725948654 ], [ 126.625234897450298, 37.42819164484343 ], [ 126.627875019157457, 37.424115467763997 ], [ 126.630898137983664, 37.420314650118527 ], [ 126.634275733267017, 37.416825049523418 ], [ 126.637975940149119, 37.413679587515851 ], [ 126.641963850194159, 37.410907938965948 ], [ 126.869657081900456, 37.268540225174831 ], [ 126.870580728082373, 37.267897612525424 ], [ 126.86999557101214, 37.267598328957234 ], [ 126.866831990439678, 37.266168989502411 ], [ 126.862527779996014, 37.263682720290959 ], [ 126.85849170298026, 37.260781368113427 ], [ 126.854763648364752, 37.257493607337608 ], [ 126.851380460904167, 37.253851931247979 ], [ 126.848375576994925, 37.24989233091118 ], [ 126.84577869421976, 37.245653939472525 ], [ 126.843615477843457, 37.241178645399003 ], [ 126.841907307160255, 37.236510678491214 ], [ 126.840671064200137, 37.231696172755541 ], [ 126.839918966881925, 37.226782710457009 ], [ 126.839658448262242, 37.2218188518587 ], [ 126.839892083073934, 37.216853655295623 ], [ 126.840617562279661, 37.211936192326036 ], [ 126.841827715892379, 37.207115062752081 ], [ 126.843510583837016, 37.202437914302855 ], [ 126.845649534153239, 37.197950971726897 ], [ 126.848223427370783, 37.193698579948162 ], [ 126.85120682543311, 37.189722765800475 ], [ 126.854570243104334, 37.186062822671943 ], [ 126.858280439374951, 37.182754922164264 ], [ 126.86230074598619, 37.179831756605005 ], [ 126.866591429826258, 37.177322215945885 ], [ 126.870252828364869, 37.17564402379184 ], [ 126.870600534356015, 37.175463224384828 ], [ 126.870012048096825, 37.174762991191223 ], [ 126.867011046333914, 37.170809175019428 ], [ 126.864416862846355, 37.166577285850956 ], [ 126.862255064530558, 37.162109030940691 ], [ 126.860546956924011, 37.157448447038881 ], [ 126.859309374229227, 37.15264146638831 ], [ 126.858554513404812, 37.147735464040466 ], [ 126.858289813958606, 37.142778790952143 ], [ 126.858517884627972, 37.137820297464081 ], [ 126.859236477669356, 37.132908851857927 ], [ 126.860438511010926, 37.128092858736345 ], [ 126.862112138049653, 37.123419781972956 ], [ 126.864240864405218, 37.118935676933546 ], [ 126.866803710479815, 37.114684736578837 ], [ 126.869775418221977, 37.110708855922113 ], [ 126.873126700056488, 37.107047219134145 ], [ 126.876824527527262, 37.103735913364844 ], [ 126.880832456808193, 37.10080757308743 ], [ 126.885110987874285, 37.098291058470366 ], [ 126.889617953792822, 37.096211170946859 ], [ 126.890422569191131, 37.095887271658242 ], [ 126.890774402753308, 37.094730123598197 ], [ 126.910679510442193, 37.015307166550556 ], [ 126.910919305318629, 37.014099569166895 ], [ 126.910919130078852, 37.014017852570312 ], [ 126.910673438291781, 37.00936779345534 ], [ 126.910886878568789, 37.004530341679526 ], [ 126.911567242573966, 36.999736220148357 ], [ 126.912708149446445, 36.995030391003191 ], [ 126.914298899078631, 36.990456988326528 ], [ 126.916324572468312, 36.986058904226205 ], [ 126.918766171637913, 36.98187738656749 ], [ 126.921600797808935, 36.977951652125924 ], [ 126.924801866160436, 36.974318518788955 ], [ 126.92833935515732, 36.97101206025571 ], [ 126.932180088110343, 36.968063286473473 ], [ 126.936288044326886, 36.965499852807838 ], [ 126.940624696934648, 36.963345800674126 ], [ 126.945149374209663, 36.961621332062606 ], [ 126.949819641020085, 36.960342620072133 ], [ 126.954591696808279, 36.959521657229168 ], [ 126.959420786378629, 36.959166143014656 ], [ 126.964261619638577, 36.959279411653696 ], [ 126.969068796356211, 36.959860400845194 ], [ 126.973797231950812, 36.96090366172475 ], [ 126.978402580323078, 36.962399409967368 ], [ 126.982841649759308, 36.964333617550707 ], [ 127.04091748437169, 36.993060870845113 ], [ 127.041573286410141, 36.993346632269144 ], [ 127.041002545945602, 36.992915365266654 ], [ 126.879931714951908, 36.88303535362509 ], [ 126.875985758540992, 36.880046886252828 ], [ 126.872354628132129, 36.876682900345344 ], [ 126.869073910995411, 36.872976364995353 ], [ 126.866175760139313, 36.868963606486894 ], [ 126.86368857919183, 36.864683952275811 ], [ 126.861636744027734, 36.860179345556986 ], [ 126.860040363870311, 36.855493934195657 ], [ 126.858915084208832, 36.850673638051703 ], [ 126.858271933463286, 36.845765698937328 ], [ 126.850941453430323, 36.755218335058061 ], [ 126.850814806722767, 36.754255013793497 ], [ 126.850514500243762, 36.755179050192098 ], [ 126.803193952689185, 36.930039404094138 ], [ 126.801685968009636, 36.934694976291674 ], [ 126.799730091883333, 36.939180833941968 ], [ 126.797345060328539, 36.94345400545302 ], [ 126.794553720392784, 36.947473556627365 ], [ 126.791382811292991, 36.95120098278506 ], [ 126.787862708271277, 36.954600577613384 ], [ 126.784027131619879, 36.957639775210026 ], [ 126.779912823662755, 36.960289462043228 ], [ 126.775559196788038, 36.962524255840428 ], [ 126.771007955903144, 36.964322748733892 ], [ 126.719545302001137, 36.98179918702084 ], [ 126.714902918991001, 36.983129421966012 ], [ 126.710153859502554, 36.984005594892594 ], [ 126.705342425127768, 36.984419532423182 ], [ 126.700513499322625, 36.984367373142355 ], [ 126.695712128711889, 36.983849603617848 ], [ 126.690983102871741, 36.982871053861651 ], [ 126.68637053651031, 36.981440852273209 ], [ 126.681917457943726, 36.979572340485191 ], [ 126.677665407706527, 36.977282948906094 ], [ 126.67365405104087, 36.974594034120706 ], [ 126.66992080787945, 36.97153067966525 ], [ 126.666500503773634, 36.968121462035661 ], [ 126.663425045023487, 36.964398184111808 ], [ 126.660723121039823, 36.960395578484388 ], [ 126.631747010784963, 36.912649999190215 ], [ 126.631086920026277, 36.91167314477218 ], [ 126.629439082108519, 36.911997381873583 ], [ 126.628329120126779, 36.912274617634935 ], [ 126.623675173025234, 36.912980771009586 ], [ 126.618975443614545, 36.913246138073802 ], [ 126.614271586303701, 36.913068366839362 ], [ 126.609605292087934, 36.912449032919461 ], [ 126.605017919035063, 36.911393625563832 ], [ 126.600550125722791, 36.909911499006697 ], [ 126.596241510875586, 36.908015789558767 ], [ 126.59213026239523, 36.905723299178156 ], [ 126.588252818895668, 36.903054346552089 ], [ 126.584643546742143, 36.900032587009328 ], [ 126.583853768560104, 36.899233578861271 ], [ 126.582606847636711, 36.898092189113655 ], [ 126.58165745289115, 36.89876647103349 ], [ 126.575113004688859, 36.903909736062516 ], [ 126.571208695060221, 36.906686200124312 ], [ 126.567056580272848, 36.909076248064281 ], [ 126.562694780703893, 36.911057936960916 ], [ 126.558163341836931, 36.912613073018541 ], [ 126.553503866606221, 36.913727378603703 ], [ 126.548759133442047, 36.914390623327463 ], [ 126.543972703523934, 36.91459671797017 ], [ 126.539188520847389, 36.914343770386282 ], [ 126.534450508776089, 36.913634102876053 ], [ 126.529802166783512, 36.912474230864653 ], [ 126.525286171086208, 36.910874803084283 ], [ 126.520943982835377, 36.908850503808701 ], [ 126.516815467463985, 36.906419918037535 ], [ 126.512938528683989, 36.903605360868283 ], [ 126.50934876049412, 36.900432672622365 ], [ 126.506079120392954, 36.89693098160636 ], [ 126.503159626797625, 36.893132436686308 ], [ 126.50061708344613, 36.889071912130476 ], [ 126.498474833313423, 36.884786687430221 ], [ 126.496752544300577, 36.880316105038737 ], [ 126.484288626061243, 36.842679677478294 ], [ 126.483905672252945, 36.841691090438651 ], [ 126.483609438617052, 36.842709031295108 ], [ 126.475822463870074, 36.875462067499093 ], [ 126.474477992251337, 36.880106398795341 ], [ 126.472691223262771, 36.884599156712746 ], [ 126.470478864921944, 36.88889832962095 ], [ 126.467861604918383, 36.892963716096624 ], [ 126.464863917163584, 36.8967573008456 ], [ 126.46151383293639, 36.900243610182656 ], [ 126.457842678763342, 36.903390043744743 ], [ 126.453884783485421, 36.906167179335931 ], [ 126.44967715725015, 36.908549048053381 ], [ 126.445259145430981, 36.910513377121674 ], [ 126.440672060709957, 36.912041798164807 ], [ 126.435958796764254, 36.913120018968272 ], [ 126.431163427168784, 36.913737957125093 ], [ 126.426330793265649, 36.913889834316031 ], [ 126.421506084854272, 36.913574230342526 ], [ 126.416734417623061, 36.912794096406863 ], [ 126.41206041127414, 36.911556727515617 ], [ 126.407527772285889, 36.909873694264263 ], [ 126.403178885215254, 36.907760734640952 ], [ 126.399054416361054, 36.905237606861064 ], [ 126.395192933494826, 36.902327904608825 ], [ 126.358680773579223, 36.871939411837651 ], [ 126.354936999346862, 36.868486015528127 ], [ 126.351563976820884, 36.864669667717372 ], [ 126.348596706900196, 36.860529969565178 ], [ 126.34606598010393, 36.856109877546203 ], [ 126.343998057066941, 36.851455257702803 ], [ 126.342414396040581, 36.846614409706106 ], [ 126.341331430226546, 36.841637565664037 ], [ 126.340760397254229, 36.836576368876905 ], [ 126.340707222570956, 36.831483337949592 ], [ 126.341172457955352, 36.826411321820814 ], [ 126.342151275791679, 36.821412951364678 ], [ 126.343633519164584, 36.816540093255007 ], [ 126.345603807254648, 36.811843311759596 ], [ 126.356177610475726, 36.78985041610121 ], [ 126.356632321918227, 36.78877472850197 ], [ 126.353395219449254, 36.784987554735643 ], [ 126.350537984048557, 36.780873481740073 ], [ 126.348106710725816, 36.776494178053632 ], [ 126.346125799147615, 36.771893593300881 ], [ 126.344615129259779, 36.76711789782923 ], [ 126.343589861777161, 36.762215019354592 ], [ 126.343060286034358, 36.757234161970516 ], [ 126.343031716724482, 36.752225312347846 ], [ 126.343504440562143, 36.747238738080753 ], [ 126.344473713406103, 36.742324483213345 ], [ 126.345929807870348, 36.737531866009853 ], [ 126.347858110945651, 36.732908984008581 ], [ 126.350239270652295, 36.728502231326686 ], [ 126.37191760433879, 36.692785012237174 ], [ 126.374617960291431, 36.688784843481763 ], [ 126.377691407378862, 36.685063661499711 ], [ 126.381109309345064, 36.681656137693167 ], [ 126.384839820541501, 36.678594021014142 ], [ 126.388848182642874, 36.675905842149739 ], [ 126.393097048501147, 36.673616647692917 ], [ 126.39754683012049, 36.671747766775638 ], [ 126.40215606751083, 36.670316612338787 ], [ 126.406881814983478, 36.669336518890383 ], [ 126.41168004128923, 36.668816618263875 ], [ 126.41650603987128, 36.66876175453401 ], [ 126.421314845409881, 36.669172438883116 ], [ 126.42606165277823, 36.67004484483823 ], [ 126.430702234505617, 36.671370843923555 ], [ 126.43519335285842, 36.673138081395962 ], [ 126.439493162699478, 36.675330091357949 ], [ 126.443561601372124, 36.677926450175519 ], [ 126.447360761976384, 36.680902966771448 ], [ 126.450855246559172, 36.684231908021054 ], [ 126.454012495928083, 36.687882257150292 ], [ 126.456803093015324, 36.691820002728583 ], [ 126.459201036965752, 36.69600845556387 ], [ 126.461183985394726, 36.700408590547113 ], [ 126.479141480074617, 36.746013477895104 ], [ 126.479549397176555, 36.746918541448963 ], [ 126.479657118716474, 36.745931661279705 ], [ 126.494156616750217, 36.506167436606752 ], [ 126.494715118042336, 36.501151581712264 ], [ 126.49577641469844, 36.496217579946602 ], [ 126.497329693920861, 36.491415700348668 ], [ 126.499359130451026, 36.486794865858464 ], [ 126.501844047801839, 36.482402154875992 ], [ 126.50475912891568, 36.478282321612909 ], [ 126.50807467410192, 36.474477340123627 ], [ 126.511756903626022, 36.471025976661501 ], [ 126.515768301867183, 36.467963394717025 ], [ 126.520067999538398, 36.465320796761986 ], [ 126.524612190074578, 36.463125106349665 ], [ 126.529354575946513, 36.461398693809869 ], [ 126.534246840353504, 36.460159148333538 ], [ 126.539239139488956, 36.459419098768961 ], [ 126.544280610363472, 36.459186084955427 ], [ 126.549319889011727, 36.459462480905145 ], [ 126.554305633803466, 36.460245470616144 ], [ 126.616248963269172, 36.473206438887551 ], [ 126.617080606324862, 36.473338523164294 ], [ 126.616330332349762, 36.472956207338676 ], [ 126.573372777861309, 36.453642696083726 ], [ 126.569037846728961, 36.451434220284838 ], [ 126.564938070010584, 36.448814902790552 ], [ 126.561112262741219, 36.445809542244135 ], [ 126.557596646123443, 36.442446592189008 ], [ 126.554424504599723, 36.438757891682066 ], [ 126.551625870728614, 36.434778363854306 ], [ 126.549227240848623, 36.430545685272698 ], [ 126.547251324221563, 36.426099929233587 ], [ 126.545716828030351, 36.421483186364902 ], [ 126.544638280267009, 36.416739166129005 ], [ 126.544025892187463, 36.411912782999117 ], [ 126.543885461635426, 36.40704973122719 ], [ 126.544218318150826, 36.402196052229094 ], [ 126.545021310382197, 36.397397698683058 ], [ 126.546286835922459, 36.392700099468207 ], [ 126.548002913285416, 36.388147729562242 ], [ 126.550153295341644, 36.383783688970233 ], [ 126.552717623139756, 36.379649294671161 ], [ 126.555671618656802, 36.375783689445363 ], [ 126.558987314652754, 36.372223471286482 ], [ 126.562633319453127, 36.369002346906385 ], [ 126.581657987007986, 36.353776547591714 ], [ 126.582505870843264, 36.353027209404807 ], [ 126.581494008160277, 36.352520703109121 ], [ 126.565380423524871, 36.345416250214804 ], [ 126.560936430982039, 36.343186743271083 ], [ 126.556735832777179, 36.34052690386725 ], [ 126.552820164040455, 36.337463032251605 ], [ 126.549228142545559, 36.334025423705967 ], [ 126.545995285871896, 36.330248068988638 ], [ 126.543153560210058, 36.326168318236974 ], [ 126.540731064282994, 36.321826511652581 ], [ 126.538751751508485, 36.317265580621147 ], [ 126.537235193149868, 36.312530623210797 ], [ 126.536196384797236, 36.307668458246567 ], [ 126.535645598092415, 36.302727162370111 ], [ 126.535588279163846, 36.297755594662306 ], [ 126.536024994775872, 36.292802913529115 ], [ 126.536951426724528, 36.287918090627777 ], [ 126.53835841453558, 36.283149426639568 ], [ 126.540232046042476, 36.278544073677068 ], [ 126.54255379494856, 36.274147569048388 ], [ 126.602662622432931, 36.172864194646536 ], [ 126.603213750449783, 36.171823587911739 ], [ 126.602019678461161, 36.170004485993985 ], [ 126.59958278075824, 36.165872686406765 ], [ 126.597553037943996, 36.161526379658319 ], [ 126.595949131964758, 36.15700556957016 ], [ 126.594785825323996, 36.15235186610915 ], [ 126.594073825206877, 36.147608102405428 ], [ 126.593819684930338, 36.142817940512202 ], [ 126.594025743625721, 36.138025469536018 ], [ 126.59469010470913, 36.133274799836457 ], [ 126.59580665333786, 36.128609657030161 ], [ 126.597365112691918, 36.124072979536088 ], [ 126.599351138562909, 36.119706523366233 ], [ 126.601746451379427, 36.115550477799289 ], [ 126.604529004454051, 36.111643095474719 ], [ 126.670420378067448, 36.027925659364428 ], [ 126.673541620037867, 36.024326922545107 ], [ 126.676991174363422, 36.021041556037751 ], [ 126.680737728669385, 36.01809938184762 ], [ 126.684747274645886, 36.015527106746681 ], [ 126.688983416748968, 36.013348079850303 ], [ 126.693407702571008, 36.011582080672092 ], [ 126.697979971881892, 36.01024513958086 ], [ 126.702658721172284, 36.009349392289359 ], [ 126.707401480390345, 36.00890296969574 ], [ 126.712165198451814, 36.00890992407755 ], [ 126.71690663402434, 36.00937019230831 ], [ 126.721582748038685, 36.010279596430529 ], [ 126.726151094363971, 36.011629881579971 ], [ 126.869534073513208, 36.061552036945137 ], [ 126.870307708956631, 36.06177934963911 ], [ 126.869628839266966, 36.061344241831172 ], [ 126.745657656177272, 35.990246648671054 ], [ 126.744447064929389, 35.989637382838438 ], [ 126.742984429960742, 35.989091197808357 ], [ 126.738399003921401, 35.987112653412566 ], [ 126.734033824021466, 35.984686550708702 ], [ 126.729932438639906, 35.981837093244472 ], [ 126.726135764460352, 35.978592708085046 ], [ 126.722681678273602, 35.974985762215901 ], [ 126.71960463910716, 35.971052239639803 ], [ 126.716935344451358, 35.966831382389323 ], [ 126.714700424011696, 35.962365299036222 ], [ 126.712922174042731, 35.957698544603396 ], [ 126.71161833491378, 35.952877676070209 ], [ 126.710801914125511, 35.947950787905768 ], [ 126.710481056543145, 35.942967032263653 ], [ 126.710658963140716, 35.937976128624932 ], [ 126.711333859067238, 35.933027867781277 ], [ 126.712499011353088, 35.928171615106713 ], [ 126.714142796080267, 35.923455818073428 ], [ 126.716248814346116, 35.918927522924882 ], [ 126.718796055863848, 35.91463190532798 ], [ 126.721759108567653, 35.910611819686743 ], [ 126.725108412131277, 35.906907371613521 ], [ 126.728810552870911, 35.903555517823108 ], [ 126.732828597090474, 35.900589697441134 ], [ 126.737122459543428, 35.898039498405069 ], [ 126.741649303335635, 35.895930362285846 ], [ 126.746363967279351, 35.894283330474906 ], [ 126.751219416435177, 35.893114834268808 ], [ 126.756167211347062, 35.89243653094556 ], [ 126.761157991289281, 35.892255187467988 ], [ 126.836273270840266, 35.893279958430078 ], [ 126.837203298107681, 35.893247211960436 ], [ 126.836336175995413, 35.892909392049773 ], [ 126.801630217185206, 35.881305639961909 ], [ 126.797089881311052, 35.879537266370484 ], [ 126.7927432298507, 35.877335354453244 ], [ 126.788631541727341, 35.874720815146738 ], [ 126.784793864483589, 35.871718477993468 ], [ 126.781266643458039, 35.868356855342732 ], [ 126.778083375674086, 35.864667871576884 ], [ 126.775274291728209, 35.860686559934464 ], [ 126.772866068698505, 35.856450729809417 ], [ 126.770881576799951, 35.852000607685966 ], [ 126.769339662192507, 35.847378455118992 ], [ 126.768254968004385, 35.842628167387993 ], [ 126.767637795270403, 35.837794856635981 ], [ 126.767494005105988, 35.832924423452205 ], [ 126.767824963045754, 35.828063120967151 ], [ 126.768627526075505, 35.823257115599667 ], [ 126.769894072480454, 35.818552048627438 ], [ 126.771612574226552, 35.81399260274469 ], [ 126.773766711187349, 35.809622077723233 ], [ 126.77633602613156, 35.805481979206711 ], [ 126.77929611899971, 35.801611624543256 ], [ 126.782618878624561, 35.798047769399666 ], [ 126.786272749694973, 35.794824258703258 ], [ 126.789010513712483, 35.792847281662354 ], [ 126.789003075084452, 35.792836987569885 ], [ 126.790958401491451, 35.791424046519602 ], [ 126.790685086367773, 35.790270622457363 ], [ 126.782331055046981, 35.761407820056164 ], [ 126.781954270818275, 35.760309096726843 ], [ 126.780820282190319, 35.760560550701385 ], [ 126.686479725432974, 35.786348760763659 ], [ 126.681922718627177, 35.787368369908897 ], [ 126.677290464666768, 35.787958401334699 ], [ 126.672623367764047, 35.788113708571295 ], [ 126.667962136044181, 35.787832936972201 ], [ 126.663347426474076, 35.787118535529927 ], [ 126.658819490237434, 35.785976735515 ], [ 126.654417821649247, 35.784417496124519 ], [ 126.650180813671881, 35.782454417614396 ], [ 126.646145423037694, 35.78010462267298 ], [ 126.642346847898892, 35.777388607070669 ], [ 126.547444429887264, 35.70259609285295 ], [ 126.543791666688307, 35.699418948684482 ], [ 126.540463286580646, 35.695903438776405 ], [ 126.537490492361016, 35.692082520224211 ], [ 126.534901153290335, 35.687992013259063 ], [ 126.532719543825877, 35.6836702654414 ], [ 126.530966116053776, 35.679157792161384 ], [ 126.529657307955446, 35.674496896816436 ], [ 126.528805389305276, 35.669731274226635 ], [ 126.528418346644372, 35.664905601005884 ], [ 126.528499808408483, 35.660065116728887 ], [ 126.529049010912374, 35.655255199820608 ], [ 126.530060805509066, 35.650520942143949 ], [ 126.531525706857309, 35.645906726273978 ], [ 126.533429981844478, 35.641455809421444 ], [ 126.535755778331236, 35.637209917906453 ], [ 126.538481292511335, 35.633208855983803 ], [ 126.541580973317252, 35.629490132687259 ], [ 126.545025761955529, 35.626088610191012 ], [ 126.548783364326269, 35.623036176984826 ], [ 126.552818553772937, 35.620361448926801 ], [ 126.557093501324076, 35.618089500976275 ], [ 126.561568130331253, 35.616241632121884 ], [ 126.566200492178368, 35.614835165708428 ], [ 126.669043027915535, 35.588975539565674 ], [ 126.67013745013233, 35.588645265152621 ], [ 126.670620501430591, 35.587609165437428 ], [ 126.692020191338145, 35.535476709049746 ], [ 126.692396143949637, 35.534419411179812 ], [ 126.691278851220744, 35.534315122592986 ], [ 126.532152696625005, 35.527118861502018 ], [ 126.527396716534909, 35.526675385484793 ], [ 126.522704756843879, 35.525780102371485 ], [ 126.518119638285853, 35.52444118288021 ], [ 126.513683206519119, 35.522670846535227 ], [ 126.509435950225779, 35.520485250146621 ], [ 126.505416631595551, 35.517904340356658 ], [ 126.501661932566265, 35.514951671598602 ], [ 126.498206120049588, 35.511654191129395 ], [ 126.495080733197184, 35.50804199309799 ], [ 126.492314295561613, 35.504148043893935 ], [ 126.489932054778805, 35.500007881282649 ], [ 126.487955752147784, 35.49565929007332 ], [ 126.486403424210792, 35.491141957279368 ], [ 126.485289238144446, 35.486497109918602 ], [ 126.458722386203874, 35.346580943470293 ], [ 126.45845887506897, 35.345474879621484 ], [ 126.457581638687174, 35.344751504417047 ], [ 126.356865703034785, 35.269241951017463 ], [ 126.35312269194992, 35.266140375736342 ], [ 126.349698552634948, 35.262689988633795 ], [ 126.346625649919346, 35.258923402632348 ], [ 126.343933028758158, 35.254876219354053 ], [ 126.341646139700174, 35.250586692615322 ], [ 126.33978659833042, 35.246095366853368 ], [ 126.338371980960417, 35.241444693901812 ], [ 126.337415658497662, 35.236678631737611 ], [ 126.336926670064287, 35.231842228991987 ], [ 126.336909637559614, 35.226981199152583 ], [ 126.337364721974211, 35.222141488481334 ], [ 126.33828762186819, 35.217368841732252 ], [ 126.339669614028224, 35.212708369773807 ], [ 126.341497635919012, 35.208204123202783 ], [ 126.343754409149895, 35.203898675979765 ], [ 126.34641860278947, 35.199832723021764 ], [ 126.349465034984746, 35.196044695555472 ], [ 126.352864910978994, 35.192570397866788 ], [ 126.451524137590951, 35.101102158732559 ], [ 126.452338748852128, 35.100270864470609 ], [ 126.452017761869286, 35.099152111140164 ], [ 126.428072632335471, 35.02863512922039 ], [ 126.426671909489272, 35.023687850155525 ], [ 126.425786673493477, 35.018622877118162 ], [ 126.425426285752224, 35.0134937723899 ], [ 126.42559455737954, 35.008354776447412 ], [ 126.42628970889659, 35.003260234367318 ], [ 126.427504389049759, 34.998264021124974 ], [ 126.429225752550451, 34.993418971864543 ], [ 126.431435595914479, 34.988776323165368 ], [ 126.434110549964629, 34.984385171213198 ], [ 126.435434160172335, 34.982644099813236 ], [ 126.436307145653103, 34.981379859196664 ], [ 126.435991309115138, 34.980237459862337 ], [ 126.39385922106311, 34.852367664552169 ], [ 126.392575234100335, 34.847731186971821 ], [ 126.39174279446442, 34.842992770450856 ], [ 126.391369609063659, 34.838196284285935 ], [ 126.391459132930081, 34.833386135395202 ], [ 126.392010537232181, 34.828606857189321 ], [ 126.393018716948291, 34.823902697271365 ], [ 126.394474338130053, 34.819317207782902 ], [ 126.39636392431818, 34.814892842188691 ], [ 126.398669981310377, 34.810670562233213 ], [ 126.401371159126569, 34.806689458707936 ], [ 126.404442449671635, 34.802986389540159 ], [ 126.407855418265882, 34.799595638554266 ], [ 126.411578466899485, 34.796548598064625 ], [ 126.415577126773755, 34.793873478238623 ], [ 126.419814377420892, 34.791595045920793 ], [ 126.424250989447515, 34.789734395335934 ], [ 126.428845887728954, 34.78830875279418 ], [ 126.433556531691792, 34.787331317206039 ], [ 126.43833930916378, 34.786811137884001 ], [ 126.479023075763578, 34.784358738319071 ], [ 126.484032953912205, 34.784308215015905 ], [ 126.489022737249414, 34.784759318015155 ], [ 126.493942325493023, 34.785707517984378 ], [ 126.49874232315976, 34.787143294452868 ], [ 126.503374535524273, 34.789052231402671 ], [ 126.507792452521684, 34.791415162013621 ], [ 126.511951715735364, 34.794208361109206 ], [ 126.515810563780761, 34.797403783370939 ], [ 126.519330251613667, 34.800969344929399 ], [ 126.522475439552622, 34.804869245504655 ], [ 126.525214548109574, 34.809064327861584 ], [ 126.527520075066022, 34.813512470970942 ], [ 126.567135539615549, 34.900334387555297 ], [ 126.567606753560241, 34.901247441789003 ], [ 126.567760457868161, 34.900231525650248 ], [ 126.571842718179894, 34.860266198497769 ], [ 126.572611946430627, 34.855260011486379 ], [ 126.573883697860893, 34.850357331729931 ], [ 126.575644922459261, 34.845608467822764 ], [ 126.577877547510781, 34.841062149985866 ], [ 126.580558663049104, 34.836765030024218 ], [ 126.583660756946045, 34.832761202611692 ], [ 126.58715199722576, 34.829091752815884 ], [ 126.590996558706991, 34.825794334505794 ], [ 126.595154990621253, 34.822902783968587 ], [ 126.599584621434857, 34.820446772700315 ], [ 126.604239996720679, 34.818451502933378 ], [ 126.609073345586381, 34.81693744902514 ], [ 126.614035070872973, 34.815920147361346 ], [ 126.664059269022403, 34.808280087993388 ], [ 126.665011095609685, 34.808085656092665 ], [ 126.664068180973757, 34.807851798004137 ], [ 126.516251207336239, 34.778937979682048 ], [ 126.511551440362894, 34.777779950796415 ], [ 126.506985668955423, 34.776172912539757 ], [ 126.502596681405848, 34.774131925329279 ], [ 126.498425609269887, 34.771676116350505 ], [ 126.494511541901048, 34.768828500306192 ], [ 126.490891160123383, 34.765615763733173 ], [ 126.487598392475775, 34.762068014908564 ], [ 126.48466409724945, 34.758218501688894 ], [ 126.482115773298347, 34.754103299926662 ], [ 126.4799773023326, 34.74976097538417 ], [ 126.478268725110311, 34.745232222313057 ], [ 126.477006053624763, 34.740559482086674 ], [ 126.476201121047495, 34.73578654545922 ], [ 126.47586147083328, 34.730958142179084 ], [ 126.475990286026416, 34.726119521802396 ], [ 126.476586359430641, 34.72131602963519 ], [ 126.47764410492249, 34.716592681778202 ], [ 126.47915360980177, 34.711993743256855 ], [ 126.481100727688869, 34.707562313190003 ], [ 126.483467211098016, 34.703339920884943 ], [ 126.486230882444275, 34.699366136644009 ], [ 126.489365841881579, 34.695678200930075 ], [ 126.492842710024078, 34.692310675366194 ], [ 126.49662890327609, 34.6892951188401 ], [ 126.500688939190496, 34.686659791748937 ], [ 126.504984768993737, 34.684429391155952 ], [ 126.622516153737578, 34.630460417430157 ], [ 126.623091975794651, 34.630161106888806 ], [ 126.622466736337856, 34.630334984613761 ], [ 126.596410925987527, 34.638973514497089 ], [ 126.591692726551202, 34.640285129863841 ], [ 126.58686884873201, 34.64112889735366 ], [ 126.581985566524963, 34.641496722961257 ], [ 126.577089723773298, 34.641385078247282 ], [ 126.572228284809725, 34.640795034185565 ], [ 126.567447883941895, 34.639732250889615 ], [ 126.56428463905732, 34.638695401509899 ], [ 126.562239934783207, 34.641571770940736 ], [ 126.559049289692737, 34.645244190309953 ], [ 126.555516853951332, 34.648589153366494 ], [ 126.551676068252277, 34.651574994174482 ], [ 126.547563292361446, 34.654173446519351 ], [ 126.543217460908409, 34.656359911497034 ], [ 126.538679714802001, 34.658113690385747 ], [ 126.537615767922304, 34.658466430783804 ], [ 126.532903673809457, 34.659776666666659 ], [ 126.528086112545566, 34.660620261632126 ], [ 126.523209179614739, 34.66098914397832 ], [ 126.518319538582233, 34.660879784157956 ], [ 126.513463974607205, 34.660293228549804 ], [ 126.508688946792034, 34.659235089446732 ], [ 126.504040143651466, 34.657715491356036 ], [ 126.499562045954789, 34.655748974125956 ], [ 126.495297501124185, 34.6533543538252 ], [ 126.491287313261068, 34.650554542706651 ], [ 126.487569852723539, 34.647376329977931 ], [ 126.484180688990364, 34.643850125476362 ], [ 126.481152250324428, 34.640009668700962 ], [ 126.478513513491905, 34.635891705985522 ], [ 126.47628972650628, 34.631535638901603 ], [ 126.474502167049764, 34.626983147255643 ], [ 126.47316793888379, 34.622277790287441 ], [ 126.472299808196453, 34.617464589885756 ], [ 126.471906081452786, 34.612589599809006 ], [ 126.471990525916766, 34.607699465032788 ], [ 126.472552333605194, 34.602840975440508 ], [ 126.472642301752487, 34.60229748865671 ], [ 126.473704074777615, 34.59741320990112 ], [ 126.47524819918695, 34.592659346132805 ], [ 126.477259243902324, 34.588083404691751 ], [ 126.479717111716596, 34.583731114866062 ], [ 126.482597240133288, 34.57964597090011 ], [ 126.485870846829954, 34.575868797338472 ], [ 126.489505217291864, 34.572437341049252 ], [ 126.493464031741723, 34.569385894003879 ], [ 126.497707728098447, 34.566744950583207 ], [ 126.502193897337392, 34.564540902834452 ], [ 126.506877707301442, 34.56279577672445 ], [ 126.511712350727464, 34.561527012025032 ], [ 126.516649513010691, 34.560747288030122 ], [ 126.52163985503276, 34.560464396846243 ], [ 126.526633506228038, 34.560681165522787 ], [ 126.531580562960926, 34.561395427800122 ], [ 126.532554541693329, 34.561586174185862 ], [ 126.537277571494243, 34.562752308662006 ], [ 126.539253725910825, 34.563450009636739 ], [ 126.539574008044738, 34.56293756580677 ], [ 126.53931519911302, 34.561806311264114 ], [ 126.491806157277566, 34.392402456226947 ], [ 126.490715310702669, 34.387622671694899 ], [ 126.490097819737628, 34.382759031974395 ], [ 126.489959621258294, 34.377858298600387 ], [ 126.490302043975987, 34.372967589745301 ], [ 126.49112179566248, 34.368133927200681 ], [ 126.492410994803251, 34.363403784285481 ], [ 126.494157246374371, 34.358822639027672 ], [ 126.496343761014671, 34.354434536915079 ], [ 126.498949516447283, 34.350281667419395 ], [ 126.501949459598634, 34.346403958364888 ], [ 126.505314747471616, 34.342838692041759 ], [ 126.509013024456905, 34.339620146755017 ], [ 126.513008733416569, 34.33677926725521 ], [ 126.517263457548609, 34.334343367219681 ], [ 126.521736289745846, 34.332335866644804 ], [ 126.553620685230285, 34.319865292121904 ], [ 126.558176781607614, 34.318331472841763 ], [ 126.562859120767158, 34.31724229159947 ], [ 126.567624418012414, 34.316607817054695 ], [ 126.572428621761901, 34.316433914446428 ], [ 126.577227320772778, 34.316722191373195 ], [ 126.581976154689443, 34.317469982932089 ], [ 126.586631224121462, 34.318670376353744 ], [ 126.591149496460389, 34.320312274905703 ], [ 126.595489203683812, 34.322380500473329 ], [ 126.599610228469231, 34.32485593387004 ], [ 126.603474475048472, 34.327715691579783 ], [ 126.607046221374347, 34.3309333372979 ], [ 126.61029244934403, 34.334479126314811 ], [ 126.613183150026586, 34.33832028048348 ], [ 126.615691601072896, 34.342421291228639 ], [ 126.617794613743612, 34.346744247796821 ], [ 126.619472747271615, 34.351249187712718 ], [ 126.63326611665039, 34.394533741941785 ], [ 126.633686478386267, 34.395659625461263 ], [ 126.634659413956683, 34.396365113989908 ], [ 126.742765918313282, 34.466968089199966 ], [ 126.746552697662665, 34.46970170698134 ], [ 126.750067895743953, 34.472776726731666 ], [ 126.753280842645083, 34.476166319070877 ], [ 126.756163505579124, 34.479840909990187 ], [ 126.758690733468768, 34.483768438883693 ], [ 126.760840476388154, 34.487914638275441 ], [ 126.762593977947219, 34.492243332801266 ], [ 126.763935938940264, 34.496716754836882 ], [ 126.7648546508306, 34.501295874018354 ], [ 126.777657043443, 34.585275746765809 ], [ 126.777852919349357, 34.586239393438724 ], [ 126.778126043608125, 34.585294731901257 ], [ 126.803724304371869, 34.477039492347807 ], [ 126.805075570797669, 34.472357096351828 ], [ 126.80687626694602, 34.467828493189934 ], [ 126.809109285661009, 34.463496705956572 ], [ 126.811753412592054, 34.459402887935568 ], [ 126.81478352773668, 34.455585931631532 ], [ 126.818170844088073, 34.452082099279345 ], [ 126.821883181120342, 34.448924678342024 ], [ 126.825885270513211, 34.446143665269751 ], [ 126.830139091211663, 34.443765480524604 ], [ 126.834604230637439, 34.441812717578166 ], [ 126.858143694677096, 34.432857722941705 ], [ 126.862936979238015, 34.43130582625524 ], [ 126.867862107551531, 34.430244190110962 ], [ 126.8728690719132, 34.429683593920728 ], [ 126.877907033689354, 34.429629729745095 ], [ 126.882924839511503, 34.430083144498489 ], [ 126.887871540666325, 34.431039234396103 ], [ 126.892696910407707, 34.43248829169876 ], [ 126.897351953938255, 34.434415603281302 ], [ 126.901789405882056, 34.436801600023522 ], [ 126.905964210197695, 34.439622055506867 ], [ 126.909833977658522, 34.442848331999443 ], [ 126.913359416255247, 34.446447671231603 ], [ 126.916504730150635, 34.450383527009812 ], [ 126.919237983135602, 34.454615936291489 ], [ 127.009673850839548, 34.611469741151403 ], [ 127.010305798091693, 34.612455015639917 ], [ 127.011256995969418, 34.613137178190463 ], [ 127.2470683741237, 34.765906150569009 ], [ 127.248058080158003, 34.766483015797348 ], [ 127.249058302621094, 34.76592458357225 ], [ 127.314094366726991, 34.725481786517143 ], [ 127.318404066333883, 34.723087988781423 ], [ 127.322928553567181, 34.721130236606889 ], [ 127.327623843573036, 34.719627562303465 ], [ 127.332444291036481, 34.718594574136404 ], [ 127.337343033922949, 34.718041314311861 ], [ 127.342272449048011, 34.717973161351495 ], [ 127.347184615046729, 34.71839077780507 ], [ 127.352031778241724, 34.719290103809513 ], [ 127.356766816881134, 34.720662396556889 ], [ 127.361343699233217, 34.722494315287719 ], [ 127.365717931084376, 34.724768050983315 ], [ 127.369846988290163, 34.727461499496385 ], [ 127.373690730174204, 34.730548476436716 ], [ 127.377211789756245, 34.733998971723032 ], [ 127.380375937015714, 34.737779441326346 ], [ 127.383152411659211, 34.741853133368615 ], [ 127.385514222157042, 34.74618044540653 ], [ 127.387438408141733, 34.750719309427133 ], [ 127.388906263617443, 34.755425600812465 ], [ 127.389903518810542, 34.760253567297539 ], [ 127.39042047889339, 34.765156273751522 ], [ 127.390452118232687, 34.770086058458119 ], [ 127.389998129246251, 34.774994996459498 ], [ 127.389062925393119, 34.779835365459306 ], [ 127.387655598268182, 34.784560109755517 ], [ 127.38578982921797, 34.789123297692967 ], [ 127.383483756337455, 34.793480568188464 ], [ 127.365967822886304, 34.82296239835464 ], [ 127.365412647707345, 34.824013686744465 ], [ 127.366483412448062, 34.824530300359783 ], [ 127.520100164737201, 34.889352401309829 ], [ 127.521247449301441, 34.889770356920067 ], [ 127.521257230823821, 34.889765634386322 ], [ 127.525797235933723, 34.887843616609452 ], [ 127.530504455354986, 34.886378050489256 ], [ 127.535333123996466, 34.885383184727807 ], [ 127.540236295998909, 34.884868691727881 ], [ 127.545166301157579, 34.8848395735548 ], [ 127.550075208387227, 34.885296113304754 ], [ 127.550800114413789, 34.885436562784214 ], [ 127.548663275391633, 34.88389735359867 ], [ 127.545013234049733, 34.880686311605665 ], [ 127.541692281997868, 34.877135977825915 ], [ 127.538731813647033, 34.8732799151161 ], [ 127.536159815598211, 34.869154576522078 ], [ 127.534000602072936, 34.864798960672324 ], [ 127.532274585060193, 34.860254243106837 ], [ 127.530998081353061, 34.855563387026749 ], [ 127.530183158298911, 34.850770737144458 ], [ 127.529837519721497, 34.845921600473652 ], [ 127.529964433093312, 34.841061818022304 ], [ 127.530562698646818, 34.836237331437609 ], [ 127.548655974632084, 34.73208930952265 ], [ 127.549719447376447, 34.727347499958391 ], [ 127.55123821882799, 34.722731325622462 ], [ 127.553197942226731, 34.718284392249664 ], [ 127.555580105451483, 34.714048706875097 ], [ 127.558362205890688, 34.710064281023385 ], [ 127.561517963008782, 34.706368752748119 ], [ 127.565017566599735, 34.702997031091769 ], [ 127.568827958383025, 34.699980966324631 ], [ 127.572913144281841, 34.697349049077879 ], [ 127.5772345344337, 34.695126141212683 ], [ 127.581751307721518, 34.693333240967789 ], [ 127.586420797381919, 34.691987284604046 ], [ 127.59119889404792, 34.691100986419471 ], [ 127.596040462418983, 34.690682718646315 ], [ 127.600899767622224, 34.690736432364453 ], [ 127.605730907237444, 34.691261620178373 ], [ 127.610488244904872, 34.692253321010178 ], [ 127.61512684141951, 34.693702166963341 ], [ 127.619602879240119, 34.695594471814637 ], [ 127.62387407640243, 34.697912360298218 ], [ 127.624304380867926, 34.698173713840184 ], [ 127.625450521314662, 34.698591428677581 ], [ 127.722378731832137, 34.728618444421443 ], [ 127.726837764223262, 34.730235310846219 ], [ 127.73112352610562, 34.732267421076578 ], [ 127.735197450376205, 34.73469648837456 ], [ 127.739022876235552, 34.737500653828882 ], [ 127.742565379094245, 34.740654683060967 ], [ 127.745793080356023, 34.744130193306283 ], [ 127.748676934289847, 34.747895908827807 ], [ 127.751190989409167, 34.751917942362923 ], [ 127.753312622006632, 34.756160100071213 ], [ 127.755022739742245, 34.760584207238878 ], [ 127.756305953453307, 34.7651504518088 ], [ 127.757228318928469, 34.769152703094548 ], [ 127.758089697853549, 34.773946768515316 ], [ 127.758480521798532, 34.778801899157756 ], [ 127.758397081838439, 34.783672019760388 ], [ 127.757840169819715, 34.788510912806792 ], [ 127.756815070845647, 34.793272657130515 ], [ 127.755331513120609, 34.797912063707614 ], [ 127.753403575629335, 34.802385104501184 ], [ 127.751049554527086, 34.806649330288039 ], [ 127.748291789508869, 34.81066427350251 ], [ 127.745156451805428, 34.814391832274218 ], [ 127.741673295817847, 34.817796632015373 ], [ 127.737875376747894, 34.820846361126165 ], [ 127.733798736903609, 34.823512077632309 ], [ 127.729482063657301, 34.825768483844804 ], [ 127.724966322301825, 34.827594166435375 ], [ 127.720294367289299, 34.828971799649288 ], [ 127.715510535541767, 34.829888309726996 ], [ 127.710660225693161, 34.83033499897433 ], [ 127.705789467255556, 34.830307628303743 ], [ 127.700944483798423, 34.829806457463299 ], [ 127.696171254286327, 34.828836242571676 ], [ 127.647157292568423, 34.816359681888152 ], [ 127.646038683882608, 34.816130860437461 ], [ 127.645549187924118, 34.817162382785838 ], [ 127.625963330303065, 34.864063045878318 ], [ 127.623874098862856, 34.868452659126383 ], [ 127.621368450496078, 34.872618630650592 ], [ 127.618470072191712, 34.876521577701624 ], [ 127.615206363586424, 34.88012460401545 ], [ 127.611608177943879, 34.883393648609839 ], [ 127.607709530485309, 34.886297807777702 ], [ 127.603547276828849, 34.888809627233321 ], [ 127.599160764577164, 34.89090536164975 ], [ 127.594591461347434, 34.89256519913372 ], [ 127.589882562759854, 34.893773448516171 ], [ 127.585078584090496, 34.894518687687693 ], [ 127.580224939449039, 34.894793871576731 ], [ 127.575367512459266, 34.894596398749734 ], [ 127.572046111215769, 34.894135456888456 ], [ 127.57266581283811, 34.894546751665622 ], [ 127.576485059007823, 34.89766430798872 ], [ 127.579978716278561, 34.901142836069262 ], [ 127.583112818198146, 34.904948516545893 ], [ 127.585856894026392, 34.909044349377126 ], [ 127.588184264981365, 34.913390513567592 ], [ 127.590072303619081, 34.917944754320452 ], [ 127.591502653824691, 34.922662793852062 ], [ 127.592461409276495, 34.927498761874716 ], [ 127.592939248647681, 34.932405641562248 ], [ 127.592931526231226, 34.93733572666261 ], [ 127.592438317106911, 34.942241085313334 ], [ 127.591719451095656, 34.945808427288185 ], [ 127.591632986550593, 34.946380944774454 ], [ 127.592792075244347, 34.946438894134026 ], [ 127.874345043492042, 34.946668295748005 ], [ 127.878984336273675, 34.946887787931075 ], [ 127.883583247471194, 34.947536810372412 ], [ 127.888102095444964, 34.948609762991147 ], [ 127.892501889379716, 34.950097387830915 ], [ 127.896744665716241, 34.951986848942006 ], [ 127.900793815719453, 34.954261843136187 ], [ 127.904614401356326, 34.956902740658514 ], [ 128.068388485387374, 35.081734654804812 ], [ 128.069283681077195, 35.08235117366425 ], [ 128.069237807842711, 35.081265187258786 ], [ 128.060903280972923, 34.989312535245851 ], [ 128.060701974604569, 34.984267672259563 ], [ 128.061010462778228, 34.979228227662084 ], [ 128.061825600004511, 34.974245585982544 ], [ 128.063139074763853, 34.969370552561024 ], [ 128.064937494254536, 34.964652835513562 ], [ 128.067202520952065, 34.960140538885042 ], [ 128.069911059587156, 34.955879672157877 ], [ 128.073035492635682, 34.951913681117851 ], [ 128.076543961920066, 34.94828300486062 ], [ 128.080400693450031, 34.945024663455833 ], [ 128.084566362190856, 34.942171880473175 ], [ 128.088998493039838, 34.939753744219395 ], [ 128.093651893922271, 34.937794911140344 ], [ 128.098479116590937, 34.936315354412322 ], [ 128.103430940430542, 34.935330160286263 ], [ 128.108456874334053, 34.934849374261297 ], [ 128.113505671533716, 34.934877898656119 ], [ 128.333792647031316, 34.947262223033263 ], [ 128.335029800490815, 34.94726924976338 ], [ 128.335920991171776, 34.94651701888327 ], [ 128.337726701221499, 34.94482536775368 ], [ 128.341629346936884, 34.941831482159962 ], [ 128.345807274878268, 34.939235540588101 ], [ 128.35022005273936, 34.937062665516557 ], [ 128.354824975430802, 34.935333885156375 ], [ 128.359577478362837, 34.934065929948588 ], [ 128.364431568723489, 34.933271070653731 ], [ 128.369340270578505, 34.932956999600385 ], [ 128.374256079485548, 34.933126756241883 ], [ 128.379131422223111, 34.933778697741715 ], [ 128.383919117185002, 34.934906514872267 ], [ 128.388572830984884, 34.936499293072934 ], [ 128.393047526852342, 34.93854161807689 ], [ 128.397299900480419, 34.94101372508414 ], [ 128.401288799107363, 34.943891690037333 ], [ 128.404975619776593, 34.947147661149131 ], [ 128.408324682920465, 34.950750128440632 ], [ 128.411303577652831, 34.954664228682255 ], [ 128.41388347542852, 34.958852082786073 ], [ 128.416039409034511, 34.963273162384382 ], [ 128.417750514212401, 34.967884682046929 ], [ 128.419000231574529, 34.97264201334113 ], [ 128.419776466858849, 34.977499116728062 ], [ 128.420071707972454, 34.982408987114617 ], [ 128.420075122610683, 34.982723612751975 ], [ 128.420403285293588, 34.983754707731208 ], [ 128.42129710059811, 34.986134981184172 ], [ 128.422545598676066, 34.990768314005969 ], [ 128.423344189478513, 34.995499991638525 ], [ 128.423685517498541, 35.000286432453045 ], [ 128.423566438897439, 35.005083550418547 ], [ 128.422988050461555, 35.009847161160984 ], [ 128.421955679500201, 35.014533388928207 ], [ 128.420478834777754, 35.019099070712336 ], [ 128.418571118932334, 35.023502153807321 ], [ 128.416250103187167, 35.027702083139921 ], [ 128.41353716550887, 35.031660174806603 ], [ 128.410457293703473, 35.03533997237583 ], [ 128.407038855263437, 35.03870758267395 ], [ 128.403313336085915, 35.041731987961946 ], [ 128.399315050468374, 35.044385331627694 ], [ 128.395080825053043, 35.046643174762288 ], [ 128.390649659631265, 35.048484721257239 ], [ 128.390325502825988, 35.048601532368409 ], [ 128.389415856560333, 35.048980727280586 ], [ 128.390396841932613, 35.049075134958564 ], [ 128.56623406601193, 35.057320056161295 ], [ 128.571180387905571, 35.057799215038074 ], [ 128.576054714697761, 35.058767012448378 ], [ 128.580808896436366, 35.060213888220908 ], [ 128.58539596999529, 35.062125549715425 ], [ 128.589770622989477, 35.064483113009388 ], [ 128.5938896413831, 35.067263289438586 ], [ 128.597712336369881, 35.070438615649024 ], [ 128.601200946308296, 35.073977724887555 ], [ 128.604321009741625, 35.077845656851359 ], [ 128.607041705817778, 35.082004203035531 ], [ 128.609336158746146, 35.086412284167281 ], [ 128.611181703284245, 35.091026355998373 ], [ 128.612560108631186, 35.095800839447307 ], [ 128.613457758516574, 35.100688570842131 ], [ 128.613865785705798, 35.105641267816253 ], [ 128.613780159593119, 35.110610006255079 ], [ 128.613201726017053, 35.115545703581965 ], [ 128.612136198904892, 35.120399603609563 ], [ 128.610594103829044, 35.1251237581669 ], [ 128.608590674032428, 35.129671500744784 ], [ 128.606145699950332, 35.133997907480463 ], [ 128.578540296294022, 35.177630790445996 ], [ 128.577959849036944, 35.178655066542298 ], [ 128.578577358928044, 35.179657434774853 ], [ 128.601367399908213, 35.21292168604181 ], [ 128.602072897529268, 35.213850155088338 ], [ 128.603000958301436, 35.213144120481068 ], [ 128.746717605831037, 35.092225963238143 ], [ 128.75048543800645, 35.089349501333217 ], [ 128.754508737278513, 35.086842779298358 ], [ 128.758751341280004, 35.084728328145211 ], [ 128.76317511648088, 35.083025153061762 ], [ 128.767740300941341, 35.081748562589254 ], [ 128.772405861701742, 35.08091003102534 ], [ 128.7771298635964, 35.080517095290425 ], [ 128.781869846176932, 35.080573287183988 ], [ 129.103583623879018, 35.099665315866403 ], [ 129.108294312805953, 35.10016971557517 ], [ 129.112936116060752, 35.101117698579337 ], [ 129.117467359516638, 35.10250075388398 ], [ 129.121847361653181, 35.104306464413476 ], [ 129.126036798795013, 35.106518618492025 ], [ 129.12999805815997, 35.109117355392129 ], [ 129.133695575546852, 35.112079343644311 ], [ 129.137096154630939, 35.115377990507099 ], [ 129.348341441805047, 35.340675894899952 ], [ 129.351487508139883, 35.344376126046043 ], [ 129.35425972307857, 35.348364141624181 ], [ 129.35663192861756, 35.352602311606432 ], [ 129.358581741153046, 35.357050645563561 ], [ 129.360090762687662, 35.361667170005795 ], [ 129.361144754429858, 35.366408324435369 ], [ 129.361733771147982, 35.371229372373676 ], [ 129.373457929821626, 35.531580915867977 ], [ 129.373595853009249, 35.532713700115288 ], [ 129.374716835575839, 35.532500109284761 ], [ 129.407005117829783, 35.524719800355903 ], [ 129.411760807808463, 35.52381491278117 ], [ 129.41658171621242, 35.523374173791815 ], [ 129.42142265105818, 35.523401714947163 ], [ 129.426238232631107, 35.523897278071942 ], [ 129.430983318882312, 35.524856217676387 ], [ 129.43561342859752, 35.52626954450389 ], [ 129.440085158371346, 35.528124009797722 ], [ 129.444356589477877, 35.530402229497049 ], [ 129.4483876808236, 35.533082847197967 ], [ 129.452140644299277, 35.536140734351939 ], [ 129.455580299011757, 35.539547225824869 ], [ 129.458674401075427, 35.543270388608804 ], [ 129.461393945871777, 35.547275321167156 ], [ 129.463713439943234, 35.551524480607405 ], [ 129.46561113997322, 35.555978034614306 ], [ 129.46706925661141, 35.560594234844537 ], [ 129.577752135663303, 35.980849658743125 ], [ 129.578766539207692, 35.985644316063784 ], [ 129.579306682434265, 35.99051525012905 ], [ 129.579367376132268, 35.995415665381707 ], [ 129.578948037211205, 36.000298483035749 ], [ 129.578052694302585, 36.005116793367122 ], [ 129.576689949056487, 36.009824306380132 ], [ 129.574872893504619, 36.014375796520163 ], [ 129.572618984283764, 36.018727537160139 ], [ 129.569949874928312, 36.022837720686695 ], [ 129.566891207842303, 36.026666860150122 ], [ 129.563472367950453, 36.030178168619521 ], [ 129.559726200394095, 36.033337912598554 ], [ 129.555688694984582, 36.036115736106574 ], [ 129.551398640445626, 36.038484952311606 ], [ 129.546897251765984, 36.040422799913458 ], [ 129.542227774242861, 36.041910661813816 ], [ 129.537435068020102, 36.04293424397261 ], [ 129.532565177112133, 36.043483712732296 ], [ 129.52766488705447, 36.043553789290819 ], [ 129.522781275430305, 36.043143800415571 ], [ 129.517961259591488, 36.042257684911235 ], [ 129.513251145918701, 36.040903955779271 ], [ 129.508696184951333, 36.03909561843264 ], [ 129.504340136661057, 36.036850045751507 ], [ 129.500224850045299, 36.034188811180215 ], [ 129.496389861079621, 36.031137481469003 ], [ 129.454276233103769, 35.994117905578349 ], [ 129.453326257152838, 35.993364036675246 ], [ 129.452283946549528, 35.99398400541412 ], [ 129.381916883540242, 36.040783088272946 ], [ 129.380926044880454, 36.041517303946989 ], [ 129.38102872884906, 36.042746242476049 ], [ 129.472574879627331, 36.720893580016451 ], [ 129.472989569304815, 36.725718433986138 ], [ 129.472935561421423, 36.73056077500118 ], [ 129.472413362596654, 36.73537517961077 ], [ 129.471427871302637, 36.740116486420803 ], [ 129.333788266159587, 37.271656327699006 ], [ 129.332173543358493, 37.276752185498509 ], [ 129.330024022599048, 37.281646534989704 ], [ 129.3273642729865, 37.286283433569103 ], [ 129.324224695561469, 37.290609881307077 ], [ 128.632413265335316, 38.1439647145748 ], [ 128.631657980716113, 38.145001179937857 ], [ 128.631013248681882, 38.146109798856649 ], [ 128.355301682695284, 38.681886358006118 ], [ 128.353011114463186, 38.685875128305661 ], [ 128.350363686133477, 38.689636526259548 ], [ 128.347381802353453, 38.693138719922224 ], [ 128.344090698198841, 38.696352070941309 ], [ 128.340518225614431, 38.699249385380945 ], [ 128.336694617708844, 38.701806143858533 ], [ 128.3326522328978, 38.704000709047307 ], [ 128.015937374002164, 38.857520729740465 ], [ 128.014706336334683, 38.858206354306965 ], [ 128.013661403134847, 38.85915168461608 ], [ 127.769474013396575, 39.106685173116162 ], [ 127.766016720980986, 39.109874774611015 ], [ 127.762274990572607, 39.112725367899067 ], [ 127.758281938623639, 39.115211723600829 ], [ 127.75407290592554, 39.117311836047605 ], [ 127.749685144822777, 39.119007118044202 ], [ 127.745157489508372, 39.120282565376229 ], [ 127.394562100806098, 39.201459122281257 ], [ 127.393456739129562, 39.201771153943866 ], [ 127.393390099172947, 39.202917778255042 ], [ 127.391950863856678, 39.340604600258352 ], [ 127.392028135460365, 39.342538821036698 ], [ 127.391996690837416, 39.347203903219359 ], [ 127.391530587281636, 39.351845748543219 ], [ 127.390633882500524, 39.356423946995754 ], [ 127.389314382840212, 39.360898642648174 ], [ 127.387583575326701, 39.365230880624843 ], [ 127.385456527664388, 39.369382946228555 ], [ 127.382951757062827, 39.373318693269326 ], [ 127.380091069033497, 39.377003858738355 ], [ 127.378527937660692, 39.378834368146514 ], [ 127.379554517937365, 39.37937808749048 ], [ 127.494003577963312, 39.432891402883612 ], [ 127.49513961243818, 39.433355376671258 ], [ 127.495401208393986, 39.433352940437508 ], [ 127.500323527889989, 39.433549789363617 ], [ 127.505202585428378, 39.434230065967355 ], [ 127.509991019063349, 39.435387166673458 ], [ 127.514642346552648, 39.437009859283798 ], [ 127.5191114165697, 39.439082392010491 ], [ 127.523354846996057, 39.441584646381486 ], [ 127.527331446040009, 39.444492332534459 ], [ 127.531002612093147, 39.447777225003122 ], [ 127.534332708443642, 39.451407436707278 ], [ 127.537289409208512, 39.455347728486764 ], [ 127.539844013127279, 39.45955985117476 ], [ 127.541971722170516, 39.464002916889754 ], [ 127.543651882259127, 39.468633795942068 ], [ 127.544868183757373, 39.473407535501977 ], [ 127.545608819793728, 39.478277795965461 ], [ 127.545866600872358, 39.483197300781598 ], [ 127.545639024662961, 39.488118295375109 ], [ 127.520960891110406, 39.745754113510664 ], [ 127.520905878455011, 39.746937697089017 ], [ 127.521977852886124, 39.747442441874249 ], [ 127.86366059709016, 39.888297163651309 ], [ 127.867870214015824, 39.89026613836495 ], [ 127.871878835279915, 39.892617455367144 ], [ 127.875651830024793, 39.895330801408257 ], [ 127.87915660299258, 39.898382735635607 ], [ 127.882362876118606, 39.901746892101208 ], [ 128.006019097524558, 40.044198859744313 ], [ 128.006873624185232, 40.045088331991501 ], [ 128.008107062071446, 40.045085562034068 ], [ 128.31427511668528, 40.028927678628996 ], [ 128.319545503968016, 40.028927692643684 ], [ 128.324786610684868, 40.029482474125444 ], [ 128.329940203984876, 40.030585859012156 ], [ 128.334949023360451, 40.032225587822921 ], [ 128.33975741685714, 40.034383441870595 ], [ 128.629258103520328, 40.183103581213331 ], [ 128.633409543497237, 40.185494236083244 ], [ 128.637313139004618, 40.188271217664656 ], [ 128.640933055528222, 40.19140903361702 ], [ 128.644236062691078, 40.194878879185765 ], [ 128.647191839304128, 40.198648901626342 ], [ 128.649773251711025, 40.202684492608391 ], [ 128.651956602871508, 40.206948605915841 ], [ 128.653721849897408, 40.211402097526516 ], [ 128.655052788043719, 40.216004084949297 ], [ 128.655937199466194, 40.220712322520257 ], [ 128.65636696537959, 40.225483589212494 ], [ 128.656338140586968, 40.230274085399756 ], [ 128.655850989696347, 40.235039834931413 ], [ 128.654909984691386, 40.239737088828051 ], [ 128.636786540980239, 40.31202829868392 ], [ 128.63655707192072, 40.313180132195946 ], [ 128.637640797928441, 40.313632806945755 ], [ 129.062119652127251, 40.466985230710584 ], [ 129.066989700224326, 40.469041790529715 ], [ 129.071615392913685, 40.471601043135642 ], [ 129.07594502085945, 40.474634379353162 ], [ 129.07993018435144, 40.478107890357833 ], [ 129.083526334352001, 40.48198274673333 ], [ 129.086693270497534, 40.486215632534716 ], [ 129.232766553871301, 40.704643594357933 ], [ 129.233522533894501, 40.705657012296186 ], [ 129.234725751796475, 40.706045327108498 ], [ 129.693354653263384, 40.828395547835555 ], [ 129.698089976569207, 40.829914770950062 ], [ 129.70265096092217, 40.831896877762169 ], [ 129.706992486646413, 40.834322260220233 ], [ 129.71107160506736, 40.837166925154875 ], [ 129.714847963382482, 40.840402731632111 ], [ 129.718284203852875, 40.8439976693384 ], [ 129.721346333365631, 40.847916175243654 ], [ 129.724004059711831, 40.852119485409588 ], [ 129.726231091253169, 40.856566018463134 ], [ 129.75750007815418, 40.927619028025262 ], [ 129.759289755827467, 40.932312039617209 ], [ 129.760599568960828, 40.937160925420358 ], [ 129.761416300332684, 40.942116755708277 ], [ 129.761731708370803, 40.947129521586099 ], [ 129.761542610317349, 40.952148639626408 ], [ 129.760850914346008, 40.957123462302604 ], [ 129.759663600306567, 40.962003789069136 ], [ 129.712252831019612, 41.121521931172126 ], [ 129.711979573943353, 41.122625019466298 ], [ 129.712326150410661, 41.123705659211524 ], [ 129.795560651197661, 41.347533148521443 ], [ 129.797058413956307, 41.352268515781418 ], [ 129.798078995780884, 41.357129113389476 ], [ 129.798612326796103, 41.362066982808187 ], [ 129.798653144732299, 41.36703340307475 ], [ 129.798201046847083, 41.371979371520894 ], [ 129.797260493899273, 41.376856087272344 ], [ 129.795840766135285, 41.381615432757201 ], [ 129.793955871722972, 41.386210448472355 ], [ 129.791624408535768, 41.39059579632341 ], [ 129.788869380651306, 41.394728206966583 ], [ 129.785717971374652, 41.39856690673853 ], [ 129.649623580838039, 41.548493137488123 ], [ 129.64887013456854, 41.54940985895842 ], [ 129.649429767641692, 41.550456219488332 ], [ 129.77414267658628, 41.758388126275982 ], [ 129.774793054235573, 41.759363179166087 ], [ 129.77595685959696, 41.759502018303422 ], [ 129.828767669804961, 41.763244455574345 ], [ 129.833657801963255, 41.763834215223262 ], [ 129.838466178525351, 41.764902261947846 ], [ 129.843146136679849, 41.766438230906182 ], [ 129.847652259849667, 41.76842721631273 ], [ 129.851940818436418, 41.770849916091258 ], [ 129.855970194193731, 41.773682819191514 ], [ 129.859701284110656, 41.776898433751875 ], [ 129.86309787988634, 41.780465553893599 ], [ 129.866127019312842, 41.784349562557821 ], [ 130.07233007060259, 42.077448847049986 ], [ 130.073081059005915, 42.078411573066077 ], [ 130.074144696637575, 42.079011156214413 ], [ 130.375668681645351, 42.229879755266218 ], [ 130.380135422919693, 42.232409356152459 ], [ 130.384319262813619, 42.235383602611229 ], [ 130.388176102553047, 42.238771145301719 ], [ 130.391665290031625, 42.242536278632031 ], [ 130.394750048294583, 42.246639317105483 ], [ 130.397397863177616, 42.251037013616241 ], [ 130.399580826014699, 42.25568301528515 ], [ 130.401275927802715, 42.260528352031315 ], [ 130.402465301722543, 42.265521952729657 ], [ 130.403136411459855, 42.270611183513971 ], [ 130.40735074697767, 42.323339025224797 ], [ 130.407503548763572, 42.324512935109119 ], [ 130.40868593755448, 42.324454887298039 ], [ 130.675114677282863, 42.298063298995302 ], [ 130.679833908630457, 42.297820222048507 ], [ 130.684555011149655, 42.29802374580008 ], [ 130.689235815516668, 42.298672052357084 ], [ 130.693834512354584, 42.299759350985468 ], [ 130.698310025678438, 42.301275929833452 ], [ 130.702622379789858, 42.303208242678686 ], [ 130.706733056343637, 42.305539029924361 ], [ 130.710605338397045, 42.308247472763512 ], [ 130.714204638369182, 42.311309379134528 ], [ 130.717498806980188, 42.314697399806896 ], [ 130.720458420411802, 42.318381272667033 ], [ 130.833608597240186, 42.473720891997012 ], [ 130.836286286263743, 42.477801599865877 ], [ 130.838553350086329, 42.482123939144806 ], [ 130.840388186133168, 42.486646722789772 ], [ 130.841773310475247, 42.491326853746784 ], [ 130.842695524431605, 42.496119735618542 ], [ 130.843146040337871, 42.500979697617993 ], [ 130.843120565282874, 42.505860429759736 ], [ 130.842619342015325, 42.510715424142219 ], [ 130.841647146630606, 42.515498418115861 ], [ 130.840213243060077, 42.52016383511419 ], [ 130.838331294796006, 42.524667218947407 ], [ 130.836019234693993, 42.528965657419974 ], [ 130.833299094092837, 42.53301819123574 ], [ 130.830196792880741, 42.536786204294017 ], [ 130.826741892507755, 42.540233791657748 ], [ 130.822967314298296, 42.543328101687244 ], [ 130.818909025747985, 42.546039649079468 ], [ 130.814605697793638, 42.548342595829901 ], [ 130.810098336322739, 42.550214997439717 ], [ 130.730678786816185, 42.578746537742205 ], [ 130.729551155522643, 42.579216481474802 ], [ 130.729102143690881, 42.580352609910022 ], [ 130.69391193206306, 42.684309692262488 ], [ 130.693604456426129, 42.685386101302733 ], [ 130.694720571123582, 42.685299581525008 ], [ 130.948483909963102, 42.653277834152341 ], [ 130.949677935137487, 42.653066588368972 ], [ 130.949700599366054, 42.65303362735758 ], [ 130.952619292019421, 42.649198818899997 ], [ 130.955893611028415, 42.64566281017003 ], [ 130.95949313859461, 42.642458450013713 ], [ 130.963384435794069, 42.639615506325129 ], [ 130.96753135321876, 42.637160389508388 ], [ 130.971895366797526, 42.635115907129993 ], [ 130.976435935677358, 42.63350105204092 ], [ 130.981110878840212, 42.632330825936641 ], [ 130.985876766956636, 42.631616099994254 ], [ 130.990689325835945, 42.631363513881311 ], [ 130.995503847724905, 42.631575414074582 ], [ 131.000275606634318, 42.632249832061717 ], [ 131.004960273834968, 42.633380502628384 ], [ 131.119213701474678, 42.666858539622794 ], [ 131.12032875330766, 42.667128842487152 ], [ 131.121127432216099, 42.666305121521006 ], [ 131.155938424523271, 42.626834618703121 ], [ 131.159398624616983, 42.623282979636301 ], [ 131.163193595096629, 42.620091534225828 ], [ 131.167286012997181, 42.61729166985829 ], [ 131.171635630002868, 42.614910922779458 ], [ 131.176199668283289, 42.612972707279518 ], [ 131.180933241207043, 42.611496085416981 ], [ 131.185789794794943, 42.610495579546225 ], [ 131.19072156557138, 42.609981029492303 ], [ 131.195680050311068, 42.609957495777778 ], [ 131.200616483060855, 42.610425209853183 ], [ 131.205482314745609, 42.611379571820805 ], [ 131.210229690641029, 42.612811195673935 ], [ 131.214811921017827, 42.614706001606862 ], [ 131.219183940328008, 42.617045354487651 ], [ 131.223302750417901, 42.619806247131855 ], [ 131.22712784340851, 42.622961526574734 ], [ 131.230621600084419, 42.626480161116561 ], [ 131.233749659873155, 42.630327545514788 ], [ 131.236481258776166, 42.63446584132133 ], [ 131.23878953192829, 42.638854349018096 ], [ 131.240651777809546, 42.643449908290613 ], [ 131.242049681511219, 42.648207322503218 ], [ 131.272839602542518, 42.776136529285203 ], [ 131.273178056120258, 42.777290324909828 ], [ 131.274233791014836, 42.777865841198881 ], [ 131.405533262773162, 42.841282860975767 ], [ 131.409805304297663, 42.843609003061182 ], [ 131.413831096922337, 42.846339253879641 ], [ 131.417572538491385, 42.849447772944096 ], [ 131.420994218092432, 42.852905139643802 ], [ 131.424063751203676, 42.856678631695964 ], [ 131.42675208619724, 42.860732534846129 ], [ 131.429033779298891, 42.86502848088611 ], [ 131.430887235400746, 42.869525810790307 ], [ 131.432294912448356, 42.874181959533438 ], [ 131.433243487467848, 42.878952858947706 ], [ 131.433723982661093, 42.883793354806379 ], [ 131.433731850376432, 42.88865763418648 ], [ 131.433267016149784, 42.893499659065633 ], [ 131.43233387940947, 42.898273602049422 ], [ 131.43094127183781, 42.902934280105235 ], [ 131.429102373783508, 42.907437582197531 ], [ 131.426834589516176, 42.91174088677721 ], [ 131.424159382503433, 42.915803465173681 ], [ 131.421102072269605, 42.919586867071807 ], [ 131.417691594758963, 42.923055284425303 ], [ 131.394812031225769, 42.944163835837209 ], [ 131.394004511329058, 42.944987480846997 ], [ 131.395091436448496, 42.945373580926066 ], [ 131.548951909892196, 42.991487804403519 ], [ 131.553296764597945, 42.993011326033034 ], [ 131.557483054170376, 42.994928057674464 ], [ 131.561475280748482, 42.99722174630174 ], [ 131.565239592038409, 42.999872942462353 ], [ 131.568744068366016, 43.0028591652 ], [ 131.571958993341269, 43.006155092683002 ], [ 131.574857105839897, 43.009732776922128 ], [ 131.814972197530267, 43.335770260491444 ], [ 131.81570295852768, 43.336668741226696 ], [ 131.816786485285746, 43.336259780309362 ], [ 131.946336670435983, 43.280116762501748 ], [ 131.950989072202162, 43.27836972064452 ], [ 131.955791921584705, 43.277093148964724 ], [ 131.960697772200007, 43.276299658457368 ], [ 131.96565816013603, 43.275997087855664 ], [ 131.970624082717507, 43.276188426193762 ], [ 131.975546482593529, 43.276871783278679 ], [ 131.980376732365215, 43.278040408363154 ], [ 131.985067114966057, 43.279682756834895 ], [ 131.989571295049217, 43.281782604263483 ], [ 132.050940213798128, 43.314198288705981 ], [ 132.051790953193944, 43.314596162997169 ], [ 132.051180340804223, 43.31388257068982 ], [ 131.932541204362593, 43.188126995934745 ], [ 131.929301882567643, 43.184330406378997 ], [ 131.926457179491109, 43.180229801258733 ], [ 131.924035436679816, 43.175866034571342 ], [ 131.922060781761672, 43.171282582171649 ], [ 131.920552888064037, 43.166525108625464 ], [ 131.919526778609935, 43.161641012257235 ], [ 131.91899267644493, 43.156678952924317 ], [ 131.91895590278574, 43.151688367222818 ], [ 131.919416824005339, 43.146718975954734 ], [ 131.920370847982866, 43.141820288763633 ], [ 131.92180846985454, 43.137041110874073 ], [ 131.923715366709871, 43.132429056849112 ], [ 131.926072540289596, 43.128030076210251 ], [ 131.928856506263855, 43.123887995646058 ], [ 131.932039528204626, 43.120044082370427 ], [ 131.935589893921588, 43.116536632980647 ], [ 131.939472231408018, 43.113400591911514 ], [ 131.943647861249389, 43.110667203286745 ], [ 131.948075181983, 43.108363699636286 ], [ 131.952710084570242, 43.106513030580835 ], [ 131.957506391851211, 43.105133634186615 ], [ 131.96241631860417, 43.104239253268418 ], [ 131.967390947625631, 43.103838798471045 ], [ 131.972380717088754, 43.103936259493281 ], [ 131.977335914323646, 43.104530665338835 ], [ 131.982207171100782, 43.105616093990314 ], [ 131.986945955482526, 43.107181731409781 ], [ 131.991505055343112, 43.109211979278172 ], [ 131.995839048739128, 43.111686610400056 ], [ 132.313931260309005, 43.315007440953565 ], [ 132.314931307776618, 43.315580412493659 ], [ 132.315524583274936, 43.314592275100921 ], [ 132.381092264846814, 43.192332537000432 ], [ 132.381610743260097, 43.191237506364821 ], [ 132.380868908227427, 43.190279595751804 ], [ 132.304753283611404, 43.101546421887662 ], [ 132.301714919439803, 43.097626612900157 ], [ 132.299079828685194, 43.093425082696442 ], [ 132.296873937013999, 43.088983168551309 ], [ 132.295118947364358, 43.084344572786691 ], [ 132.293832126419147, 43.079554932800974 ], [ 132.293026134725409, 43.074661372059815 ], [ 132.292708902132176, 43.069712036466058 ], [ 132.292883549771574, 43.064755620670361 ], [ 132.302162957872071, 42.955639391939428 ], [ 132.302831779940021, 42.950703134241216 ], [ 132.303988457933457, 42.945857924334383 ], [ 132.305621511146398, 42.941151853762719 ], [ 132.307714730570012, 42.936631633030679 ], [ 132.310247339776538, 42.932342127974302 ], [ 132.31319420113752, 42.928325914441523 ], [ 132.316526065329413, 42.924622855701976 ], [ 132.320209861650284, 42.921269706780727 ], [ 132.324209026265862, 42.918299749643097 ], [ 132.328483865126969, 42.915742462851732 ], [ 132.332991947956231, 42.913623228974572 ], [ 132.337688529393461, 42.91196308264805 ], [ 132.342526993119321, 42.910778501795988 ], [ 132.347459314549894, 42.910081244076572 ], [ 132.35243653750851, 42.909878230180702 ], [ 132.357409260144607, 42.910171475140103 ], [ 132.362328125275951, 42.910958068326941 ], [ 132.3671443102875, 42.912230202343522 ], [ 132.371810011724591, 42.913975250515257 ], [ 132.376278919770044, 42.916175892217836 ], [ 132.380506677896221, 42.918810284794525 ], [ 132.384451323129667, 42.921852280357321 ], [ 132.388073702557961, 42.925271685320062 ], [ 132.403562280314588, 42.941425416685874 ], [ 132.404398493081516, 42.942218053159998 ], [ 132.405418753761836, 42.941682709796929 ], [ 132.557565209563109, 42.852335916570951 ], [ 132.56190058998655, 42.850067633243938 ], [ 132.566436916617164, 42.848233955690979 ], [ 132.571130748443096, 42.846852443672368 ], [ 132.575937136142926, 42.845936326896819 ], [ 132.580810052531746, 42.8454943783304 ], [ 132.585702833329009, 42.845530830184437 ], [ 132.590568624027611, 42.846045333386748 ], [ 132.595360828584433, 42.847032960924459 ], [ 132.600033555635889, 42.848484255026342 ], [ 132.762272857331453, 42.907722947913577 ], [ 132.763402421452071, 42.908072946153879 ], [ 132.763843983212382, 42.906975933353969 ], [ 132.798700141503275, 42.806217318469628 ], [ 132.800473951406786, 42.801786512680835 ], [ 132.802662134477714, 42.797545015732837 ], [ 132.805244753356021, 42.793531473501687 ], [ 132.808198276828477, 42.789782454882186 ], [ 132.811495794230439, 42.786332118594871 ], [ 132.815107260638968, 42.783211901953059 ], [ 132.818999770623549, 42.780450234425672 ], [ 132.823137858059738, 42.778072278605599 ], [ 132.827483819274505, 42.776099700943881 ], [ 132.831998056578499, 42.774550474338461 ], [ 132.836639439055574, 42.773438714376397 ], [ 132.841365677322017, 42.772774550721394 ], [ 132.846133708841052, 42.772564034818636 ], [ 132.85090009028184, 42.772809084757796 ], [ 132.855621393348031, 42.773507467796598 ], [ 132.860254600469347, 42.774652820704155 ], [ 132.864757496750798, 42.77623470773878 ], [ 132.988617084410663, 42.826509175469049 ], [ 132.989729688088261, 42.826898236358062 ], [ 132.990325496502663, 42.825881246853299 ], [ 133.044241831469947, 42.72251124630278 ], [ 133.046795071490436, 42.718165444889479 ], [ 133.04977286796219, 42.714098781306262 ], [ 133.053144960488197, 42.710352581028367 ], [ 133.056877081831175, 42.706964912979757 ], [ 133.060931306137377, 42.703970202676381 ], [ 133.065266434339634, 42.701398882393725 ], [ 133.069838412822662, 42.699277081913721 ], [ 133.074600781096223, 42.697626362993667 ], [ 133.079505143927236, 42.696463500255419 ], [ 133.084501663132471, 42.69580031072153 ], [ 133.089539564034766, 42.695643533730561 ], [ 133.094567651435682, 42.695994762451825 ], [ 133.099534829861796, 42.696850427695608 ], [ 133.919924603457048, 42.881179487760356 ], [ 133.924403763119216, 42.882406959625676 ], [ 133.928749708064458, 42.884044738912394 ], [ 133.932924942247411, 42.886078695150076 ], [ 134.43454082840816, 43.159964776667657 ], [ 134.435553751777405, 43.160456199928184 ], [ 134.435772704274342, 43.159351858325039 ], [ 134.526450163002806, 42.549700236655795 ], [ 134.526565759664123, 42.548573070003009 ], [ 134.526578546500076, 42.54744006349398 ], [ 134.500226742060249, 41.776565183601988 ], [ 134.500148226201873, 41.775530859022922 ], [ 134.499900070374252, 41.774527374151702 ], [ 134.180947633437313, 40.680735267180253 ], [ 134.180608385512642, 40.67973239102637 ], [ 134.180106050734139, 40.678804787967351 ], [ 133.793954115000815, 40.032371013365577 ], [ 133.793258364226176, 40.031329116261453 ], [ 133.792461504420771, 40.030362351984117 ], [ 133.315750362260331, 39.507909760320132 ], [ 133.313059650447514, 39.504700669879135 ], [ 133.31064692545948, 39.501277666862713 ], [ 133.308529113229469, 39.497664764583853 ], [ 132.931390474129188, 38.787707337500748 ], [ 132.930825252798456, 38.786749110365918 ], [ 132.930101462332516, 38.785910081921692 ], [ 132.137405692581552, 37.94528647945377 ], [ 132.134152855282878, 37.941470491007976 ], [ 132.131298580144176, 37.937347890888809 ], [ 132.128871572859737, 37.932960140445658 ], [ 132.12689624205376, 37.928351367667894 ], [ 131.748404331695355, 36.906575993738528 ], [ 131.747993330503846, 36.90559665006365 ], [ 131.747424026352746, 36.904704594642546 ], [ 131.163632279960808, 36.069982957441873 ], [ 131.162963796546308, 36.069111533829101 ], [ 131.162155794649323, 36.068373941259274 ], [ 130.332545180393481, 35.375022592638203 ], [ 130.331354833881335, 35.374142505718389 ], [ 130.330068402767978, 35.373409994424094 ], [ 129.552053102033909, 34.989770625009641 ], [ 129.55091250306819, 34.989277286549232 ], [ 129.549728437674958, 34.988900009488027 ], [ 128.663065964739587, 34.754382283767526 ], [ 128.662123001825051, 34.75418220813382 ], [ 128.707189068137524, 34.774869967909524 ], [ 128.711619188857497, 34.777178208990392 ], [ 128.715796876286532, 34.779916981384424 ], [ 128.719680430509186, 34.783058947819718 ], [ 128.723231087523828, 34.786572746511361 ], [ 128.726413406168348, 34.79042330420156 ], [ 128.729195621879143, 34.794572186246114 ], [ 128.731549963751405, 34.798977980252808 ], [ 128.733452931736707, 34.803596709442509 ], [ 128.734885531210551, 34.808382271606817 ], [ 128.735833462568706, 34.813286899280882 ], [ 128.736287263959809, 34.818261636538104 ], [ 128.736242405729598, 34.823256827647569 ], [ 128.735699335634024, 34.828222612716644 ], [ 128.730097959444777, 34.863175434418288 ], [ 128.729074780276676, 34.868014256701741 ], [ 128.727578553983847, 34.872728321145665 ], [ 128.725623920300734, 34.877271503275594 ], [ 128.723230004220738, 34.881599350604546 ], [ 128.720420228868932, 34.885669517575721 ], [ 128.717222086319964, 34.889442179889969 ], [ 128.713666868603497, 34.892880424164218 ], [ 128.709789361529289, 34.895950609108198 ], [ 128.705627504327509, 34.898622694685585 ], [ 128.701222018434777, 34.900870536038894 ], [ 128.696616009057635, 34.902672139302247 ], [ 128.691854543412404, 34.904009876798987 ], [ 128.686984209767729, 34.904870659518608 ], [ 128.682052661604502, 34.905246065185366 ], [ 128.677108151353337, 34.905132420665538 ], [ 128.672199058271559, 34.904530837906961 ], [ 128.667373415079453, 34.903447203059244 ], [ 128.66267843798687, 34.901892118881115 ], [ 128.658160064709307, 34.899880800998346 ], [ 128.653862504993043, 34.897432929027438 ], [ 128.649827808047576, 34.894572454021585 ], [ 128.646095451117787, 34.891327364123072 ], [ 128.645490592029006, 34.8907465107322 ], [ 128.644852976180744, 34.890626690438602 ], [ 128.640202136192443, 34.889520160445436 ], [ 128.635678232864478, 34.887974514980975 ], [ 128.631322623216619, 34.886003884163706 ], [ 128.627175125746561, 34.883626283280812 ], [ 128.623273656413687, 34.880863448094438 ], [ 128.619653882015541, 34.877740636135762 ], [ 128.616348894126105, 34.874286395803495 ], [ 128.613388906576063, 34.870532305377559 ], [ 128.610800979241532, 34.866512684334012 ], [ 128.608608770665626, 34.862264279600197 ], [ 128.606832321774704, 34.85782592961845 ], [ 128.60548787266643, 34.853238209289373 ], [ 128.604587714144628, 34.848543059040644 ], [ 128.604140075358117, 34.843783401412267 ], [ 128.604149048570804, 34.839002748663539 ], [ 128.604390348943269, 34.83653639906391 ], [ 128.604440135939655, 34.835451465130411 ], [ 128.603799543746476, 34.834409226586708 ], [ 128.59896617850751, 34.827357267394852 ], [ 128.59639337966891, 34.823177390920939 ], [ 128.594242797765503, 34.818765400590287 ], [ 128.592535156373287, 34.814163811508614 ], [ 128.591286910776347, 34.809416965805333 ], [ 128.590510089399402, 34.804570605341098 ], [ 128.590212177898678, 34.799671430927098 ], [ 128.590396047028207, 34.794766652303736 ], [ 128.591059924976406, 34.789903533215032 ], [ 128.592197414439795, 34.785128935962732 ], [ 128.593797554269088, 34.780488869828744 ], [ 128.595844925093644, 34.776028047717539 ], [ 128.598319797906697, 34.771789455290786 ], [ 128.601198324179308, 34.76781393674613 ], [ 128.604452765670999, 34.764139801231721 ], [ 128.608051761722777, 34.760802453689102 ], [ 128.611960631456867, 34.757834053681862 ], [ 128.616141707970655, 34.755263205497556 ], [ 128.620554701305082, 34.753114682509221 ], [ 128.6251570866892, 34.75140918845262 ], [ 128.629904514320202, 34.750163157919552 ], [ 128.634751236729869, 34.749388597989785 ], [ 128.637784224523102, 34.749205586935325 ], [ 128.635731671465919, 34.748230525653149 ], [ 128.631590095372758, 34.745747355875203 ], [ 128.627707376993214, 34.742876244127729 ], [ 128.624119732436782, 34.739643970745369 ], [ 128.620860625507873, 34.736080684802957 ], [ 128.617960455571563, 34.732219622899542 ], [ 128.615446274003176, 34.728096799143586 ], [ 128.614802489234279, 34.726916397879513 ], [ 128.613752804666746, 34.726354947744831 ], [ 128.160388172809519, 34.511369480073974 ], [ 128.159527830633806, 34.511000373340408 ], [ 128.158642236644596, 34.510696808313909 ], [ 127.420528831798762, 34.288256164543384 ], [ 127.419203431656797, 34.287934735108713 ], [ 127.417850830773475, 34.287760169167392 ], [ 125.113883010546388, 34.117964334326444 ], [ 125.11284795780432, 34.117931160594864 ], [ 125.111825242436538, 34.118069392947028 ], [ 123.995690727022534, 34.316084850361023 ], [ 123.99467262239618, 34.316309734355777 ], [ 123.993709647396813, 34.316699869721631 ], [ 122.872845723640296, 34.825931541213961 ], [ 122.871852180458177, 34.826437690056935 ], [ 122.870968362466726, 34.827110190968924 ], [ 121.843677286222629, 35.683313968968655 ], [ 121.84275135493337, 35.684168638858488 ], [ 121.841916481140828, 35.685112458291918 ], [ 121.368496966840738, 36.278227437720467 ], [ 121.367839358211327, 36.279131667724869 ], [ 121.367265395380386, 36.280091171596879 ], [ 121.158482348399147, 36.667558752864082 ], [ 121.157981865275929, 36.668609378643183 ], [ 121.159115708923537, 36.668871478751086 ], [ 121.376945905196209, 36.707947268587738 ], [ 121.381986854472999, 36.709123777271309 ], [ 121.386879150150307, 36.710815162886597 ], [ 121.391570355933197, 36.713003296930992 ], [ 121.396010190835796, 36.715664726684217 ], [ 121.400151068099731, 36.718770926577783 ], [ 121.403948605235513, 36.72228860393593 ], [ 121.407362099720189, 36.726180055811106 ], [ 121.410354965252495, 36.730403573089305 ], [ 121.412895123889882, 36.73491388753407 ], [ 121.458927001947657, 36.827561145631144 ], [ 121.459523000010208, 36.828623849564273 ], [ 121.46072590917079, 36.828817661049357 ], [ 121.605952671741193, 36.844820610434176 ], [ 121.607169681961238, 36.844893760463144 ], [ 121.608162738354338, 36.844160559067952 ], [ 121.612187660590877, 36.841479563110958 ], [ 121.616452763248532, 36.839199949623705 ], [ 121.620918145885341, 36.837343044607692 ], [ 121.625542034421031, 36.835926219586362 ], [ 121.630281171937554, 36.834962729092865 ], [ 121.635091223351651, 36.834461586672624 ], [ 121.639927190173779, 36.834427480560748 ], [ 121.644743831473292, 36.834860729823163 ], [ 121.649496087111658, 36.835757281371727 ], [ 121.654139499284327, 36.837108747881217 ], [ 121.898860712485558, 36.921371145721125 ], [ 121.903352985869702, 36.923165406621401 ], [ 121.907650849601637, 36.9253853750171 ], [ 121.911714075861909, 36.928010272099641 ], [ 121.915504633027709, 36.931015528945387 ], [ 121.918987041647227, 36.934373016479675 ], [ 121.922128706525726, 36.938051308763775 ], [ 121.924900221815264, 36.942015977140329 ], [ 121.927275646252085, 36.946229912484057 ], [ 121.929232745965749, 36.95065367254162 ], [ 121.930753202587226, 36.955245851109396 ], [ 121.931822784708018, 36.959963465593752 ], [ 121.93243148108553, 36.964762359326286 ], [ 121.932573594347886, 36.96959761486832 ], [ 121.932247794321086, 36.97442397443622 ], [ 121.93145713047933, 36.979196263512286 ], [ 121.93020900340214, 36.983869813676272 ], [ 121.92851509550519, 36.98840088069992 ], [ 121.926771206084283, 36.992455876205909 ], [ 121.926371158326333, 36.993530280096799 ], [ 121.927515484362956, 36.993460281158818 ], [ 122.047955130446482, 36.980060373560519 ], [ 122.049134161574329, 36.979870759522335 ], [ 122.050297679720344, 36.978571101509417 ], [ 122.053716539166558, 36.975107325216037 ], [ 122.057455957447772, 36.971992345755169 ], [ 122.061480505301716, 36.969255676119495 ], [ 122.065752051995005, 36.966923244990689 ], [ 122.070230126594254, 36.965017151077163 ], [ 122.074872301409471, 36.963555453738991 ], [ 122.079634593976905, 36.962552001883807 ], [ 122.084471883772522, 36.962016302754797 ], [ 122.089338339708149, 36.961953431853949 ], [ 122.094187854359902, 36.962363984854036 ], [ 122.098974480814775, 36.963244071954868 ], [ 122.103652867996374, 36.96458535473738 ], [ 122.108178690345454, 36.966375125166266 ], [ 122.11250906778416, 36.968596425992786 ], [ 122.116602971984946, 36.97122821141685 ], [ 122.120421615095054, 36.974245546486266 ], [ 122.165178340071236, 37.013294762324449 ], [ 122.166101719108198, 37.014023430724201 ], [ 122.166911449189953, 37.013170246290571 ], [ 122.265090851948941, 36.898934588060008 ], [ 122.265812346532442, 36.898007918089576 ], [ 122.265029639183595, 36.896173795907451 ], [ 122.264619293236024, 36.895326195518948 ], [ 122.262919236089274, 36.890701738993904 ], [ 122.261682577827386, 36.885932413171787 ], [ 122.260921326794062, 36.881064529718124 ], [ 122.260642874978132, 36.876145357324276 ], [ 122.260849926235025, 36.871222662713471 ], [ 122.261540470031363, 36.86634424681079 ], [ 122.26270780096803, 36.86155748058102 ], [ 122.264340583891581, 36.856908845041559 ], [ 122.266422963962285, 36.852443479917028 ], [ 122.268934720609565, 36.848204745318235 ], [ 122.271851463880211, 36.84423380070173 ], [ 122.275144871272488, 36.840569205198449 ], [ 122.278782962756694, 36.83724654319235 ], [ 122.282730411311292, 36.834298078784727 ], [ 122.286948885959546, 36.831752442499599 ], [ 122.291397423975454, 36.829634353272198 ], [ 122.296032828644769, 36.827964378420326 ], [ 122.300810088718819, 36.826758733929147 ], [ 122.305027897264509, 36.825912875778414 ], [ 122.309860494694831, 36.825187284723413 ], [ 122.314740842321257, 36.824936910308026 ], [ 122.319622322125653, 36.825164144156773 ], [ 122.324458305275073, 36.825866815688272 ], [ 122.329202597529388, 36.827038212849054 ], [ 122.333809880497512, 36.828667146228391 ], [ 122.382731664400623, 36.848703896388002 ], [ 122.387055046482715, 36.850720544707336 ], [ 122.391166556962304, 36.853140045616172 ], [ 122.395028767109835, 36.855940373426982 ], [ 122.398606517676697, 36.85909603563212 ], [ 122.401867238964002, 36.862578304972388 ], [ 122.404781247317558, 36.866355480952805 ], [ 122.407322015350147, 36.870393178424905 ], [ 122.409466413430934, 36.874654640608561 ], [ 122.411194920243815, 36.879101073703694 ], [ 122.412491800497719, 36.883692000045805 ], [ 122.413345248171368, 36.888385626590384 ], [ 122.413747493988154, 36.893139225371783 ], [ 122.413694876143012, 36.897909522473014 ], [ 122.413187873637312, 36.902653091965583 ], [ 122.412231101918266, 36.90732675123315 ], [ 122.410833270862724, 36.911887954080186 ], [ 122.409007105487646, 36.916295178047093 ], [ 122.406769230109148, 36.9205083024058 ], [ 122.406394930705972, 36.92113843944135 ], [ 122.405882502649405, 36.922105565202386 ], [ 122.40695837988163, 36.921904560396896 ], [ 122.459400839164701, 36.90943425573753 ], [ 122.464184198264235, 36.908540220618669 ], [ 122.469031811391204, 36.908115402963453 ], [ 122.473897762297128, 36.908163826614654 ], [ 122.478735961039405, 36.90868503290686 ], [ 122.483500580541971, 36.90967408501097 ], [ 122.488146490666097, 36.911121614695439 ], [ 122.492629685679887, 36.913013911061554 ], [ 122.496907701077461, 36.915333050412059 ], [ 122.500940015799728, 36.918057066023145 ], [ 122.504688436047033, 36.921160156211734 ], [ 122.508117457048058, 36.924612928727171 ], [ 122.511194599358575, 36.928382679152563 ], [ 122.513890716504392, 36.932433700678658 ], [ 122.516180271054722, 36.936727622316269 ], [ 122.518041576510882, 36.941223772343541 ], [ 122.519457002719349, 36.94587956354561 ], [ 122.523646605131887, 36.962533494598276 ], [ 122.524607754632413, 36.967338254349102 ], [ 122.52509399258831, 36.97221402067612 ], [ 122.525100649262683, 36.977113967646673 ], [ 122.524627660726125, 36.981991037101764 ], [ 122.523679569470573, 36.986798390593719 ], [ 122.522265480784199, 36.991489859213729 ], [ 122.520398975305824, 36.996020386989244 ], [ 122.518097978599172, 37.000346463592983 ], [ 122.515384588999069, 37.00442654220786 ], [ 122.512284865383279, 37.008221438534669 ], [ 122.508828576908002, 37.011694707110685 ], [ 122.505048917110543, 37.014812991324959 ], [ 122.500982185124897, 37.017546343768828 ], [ 122.496667437071764, 37.019868513845175 ], [ 122.492146110970992, 37.021757199874138 ], [ 122.487461628778732, 37.023194263274235 ], [ 122.482658979371209, 37.024165902761823 ], [ 122.477784286480087, 37.02466278689603 ], [ 122.472884365729001, 37.024680143696102 ], [ 122.409091845316212, 37.021777056191979 ], [ 122.404262063322577, 37.021321675925677 ], [ 122.404234749269591, 37.021316392574889 ], [ 122.403818527329605, 37.021380308116299 ], [ 122.402437093207396, 37.021523846516743 ], [ 122.402804114553902, 37.022628165089962 ], [ 122.453504155065218, 37.153136786932606 ], [ 122.45399293752655, 37.154232157387625 ], [ 122.455150245778967, 37.154547407029817 ], [ 122.559748915040075, 37.177583439142118 ], [ 122.5646004506808, 37.178910965305377 ], [ 122.569294060832362, 37.180719209628649 ], [ 122.573782246678576, 37.182989872879148 ], [ 122.578019588274586, 37.185699976195664 ], [ 122.581963204191581, 37.188822093632055 ], [ 122.585573185472199, 37.192324629704821 ], [ 122.588812999504725, 37.196172139135875 ], [ 122.591649859729102, 37.200325685554866 ], [ 122.594055057433295, 37.204743235530948 ], [ 122.59600425228227, 37.209380083946421 ], [ 122.597477718639524, 37.21418930640764 ], [ 122.598460545188303, 37.219122234114629 ], [ 122.59894278583252, 37.22412894638402 ], [ 122.598919560350154, 37.229158775840808 ], [ 122.5983911037805, 37.234160821166611 ], [ 122.59736276404567, 37.239084462215388 ], [ 122.595844947830159, 37.243879872283706 ], [ 122.593853015266376, 37.248498522351504 ], [ 122.591407124491781, 37.252893672190375 ], [ 122.550295123927413, 37.318740408137948 ], [ 122.549729495223431, 37.319752531933382 ], [ 122.55066996339248, 37.320430654364145 ], [ 122.550931437593206, 37.320600543503438 ], [ 122.554904358650219, 37.323468192050342 ], [ 122.558577526260734, 37.326710930032192 ], [ 122.561915666981605, 37.330297617423291 ], [ 122.564886724634249, 37.334193811250401 ], [ 122.567462168140267, 37.338362096348753 ], [ 122.569617265505443, 37.342762444660018 ], [ 122.571331321321239, 37.347352599621907 ], [ 122.572587875502848, 37.352088481958127 ], [ 122.573374861355489, 37.356924612971817 ], [ 122.573684721450903, 37.361814551277668 ], [ 122.573514480201368, 37.366711338778757 ], [ 122.572865772434255, 37.371567951605272 ], [ 122.571744827692854, 37.376337751685 ], [ 122.570162410413928, 37.380974934608844 ], [ 122.568133716556915, 37.385434969490809 ], [ 122.565678227676955, 37.389675026598226 ], [ 122.562819523843487, 37.393654388645892 ], [ 122.559585057200792, 37.397334841804273 ], [ 122.556005888344828, 37.400681042667095 ], [ 122.552116388048333, 37.403660857654209 ], [ 122.547953907198078, 37.406245671590469 ], [ 122.543558418114188, 37.408410662497403 ], [ 122.538972130695726, 37.410135039958739 ], [ 122.534239087079001, 37.411402244770883 ], [ 122.529404738700606, 37.412200107960999 ], [ 122.524515509827197, 37.412520967645705 ], [ 122.184398460183743, 37.418138433985128 ], [ 122.183234784138165, 37.418213656126767 ], [ 122.182728172556637, 37.419263963231849 ], [ 122.151187772804107, 37.493576324234581 ], [ 122.149047054780894, 37.498001552321163 ], [ 122.14648213621156, 37.50219517963005 ], [ 122.143517809924489, 37.50611667002746 ], [ 122.140182729473793, 37.509728117889544 ], [ 122.13650913217036, 37.512994614502936 ], [ 122.132532527471923, 37.515884585496828 ], [ 122.12829135374416, 37.518370096044819 ], [ 122.123826606710594, 37.520427120886531 ], [ 122.119181443182654, 37.522035776558781 ], [ 122.11440076390052, 37.523180513591683 ], [ 122.109530779516831, 37.523850266811806 ], [ 122.104618563918706, 37.52403856229953 ], [ 122.09971159920552, 37.523743579966762 ], [ 122.094857316720919, 37.522968171150183 ], [ 122.090102638575445, 37.521719831049801 ], [ 122.08549352409149, 37.520010626279472 ], [ 122.081074525554584, 37.517857078229405 ], [ 122.07688835756538, 37.51528000336836 ], [ 122.072975484154952, 37.512304312029002 ], [ 122.069373727654252, 37.508958767621465 ], [ 121.988880745842465, 37.426458357764574 ], [ 121.98802800278709, 37.425663931921775 ], [ 121.986869425220377, 37.425790348535863 ], [ 121.728716772573165, 37.46649491662528 ], [ 121.723750659163514, 37.467025436230486 ], [ 121.718756394342279, 37.467057876089683 ], [ 121.713783808353654, 37.466591912534398 ], [ 121.708882515141426, 37.465632194712917 ], [ 121.704101417326171, 37.464188298203453 ], [ 121.699488218279683, 37.462274629473868 ], [ 121.695088946164915, 37.459910282141244 ], [ 121.690947494690263, 37.457118846465441 ], [ 121.687105185160391, 37.453928173977424 ], [ 121.683600354193217, 37.450370099590828 ], [ 121.680467971216487, 37.446480123969295 ], [ 121.67773928956062, 37.442297059318818 ], [ 121.676823940321938, 37.440530534815693 ], [ 121.676078961949301, 37.439251682567395 ], [ 121.674881104263889, 37.439071901518581 ], [ 121.571609619934264, 37.428784472883159 ], [ 121.570349230660767, 37.428724452735025 ], [ 121.569451895438803, 37.4296115677435 ], [ 121.41191163715402, 37.602347352164145 ], [ 121.408373642145492, 37.605857956070807 ], [ 121.404503712559233, 37.608998878461946 ], [ 121.400340302722185, 37.611738908935969 ], [ 121.395924783186331, 37.614050820633736 ], [ 121.391301029641937, 37.615911640783693 ], [ 121.386514986938025, 37.617302878975401 ], [ 121.381614212542189, 37.618210710893166 ], [ 121.376647403976364, 37.618626115684137 ], [ 121.371663914924213, 37.618544965595767 ], [ 121.36671326481833, 37.617968066992105 ], [ 121.156591462430669, 37.58279222712298 ], [ 121.15541494094046, 37.582654949906143 ], [ 121.155184787222638, 37.583816878095575 ], [ 121.142071763141388, 37.673095736521205 ], [ 121.141173533100911, 37.677698113429145 ], [ 121.139848097814962, 37.682196103170249 ], [ 121.138107115118032, 37.686550143782981 ], [ 121.135965897781901, 37.690721939406906 ], [ 121.13344327883263, 37.694674797113059 ], [ 121.130561445905045, 37.698373949635709 ], [ 121.127345746091976, 37.701786861167022 ], [ 121.123824463004468, 37.704883513524969 ], [ 121.120028568003988, 37.70763667017755 ], [ 121.115991447794542, 37.710022115801067 ], [ 121.111748610770675, 37.712018869265385 ], [ 120.85190017243572, 37.819730222872302 ], [ 120.850825400038147, 37.820238203302885 ], [ 120.850415255500252, 37.82135398163355 ], [ 120.435461077693617, 39.145456230194995 ], [ 120.435099240418765, 39.146913977029079 ], [ 120.434915682615539, 39.148404701208236 ], [ 120.382055402791096, 39.99817849566854 ], [ 120.382034681871033, 39.999241347507478 ], [ 120.382104549361912, 40.000302102862257 ], [ 120.403083691758141, 40.193073068634611 ], [ 120.403284194123472, 40.194317687460803 ] ], [ [ 127.246624823917415, 34.583773769468976 ], [ 127.245333460914466, 34.583356925681052 ], [ 127.240810886219563, 34.581651578833728 ], [ 127.236474102968998, 34.579517521482558 ], [ 127.232363637343596, 34.576974695872536 ], [ 127.228517900641251, 34.574046864088288 ], [ 127.224972830332689, 34.570761386003142 ], [ 127.22176155423459, 34.567148963607799 ], [ 127.218914080938205, 34.56324335410774 ], [ 127.216457019386397, 34.559081054470376 ], [ 127.214413330219585, 34.554700960369779 ], [ 127.212802111214188, 34.550144002716124 ], [ 127.211638418818481, 34.545452765166317 ], [ 127.210933127453856, 34.540671086190102 ], [ 127.21069282789594, 34.535843649410289 ], [ 127.210919765685446, 34.531015566045198 ], [ 127.211611820144128, 34.526231953355321 ], [ 127.212762524192016, 34.521537513033536 ], [ 127.214361124780652, 34.516976113478727 ], [ 127.216392683377762, 34.512590379856285 ], [ 127.21883821556419, 34.508421295776323 ], [ 127.221674868438598, 34.504507820311893 ], [ 127.22487613417232, 34.500886523935911 ], [ 127.228412097718504, 34.497591246779031 ], [ 127.232249716360954, 34.494652782401907 ], [ 127.236353128490251, 34.492098590036846 ], [ 127.240683988721699, 34.489952537988017 ], [ 127.312339461985005, 34.458663158629491 ], [ 127.317003351500873, 34.456897957744296 ], [ 127.321819878593587, 34.455606111644158 ], [ 127.326741132690984, 34.454800470477053 ], [ 127.331718161488837, 34.454489048052196 ], [ 127.336701457885269, 34.454674942125777 ], [ 127.341641452433876, 34.455356303587166 ], [ 127.346489006416903, 34.456526354852258 ], [ 127.351195900633982, 34.4581734572809 ], [ 127.355715315044321, 34.46028122694787 ], [ 127.360002294491181, 34.462828697615713 ], [ 127.364014195876294, 34.465790529288412 ], [ 127.367711112335826, 34.469137260271403 ], [ 127.39030017225501, 34.491735932531874 ], [ 127.393636011180348, 34.49542287864535 ], [ 127.396589175817482, 34.49942290509594 ], [ 127.399130463629007, 34.503696457393318 ], [ 127.401234744945057, 34.508201276271187 ], [ 127.402881211459487, 34.512892815570424 ], [ 127.404053581994006, 34.517724682736358 ], [ 127.40474026349554, 34.522649097574167 ], [ 127.404934465674785, 34.527617364726105 ], [ 127.404634268152378, 34.532580355198291 ], [ 127.403842639448698, 34.537488992175597 ], [ 127.402567407629448, 34.542294736320535 ], [ 127.400821182897403, 34.546950065757279 ], [ 127.398621232895707, 34.55140894599446 ], [ 127.395989311955773, 34.555627285139828 ], [ 127.392951445978326, 34.55956336990549 ], [ 127.38953767507482, 34.563178278092138 ], [ 127.385781756514106, 34.56643626347342 ], [ 127.381720830911647, 34.569305109274559 ], [ 127.37739505496252, 34.571756446749788 ], [ 127.350468161762677, 34.585293064367534 ], [ 127.349573652139867, 34.58579896500337 ], [ 127.350597650463243, 34.585885627293464 ], [ 127.419300173784265, 34.588328124596494 ], [ 127.424212220767231, 34.588745937903909 ], [ 127.429059247974806, 34.589645438193884 ], [ 127.433794136925201, 34.591017881325683 ], [ 127.438370859244898, 34.592849925629473 ], [ 127.442744924115487, 34.595123761602125 ], [ 127.446873810773809, 34.597817285035376 ], [ 127.450717381860898, 34.600904311893231 ], [ 127.454238273601717, 34.604354832849857 ], [ 127.457402259022416, 34.608135305013519 ], [ 127.46017858067458, 34.612208978000695 ], [ 127.462540249631644, 34.616536251190581 ], [ 127.464464307851301, 34.621075058687055 ], [ 127.465932051353079, 34.625781278245853 ], [ 127.466929212041833, 34.630609160191746 ], [ 127.46744609640939, 34.635511772156121 ], [ 127.467477679766276, 34.640441455311688 ], [ 127.467023655087218, 34.645350287669125 ], [ 127.466088435995786, 34.650190549932027 ], [ 127.4646811138591, 34.65491518938137 ], [ 127.462815369409626, 34.659478277280144 ], [ 127.460509339753273, 34.663835455351631 ], [ 127.441872239410131, 34.695204370324909 ], [ 127.439123626666742, 34.699346815738743 ], [ 127.435977235151896, 34.703195834633867 ], [ 127.432464169747291, 34.70671337603131 ], [ 127.428619160232529, 34.709864665902316 ], [ 127.42448021795029, 34.712618550940576 ], [ 127.420088260030354, 34.714947806540408 ], [ 127.415486704887428, 34.716829405936217 ], [ 127.410721042991341, 34.718244747842576 ], [ 127.405838387153324, 34.719179840344523 ], [ 127.400887006773885, 34.71962543922006 ], [ 127.395915850656834, 34.719577139327527 ], [ 127.390974063106739, 34.719035418154384 ], [ 127.386110498093743, 34.718005631096766 ], [ 127.381373236288539, 34.716497958516676 ], [ 127.376809109742197, 34.714527305100013 ], [ 127.372463238909532, 34.712113152510476 ], [ 127.368378586593337, 34.709279366796004 ], [ 127.364595533218775, 34.706053962451605 ], [ 127.361151477636881, 34.702468825471151 ], [ 127.358080467403738, 34.698559398125923 ], [ 127.357889961604101, 34.69829035175507 ], [ 127.356689472745742, 34.698330664226972 ], [ 127.317862705797026, 34.701559896444685 ], [ 127.313112359496756, 34.701728262495784 ], [ 127.308367491299052, 34.70144477901119 ], [ 127.303670983684938, 34.700712008016794 ], [ 127.299065282069193, 34.699536572043918 ], [ 127.294592011193316, 34.697929094277171 ], [ 127.290291598935468, 34.695904102545775 ], [ 127.286202910937334, 34.693479898026055 ], [ 127.282362899349764, 34.690678389841707 ], [ 127.278806268872074, 34.687524897056747 ], [ 127.275565163102911, 34.684047919850499 ], [ 127.272668874037535, 34.680278881942833 ], [ 127.270143577336825, 34.676251846597452 ], [ 127.268012095760724, 34.672003208769823 ], [ 127.266293692904014, 34.66757136618218 ], [ 127.265003899098588, 34.662996372298124 ], [ 127.253765441629469, 34.614394115798632 ], [ 127.252891455264788, 34.609530606732555 ], [ 127.252796606780734, 34.608331524498226 ], [ 127.252339313345232, 34.607166139751307 ], [ 127.251006666281114, 34.602463412009968 ], [ 127.24695068102092, 34.58492274537344 ], [ 127.246624823917415, 34.583773769468976 ] ], [ [ 126.479847795062753, 37.734055429242254 ], [ 126.477151068339197, 37.738071618653734 ], [ 126.474078846184639, 37.741808403828664 ], [ 126.470659887194373, 37.745230805300338 ], [ 126.466926195713427, 37.748306786499185 ], [ 126.46291272224893, 37.751007553642083 ], [ 126.45865703630372, 37.753307825266532 ], [ 126.454198974694165, 37.755186068886474 ], [ 126.449580268643814, 37.756624702554575 ], [ 126.444844153143961, 37.757610259444114 ], [ 126.440034962237533, 37.758133513909847 ], [ 126.43519771401499, 37.758189567847836 ], [ 126.430377689206992, 37.757777896545853 ], [ 126.425620007318528, 37.756902353595152 ], [ 126.420969204272097, 37.755571134817529 ], [ 126.416468815514008, 37.753796701545596 ], [ 126.412160968485708, 37.751595663974101 ], [ 126.408085988275332, 37.748988625674514 ], [ 126.404282020140869, 37.745999990728166 ], [ 126.400784672438292, 37.742657735283451 ], [ 126.397626683297219, 37.738993145675416 ], [ 126.394837614164388, 37.735040525559242 ], [ 126.392443573083568, 37.730836874799039 ], [ 126.390466970302128, 37.726421543117851 ], [ 126.388926308492287, 37.721835861751011 ], [ 126.387836009550369, 37.717122756550857 ], [ 126.387206279595745, 37.71232634616446 ], [ 126.387043013432887, 37.707491529045839 ], [ 126.387347739371037, 37.702663563168464 ], [ 126.388117604917923, 37.697887642372407 ], [ 126.392889872549887, 37.675300151791127 ], [ 126.394186399448785, 37.670404399192343 ], [ 126.395971531812776, 37.665664918424248 ], [ 126.398226954629706, 37.661130335375617 ], [ 126.4009295278249, 37.656847173735805 ], [ 126.40405152367245, 37.652859377673323 ], [ 126.407560911274828, 37.649207860979622 ], [ 126.411421685191868, 37.645930087303853 ], [ 126.415594234847589, 37.643059685785147 ], [ 126.420035750924825, 37.640626106026069 ], [ 126.424700664578083, 37.638654315947043 ], [ 126.429541114958568, 37.637164545621744 ], [ 126.434507440254507, 37.636172079721554 ], [ 126.439548687208926, 37.635687100698711 ], [ 126.448654647357216, 37.635274864282806 ], [ 126.453559366363748, 37.63529363508156 ], [ 126.458438648069944, 37.635792865396759 ], [ 126.46324554086371, 37.636767751310629 ], [ 126.46793378970608, 37.638208911838831 ], [ 126.47245828122702, 37.640102479200401 ], [ 126.476775477835687, 37.642430232262491 ], [ 126.480843836667262, 37.645169771875921 ], [ 126.484624209335323, 37.648294736414364 ], [ 126.488080218643063, 37.651775055442954 ], [ 126.491178608628204, 37.655577239075534 ], [ 126.493889564573493, 37.659664700236043 ], [ 126.496186999903159, 37.663998106723085 ], [ 126.498048807204924, 37.668535759689874 ], [ 126.499457070961824, 37.673233994897586 ], [ 126.500398239946932, 37.678047602880937 ], [ 126.500863257622072, 37.682930263983017 ], [ 126.500847649285689, 37.687834994073022 ], [ 126.500351565131311, 37.692714596658043 ], [ 126.499379778802293, 37.697522117038304 ], [ 126.497941641456777, 37.702211294135765 ], [ 126.496050991784685, 37.706737005648158 ], [ 126.493726022843006, 37.711055702245069 ], [ 126.479847795062753, 37.734055429242254 ] ], [ [ 126.280485799833201, 34.401813182707031 ], [ 126.285576657719957, 34.402045192009012 ], [ 126.290617456696381, 34.402794196694373 ], [ 126.295555831607203, 34.404052415904005 ], [ 126.300340481305525, 34.405806778923399 ], [ 126.304921701582614, 34.408039060964732 ], [ 126.309251901508546, 34.410726072490746 ], [ 126.313286097819244, 34.413839900113814 ], [ 126.316982382214618, 34.417348196567623 ], [ 126.320302356713114, 34.421214516739148 ], [ 126.347198965888012, 34.455975460503254 ], [ 126.349965416289848, 34.459931613514414 ], [ 126.352337454324072, 34.464136114678368 ], [ 126.354292968426691, 34.468549770653638 ], [ 126.355813729768855, 34.473131438408252 ], [ 126.356885562181688, 34.477838408745143 ], [ 126.357498474303057, 34.482626804426893 ], [ 126.357646752714615, 34.487451989188763 ], [ 126.357329015200918, 34.492268983827117 ], [ 126.356548223634107, 34.497032885484657 ], [ 126.355311656364066, 34.501699286224003 ], [ 126.353630840371366, 34.506224686987721 ], [ 126.351521443815585, 34.510566903085973 ], [ 126.349003129980488, 34.514685457432044 ], [ 126.346099373977694, 34.51854195785986 ], [ 126.34283724391733, 34.52210045500653 ], [ 126.339247148585713, 34.525327777423549 ], [ 126.335362553981952, 34.528193840793044 ], [ 126.299329272918484, 34.552182360157566 ], [ 126.295005144143261, 34.554756823531079 ], [ 126.29044412703125, 34.556883575568875 ], [ 126.28569242642142, 34.558541071463523 ], [ 126.280798178849096, 34.559712520150867 ], [ 126.275810964904608, 34.560386054409953 ], [ 126.270781306962988, 34.560554851082415 ], [ 126.265760157373137, 34.560217200193748 ], [ 126.2607983822911, 34.559376522275926 ], [ 126.255946246386543, 34.558041333716162 ], [ 126.251252903642595, 34.556225160482654 ], [ 126.246765899407208, 34.553946401101371 ], [ 126.2425306887407, 34.551228140271967 ], [ 126.238590175938782, 34.548097915011027 ], [ 126.234984279895613, 34.544587435691604 ], [ 126.18074260551063, 34.486182836658159 ], [ 126.177637452300701, 34.482498174596202 ], [ 126.174901402898897, 34.478531722196529 ], [ 126.172559868321329, 34.474320317823874 ], [ 126.170634595533826, 34.469903074830597 ], [ 126.169143465477333, 34.46532101829203 ], [ 126.168100326998982, 34.460616703986744 ], [ 126.167514868231109, 34.45583382316039 ], [ 126.167392526612858, 34.451016796743978 ], [ 126.167734438390099, 34.446210362795142 ], [ 126.168537428062564, 34.441459160994135 ], [ 126.169794037876187, 34.436807318053511 ], [ 126.171492597086953, 34.432298037891947 ], [ 126.173617330352712, 34.427973200378538 ], [ 126.176148504246427, 34.423872972374177 ], [ 126.179062610530067, 34.420035434682433 ], [ 126.182332584487042, 34.416496228374697 ], [ 126.185928056285263, 34.413288223774309 ], [ 126.189815633036559, 34.410441215173897 ], [ 126.193959208932526, 34.407981644121392 ], [ 126.198320300576739, 34.405932353844548 ], [ 126.202858404398626, 34.404312377094804 ], [ 126.207531372829806, 34.403136759380942 ], [ 126.212295805748937, 34.402416419234122 ], [ 126.217107453559649, 34.402158046802214 ], [ 126.280485799833201, 34.401813182707031 ] ], [ [ 121.236698015479675, 38.798432053941085 ], [ 121.237897132880875, 38.798661555748474 ], [ 121.571558022222732, 38.845449697522902 ], [ 121.576438005427789, 38.846383274367945 ], [ 121.58120124077476, 38.847796565150631 ], [ 121.585800694550187, 38.84967561458452 ], [ 121.590190950272302, 38.852001868332835 ], [ 121.594328657148083, 38.854752356219983 ], [ 121.59817295813275, 38.857899919046424 ], [ 121.601685893365456, 38.861413476767311 ], [ 121.604832774997021, 38.865258335386841 ], [ 121.607582529708921, 38.869396529537852 ], [ 121.609908005541257, 38.873787197364102 ], [ 121.611786239999788, 38.878386984003278 ], [ 121.613198686795116, 38.883150469686846 ], [ 121.61413139897455, 38.888030618229415 ], [ 121.6145751666389, 38.89297924147909 ], [ 121.61452560788392, 38.897947475142779 ], [ 121.613983212068661, 38.902886261287854 ], [ 121.612953334983345, 38.907746832755933 ], [ 121.611446145964621, 38.91248119470545 ], [ 121.609476527480268, 38.917042598528099 ], [ 121.607063928174881, 38.921386003459581 ], [ 121.604232170827785, 38.925468521326579 ], [ 121.601009217119241, 38.92924984003831 ], [ 121.597426891527832, 38.932692621641074 ], [ 121.593520567085378, 38.935762871005132 ], [ 121.588404766103864, 38.939387519235666 ], [ 121.587510902998218, 38.94008848729046 ], [ 121.588429218362208, 38.940757101048256 ], [ 121.650047864758974, 38.9811909137767 ], [ 121.653970537966018, 38.984046528461043 ], [ 121.657597959285098, 38.987268905671847 ], [ 121.660895970159757, 38.990827701055878 ], [ 121.663833514012694, 38.994689402290675 ], [ 121.666382928698084, 38.998817644662026 ], [ 121.668520206989385, 39.003173553501782 ], [ 121.670225222649606, 39.007716110261271 ], [ 121.671481919955269, 39.012402538773124 ], [ 121.672278464889274, 39.017188708064197 ], [ 121.67260735657905, 39.022029547926365 ], [ 121.672465497930474, 39.026879473331832 ], [ 121.671854224792384, 39.031692813696424 ], [ 121.670779293377308, 39.03642424294852 ], [ 121.669250826056526, 39.041029206353812 ], [ 121.667283216040161, 39.045464340076514 ], [ 121.664894991839759, 39.049687879526239 ], [ 121.662108642789747, 39.0536600526451 ], [ 121.658950407270737, 39.05734345443166 ], [ 121.655450025629051, 39.060703399174855 ], [ 121.651640460118955, 39.063708247080996 ], [ 121.647557584505037, 39.066329702218134 ], [ 121.643239846247582, 39.068543078972063 ], [ 121.638727904452054, 39.070327534504827 ], [ 121.634064246992011, 39.071666265026714 ], [ 121.6292927904111, 39.072546664033531 ], [ 121.624458466371379, 39.072960441019013 ], [ 121.619606798542705, 39.07290369954454 ], [ 121.614783473917228, 39.072376973930972 ], [ 121.610033912585948, 39.071385224227058 ], [ 121.154599646858031, 38.952961652575212 ], [ 121.149842630235483, 38.951467843176616 ], [ 121.145258044962191, 38.949507676974861 ], [ 121.140891481389517, 38.947100646390858 ], [ 121.136786361802251, 38.944270687585345 ], [ 121.132983508615794, 38.941045942431266 ], [ 121.129520738426947, 38.937458478663395 ], [ 121.126432485955576, 38.933543970988133 ], [ 121.123749461616441, 38.929341346324641 ], [ 121.121498346126558, 38.92489239670504 ], [ 121.119701525184965, 38.920241363683189 ], [ 121.118376866863258, 38.915434498384748 ], [ 121.117537543920776, 38.910519601573547 ], [ 121.117191902811001, 38.90554554830787 ], [ 121.115021510199725, 38.794235420941398 ], [ 121.115159172347688, 38.789427299227562 ], [ 121.115758212225685, 38.784654654624561 ], [ 121.116813085843006, 38.779961656975559 ], [ 121.118314030561493, 38.775391739007581 ], [ 121.120247155446805, 38.77098719437052 ], [ 121.122594569826134, 38.766788786218164 ], [ 121.125334548862696, 38.762835369953564 ], [ 121.12844173461464, 38.759163533630286 ], [ 121.13188737071755, 38.755807259337516 ], [ 121.135639568518727, 38.752797608702828 ], [ 121.139353769999772, 38.750101442392697 ], [ 121.143442457593977, 38.747428307864162 ], [ 121.147772483802996, 38.745166917256626 ], [ 121.152302517635633, 38.743338856008769 ], [ 121.156989318986746, 38.741961573341392 ], [ 121.161788151373003, 38.741048215700971 ], [ 121.166653208951757, 38.740607501274134 ], [ 121.171538053747298, 38.74064363677077 ], [ 121.176396058910854, 38.741156277270136 ], [ 121.181180853783445, 38.742140529513172 ], [ 121.185846766513393, 38.743586998609679 ], [ 121.190349260003543, 38.745481877714468 ], [ 121.194645357027014, 38.747807079816567 ], [ 121.198694050453668, 38.750540410383429 ], [ 121.202456694671582, 38.753655779212316 ], [ 121.20589737446744, 38.75712344946669 ], [ 121.208983247844557, 38.760910321520385 ], [ 121.235925907567335, 38.79748632512505 ], [ 121.236698015479675, 38.798432053941085 ] ] ], [ [ [ 95.828494081940505, 6.118395896998662 ], [ 95.828505711137737, 6.119534561258313 ], [ 95.876508514163504, 6.974402707100989 ], [ 95.876627352450924, 6.975554918762269 ], [ 95.877060084893117, 6.976629375315569 ], [ 96.254282994017231, 7.800115345741767 ], [ 96.254827814078425, 7.801168886464647 ], [ 96.255562567882137, 7.8020999685242 ], [ 96.67784219698855, 8.287676339742708 ], [ 96.678720105210914, 8.288587893826817 ], [ 96.679685954707665, 8.289405688693416 ], [ 97.220116345470373, 8.701756990375282 ], [ 97.221041762939691, 8.702399092624498 ], [ 97.222021352263809, 8.702955058043877 ], [ 98.366195716006615, 9.285642500993804 ], [ 98.367236103538886, 9.286108383513461 ], [ 98.367112485825785, 9.284975170647014 ], [ 98.336936651052667, 9.096391213152614 ], [ 98.33640197032453, 9.091545556320812 ], [ 98.336341727295974, 9.086670862033973 ], [ 98.33675649466791, 9.081813471619377 ], [ 98.337642329450389, 9.07701956190488 ], [ 98.338990810446717, 9.072334706238458 ], [ 98.34078911830953, 9.067803441244756 ], [ 98.343020157408176, 9.063468843437233 ], [ 98.345662718348365, 9.059372119710886 ], [ 98.348691679599568, 9.055552215608516 ], [ 98.352078246313056, 9.05204544508455 ], [ 98.355790224060357, 9.048885145286095 ], [ 98.35979232488998, 9.046101359633035 ], [ 98.364046502792576, 9.043720552209972 ], [ 98.368512315385729, 9.041765356185163 ], [ 98.373147308379856, 9.040254358648085 ], [ 98.390073430651398, 9.035636105449308 ], [ 98.391197892582298, 9.03526763865001 ], [ 98.390677030136544, 9.03420514877749 ], [ 98.227940497691861, 8.740583605750771 ], [ 98.225626191763865, 8.735831657166161 ], [ 98.223826447759194, 8.730861954076765 ], [ 98.222561377476779, 8.725730031974896 ], [ 98.221845117837816, 8.720493239119655 ], [ 98.221685672908336, 8.715210095680984 ], [ 98.222084824455266, 8.70993963978783 ], [ 98.247164963507785, 8.515792491829163 ], [ 98.24725983144468, 8.514586366072765 ], [ 98.245365172891667, 8.513425222878244 ], [ 98.245135352504946, 8.513300048809592 ], [ 98.24109372092326, 8.510555868804758 ], [ 98.237339178269693, 8.507430373771413 ], [ 98.233907565873565, 8.503953400072378 ], [ 98.230831642332006, 8.500158139329372 ], [ 98.228140770792209, 8.496080821571665 ], [ 98.225860638647305, 8.491760369379737 ], [ 98.224013012321237, 8.487238026325501 ], [ 98.222615529483832, 8.482556963256055 ], [ 98.22168153067939, 8.477761866179428 ], [ 98.221219931976236, 8.472898509686406 ], [ 98.221235139852766, 8.468013319980624 ], [ 98.221727009132707, 8.463152931688274 ], [ 98.222690844370973, 8.458363742678175 ], [ 98.276038620584174, 8.24721064085791 ], [ 98.277564346070477, 8.242265221481535 ], [ 98.279593105048178, 8.237504008602631 ], [ 98.282103161384569, 8.232978013877061 ], [ 98.285067622324988, 8.228735728832351 ], [ 98.288454726621765, 8.224822605329253 ], [ 98.292228184824495, 8.221280568590302 ], [ 98.296347568085267, 8.2181475680128 ], [ 98.300768741313604, 8.2154571705788 ], [ 98.352824063426894, 8.187363822355431 ], [ 98.357217682150136, 8.185262209260536 ], [ 98.361794927376621, 8.183598031018153 ], [ 98.366512368989618, 8.182387077792848 ], [ 98.37132524665185, 8.18164083943001 ], [ 98.376187894503531, 8.18136639643715 ], [ 98.381054174452117, 8.18156635280218 ], [ 98.385877913942721, 8.182238811286073 ], [ 98.390613344055652, 8.183377391424372 ], [ 98.395215533774007, 8.184971290066734 ], [ 98.399640816301073, 8.187005383880088 ], [ 98.403847203382483, 8.189460372842817 ], [ 98.407794783701959, 8.192312963368497 ], [ 98.411446101570363, 8.195536089321617 ], [ 98.414766512315325, 8.199099168828248 ], [ 98.417724510999008, 8.202968394444978 ], [ 98.42029203134534, 8.207107053932909 ], [ 98.42244471204026, 8.211475878593102 ], [ 98.424162127878404, 8.216033415858419 ], [ 98.425427983562756, 8.220736422606471 ], [ 98.426230268318847, 8.225540275461835 ], [ 98.426561369856103, 8.230399394194471 ], [ 98.428209452811416, 8.315728897711386 ], [ 98.428291127899556, 8.316917029604213 ], [ 98.429422196464614, 8.31728987288937 ], [ 98.654269663199912, 8.379300098800513 ], [ 98.655363949029834, 8.379545106391886 ], [ 98.655075697935558, 8.378461408323091 ], [ 98.650277775324255, 8.363421288512344 ], [ 98.649024364239281, 8.358710252347336 ], [ 98.648235683514642, 8.353899547221209 ], [ 98.647919230318124, 8.349034903506571 ], [ 98.648078012841282, 8.34416256431412 ], [ 98.648710521703748, 8.339328845907463 ], [ 98.649810744301291, 8.334579697422543 ], [ 98.65136822196142, 8.329960264076972 ], [ 98.653368149363104, 8.325514458021384 ], [ 98.65579151527561, 8.321284540912258 ], [ 98.658615283278436, 8.317310722174293 ], [ 98.661812610744647, 8.313630776771198 ], [ 98.665353104005845, 8.310279686118394 ], [ 98.669203107273177, 8.307289305551048 ], [ 98.673326022567863, 8.304688061508532 ], [ 98.677682657620252, 8.302500681313806 ], [ 98.68223159842988, 8.30074795811646 ], [ 98.686929602945355, 8.299446553233871 ], [ 98.691732012121648, 8.298608837769367 ], [ 98.696593174447102, 8.29824277501301 ], [ 98.701466879904956, 8.298351844742882 ], [ 98.703092909365751, 8.298467722671493 ], [ 98.703422534453367, 8.297354724959959 ], [ 98.75903830101808, 8.06966714742703 ], [ 98.760483661299403, 8.064825760820918 ], [ 98.762410242595081, 8.060154960555032 ], [ 98.764798372128368, 8.05570244127434 ], [ 98.767623664144409, 8.051513668705104 ], [ 98.770857268918959, 8.047631415393605 ], [ 98.774466167349757, 8.044095323945568 ], [ 98.778413508122327, 8.040941502226156 ], [ 98.782658984007512, 8.038202154654019 ], [ 98.787159243448073, 8.035905253354374 ], [ 98.791868333231704, 8.034074252529022 ], [ 98.796738167730112, 8.032727848959958 ], [ 98.801719019912767, 8.031879791092106 ], [ 98.806760029121321, 8.031538738644704 ], [ 98.811809720419845, 8.031708174184862 ], [ 98.816816530217523, 8.032386367566255 ], [ 98.916777258600987, 8.051111793397606 ], [ 98.917963045856482, 8.051274389266323 ], [ 98.918918536758241, 8.05055358002082 ], [ 99.068671022219803, 7.925639268126474 ], [ 99.069529971781407, 7.924850059872066 ], [ 99.069378502388034, 7.923693469607133 ], [ 99.049779634043617, 7.814825482591153 ], [ 99.049155627748448, 7.810050255707674 ], [ 99.04899391540566, 7.805237146030627 ], [ 99.049295997199678, 7.800430804154019 ], [ 99.050059070756902, 7.795675817887859 ], [ 99.051276057142928, 7.791016298622815 ], [ 99.05293566653296, 7.786495472114574 ], [ 99.055022502946017, 7.782155277484112 ], [ 99.057517207071413, 7.77803597815391 ], [ 99.060396635862674, 7.774175788329408 ], [ 99.063634077232464, 7.770610518490781 ], [ 99.067199497857246, 7.767373243183757 ], [ 99.071059821792474, 7.764493994191346 ], [ 99.075179237313819, 7.761999481932894 ], [ 99.079519529137968, 7.759912847674978 ], [ 99.084040432940782, 7.758253448852885 ], [ 99.088700008884246, 7.757036679494195 ], [ 99.093455030686854, 7.756273827410382 ], [ 99.098261386628295, 7.755971969481253 ], [ 99.103074488768058, 7.756133906003654 ], [ 99.107849686582071, 7.756758134713475 ], [ 99.112542681179747, 7.757838864721964 ], [ 99.117109936259084, 7.75936607023705 ], [ 99.121509081987298, 7.761325583571311 ], [ 99.125699308060192, 7.763699226573776 ], [ 99.12964174229414, 7.76646497926627 ], [ 99.130543475673051, 7.767164720462633 ], [ 99.131436738329796, 7.766432361574235 ], [ 99.291872195601286, 7.621452803869072 ], [ 99.292688030886282, 7.620643539652094 ], [ 99.293054135811161, 7.619554290842254 ], [ 99.37176260759513, 7.34347495615908 ], [ 99.37332277528985, 7.338866043523681 ], [ 99.375323546670955, 7.334430605236781 ], [ 99.377745973473978, 7.330210647026044 ], [ 99.380567114155369, 7.326246133919477 ], [ 99.38376025115997, 7.322574611757445 ], [ 99.38729514394899, 7.319230851615564 ], [ 99.391138315392539, 7.316246520505931 ], [ 99.395253368813968, 7.313649881475342 ], [ 99.399601332683929, 7.311465525940677 ], [ 99.421464069144506, 7.301784006545452 ], [ 99.425976148574406, 7.300041767849725 ], [ 99.430635455243333, 7.298743646969576 ], [ 99.435398388745242, 7.297901791334115 ], [ 99.440220378965023, 7.297524078777998 ], [ 99.445056303152313, 7.297614043822984 ], [ 99.449860908166883, 7.29817084460294 ], [ 99.454589233943977, 7.299189270741771 ], [ 99.459197034217269, 7.300659792110567 ], [ 99.463641190562242, 7.302568648007719 ], [ 99.467880115885578, 7.30489797592747 ], [ 99.471874143584856, 7.307625978711931 ], [ 99.475585898736753, 7.310727128522403 ], [ 99.478980647840487, 7.314172405721298 ], [ 99.482026623843637, 7.317929570429276 ], [ 99.484695323408673, 7.321963464216449 ], [ 99.486961773638782, 7.32623633910451 ], [ 99.488804765766801, 7.330708210801089 ], [ 99.507739769668433, 7.38380854721376 ], [ 99.508156764917288, 7.384819501568174 ], [ 99.508691540177523, 7.383865599494984 ], [ 99.512792524653918, 7.375635431211484 ], [ 99.515180863472182, 7.371376865849175 ], [ 99.517973174242698, 7.367371551652163 ], [ 99.521142830002319, 7.36365768256166 ], [ 99.524659605495359, 7.360270673351829 ], [ 99.528489965396034, 7.357242821920986 ], [ 99.532597384095183, 7.354603001304771 ], [ 99.536942694001795, 7.35237638434818 ], [ 99.54148445903796, 7.350584203661934 ], [ 99.54617936976571, 7.349243549152193 ], [ 99.550982656377812, 7.348367205054357 ], [ 99.555848515614557, 7.347963528024936 ], [ 99.56073054753513, 7.348036367454007 ], [ 99.565582197978983, 7.348585028758142 ], [ 99.570357202497732, 7.349604280003821 ], [ 99.575010027524499, 7.351084401798198 ], [ 99.57949630457361, 7.353011279971439 ], [ 99.583773253330349, 7.355366540166862 ], [ 99.587800089596186, 7.358127723055427 ], [ 99.591538414199391, 7.36126849850378 ], [ 99.594952579162523, 7.364758916653572 ], [ 99.598010027634999, 7.368565693517808 ], [ 99.602801333587919, 7.375167289352808 ], [ 99.603416572348735, 7.375932512975754 ], [ 99.603220771946297, 7.37497035491799 ], [ 99.568966403830473, 7.240883737472585 ], [ 99.567992151881342, 7.236111705067271 ], [ 99.56748681104385, 7.231267523941868 ], [ 99.567455176286998, 7.226397158516161 ], [ 99.56789754777985, 7.221546821661873 ], [ 99.568809728043306, 7.21676253620794 ], [ 99.570183061778266, 7.212089698249036 ], [ 99.572004517992156, 7.20757264640091 ], [ 99.574256813644567, 7.203254241089703 ], [ 99.576918577638907, 7.199175457867195 ], [ 99.579964553603759, 7.195374998610836 ], [ 99.583365839540178, 7.191888924297727 ], [ 99.587090162060633, 7.188750312837011 ], [ 99.59110218261786, 7.185988945207349 ], [ 99.595363832817569, 7.183631022877602 ], [ 99.599834675633616, 7.181698919191992 ], [ 99.746920670474651, 7.126470865821424 ], [ 99.747990362476656, 7.126008795797082 ], [ 99.747762610845697, 7.124866045220162 ], [ 99.693472752937581, 6.907990481400532 ], [ 99.692485334042331, 6.902966347355043 ], [ 99.692016913739479, 6.897867572855064 ], [ 99.692072404243888, 6.892747627563788 ], [ 99.692651223639515, 6.88766020315757 ], [ 99.693747301981901, 6.882658650273804 ], [ 99.695349144952189, 6.877795419035183 ], [ 99.697439954395421, 6.873121509017459 ], [ 99.699997804478912, 6.868685934428735 ], [ 99.702995871623287, 6.864535210108862 ], [ 99.706402715795178, 6.860712863739127 ], [ 99.710182610211518, 6.857258979377567 ], [ 100.102462870751594, 6.534065286973037 ], [ 100.103465529962804, 6.533141955463369 ], [ 100.104114188481617, 6.531943160778746 ], [ 100.348553761406535, 6.013906213019186 ], [ 100.34906079883504, 6.012661114806729 ], [ 100.349288349745478, 6.011336132883451 ], [ 100.433120311822492, 5.291386590398169 ], [ 100.433203129610504, 5.290032983385495 ], [ 100.432844322456148, 5.288725172941958 ], [ 100.373559654038573, 5.111362283752936 ], [ 100.372277836292781, 5.106826711377906 ], [ 100.371428781686106, 5.102190594492249 ], [ 100.37102003473899, 5.097495128654254 ], [ 100.3710552274907, 5.092782036784493 ], [ 100.371534047225865, 5.088093198424752 ], [ 100.372452239253164, 5.083470277605229 ], [ 100.373801644711605, 5.078954352626743 ], [ 100.375570273068462, 5.074585551047607 ], [ 100.377742408664645, 5.070402693118585 ], [ 100.38029875036068, 5.066442946834331 ], [ 100.383216583042639, 5.06274149766641 ], [ 100.616522915948678, 4.793879789873416 ], [ 100.617294341726719, 4.792893135558092 ], [ 100.617228936960259, 4.791642413092821 ], [ 100.610291226330105, 4.724770587019513 ], [ 100.610025427593271, 4.719947297630153 ], [ 100.610226313687576, 4.71512086890084 ], [ 100.610892009560771, 4.710336350272341 ], [ 100.612016301668916, 4.705638400000407 ], [ 100.613588695973164, 4.701070868319728 ], [ 100.615594515890038, 4.696676388149888 ], [ 100.61801503928136, 4.692495977163627 ], [ 100.620827673204985, 4.688568654931657 ], [ 100.624006164795176, 4.684931078717598 ], [ 100.627520846304492, 4.68161720132245 ], [ 100.631338912019785, 4.678657954172282 ], [ 100.635424724467669, 4.676080958607153 ], [ 100.639740147051484, 4.673910268066072 ], [ 100.644244900014698, 4.672166143574413 ], [ 100.648896936408505, 4.670864864629373 ], [ 100.653652834554094, 4.670018577248651 ], [ 100.658468203336682, 4.66963518060063 ], [ 100.663298096548019, 4.669718253274274 ], [ 100.664980251868215, 4.669828630937115 ], [ 100.666034031431636, 4.669846629697716 ], [ 100.665253219775408, 4.669138739535829 ], [ 100.637097324143028, 4.645994720791659 ], [ 100.633460899960269, 4.642693332651411 ], [ 100.630165923270752, 4.639051098020719 ], [ 100.627244187626786, 4.635103161177732 ], [ 100.624723885141307, 4.630887616151138 ], [ 100.622629334459504, 4.626445139147163 ], [ 100.620980746105744, 4.621818596060873 ], [ 100.619794027470249, 4.617052628858963 ], [ 100.61908062931721, 4.612193224825059 ], [ 100.61884743529518, 4.60728727282391 ], [ 100.619096695516063, 4.602382110866158 ], [ 100.619826004843617, 4.597525069339238 ], [ 100.621028326100827, 4.59276301431184 ], [ 100.622692057972287, 4.588141895318635 ], [ 100.624801146946467, 4.583706301988712 ], [ 100.627335242217612, 4.579499033795894 ], [ 100.630269892052596, 4.575560687082428 ], [ 100.633576779728187, 4.571929263340902 ], [ 100.644625205614773, 4.560933616424623 ], [ 100.645447895135874, 4.560027894779542 ], [ 100.645120887860728, 4.558848820571249 ], [ 100.571288817376839, 4.336752348076589 ], [ 100.569935341522921, 4.331865950554472 ], [ 100.569083705622248, 4.326867601434612 ], [ 100.568742667482027, 4.321808701295429 ], [ 100.568915734171739, 4.316741273392417 ], [ 100.569601125958172, 4.311717428676425 ], [ 100.570791794607317, 4.306788829910116 ], [ 100.57247549586495, 4.302006160393375 ], [ 100.626058064577734, 4.171362115879478 ], [ 100.628056713436067, 4.167077989158376 ], [ 100.630451031997822, 4.163001768157719 ], [ 100.633219616645817, 4.159169891585047 ], [ 100.636337718072738, 4.155616613871054 ], [ 100.639777462523483, 4.152373698957736 ], [ 100.643508100967964, 4.149470136349853 ], [ 100.647496283977105, 4.146931881968015 ], [ 100.870382957396302, 4.019465005872121 ], [ 100.871286806359706, 4.018888561608223 ], [ 100.870250463126865, 4.018614292320873 ], [ 100.747155517495074, 3.992314805694714 ], [ 100.742353875753821, 3.991036453391836 ], [ 100.737702827587825, 3.989287825650076 ], [ 100.733248306652072, 3.987086191880657 ], [ 100.729034305702726, 3.984453295372909 ], [ 100.725102442125518, 3.981415138558004 ], [ 100.721491546923417, 3.978001726209476 ], [ 100.718237281222358, 3.974246769116711 ], [ 100.71537178408272, 3.970187351157886 ], [ 100.712923355094702, 3.965863563060362 ], [ 100.710916174892077, 3.961318106465492 ], [ 100.709370066344789, 3.956595872208102 ], [ 100.708300298788714, 3.951743496975536 ], [ 100.70771743722598, 3.946808902724703 ], [ 100.707627237985278, 3.941840823405828 ], [ 100.708272118283375, 3.921411345342332 ], [ 100.708684099376143, 3.916393684188015 ], [ 100.70959858419873, 3.91144288936399 ], [ 100.711006301099758, 3.906609155299432 ], [ 100.712892977715143, 3.901941489584186 ], [ 100.715239485670736, 3.897487216097444 ], [ 100.718022034518413, 3.893291495206986 ], [ 100.72121241293938, 3.889396865903529 ], [ 100.724778274769164, 3.885842814512339 ], [ 100.728683466944375, 3.882665374354764 ], [ 100.732888396046391, 3.879896760418624 ], [ 100.737350429725538, 3.87756504274137 ], [ 100.742024328936111, 3.875693861817502 ], [ 100.746862706599586, 3.874302188915611 ], [ 100.844161152509514, 3.851550666352094 ], [ 100.845300272314859, 3.85122298292382 ], [ 100.844813956516418, 3.850142026262301 ], [ 100.831836185858648, 3.824792326832754 ], [ 100.829758789972175, 3.820171200000234 ], [ 100.828159725760329, 3.815363562272852 ], [ 100.827055412661878, 3.810418779218767 ], [ 100.826457189934615, 3.805387624635576 ], [ 100.826371200222084, 3.800321759197103 ], [ 100.826798326479945, 3.795273199993606 ], [ 100.827734182909708, 3.790293786412244 ], [ 100.829169159992716, 3.785434647842227 ], [ 100.831088523162208, 3.780745678670336 ], [ 100.833472564100163, 3.776275025957641 ], [ 100.836296803105299, 3.772068595058021 ], [ 100.839532240454446, 3.768169578254893 ], [ 100.843145654176254, 3.764618011256159 ], [ 100.847099941179422, 3.761450362101359 ], [ 101.039493470862197, 3.622728111876507 ], [ 101.040491132887198, 3.621927592991464 ], [ 101.041303974398133, 3.620939944936783 ], [ 101.296934464993086, 3.27552723560333 ], [ 101.297570123334438, 3.27458024397336 ], [ 101.29792395016284, 3.273495964835452 ], [ 101.372486910199527, 3.00352801626354 ], [ 101.372750000604313, 3.002353915708868 ], [ 101.372209288348174, 3.001279039469542 ], [ 101.311534196030564, 2.894097802519124 ], [ 101.30930323552316, 2.889655193320868 ], [ 101.307524468121301, 2.885013001187387 ], [ 101.306215477980487, 2.88021711690133 ], [ 101.30538920523334, 2.875314950582102 ], [ 101.30505381806897, 2.870354963009133 ], [ 101.305212631985498, 2.865386186558744 ], [ 101.305864077014547, 2.860457740490442 ], [ 101.307001713241235, 2.855618345374338 ], [ 101.30861429446648, 2.850915841459827 ], [ 101.310685879382333, 2.846396715746763 ], [ 101.313195989161017, 2.842105642434292 ], [ 101.316119809900187, 2.83808504129028 ], [ 101.319428437922838, 2.834374658307119 ], [ 101.323089165507042, 2.831011172789348 ], [ 101.327065804220908, 2.828027834757303 ], [ 101.331319042666351, 2.825454136251219 ], [ 101.773260586568497, 2.587202174433211 ], [ 101.774372130001908, 2.586524765643597 ], [ 101.774990024038573, 2.58537907003323 ], [ 101.851708604626026, 2.423142646591368 ], [ 101.853916710041517, 2.418990515764616 ], [ 101.856505145731361, 2.415064204441265 ], [ 101.859451013440989, 2.411398446216049 ], [ 101.862728252940641, 2.408025669735124 ], [ 101.86630787256378, 2.404975711820325 ], [ 101.87015820567801, 2.402275553521662 ], [ 101.874245190819792, 2.399949081433028 ], [ 101.878532673014675, 2.398016876382592 ], [ 101.882982723617488, 2.396496031367228 ], [ 101.887555975843114, 2.395400000341569 ], [ 101.892211973019528, 2.394738479199374 ], [ 101.896909526482446, 2.394517320000091 ], [ 101.98758487097912, 2.394517320000091 ], [ 101.988757579593837, 2.39446121966163 ], [ 101.989642534353678, 2.393689696612035 ], [ 102.147959438412471, 2.241755283187985 ], [ 102.151228544715124, 2.238880626556687 ], [ 102.154735304839079, 2.236301219609544 ], [ 102.158453136551202, 2.234036614980431 ], [ 102.162353857636077, 2.232103979012654 ], [ 102.52579152547483, 2.071343542700319 ], [ 102.526832017740858, 2.07082355290157 ], [ 102.527608944077201, 2.069957874546453 ], [ 102.692350768147733, 1.868071431111109 ], [ 102.696040333490416, 1.864024353011841 ], [ 102.700150376422968, 1.860405060173162 ], [ 102.704631590020369, 1.857256972141673 ], [ 102.709430214536923, 1.854617855564359 ], [ 103.366205373087539, 1.538952894369062 ], [ 103.367314295413337, 1.538348093542868 ], [ 103.367983960562455, 1.53727709337843 ], [ 103.457639556323642, 1.37605860728363 ], [ 103.460178253974135, 1.371970077582409 ], [ 103.46309826451629, 1.368144558099754 ], [ 103.466372535733299, 1.364617490071515 ], [ 103.4699707333872, 1.361421549752623 ], [ 103.473859522248006, 1.358586345690394 ], [ 103.478002874925494, 1.356138144418383 ], [ 103.482362405642249, 1.354099627112071 ], [ 103.486897725855712, 1.352489679460832 ], [ 103.491566818434876, 1.351323216702891 ], [ 103.496326426924739, 1.350611045444225 ], [ 103.501132456292495, 1.350359763541588 ], [ 103.505940381442656, 1.350571698977157 ], [ 103.510705659716379, 1.351244888291122 ], [ 103.515384143553575, 1.352373094772009 ], [ 103.519932489494664, 1.353945866236223 ], [ 103.524308559732731, 1.355948631861512 ], [ 103.528471812496122, 1.358362837177247 ], [ 103.532383677644546, 1.361166115960913 ], [ 103.536007913999271, 1.36433249744828 ], [ 103.539310945096744, 1.367832646937594 ], [ 103.542262170255228, 1.371634137558691 ], [ 103.544834248072519, 1.375701750689289 ], [ 103.547003349728243, 1.379997802235252 ], [ 103.547906802996749, 1.382024040399989 ], [ 103.548956464198497, 1.382567201608023 ], [ 103.696363279626709, 1.450061897532941 ], [ 103.697617537670254, 1.450555485294184 ], [ 103.698963864011034, 1.4506202734247 ], [ 103.947187464289641, 1.449034903796879 ], [ 103.952162693896454, 1.449251129386568 ], [ 103.957091737671348, 1.449961193194497 ], [ 103.961925700164215, 1.451158051483366 ], [ 103.966616629118477, 1.452829831580216 ], [ 103.971117991150962, 1.454959949651745 ], [ 103.975385133356824, 1.457527275213699 ], [ 103.979375726260344, 1.460506340742429 ], [ 103.983050183717623, 1.463867594309293 ], [ 103.986372055605784, 1.467577692731808 ], [ 103.989308389403305, 1.471599832333528 ], [ 103.991830057074523, 1.475894114031554 ], [ 103.993912044015957, 1.480417939130058 ], [ 103.995533697197644, 1.485126431893611 ], [ 103.996678930038556, 1.489972884708427 ], [ 103.997336381983189, 1.494909221415603 ], [ 103.997499531196866, 1.499886474220134 ], [ 103.997166759261347, 1.50485526944484 ], [ 103.996341367229419, 1.509766317310596 ], [ 103.966253239017675, 1.646672893523539 ], [ 103.966095691653308, 1.647601985217478 ], [ 103.966628941619618, 1.646825018666725 ], [ 104.031023325325222, 1.54252890151376 ], [ 104.033882109412318, 1.538381642597031 ], [ 104.037143659661155, 1.534543063048124 ], [ 104.040774874724846, 1.531052120461913 ], [ 104.04473890154263, 1.527944244279227 ], [ 104.048995509360154, 1.525250976214834 ], [ 104.053501498029902, 1.522999650141797 ], [ 104.05821113644771, 1.521213114681061 ], [ 104.063076626676065, 1.519909501311684 ], [ 104.068048589043443, 1.519102040355162 ], [ 104.073076563296752, 1.518798926701405 ], [ 104.078109520720417, 1.519003236639122 ], [ 104.083096382024848, 1.519712896634685 ], [ 104.087986535748215, 1.520920704376338 ], [ 104.092730351910163, 1.522614401870187 ], [ 104.146503708823104, 1.544927094440494 ], [ 104.14728438549443, 1.545207089102088 ], [ 104.146622477743392, 1.544707357969543 ], [ 104.094591985754818, 1.509284384560961 ], [ 104.090578501763957, 1.506245360592614 ], [ 104.086890957525355, 1.502818155038027 ], [ 104.083566735475088, 1.499037511152966 ], [ 104.080639534874891, 1.494941755170092 ], [ 104.078139030186193, 1.490572407767227 ], [ 104.076090570245711, 1.48597376315198 ], [ 104.074514921291865, 1.481192440029735 ], [ 104.07342805644727, 1.476276909007082 ], [ 104.072840993791445, 1.471277001221611 ], [ 104.072759684665101, 1.46624340317935 ], [ 104.073184953338554, 1.461227142920904 ], [ 104.074112488655658, 1.456279072725301 ], [ 104.075532887738106, 1.451449353595615 ], [ 104.077431751307003, 1.446786946752386 ], [ 104.100654857326504, 1.397087423549354 ], [ 104.103056528009944, 1.392566656215852 ], [ 104.105907851256205, 1.388315148824271 ], [ 104.109178939085169, 1.384377466286211 ], [ 104.112835503484021, 1.380794883956047 ], [ 104.116839215819127, 1.37760495497673 ], [ 104.121148108602284, 1.37484111664235 ], [ 104.125717015399985, 1.372532339903607 ], [ 104.130498044274404, 1.370702825690145 ], [ 104.135441079793665, 1.369371751232929 ], [ 104.140494308348934, 1.36855306904575 ], [ 104.145604761272125, 1.368255360672974 ], [ 104.236828711921987, 1.367619020163004 ], [ 104.241687787107765, 1.367821647716431 ], [ 104.246504191802032, 1.368495380161411 ], [ 104.25123235959984, 1.369633843539073 ], [ 104.255827558876163, 1.371226267225559 ], [ 104.260246315977028, 1.373257585829319 ], [ 104.264446826509257, 1.375708581719777 ], [ 104.268389350837978, 1.378556066838949 ], [ 104.272036590050078, 1.381773102075958 ], [ 104.275354038826862, 1.385329252129017 ], [ 104.278310311887395, 1.389190873443701 ], [ 104.28087744091421, 1.393321432503451 ], [ 104.283031139152314, 1.397681851461031 ], [ 104.284751031178061, 1.402230877841064 ], [ 104.286020845664268, 1.406925474815996 ], [ 104.29128597866449, 1.430976998472881 ], [ 104.292124748712723, 1.436040325457079 ], [ 104.292440051604729, 1.441162961441513 ], [ 104.292228565206386, 1.44629093266277 ], [ 104.291492517807384, 1.451370209143642 ], [ 104.290239664643153, 1.456347273970585 ], [ 104.28848320618323, 1.461169687165376 ], [ 104.243562216032444, 1.567228700144033 ], [ 104.24138892984783, 1.571721248005537 ], [ 104.238778617239007, 1.575974767396861 ], [ 104.23575728335048, 1.579946882785682 ], [ 104.233910938886424, 1.581928292297176 ], [ 104.233709892744471, 1.585142181873343 ], [ 104.232944862099885, 1.589910253448332 ], [ 104.231723431123015, 1.594582285640018 ], [ 104.230056993213793, 1.599114698146187 ], [ 103.821023150895101, 2.56484865560284 ], [ 103.81886823245722, 2.569307590316829 ], [ 103.816282782020508, 2.57353147695082 ], [ 103.813292163652392, 2.577478877872164 ], [ 103.809925716242887, 2.581111067858457 ], [ 103.806216465680961, 2.584392414003941 ], [ 103.802200800860462, 2.58729072528931 ], [ 103.797918116693708, 2.589777568385556 ], [ 103.639622156454436, 2.671494096498379 ], [ 103.638484069367649, 2.672160647744073 ], [ 103.637613096782829, 2.673151071661444 ], [ 103.441886642930726, 2.921200438919557 ], [ 103.441226225603444, 2.922121719350722 ], [ 103.441252692766426, 2.923254948439975 ], [ 103.481121412050072, 3.496446893149167 ], [ 103.481219417770177, 3.501416348601337 ], [ 103.480823544050807, 3.506370980435347 ], [ 103.479937702930712, 3.51126182679587 ], [ 103.478570648324677, 3.516040556157989 ], [ 103.476735889516931, 3.520659944941121 ], [ 103.474451557662022, 3.525074344174187 ], [ 103.339350001592933, 3.757114907353771 ], [ 103.338782372701672, 3.758213830219523 ], [ 103.339064053295004, 3.759418193149018 ], [ 103.49379406644023, 4.297061076031794 ], [ 103.494881512530881, 4.301640744879653 ], [ 103.495533487242625, 4.306302379220885 ], [ 103.495744212539364, 4.311004665963038 ], [ 103.495511820897164, 4.315705931737354 ], [ 103.449131172252848, 4.794946650585369 ], [ 103.448482070222539, 4.799478196569485 ], [ 103.447421233573735, 4.803931382850842 ], [ 103.445957554766451, 4.808268880608883 ], [ 103.444103303083864, 4.812454330781746 ], [ 103.441874021785097, 4.816452648845991 ], [ 103.032459314665857, 5.477650268454721 ], [ 103.029882254878729, 5.48141657565863 ], [ 103.026972530112218, 5.484932227644219 ], [ 103.023754379894939, 5.488167937192324 ], [ 103.020254613100803, 5.491096749150652 ], [ 102.521708519041169, 5.871010004686617 ], [ 102.520805159263588, 5.87176893082223 ], [ 102.520151991429842, 5.872751478300915 ], [ 102.350414468593954, 6.156479397655032 ], [ 102.347664831030443, 6.160597935613405 ], [ 102.344521275082442, 6.164424280820904 ], [ 102.341014636344966, 6.167920900103878 ], [ 102.337179311944666, 6.171053494617968 ], [ 102.333052923133408, 6.173791336290428 ], [ 102.328675946255927, 6.176107569236243 ], [ 102.324091315711613, 6.177979473191386 ], [ 102.319344002804641, 6.179388686379174 ], [ 102.314480574614095, 6.180321385623595 ], [ 102.153373336448638, 6.203014530993285 ], [ 102.152135780900466, 6.203253755612328 ], [ 102.151094796573247, 6.203964476221031 ], [ 101.809467281422101, 6.463703293608685 ], [ 101.808416927282963, 6.464598229654243 ], [ 101.807589898925954, 6.465702846529078 ], [ 101.565682039809346, 6.829309812798298 ], [ 101.562802871550332, 6.83321276992076 ], [ 101.559559105654373, 6.836818413687925 ], [ 101.555981262953736, 6.840092818331979 ], [ 101.55210300763396, 6.843005174738415 ], [ 101.547960830485039, 6.845528080331265 ], [ 101.543593705556901, 6.847637796905954 ], [ 101.416507290719579, 6.901595345582995 ], [ 101.411852240485757, 6.903304600584561 ], [ 101.407050771606265, 6.904544335208976 ], [ 101.40215011333666, 6.905302354908099 ], [ 101.397198470600827, 6.905571203483214 ], [ 101.392244549827154, 6.90534823642732 ], [ 101.387337079851818, 6.904635646937612 ], [ 101.382524332601463, 6.903440444342267 ], [ 101.377853648270431, 6.901774385153771 ], [ 101.373370969662773, 6.899653857426941 ], [ 101.369120390279662, 6.897099719559167 ], [ 101.365143720597217, 6.894137095118493 ], [ 101.361480076801229, 6.890795125717698 ], [ 101.358165496023986, 6.887106684365206 ], [ 101.355232581867924, 6.883108052112426 ], [ 101.352710183703067, 6.878838561178173 ], [ 101.352093101159241, 6.877508536738744 ], [ 101.351290458942202, 6.87597877426368 ], [ 101.350100488593995, 6.875855104194253 ], [ 100.998722965075402, 6.856737790470695 ], [ 100.997585069847148, 6.856728348079531 ], [ 100.996561538619048, 6.857225619167065 ], [ 100.766334068673217, 6.982494651894125 ], [ 100.765195767832253, 6.983196217037549 ], [ 100.764340218102305, 6.984223814777178 ], [ 100.640042482071834, 7.151077720006718 ], [ 100.636869018452487, 7.15492176627368 ], [ 100.633328570929081, 7.158430725432727 ], [ 100.629456328098826, 7.16156972185029 ], [ 100.625290776280892, 7.164307556961814 ], [ 100.620873316999806, 7.166617019355081 ], [ 100.616247855494805, 7.168475155225123 ], [ 100.611460364344396, 7.16986349651267 ], [ 100.606558426543884, 7.170768244458654 ], [ 100.601590762576677, 7.171180406750421 ], [ 100.596606746180214, 7.171095886896562 ], [ 100.591655913619164, 7.170515524942034 ], [ 100.586787471343186, 7.169445089118939 ], [ 100.582049806922839, 7.167895218515918 ], [ 100.577490008124286, 7.165881317335979 ], [ 100.573153394902775, 7.163423401793737 ], [ 100.569083068966449, 7.160545901173752 ], [ 100.565319485387462, 7.15727741502725 ], [ 100.56190005051792, 7.153650428920467 ], [ 100.558858750207207, 7.149700991559786 ], [ 100.556225812015825, 7.145468356502731 ], [ 100.555835043700057, 7.144764166512716 ], [ 100.554630823380023, 7.144944330819899 ], [ 100.42562176350431, 7.170966600492418 ], [ 100.424470672674644, 7.171257333984063 ], [ 100.4237556172165, 7.172205084876137 ], [ 100.179943855135193, 7.530117842794949 ], [ 100.17927346989508, 7.531221497033492 ], [ 100.178975285072795, 7.532477902565068 ], [ 100.145011024505138, 7.71819737072241 ], [ 100.144851958289223, 7.719405992996136 ], [ 100.145700191314106, 7.720281533170595 ], [ 100.209749910104307, 7.78009557845195 ], [ 100.210628378583664, 7.780840716968196 ], [ 100.2116175139587, 7.780250336169322 ], [ 100.29594898515461, 7.724289445131482 ], [ 100.300207731613753, 7.721757992422702 ], [ 100.304696095674458, 7.719660431391716 ], [ 100.309370010265567, 7.718017356038898 ], [ 100.314183586567935, 7.716844898192566 ], [ 100.319089564553948, 7.716154569125559 ], [ 100.324039776989878, 7.715953146536765 ], [ 100.328985622345044, 7.716242608007199 ], [ 100.333878541965092, 7.71702011158397 ], [ 100.338670496824207, 7.718278023682782 ], [ 100.343314439175629, 7.720003994034984 ], [ 100.347764774469752, 7.722181076943381 ], [ 100.351977809004495, 7.724787897656261 ], [ 100.355912178913215, 7.7277988622262 ], [ 100.359529256277966, 7.731184408793222 ], [ 100.362793528381118, 7.734911297825202 ], [ 100.365672946371674, 7.738942938465902 ], [ 100.368139239923153, 7.743239747786556 ], [ 100.370168194793578, 7.747759539413817 ], [ 100.371739890562637, 7.752457937718513 ], [ 100.372838896211761, 7.757288813498668 ], [ 100.373454421626889, 7.762204736879215 ], [ 100.373580423536609, 7.767157442981826 ], [ 100.373215664845375, 7.772098305792839 ], [ 100.37236372677944, 7.776978815576857 ], [ 100.236910361551722, 8.37600878019909 ], [ 100.235577073198286, 8.380788629786615 ], [ 100.233776552758187, 8.3854127779306 ], [ 100.231526535084001, 8.389835677474858 ], [ 100.228849182507744, 8.394013763531316 ], [ 100.225770866545247, 8.39790588258753 ], [ 100.222321908140714, 8.401473697862533 ], [ 100.218536279010081, 8.404682066918303 ], [ 100.214451267024728, 8.407499387807423 ], [ 100.210107108931638, 8.409897910347464 ], [ 100.205546594027595, 8.411854009456068 ], [ 100.200814642691014, 8.41334841785441 ], [ 100.195957863923155, 8.414366415846967 ], [ 100.191024096256484, 8.414897976308287 ], [ 100.186061936552406, 8.414937863448639 ], [ 100.181120261329582, 8.414485684385756 ], [ 100.176247745337662, 8.41354589301466 ], [ 100.171492382118359, 8.412127746137475 ], [ 100.166901011276408, 8.410245212285334 ], [ 100.162518857116567, 8.407916834130468 ], [ 100.15838908319104, 8.40516554584371 ], [ 100.154552367145158, 8.402018447196392 ], [ 100.151046500048622, 8.398506536631722 ], [ 100.147906014159361, 8.394664405934826 ], [ 100.145161842785882, 8.390529899508932 ], [ 100.144206258837173, 8.388922355111715 ], [ 100.143437498139861, 8.389774395013093 ], [ 99.967866169274188, 8.604760519286293 ], [ 99.967183693816196, 8.605680099942552 ], [ 99.966984409653975, 8.60680779101617 ], [ 99.888041753811294, 9.217485054025239 ], [ 99.887120669831148, 9.222546149597573 ], [ 99.885684441615325, 9.227485818878289 ], [ 99.883748271975051, 9.232251774313969 ], [ 99.881332655718339, 9.236793567152823 ], [ 99.878463162707632, 9.241063121456524 ], [ 99.875170167196856, 9.245015242995246 ], [ 99.821425617150979, 9.30315466806216 ], [ 99.81794127619284, 9.306572948380166 ], [ 99.814140235764327, 9.309635196558506 ], [ 99.810058720194633, 9.312312229038568 ], [ 99.805735626771593, 9.314578533409291 ], [ 99.801212155046329, 9.316412511543229 ], [ 99.796531414196977, 9.317796685429046 ], [ 99.791738012193548, 9.318717863738881 ], [ 99.786877630679129, 9.319167267543122 ], [ 99.781996589618828, 9.319140613974577 ], [ 99.777141405865507, 9.318638157044656 ], [ 99.555881251031977, 9.284756013418766 ], [ 99.551159058106478, 9.28379801672722 ], [ 99.546551004848325, 9.282389929777931 ], [ 99.542099885075288, 9.280544829116003 ], [ 99.53784703520374, 9.278279849721661 ], [ 99.533831950368011, 9.275616025882046 ], [ 99.530091917638998, 9.272578095851141 ], [ 99.526661669748762, 9.269194272111919 ], [ 99.523573062536343, 9.265495979374172 ], [ 99.475513374429809, 9.201961072133578 ], [ 99.474757532608692, 9.201056454864876 ], [ 99.473583903632161, 9.201167018361913 ], [ 99.256239052356847, 9.232319780819861 ], [ 99.255103180013677, 9.232538411596284 ], [ 99.254835302665967, 9.233663688061512 ], [ 99.23575539085472, 9.335105219354054 ], [ 99.235591646409077, 9.336301286528691 ], [ 99.23658117780181, 9.336992818561317 ], [ 99.28001317491271, 9.364228132785126 ], [ 99.284106574461248, 9.367089434217137 ], [ 99.28789410679434, 9.370344824297371 ], [ 99.291337982996296, 9.37396182339252 ], [ 99.294403842872669, 9.377904344028769 ], [ 99.297061097768278, 9.38213305094324 ], [ 99.299283235756008, 9.386605753539241 ], [ 99.301048086151141, 9.391277826829709 ], [ 99.302338040712527, 9.39610265666902 ], [ 99.303140229323176, 9.401032104831005 ], [ 99.30344664839788, 9.406016989292997 ], [ 99.303254240736422, 9.41100757493404 ], [ 99.302564926025909, 9.415954069751445 ], [ 99.301385581687626, 9.420807121644891 ], [ 99.299727974259724, 9.425518310811519 ], [ 99.297608642000341, 9.430040632839317 ], [ 99.295048729882268, 9.434328967678908 ], [ 99.225377721017267, 9.538805294662561 ], [ 99.224796266501514, 9.539776965681968 ], [ 99.225915137417843, 9.539951212048722 ], [ 100.143609806213661, 9.637225638293883 ], [ 100.144790788441938, 9.637294370389089 ], [ 100.145972967768358, 9.637250836901767 ], [ 101.121230820557969, 9.554861946658793 ], [ 101.122615111016032, 9.554666230928888 ], [ 101.123968732626821, 9.554316555001812 ], [ 102.297831264076137, 9.179624728238 ], [ 102.301399433318664, 9.178629821511048 ], [ 102.305031467935152, 9.177901813486871 ], [ 103.507039538766662, 8.98297491798688 ], [ 103.508487806438794, 8.982650393279487 ], [ 103.509887137864865, 8.98215575493127 ], [ 104.702304268578004, 8.478794308100456 ], [ 104.703325100139935, 8.478307709535835 ], [ 104.704237333382409, 8.477647250511641 ], [ 105.447578957187986, 7.886738330099358 ], [ 105.448337469136121, 7.886083979790586 ], [ 105.449041031884008, 7.885370878001194 ], [ 106.570721213170373, 6.653226196399794 ], [ 106.571649631956447, 6.652075934247686 ], [ 106.57243511349445, 6.650823702953304 ], [ 107.112653114972176, 5.663842266625836 ], [ 107.113225336624595, 5.662650211695162 ], [ 107.113532596259631, 5.661364123014759 ], [ 107.312720648599509, 4.574497826416263 ], [ 107.313748886287769, 4.570045553740432 ], [ 107.315179295067296, 4.565705745513449 ], [ 107.316999928161252, 4.561514647821827 ], [ 107.319195579638603, 4.557507264721405 ], [ 107.32174791141405, 4.55371706588341 ], [ 107.324635606407796, 4.5501757070557 ], [ 107.392970534919812, 4.473783520687932 ], [ 107.396344387059386, 4.470358541965982 ], [ 107.400031583157428, 4.467273425689391 ], [ 107.403998033821281, 4.464556694816333 ], [ 107.408207067854093, 4.462233466455577 ], [ 107.412619771292484, 4.460325219650187 ], [ 107.417195347179614, 4.458849596796415 ], [ 107.42189149274698, 4.457820240533684 ], [ 107.426664790518018, 4.457246667613715 ], [ 107.431471109717577, 4.45713418091489 ], [ 107.436266014276086, 4.457483820415322 ], [ 107.441005173656237, 4.458292353577904 ], [ 107.445644772704028, 4.459552305236218 ], [ 107.45014191673485, 4.461252026705017 ], [ 108.09072217629074, 4.739252763607094 ], [ 108.091628710609882, 4.739604865075068 ], [ 108.092559915999615, 4.739885286967529 ], [ 108.673326300420257, 4.890356746834643 ], [ 108.678697808556606, 4.89207708829769 ], [ 108.683841385321017, 4.894391454836715 ], [ 109.694216334685009, 5.419437368051835 ], [ 109.695452335747859, 5.419996398277044 ], [ 109.696741807836617, 5.420417676276273 ], [ 110.364253127642201, 5.598907286409125 ], [ 110.368901347956069, 5.600396817073438 ], [ 110.37338218365494, 5.602332473325416 ], [ 110.377652932995332, 5.604695808629118 ], [ 110.381672896327629, 5.60746430072648 ], [ 110.385403763958138, 5.610611566271325 ], [ 110.38880998123517, 5.614107612258983 ], [ 110.391859087379913, 5.617919121855485 ], [ 110.394522024833194, 5.622009771902367 ], [ 110.606218584707108, 5.984784343545127 ], [ 110.606917559082362, 5.985852407990023 ], [ 110.607722147514579, 5.986843349103791 ], [ 111.05054701161427, 6.478460412072695 ], [ 111.051456841023466, 6.479371114976531 ], [ 111.052455790757406, 6.480183068646284 ], [ 111.618058378772915, 6.893277378901213 ], [ 111.618995277698232, 6.893898882429232 ], [ 111.619984353592187, 6.894433461803846 ], [ 112.205416533384408, 7.177522446867964 ], [ 112.209838501761567, 7.179942994456976 ], [ 112.21399426021722, 7.182796505735653 ], [ 112.849711075774323, 7.668217228517791 ], [ 112.853755248787166, 7.671660208471986 ], [ 112.857411390243598, 7.675512749967318 ], [ 112.860638245053181, 7.679731381778778 ], [ 113.678937332986507, 8.876259362859754 ], [ 113.679681688586172, 8.877240034624206 ], [ 113.680519179248606, 8.878142471191802 ], [ 114.110443627701528, 9.297779573776129 ], [ 114.111540409052722, 9.298731695622569 ], [ 114.112740636803437, 9.299549570116858 ], [ 115.16371365209578, 9.929216424340254 ], [ 115.164952165726376, 9.929866837623011 ], [ 115.166255824955115, 9.930374209347663 ], [ 115.858067453775121, 10.155758584675382 ], [ 115.859009949522743, 10.156025200627846 ], [ 115.859970456436685, 10.156217056742131 ], [ 116.59619559077106, 10.27343155219277 ], [ 116.597296789016525, 10.273556996993509 ], [ 116.598404776384427, 10.273584162532433 ], [ 117.893779710167664, 10.247745348413639 ], [ 117.895044693882738, 10.247655563849367 ], [ 117.896293998334158, 10.247437656862148 ], [ 118.732837320196609, 10.057206397070086 ], [ 118.733925243400193, 10.056902577451318 ], [ 118.733241050254179, 10.056003821090043 ], [ 118.134244286854695, 9.34398511726992 ], [ 118.133523130622763, 9.343198785251706 ], [ 118.132737402808942, 9.342476970763272 ], [ 118.004088942032851, 9.234065346968332 ], [ 118.003168125253438, 9.233361065243708 ], [ 118.002015107684343, 9.233481343146767 ], [ 117.914662227461349, 9.246794650403642 ], [ 117.909545090863816, 9.247307014613778 ], [ 117.904402392252635, 9.247291044756039 ], [ 117.89928853645047, 9.246746909776217 ], [ 117.894257623150651, 9.245680366100904 ], [ 117.88936287459434, 9.244102696740031 ], [ 117.884656072530234, 9.24203059192342 ], [ 117.880187010413238, 9.239485972534165 ], [ 117.8760029666375, 9.236495758206679 ], [ 117.872148204376217, 9.233091582542775 ], [ 117.366687194783012, 8.738178784600013 ], [ 117.363375037668391, 8.734603294458118 ], [ 117.36042673087907, 8.730722314996338 ], [ 117.357870288653601, 8.726572722527846 ], [ 117.355730001809562, 8.722193945674439 ], [ 117.246304482308275, 8.467562081202324 ], [ 117.244588169105427, 8.462956368906063 ], [ 117.243332353082735, 8.458204396380541 ], [ 117.242549169600693, 8.45335208348877 ], [ 117.242246186817184, 8.448446319715506 ], [ 117.242426332553805, 8.443534511058834 ], [ 117.243087866003464, 8.438664121930524 ], [ 117.244224394552305, 8.433882216491909 ], [ 117.245824935553642, 8.429235003857524 ], [ 117.247874022456898, 8.424767391561328 ], [ 117.250351854265844, 8.420522551600538 ], [ 117.253234486882207, 8.41654150325051 ], [ 117.256494064485238, 8.412862716682085 ], [ 117.260099088711627, 8.409521741211758 ], [ 117.264014723034492, 8.406550861777019 ], [ 117.268203129400106, 8.403978786956447 ], [ 117.272623833869389, 8.40183037154935 ], [ 117.277234117730785, 8.400126376395706 ], [ 117.281989430305103, 8.398883267757393 ], [ 117.286843819453367, 8.398113058199312 ], [ 117.291750375627288, 8.397823190508058 ], [ 117.296661685171529, 8.39801646576983 ], [ 117.301530288497418, 8.398691016302633 ], [ 117.306309138700414, 8.399840323704286 ], [ 117.31095205618972, 8.401453281841881 ], [ 117.315414174936777, 8.403514304173969 ], [ 117.495182418003722, 8.497531550792189 ], [ 117.499278618968546, 8.499927987676298 ], [ 117.503129169538838, 8.502701979815676 ], [ 117.506699381225673, 8.505828537122838 ], [ 117.509957091031481, 8.50927949335335 ], [ 117.512872951197153, 8.513023759847338 ], [ 117.515420693587458, 8.517027605598159 ], [ 117.517577366333029, 8.52125496112523 ], [ 117.519323540597043, 8.525667743413473 ], [ 117.565202635333719, 8.659906576161553 ], [ 117.565647758919482, 8.661024778135767 ], [ 117.566826916930481, 8.66126581142654 ], [ 117.742749007127529, 8.688235000241372 ], [ 117.747649979235305, 8.689239538745188 ], [ 117.752426032941955, 8.690728812460183 ], [ 117.75702935302418, 8.692687911596899 ], [ 117.761413853572776, 8.695097222732119 ], [ 117.765535639379351, 8.697932625167683 ], [ 118.004609971820116, 8.880665558324109 ], [ 118.008050614799615, 8.883549010830546 ], [ 118.011218767293684, 8.886729440399579 ], [ 118.014088891050037, 8.890181209814306 ], [ 118.016637850204901, 8.893876494606593 ], [ 118.018845097779533, 8.897785507348138 ], [ 118.136448897883554, 9.129810430030288 ], [ 118.137010340166086, 9.130801263781116 ], [ 118.138092958473308, 9.131150877885142 ], [ 118.349685227200069, 9.188881887617246 ], [ 118.35455086456119, 9.19048134798445 ], [ 118.359227347301697, 9.1925701776984 ], [ 118.363665604713347, 9.195126458501466 ], [ 118.36781906580535, 9.198123367134279 ], [ 118.37164414797752, 9.201529456794322 ], [ 118.375100714336028, 9.205308987109772 ], [ 118.735422938115917, 9.642281166026974 ], [ 118.738322666657012, 9.646167290037017 ], [ 118.740832346767291, 9.650316011668741 ], [ 118.742928377028079, 9.654688315704298 ], [ 118.744591046047631, 9.659243084322446 ], [ 118.745804717830183, 9.663937483776875 ], [ 118.746557978819141, 9.668727367211362 ], [ 118.746843745232056, 9.673567689823619 ], [ 118.746659329677513, 9.678412932473551 ], [ 118.746006466427815, 9.68321752975227 ], [ 118.744891295109625, 9.687936298486227 ], [ 118.743324302965945, 9.692524862646735 ], [ 118.741320226232475, 9.696940070668999 ], [ 118.701496207935179, 9.77445363316912 ], [ 118.701059947356214, 9.775415565951624 ], [ 118.70201357914641, 9.774961446606754 ], [ 118.702612569631015, 9.774639449604729 ], [ 118.707088711702525, 9.772512082071886 ], [ 118.711753469441959, 9.770838291255604 ], [ 118.716561013394895, 9.76963452150823 ], [ 118.721464111287233, 9.768912599405509 ], [ 118.726414592064032, 9.768679617555016 ], [ 118.731363819151753, 9.768937864914008 ], [ 118.736263168293817, 9.769684804301306 ], [ 118.741064505265356, 9.770913097324112 ], [ 118.74572065877345, 9.772610676474915 ], [ 118.750185883896975, 9.774760863690116 ], [ 118.754416311512912, 9.777342534205594 ], [ 118.758370379293638, 9.780330324099419 ], [ 118.762009240040825, 9.78369487948264 ], [ 118.765297143344284, 9.787403144889982 ], [ 118.768201786816007, 9.791418688037103 ], [ 118.770694633448713, 9.795702057753804 ], [ 118.772751191981044, 9.80021117157664 ], [ 118.774351257514752, 9.804901729192961 ], [ 118.775479110020086, 9.809727647674494 ], [ 118.776123668779078, 9.814641514224411 ], [ 118.776278601249302, 9.819595051989872 ], [ 118.774202283796527, 9.932961996588848 ], [ 118.774235612530617, 9.934103636703073 ], [ 118.775352251901595, 9.934343573090645 ], [ 118.989603650940623, 9.969833802762517 ], [ 118.990863703010817, 9.969976388132256 ], [ 118.992030654702347, 9.96948011647593 ], [ 119.640260863900352, 9.65348302186206 ], [ 119.641261839104075, 9.652937067759659 ], [ 119.642208750839529, 9.65230194934081 ], [ 120.194915692632748, 9.243743131989829 ], [ 120.195905991401204, 9.242929091605802 ], [ 120.196807397388682, 9.242017597972302 ], [ 120.643616449044103, 8.741096131428888 ], [ 120.644304242998757, 8.740253807540677 ], [ 120.644833050118876, 8.739308314365095 ], [ 121.001404052737428, 8.031517610768883 ], [ 121.003729143887369, 8.027399429744284 ], [ 121.006432914036921, 8.023519340726594 ], [ 121.009491174756761, 8.019912055712011 ], [ 121.012876566279076, 8.016609846141511 ], [ 121.016558802263248, 8.013642254194545 ], [ 121.020504940743038, 8.011035828499226 ], [ 122.043595199577041, 7.40274486549647 ], [ 122.044579115770034, 7.402093544904154 ], [ 122.044715804176718, 7.400921527042369 ], [ 122.050950418697198, 7.309067626991255 ], [ 122.050971758332452, 7.307829186063239 ], [ 122.050182984418001, 7.306874185003223 ], [ 121.915784699599442, 7.159949666542797 ], [ 121.912661533265023, 7.156180403927695 ], [ 121.909921906247533, 7.152123810231111 ], [ 121.907592076785534, 7.147818766294968 ], [ 121.90569437537053, 7.143306534258207 ], [ 121.904246990718022, 7.138630362075558 ], [ 121.903263795435947, 7.133835069003035 ], [ 121.902754213061186, 7.128966616023141 ], [ 121.902723127738739, 7.124071665327085 ], [ 121.903170837409078, 7.119197133076173 ], [ 121.904093050952554, 7.114389739729013 ], [ 121.931091841598828, 7.003341810987794 ], [ 121.932570531008992, 6.998390234603202 ], [ 121.934552399581762, 6.993617727083625 ], [ 121.93701627728953, 6.989075267650088 ], [ 121.939935845354228, 6.984811378183911 ], [ 121.943279917380622, 6.980871604923128 ], [ 121.947012772484854, 6.977298031944303 ], [ 121.951094536859571, 6.974128831626629 ], [ 121.955481609700058, 6.971397856900206 ], [ 121.960127128941679, 6.969134279634039 ], [ 122.078344654915952, 6.918915021142237 ], [ 122.082906716382183, 6.917233871466047 ], [ 122.087610490004877, 6.916003756527542 ], [ 122.092411499404832, 6.915236307638692 ], [ 122.097264348793118, 6.91493878138762 ], [ 122.102123152209458, 6.915113991024159 ], [ 122.106941967395485, 6.915760279859262 ], [ 122.11167523020022, 6.916871536929776 ], [ 122.116278185410465, 6.91843725478045 ], [ 122.120707309932271, 6.920442628816842 ], [ 122.124920724322109, 6.92286869728968 ], [ 122.128878588776658, 6.92569252058707 ], [ 122.132543479836698, 6.928887398139253 ], [ 122.135880744243494, 6.932423120884978 ], [ 122.138858826601478, 6.9362662569123 ], [ 122.141449567749348, 6.940380467572947 ], [ 122.143628471018062, 6.944726851081226 ], [ 122.257932988812001, 7.203419502018805 ], [ 122.258433612881603, 7.204419482802429 ], [ 122.259198862019659, 7.203604019876333 ], [ 122.64831120698787, 6.746800718900173 ], [ 122.649115557717565, 6.745747754013202 ], [ 122.649803501678534, 6.744615301693626 ], [ 122.958037753304893, 6.170456897858829 ], [ 122.958575447067972, 6.16932097217286 ], [ 122.958873898379011, 6.168100165652118 ], [ 123.11247262731078, 5.365907530917334 ], [ 123.112658516198465, 5.364512051873761 ], [ 123.112525545143271, 5.36311054014058 ], [ 122.97446722994323, 4.457902435062028 ], [ 122.974215503870795, 4.456672504441611 ], [ 122.973721999267312, 4.455518143772771 ], [ 122.718778418290739, 3.933788717094617 ], [ 122.71827601917731, 3.932862042273972 ], [ 122.717697164546692, 3.931981100500087 ], [ 121.894190288497057, 2.787228749262988 ], [ 121.893291986439152, 2.786120068148451 ], [ 121.89227271115405, 2.785121469984218 ], [ 121.384692827332145, 2.341904908711693 ], [ 121.383751511171226, 2.341159720476546 ], [ 121.382742864534492, 2.340508557222967 ], [ 120.767524710251209, 1.984095287651663 ], [ 120.764566289860355, 1.982633363928352 ], [ 120.069639792700187, 1.694667919956808 ], [ 120.06718135391921, 1.693796569103567 ], [ 118.676071438530343, 1.281104885152675 ], [ 118.674870334906217, 1.280813744099035 ], [ 118.673830879444125, 1.281482283829613 ], [ 117.925042122855402, 1.818471331430047 ], [ 117.924130157294186, 1.819192871273401 ], [ 117.923747885095707, 1.820291128482352 ], [ 117.880791845102252, 1.965431519379132 ], [ 117.87920650073265, 1.96997283083439 ], [ 117.877192117004128, 1.974340791994715 ], [ 117.874767336495395, 1.978494978556289 ], [ 117.871954599896853, 1.982396944641617 ], [ 117.868779938327947, 1.986010578605762 ], [ 117.865272732426277, 1.989302437239894 ], [ 117.861465440437613, 1.992242055279176 ], [ 117.85739329782362, 1.994802227350582 ], [ 117.853093991167171, 1.996959259751298 ], [ 117.848607309393159, 1.998693189727558 ], [ 117.751196341489589, 2.031045711098219 ], [ 117.750242020836467, 2.031416546527554 ], [ 117.751250625898251, 2.03159250860849 ], [ 117.786883766128199, 2.035988805248835 ], [ 117.791629830927931, 2.036808080933156 ], [ 117.796275052174039, 2.038080190718085 ], [ 117.800776329007036, 2.039793331285286 ], [ 117.805091896161045, 2.041931607195778 ], [ 117.809181711484456, 2.044475178376357 ], [ 117.813007827472433, 2.04740044420646 ], [ 117.816534743364329, 2.050680262497408 ], [ 117.819729734538825, 2.054284201332221 ], [ 117.822563156150522, 2.058178821429302 ], [ 117.825008718190759, 2.062327986410062 ], [ 117.827043729420453, 2.066693198091667 ], [ 117.828649307911633, 2.071233953693867 ], [ 117.829810556244041, 2.075908121645566 ], [ 117.83051669973149, 2.080672332504178 ], [ 117.830761186395193, 2.085482381360634 ], [ 117.830541747756428, 2.090293637996278 ], [ 117.829860419884866, 2.095061460986033 ], [ 117.8287235245067, 2.099741611905534 ], [ 117.827141610348306, 2.104290665799003 ], [ 117.82627445924777, 2.106443917778037 ], [ 117.827390468040647, 2.106335117881684 ], [ 117.891740245808435, 2.096871915546622 ], [ 117.89654807841076, 2.09640076373704 ], [ 117.901378938955673, 2.096395788279885 ], [ 117.906187731865586, 2.096857035620527 ], [ 117.910929567561936, 2.097780200063315 ], [ 117.915560181504773, 2.099156663964791 ], [ 117.920036347397556, 2.100973578178488 ], [ 117.92431628070014, 2.103213982000375 ], [ 117.928360028683045, 2.105856961495244 ], [ 117.932129843382086, 2.108877844726117 ], [ 118.045332945556652, 2.208944751116618 ], [ 118.04862511298937, 2.212135426737776 ], [ 118.051611187619358, 2.21561423912544 ], [ 118.054266063991548, 2.219351940126436 ], [ 118.056567421203823, 2.223317104978746 ], [ 118.058495910570258, 2.227476396515537 ], [ 118.060035318295419, 2.231794845447752 ], [ 118.06117270179206, 2.236236144368793 ], [ 118.076885170390923, 2.311865494880806 ], [ 118.077636696384914, 2.316623586282367 ], [ 118.077926865018455, 2.321431915230075 ], [ 118.077752983036206, 2.326245852305017 ], [ 118.077116664356851, 2.331020716035383 ], [ 118.076023815093137, 2.335712187616032 ], [ 118.074484578733191, 2.340276722261913 ], [ 118.072513241991786, 2.344671953377256 ], [ 118.070128102205558, 2.348857085789185 ], [ 118.067351297502682, 2.352793274395867 ], [ 118.064208601323742, 2.356443984714711 ], [ 117.827019499723164, 2.606525437724325 ], [ 117.826234926386945, 2.607437672777558 ], [ 117.825855109056292, 2.608579367530085 ], [ 117.790610810004509, 2.734690000927846 ], [ 117.789006640922878, 2.739481450529728 ], [ 117.786927071642523, 2.744086528090209 ], [ 117.784393339846005, 2.748458204074682 ], [ 117.781431321368373, 2.752551832571257 ], [ 117.77807126593909, 2.756325607238886 ], [ 117.7743474882556, 2.75974098825625 ], [ 117.770298017543055, 2.762763095911197 ], [ 117.765964209179415, 2.76536106681116 ], [ 117.761390322352, 2.767508369076763 ], [ 117.620783732900108, 2.825038738255139 ], [ 117.619759321022414, 2.825518283438717 ], [ 117.620788904242744, 2.82626461936857 ], [ 117.624546511233618, 2.829274780149816 ], [ 117.62799717728771, 2.832632395674238 ], [ 117.63110890689326, 2.836306333219806 ], [ 117.633852847249159, 2.840262527040892 ], [ 117.636203555796044, 2.844464294235109 ], [ 117.63813923612652, 2.848872674877132 ], [ 117.639641940087444, 2.853446793265694 ], [ 117.640697734200018, 2.858144236934182 ], [ 117.641296828854806, 2.862921449910528 ], [ 117.641433669083625, 2.867734136580003 ], [ 117.641106986066774, 2.872537672406169 ], [ 117.6403198088978, 2.877287517701693 ], [ 117.639079436496957, 2.881939630612404 ], [ 117.637397369933666, 2.886450875485319 ], [ 117.635289205785412, 2.890779422834119 ], [ 117.632774491522127, 2.894885137193491 ], [ 117.629876544256646, 2.898729949266052 ], [ 117.626622234542239, 2.902278208911204 ], [ 117.623041737221413, 2.905497015702907 ], [ 117.61916825163668, 2.908356523991355 ], [ 117.615037693797248, 2.910830219639942 ], [ 117.610688363355962, 2.912895165871521 ], [ 117.606160588484627, 2.914532215944434 ], [ 117.601496351940185, 2.915726190686287 ], [ 117.596738901789223, 2.916466019239361 ], [ 117.545015603124554, 2.921975009492966 ], [ 117.543947793381079, 2.922142157003737 ], [ 117.54791976247725, 2.924735580270932 ], [ 117.551833997218665, 2.927894913197098 ], [ 117.555410986562308, 2.931431545123752 ], [ 117.558614527629985, 2.935309681632025 ], [ 117.561412197231178, 2.939490071919038 ], [ 117.563775680019617, 2.943930406057132 ], [ 117.565681055074293, 2.948585743214646 ], [ 117.567109038004261, 2.953408966504199 ], [ 117.568045176126773, 2.958351259854935 ], [ 117.568479994743669, 2.963362602082279 ], [ 117.568409093035172, 2.968392273154714 ], [ 117.567833188600815, 2.973389367533615 ], [ 117.566758110196602, 2.978303309390613 ], [ 117.565194738741866, 2.983084364487941 ], [ 117.565017845176314, 2.983545412277873 ], [ 117.56551275626542, 2.984645596828604 ], [ 117.592861821156021, 3.03821483194132 ], [ 117.594843345775303, 3.042606623586882 ], [ 117.596392958444596, 3.047168747461792 ], [ 117.597496269910863, 3.051858841009182 ], [ 117.598143035144375, 3.056633353382984 ], [ 117.598327248471065, 3.061447949848436 ], [ 117.598047199339504, 3.066257923461542 ], [ 117.597305488204583, 3.071018610204774 ], [ 117.596109002380388, 3.075685803724157 ], [ 117.594468852086678, 3.08021616581663 ], [ 117.592400267282571, 3.084567628856009 ], [ 117.589922456245574, 3.08869978642074 ], [ 117.587058427209087, 3.092574268496194 ], [ 117.58383477471466, 3.096155097767471 ], [ 117.580281432662787, 3.099409023694296 ], [ 117.576431396355403, 3.102305831265877 ], [ 117.572320416111125, 3.104818621568714 ], [ 117.567986665298136, 3.106924061562094 ], [ 117.271148486597511, 3.233842213826522 ], [ 117.270224279579395, 3.234291720409475 ], [ 117.271238949740862, 3.23445499699621 ], [ 117.331377727425092, 3.241152269628174 ], [ 117.336006172936948, 3.241888716573305 ], [ 117.340545332013946, 3.243055291402798 ], [ 117.344955323855089, 3.244641744654617 ], [ 117.349197402515571, 3.246634137838088 ], [ 117.35323429732648, 3.249014965896715 ], [ 117.357030540352952, 3.251763311006636 ], [ 117.360552778013329, 3.254855026359466 ], [ 117.36377006412205, 3.258262948314831 ], [ 117.366654131780976, 3.261957135058603 ], [ 117.369179641730938, 3.265905129670031 ], [ 117.371324404980939, 3.270072245286451 ], [ 117.422135808847727, 3.381320225266487 ], [ 117.423920576735441, 3.385784153216466 ], [ 117.425268384367143, 3.390398854045725 ], [ 117.426166771504313, 3.395121665677303 ], [ 117.426607432719919, 3.399908926569368 ], [ 117.426586294180453, 3.404716379358296 ], [ 117.426103551307918, 3.409499580010019 ], [ 117.42516366697312, 3.414214308697103 ], [ 117.42377533023722, 3.41881697860308 ], [ 117.421951376022989, 3.423265038874704 ], [ 117.419708666458206, 3.427517367996918 ], [ 117.417067934988339, 3.431534653953841 ], [ 117.414053594699624, 3.435279757661271 ], [ 117.410693512624405, 3.438718056310816 ], [ 117.407018752115533, 3.441817763451515 ], [ 117.403063285671223, 3.444550222849847 ], [ 117.398863680865418, 3.446890173411441 ], [ 117.394458762287215, 3.448815982715336 ], [ 117.389889252614481, 3.450309847001815 ], [ 117.244080534525267, 3.490330058479533 ], [ 117.242889172087331, 3.490723461926557 ], [ 117.242140847300746, 3.491730497548986 ], [ 117.200627612014657, 3.554000350478119 ], [ 117.200018435961368, 3.555016613775427 ], [ 117.199947439367975, 3.556199341993197 ], [ 117.199901341135742, 3.560056226710089 ], [ 117.199595877503896, 3.565009151575369 ], [ 117.198800962379948, 3.569907404600399 ], [ 117.197524425605636, 3.574702738438132 ], [ 117.195778840952144, 3.579347919486159 ], [ 117.193581402269615, 3.583797193133401 ], [ 117.190953754129353, 3.588006734438871 ], [ 117.187921778626674, 3.591935079803352 ], [ 117.184515340444676, 3.595543535382089 ], [ 117.180767992689823, 3.598796558215639 ], [ 117.176716646396841, 3.601662106324788 ], [ 117.172401206958469, 3.604111954321139 ], [ 117.167864181060892, 3.606121971424617 ], [ 117.163150257996804, 3.607672359149461 ], [ 117.158305869479889, 3.608747846317512 ], [ 117.153378732296687, 3.609337839477925 ], [ 117.148417378300564, 3.609436527251701 ], [ 117.143470676377419, 3.609042937573238 ], [ 117.031749825435284, 3.594545634715552 ], [ 117.030694758837569, 3.594461285174213 ], [ 117.03146332244475, 3.59518901476176 ], [ 117.089555955333239, 3.645005220925825 ], [ 117.090525631335979, 3.645755975921708 ], [ 117.091750916547838, 3.645705174700366 ], [ 117.441564687761613, 3.613623069663594 ], [ 117.446507001730524, 3.6134155227374 ], [ 117.451445636651712, 3.613697352844073 ], [ 117.456332254069181, 3.614465801482035 ], [ 117.461119024664725, 3.615713347216464 ], [ 117.465759096402607, 3.617427779297713 ], [ 117.47020705310868, 3.619592317177906 ], [ 117.474419358995618, 3.622185774755868 ], [ 117.478354784783278, 3.625182767742812 ], [ 117.481974811243262, 3.628553962119121 ], [ 117.48524400621821, 3.632266361250365 ], [ 117.488130371425186, 3.636283628852336 ], [ 117.490605655649048, 3.640566444643952 ], [ 117.492645631260231, 3.645072889206982 ], [ 117.494230331350266, 3.649758854285651 ], [ 117.495344245164304, 3.65457847451019 ], [ 117.495976469917508, 3.659484576318684 ], [ 117.496120817509535, 3.664429139683284 ], [ 117.495775875092548, 3.669363768121458 ], [ 117.49494501889987, 3.674240162391916 ], [ 117.469023314065481, 3.791119277663352 ], [ 117.468864755892213, 3.792044480649911 ], [ 117.469390202505963, 3.791266632903522 ], [ 117.533608503906081, 3.685477550040797 ], [ 117.536516133499902, 3.68120278297435 ], [ 117.539849632019568, 3.677251108525888 ], [ 117.543573360441272, 3.673664774747695 ], [ 117.547647507724136, 3.670482123770163 ], [ 117.552028516437076, 3.667737181879274 ], [ 117.556669548439061, 3.665459295735547 ], [ 117.561520985633962, 3.663672818623684 ], [ 117.5665309604464, 3.662396850087285 ], [ 117.571645910347257, 3.661645031732241 ], [ 117.735618494820557, 3.646150089122078 ], [ 117.740339302778366, 3.645928333256936 ], [ 117.745059959698267, 3.646153281435024 ], [ 117.749738290847191, 3.646822923951015 ], [ 117.754332499633961, 3.647931278164177 ], [ 117.758801541023416, 3.649468441947779 ], [ 117.763105488236107, 3.65142068215549 ], [ 117.767205889457401, 3.65377055731443 ], [ 117.771066111369123, 3.656497073448708 ], [ 117.774651666434593, 3.659575871641309 ], [ 117.777930521013062, 3.662979445658643 ], [ 117.784729461376131, 3.670739811285039 ], [ 117.787781844173523, 3.674590187762587 ], [ 117.790441569436055, 3.67872156783328 ], [ 117.792682952260975, 3.683094054859322 ], [ 117.794484347668316, 3.687665423838861 ], [ 117.795828359626057, 3.692391529171811 ], [ 117.796702009043102, 3.697226730972852 ], [ 117.79709685910808, 3.702124335814699 ], [ 117.797009096763432, 3.707037047645404 ], [ 117.796439569528005, 3.711917424525195 ], [ 117.795393777312583, 3.716718336772139 ], [ 117.793881819307387, 3.721393422092349 ], [ 117.791918296454469, 3.725897533299537 ], [ 117.789522170446673, 3.730187174300306 ], [ 117.786716580615135, 3.734220920134873 ], [ 117.783528620473263, 3.737959817016909 ], [ 117.779989076075324, 3.741367758509317 ], [ 117.77613212871627, 3.74441183420322 ], [ 117.771995024843832, 3.747062647532993 ], [ 117.767617716370395, 3.74929459965818 ], [ 117.703278181131196, 3.778210318821444 ], [ 117.702242669172293, 3.778738204975689 ], [ 117.704614456106682, 3.782874660907778 ], [ 117.706602660805657, 3.787280448488025 ], [ 117.708156154477635, 3.791857628792363 ], [ 117.709260418840543, 3.796563425467115 ], [ 117.70990513391574, 3.80135386016546 ], [ 117.710084274474099, 3.806184163550097 ], [ 117.709796166345214, 3.811009193688174 ], [ 117.709043502063437, 3.81578385792833 ], [ 117.707833315704633, 3.820463534317167 ], [ 117.706176917148724, 3.825004488616793 ], [ 117.704089786382482, 3.829364283026152 ], [ 117.70159142883017, 3.833502172786417 ], [ 117.698705193064313, 3.837379486963934 ], [ 117.695458052599975, 3.840959989852102 ], [ 117.691880353811953, 3.844210219614657 ], [ 117.688005532330564, 3.847099801005573 ], [ 117.683869800566782, 3.849601729243014 ], [ 117.524522522493385, 3.935765780224391 ], [ 117.523677204522173, 3.936277727356268 ], [ 117.52379347338065, 3.936272991845475 ], [ 117.528631236590542, 3.936310202159146 ], [ 117.533442757719996, 3.93681478307767 ], [ 117.538182990658655, 3.937782010646373 ], [ 117.542807556705867, 3.939202829550189 ], [ 117.547273160050011, 3.941063937890739 ], [ 117.551537993109747, 3.943347911720501 ], [ 117.555562127942252, 3.946033368168163 ], [ 117.559307890054001, 3.949095165627942 ], [ 117.562740211114431, 3.9525046391387 ], [ 117.56582695727046, 3.956229868749172 ], [ 117.568539229987863, 3.960235978356867 ], [ 117.570851636603336, 3.96448546222284 ], [ 117.572742528053993, 3.968938536105489 ], [ 117.574194201558797, 3.973553509725988 ], [ 117.575193066354444, 3.978287177078315 ], [ 117.575729770933876, 3.983095220929704 ], [ 117.575799290596365, 3.987932627724568 ], [ 117.57540097448944, 3.992754109007476 ], [ 117.574538551702275, 3.997514525419792 ], [ 117.573220096353424, 4.002169309300441 ], [ 117.571457951999847, 4.006674881934368 ], [ 117.569268616074837, 4.010989061542356 ], [ 117.566672585436905, 4.015071458192529 ], [ 117.563694164475294, 4.018883851936353 ], [ 117.56036123756914, 4.022390550628954 ], [ 117.55670500803005, 4.02555872408379 ], [ 117.374037861508981, 4.168975467177214 ], [ 117.373303109040663, 4.169614006818654 ], [ 117.374242420216277, 4.169358490520025 ], [ 117.499060182016251, 4.12862517765769 ], [ 117.503753609871211, 4.127342535232736 ], [ 117.508549482832905, 4.126522145596486 ], [ 117.5134023869835, 4.126171777325763 ], [ 117.518266368355455, 4.126294748188989 ], [ 117.523095368086885, 4.126889893728988 ], [ 117.527843658570163, 4.127951578289673 ], [ 117.532466276463765, 4.129469748382179 ], [ 117.536919448466989, 4.131430027885119 ], [ 117.602942032329011, 4.164416573783643 ], [ 117.607259168651566, 4.166847951823588 ], [ 117.611314468369784, 4.169694670881722 ], [ 117.615068109632389, 4.172928777013603 ], [ 117.618483232785437, 4.176518512247585 ], [ 117.621526302323346, 4.180428626438763 ], [ 117.624167436197666, 4.184620723415041 ], [ 117.626380699250035, 4.18905363801625 ], [ 117.628144357887805, 4.193683840323929 ], [ 117.629441093501512, 4.198465863112324 ], [ 117.630258172528585, 4.203352748323184 ], [ 117.655872476605225, 4.422986386194816 ], [ 117.656063302187249, 4.424126679782277 ], [ 117.657086601845961, 4.423588589011994 ], [ 117.965475180959146, 4.241313576246688 ], [ 117.969674997032541, 4.239093397506384 ], [ 117.974066559998818, 4.237281817145924 ], [ 117.978610226957898, 4.235895188408965 ], [ 117.983264981957902, 4.234946028475589 ], [ 117.987988806248595, 4.234442905468964 ], [ 117.992739057587173, 4.234390361110397 ], [ 117.997472855172248, 4.234788869720936 ], [ 118.0021474667315, 4.235634833939651 ], [ 118.545416589465276, 4.360865449362599 ], [ 118.549871373993966, 4.362111935285696 ], [ 118.554191894473703, 4.363764791945432 ], [ 118.558341169267123, 4.365809871660781 ], [ 118.562283682519961, 4.368229669504554 ], [ 118.56598568816014, 4.371003473137395 ], [ 118.613534136782803, 4.410191755457297 ], [ 118.617206545792214, 4.413538368713027 ], [ 118.620528678057028, 4.417232938435051 ], [ 118.623467728971946, 4.421238982360832 ], [ 118.625994676692713, 4.425516942556097 ], [ 118.628084568714158, 4.430024576032163 ], [ 118.629716768265226, 4.434717371876998 ], [ 118.630875158088159, 4.439548990781041 ], [ 118.631548299589355, 4.444471722617652 ], [ 118.631729545790435, 4.449436957559766 ], [ 118.631417106964349, 4.454395666080717 ], [ 118.63061406830802, 4.459298883099395 ], [ 118.629328359477526, 4.464098191489045 ], [ 118.627572676286036, 4.46874620017524 ], [ 118.625364355338363, 4.473197012102053 ], [ 118.615724257487258, 4.490419973556531 ], [ 118.613149349307022, 4.494537438012454 ], [ 118.610187145142248, 4.49838568594738 ], [ 118.606865588846034, 4.501928415044207 ], [ 118.603216014207661, 4.505132205087486 ], [ 118.5992728493664, 4.507966833231898 ], [ 118.595073292034797, 4.510405559108447 ], [ 118.590656958595275, 4.512425377078826 ], [ 118.586065510380408, 4.514007233258335 ], [ 118.581342260662069, 4.515136205260055 ], [ 118.576531766057172, 4.515801642964686 ], [ 118.571679406204339, 4.515997268988083 ], [ 118.566830955676579, 4.515721237898753 ], [ 118.497807413379704, 4.508415428486441 ], [ 118.496637819545469, 4.50834915861802 ], [ 118.496337193181745, 4.509481397648433 ], [ 118.481910533632217, 4.576943768384193 ], [ 118.480589832013294, 4.581873934409945 ], [ 118.478773396321486, 4.586643772057623 ], [ 118.476480154390543, 4.591203578112035 ], [ 118.473734002525873, 4.595505837953549 ], [ 118.470563556497495, 4.59950572067543 ], [ 118.467001853354631, 4.603161546236064 ], [ 118.463086007169252, 4.606435219778147 ], [ 118.458856822295715, 4.609292628589142 ], [ 118.4543583681765, 4.611703997566519 ], [ 118.27869248015422, 4.694619445103586 ], [ 118.277636123834526, 4.695182055239461 ], [ 118.276870256907287, 4.696101765350632 ], [ 118.137237880462578, 4.881311953093298 ], [ 118.136569613605801, 4.882297188634475 ], [ 118.137505116173074, 4.883033466170787 ], [ 118.356197115887483, 5.038101575968392 ], [ 118.357187289483619, 5.038733723561314 ], [ 118.358158114782384, 5.038072245996578 ], [ 118.484403829350214, 4.942755647376472 ], [ 118.488642992143539, 4.939883574006912 ], [ 118.493153667346149, 4.937460122780851 ], [ 118.497888548247531, 4.935510710182609 ], [ 118.502797976730008, 4.93405578111085 ], [ 118.507830464069286, 4.933110594458156 ], [ 118.512933230933911, 4.932685063079995 ], [ 118.518052760920241, 4.932783649831438 ], [ 118.675010908378454, 4.943864698755964 ], [ 118.679286902942167, 4.944352258068288 ], [ 118.683505130336471, 4.945205722327499 ], [ 118.687634338822178, 4.946418768440991 ], [ 119.146888405121317, 5.103100816570331 ], [ 119.151279225163819, 5.104834270261335 ], [ 119.155486999319393, 5.106974083103633 ], [ 119.159474220899114, 5.109501181522521 ], [ 119.163205349145755, 5.112393039809426 ], [ 119.250582582186141, 5.186977119921162 ], [ 119.254301323567105, 5.190496011438003 ], [ 119.25764072713531, 5.194376735439336 ], [ 119.260565780399801, 5.198578603876792 ], [ 119.263045815189216, 5.203057561613708 ], [ 119.265054829196927, 5.207766648327993 ], [ 119.26657175860619, 5.212656490874856 ], [ 119.267580698937039, 5.217675820947147 ], [ 119.268071071799199, 5.222772012605812 ], [ 119.273312445070218, 5.339928622299837 ], [ 119.273284770679467, 5.344948556142492 ], [ 119.272753868852305, 5.349940414003693 ], [ 119.271725091185658, 5.354853876954522 ], [ 119.270208807964877, 5.359639416302485 ], [ 119.268220303629079, 5.364248792850676 ], [ 119.265779622700961, 5.368635543158558 ], [ 119.262911367734077, 5.372755447902774 ], [ 119.259644451314003, 5.376566977616791 ], [ 119.208752303049025, 5.430237720242117 ], [ 119.20502589856207, 5.433783088131553 ], [ 119.20095498087538, 5.436926868190681 ], [ 119.196582629618675, 5.439635792028636 ], [ 119.19195511427894, 5.441881193028998 ], [ 119.187121404563413, 5.44363930970823 ], [ 119.18213265218786, 5.444891537166571 ], [ 119.177041649574448, 5.445624623970476 ], [ 119.171902271186909, 5.445830812383122 ], [ 119.166768903415431, 5.445507920459025 ], [ 119.161695869044138, 5.444659365134016 ], [ 118.933886385892961, 5.394388153870625 ], [ 118.932645499271544, 5.394180702404134 ], [ 118.931650866273969, 5.394951118472439 ], [ 118.69094730869493, 5.602088356590412 ], [ 118.687188204619531, 5.605023188105961 ], [ 118.683166589774672, 5.607586528409934 ], [ 118.678919051363593, 5.609755057155587 ], [ 118.674484231960733, 5.611509045849517 ], [ 118.669902477955574, 5.612832537334392 ], [ 118.665215472495646, 5.613713490961419 ], [ 118.660465856268317, 5.614143892131826 ], [ 118.655696839571164, 5.6141198252108 ], [ 118.650951809200265, 5.613641509150519 ], [ 118.646273933732701, 5.612713295498207 ], [ 118.641705770794474, 5.611343628807319 ], [ 118.637288879886484, 5.60954496981204 ], [ 118.63306344429121, 5.607333682064016 ], [ 118.629067905499653, 5.604729883062649 ], [ 118.625338613484502, 5.601757261233336 ], [ 118.62190949600118, 5.598442860418715 ], [ 118.618811749925356, 5.594816833843515 ], [ 118.566195721851145, 5.526921151774382 ], [ 118.56552746314847, 5.526141476806101 ], [ 118.565662244597689, 5.527159463402657 ], [ 118.587652873834557, 5.647356104380198 ], [ 118.588282788136183, 5.652040390222687 ], [ 118.588467582116252, 5.656763225924518 ], [ 118.588205604505546, 5.661482409499358 ], [ 118.587499196265384, 5.666155771595299 ], [ 118.586354669669319, 5.670741552308812 ], [ 118.584782251898361, 5.675198774339982 ], [ 118.582795993653747, 5.679487609154621 ], [ 118.580413643603563, 5.683569732881296 ], [ 118.57765648978544, 5.687408668763118 ], [ 118.574549169382436, 5.69097011310421 ], [ 118.571119448571821, 5.69422224179827 ], [ 118.567397974413922, 5.697135994700219 ], [ 118.563418000998325, 5.699685335299812 ], [ 118.384219328295501, 5.802863226043799 ], [ 118.379623448740787, 5.805202535657846 ], [ 118.374811059613975, 5.807056015963681 ], [ 118.369833354106476, 5.808403950024554 ], [ 118.364743284010828, 5.809231998799185 ], [ 118.359594996430602, 5.809531353677489 ], [ 118.354443257774847, 5.809298830184733 ], [ 118.349342871164424, 5.808536901857315 ], [ 118.344348093447863, 5.8072536739298 ], [ 117.961462798830553, 5.68752507321638 ], [ 117.96033400746407, 5.687231763514254 ], [ 117.959923552535969, 5.688323426137245 ], [ 117.92154002412569, 5.807823081251906 ], [ 117.921230601828441, 5.808985262869736 ], [ 117.922374684579097, 5.809356049776448 ], [ 118.06366526042811, 5.847369808309418 ], [ 118.068448028623891, 5.848918310641 ], [ 118.073051126368625, 5.850939256518023 ], [ 118.077428020521737, 5.853412216011812 ], [ 118.081534464655647, 5.85631218974626 ], [ 118.085328946347033, 5.859609861618827 ], [ 118.088773106829748, 5.863271895159736 ], [ 118.091832128767109, 5.867261270533424 ], [ 118.094475088223589, 5.871537658775486 ], [ 118.096675267277746, 5.876057829481897 ], [ 118.098410424116153, 5.880776087829168 ], [ 118.09966301787793, 5.885644736507538 ], [ 118.100420385976975, 5.890614557897488 ], [ 118.100674872109153, 5.895635311615205 ], [ 118.100423903650622, 5.900656242397269 ], [ 118.099670017664749, 5.905626593190297 ], [ 118.098420835254657, 5.910496118258692 ], [ 118.096688984520767, 5.915215591123427 ], [ 118.094491972902247, 5.919737302197075 ], [ 118.042429939514093, 6.014454217690727 ], [ 118.039921689659465, 6.018540278270295 ], [ 118.03703360976705, 6.022367314059018 ], [ 118.033792255394573, 6.025900135909209 ], [ 118.030227430417412, 6.029106259936037 ], [ 118.026371912985425, 6.031956206203043 ], [ 118.022261154131684, 6.03442376978673 ], [ 118.017932951804355, 6.036486261727767 ], [ 118.013427103318989, 6.038124717653334 ], [ 118.008785039426812, 6.039324072152307 ], [ 118.004049443363883, 6.040073297299965 ], [ 117.999263858383614, 6.040365504058466 ], [ 117.994472287381683, 6.04019800562075 ], [ 117.989718788294553, 6.039572342115415 ], [ 117.985047068991889, 6.038494266445412 ], [ 117.980500085387746, 6.036973691390778 ], [ 117.976119646465989, 6.035024598461776 ], [ 117.971946029851551, 6.032664909340541 ], [ 117.775409600632074, 5.908750041900784 ], [ 117.774236662127407, 5.908096590517322 ], [ 117.772916340917703, 5.907852591850529 ], [ 117.469996412911954, 5.868716692818063 ], [ 117.469025694710197, 5.868640186751933 ], [ 117.469866184822308, 5.869131840468148 ], [ 117.63207770747151, 5.953468644966617 ], [ 117.636352667437095, 5.955967640221401 ], [ 117.640359476214272, 5.958877235281537 ], [ 117.644058834605843, 5.962168892536091 ], [ 117.647414458919997, 5.96581032706839 ], [ 117.650393436844482, 5.969765823309847 ], [ 117.652966550254035, 5.973996585341966 ], [ 117.655108561784701, 5.978461117410754 ], [ 117.656798462364662, 5.983115630921386 ], [ 117.658019677273259, 5.987914473921297 ], [ 117.658760228707678, 5.992810578859281 ], [ 117.659012853262439, 5.99775592422893 ], [ 117.658775073169636, 6.002702005568562 ], [ 117.658049220601157, 6.007600311198021 ], [ 117.656842414794454, 6.012402798026291 ], [ 117.60070044463906, 6.1966789931851 ], [ 117.60041873313213, 6.197791685614957 ], [ 117.601436023422707, 6.19832325525458 ], [ 117.694663322922764, 6.24150351782738 ], [ 117.699151676602824, 6.243865914621582 ], [ 117.70337759861394, 6.246670878173281 ], [ 117.707297602127042, 6.24988954401922 ], [ 117.710871348365757, 6.253488790494772 ], [ 117.714062061712468, 6.257431579572261 ], [ 117.716836908147627, 6.261677338000604 ], [ 117.71916733312797, 6.266182374824144 ], [ 117.721029355427049, 6.270900330984206 ], [ 117.722403813913772, 6.275782656376758 ], [ 117.723276564730043, 6.280779109457014 ], [ 117.723638626837982, 6.285838274249793 ], [ 117.726580049292437, 6.427908993255014 ], [ 117.726446289910839, 6.432742172021218 ], [ 117.72584633131865, 6.437539833768976 ], [ 117.724785783730709, 6.442257115546862 ], [ 117.723274564331149, 6.446849906036821 ], [ 117.721326804537753, 6.45127525803926 ], [ 117.718960717859019, 6.455491790072454 ], [ 117.716198429579563, 6.459460073330926 ], [ 117.713065769866574, 6.463143000384343 ], [ 117.709592032231711, 6.466506132169217 ], [ 117.568511317635767, 6.590456465460259 ], [ 117.564610703027967, 6.593553271459594 ], [ 117.560421351696746, 6.596246659129386 ], [ 117.555984830388908, 6.598509904675326 ], [ 117.5513451582719, 6.600320552173556 ], [ 117.546548370175657, 6.601660636378353 ], [ 117.54164205983497, 6.60251686097332 ], [ 117.536674907664406, 6.602880730497436 ], [ 117.531696197751202, 6.602748634637033 ], [ 117.526755328858542, 6.602121884047329 ], [ 117.521901324290965, 6.601006697348106 ], [ 117.517182345485125, 6.599414139422558 ], [ 117.512645214151988, 6.597360011631517 ], [ 117.508334947711731, 6.594864695032334 ], [ 117.504294312630947, 6.591952948158021 ], [ 117.500563400093668, 6.588653661363064 ], [ 117.459382652314019, 6.548408839470161 ], [ 117.458496855011362, 6.547624186097764 ], [ 117.45743163436552, 6.548139572120212 ], [ 117.29694210922807, 6.635734079620422 ], [ 117.295959166294523, 6.636332242791054 ], [ 117.295756680883358, 6.637464927940424 ], [ 117.25961246148448, 6.914296795743542 ], [ 117.258729782287574, 6.919165896208004 ], [ 117.257370125309166, 6.923923899444525 ], [ 117.255546808259865, 6.928524201264561 ], [ 117.253277690356526, 6.932921742149921 ], [ 117.250584997392892, 6.937073448606459 ], [ 117.247495104040084, 6.940938655064847 ], [ 117.244038275509226, 6.944479502195948 ], [ 117.240248371106517, 6.94766130773935 ], [ 117.236162512584642, 6.950452906212792 ], [ 117.176118799517255, 6.987256116063421 ], [ 117.171768240856522, 6.989634407145147 ], [ 117.167203522478516, 6.99157011767604 ], [ 117.162469531320724, 6.993044212940181 ], [ 117.157612818856308, 6.994042197493062 ], [ 117.152681143332458, 6.99455425770183 ], [ 117.147723000142022, 6.994575358247181 ], [ 117.14278714494634, 6.994105291637921 ], [ 117.137922114238847, 6.993148680251327 ], [ 117.133175748063778, 6.991714930879218 ], [ 117.128594719583432, 6.989818142226725 ], [ 117.124224076119916, 6.987476966273357 ], [ 117.048152461554636, 6.941735740517131 ], [ 117.044101452360422, 6.939022514525217 ], [ 117.040333965356652, 6.935927629640251 ], [ 117.036885825231792, 6.932480514838836 ], [ 117.033789820034144, 6.928713948419551 ], [ 117.031075389393237, 6.924663746317121 ], [ 117.028768344581167, 6.920368421531974 ], [ 117.026890623075516, 6.915868817913653 ], [ 117.025460079957924, 6.911207721780395 ], [ 116.974103359450197, 6.709243916854252 ], [ 116.973756581830273, 6.708111795497666 ], [ 116.972778294960861, 6.707444781041739 ], [ 116.784986293655521, 6.592258174252862 ], [ 116.784041131221599, 6.591740114897946 ], [ 116.784328771440784, 6.592778854820101 ], [ 116.85257349538989, 6.799445885225559 ], [ 116.853818482852233, 6.803897544929632 ], [ 116.854647036198159, 6.808445156088824 ], [ 116.85505207385917, 6.813049850692749 ], [ 116.855030134015962, 6.817672272844127 ], [ 116.854581404186348, 6.822272915129968 ], [ 116.853709719622515, 6.826812456287776 ], [ 116.852422530531499, 6.831252097280722 ], [ 116.850730838398974, 6.83555389290941 ], [ 116.809210888834002, 6.928299991042087 ], [ 116.806986046989294, 6.932679272451063 ], [ 116.804342237560846, 6.936819115274038 ], [ 116.801304976510622, 6.940679565015429 ], [ 116.797903577085179, 6.944223363661163 ], [ 116.794170866907223, 6.947416309263631 ], [ 116.790142871149371, 6.950227586031886 ], [ 116.785858464847635, 6.952630061741341 ], [ 116.781358997710171, 6.954600549592585 ], [ 116.776687895042656, 6.956120031992071 ], [ 116.771890238641362, 6.95717384409492 ], [ 116.767012331699377, 6.957751815338429 ], [ 116.762101251924662, 6.957848367600316 ], [ 116.757204397183145, 6.957462569034351 ], [ 116.752369028052001, 6.956598143063805 ], [ 116.747641811697804, 6.955263432445904 ], [ 116.743068371481883, 6.953471318754119 ], [ 116.738692846639637, 6.951239098055392 ], [ 116.734557466283491, 6.948588313982144 ], [ 116.730702141840837, 6.945544549810136 ], [ 116.727164081860394, 6.942137181548888 ], [ 116.723977432904718, 6.938399094427616 ], [ 116.721172949994482, 6.934366365512957 ], [ 116.718777699785321, 6.93007791552159 ], [ 116.503687444093686, 6.49619929147369 ], [ 116.503142974152496, 6.495215601216612 ], [ 116.502354443918193, 6.494414156203752 ], [ 116.117924442953921, 6.137550331312525 ], [ 116.114266797968881, 6.133778283418028 ], [ 116.111025183134672, 6.129643232581391 ], [ 116.108235394582351, 6.125190840865889 ], [ 116.105928239067737, 6.120470274630119 ], [ 116.104129193782086, 6.115533661599391 ], [ 116.102858125015558, 6.110435515235693 ], [ 116.051028887709037, 5.843492008137059 ], [ 116.050737201569959, 5.842307796016139 ], [ 116.049753908204508, 5.841586288352566 ], [ 115.943663498444266, 5.771578118444022 ], [ 115.939612340270202, 5.768602045177151 ], [ 115.935880481034019, 5.765234238579021 ], [ 115.932505640718858, 5.76150873894967 ], [ 115.929521930718479, 5.75746320199215 ], [ 115.926959509054313, 5.753138518205316 ], [ 115.924844275551592, 5.748578399580754 ], [ 115.849122635166836, 5.5611898755425 ], [ 115.848597794730409, 5.560060950709969 ], [ 115.847381468336906, 5.559795472149996 ], [ 115.606016979321737, 5.519917160476628 ], [ 115.604872461775642, 5.519784308739426 ], [ 115.604675795628054, 5.52058480832214 ], [ 115.604077354012105, 5.523644690658164 ], [ 115.602686824208718, 5.528298893068776 ], [ 115.600851235622343, 5.532796202014652 ], [ 115.598587912665252, 5.537094171582366 ], [ 115.595918216736337, 5.541152237237348 ], [ 115.592867344610724, 5.544932098674786 ], [ 115.589464090630912, 5.548398081300543 ], [ 115.585740574943785, 5.551517472930455 ], [ 115.581731940348376, 5.554260832530193 ], [ 115.577476020615705, 5.556602268081781 ], [ 115.573012983411118, 5.558519680954253 ], [ 115.56838495118896, 5.559994974472072 ], [ 115.563635603637991, 5.561014224712801 ], [ 115.558809765429473, 5.561567811922049 ], [ 115.553952983158766, 5.56165051130538 ], [ 115.549111095473449, 5.561261542340283 ], [ 115.544329800444956, 5.560404576142801 ], [ 115.539654224267053, 5.559087700819281 ], [ 115.535128495351657, 5.557323345130267 ], [ 115.530795327841815, 5.555128161186995 ], [ 115.526695618472743, 5.552522867287616 ], [ 115.522868060585481, 5.54953205237646 ], [ 115.519348778936589, 5.546183943971879 ], [ 115.401563810520869, 5.422685862820139 ], [ 115.398244895779186, 5.418831062697214 ], [ 115.395334813986452, 5.41465900049612 ], [ 115.392863684115596, 5.410212856525029 ], [ 115.390857082043567, 5.405538647803248 ], [ 115.389335775844188, 5.400684751790973 ], [ 115.376275763329204, 5.350135506892872 ], [ 115.375296942413229, 5.345419568867822 ], [ 115.37477641694835, 5.340631331709736 ], [ 115.374719017028141, 5.335815226738826 ], [ 115.37512527528169, 5.331015943868116 ], [ 115.37599142193109, 5.326278016913909 ], [ 115.377309419772288, 5.321645410354717 ], [ 115.379067038754386, 5.317161111373223 ], [ 115.381247969465548, 5.312866730966835 ], [ 115.383831974472329, 5.308802117828223 ], [ 115.3867950761082, 5.305004988578753 ], [ 115.390109778968636, 5.301510577785971 ], [ 115.393745325048258, 5.29835131101272 ], [ 115.397667979152544, 5.295556503931764 ], [ 115.401841341935594, 5.293152090297895 ], [ 115.406226687659299, 5.291160381301758 ], [ 115.604062315421686, 5.212569524016586 ], [ 115.605159322912726, 5.212068260062543 ], [ 115.604836424298568, 5.21090618111853 ], [ 115.557340317221261, 5.068297716301077 ], [ 115.556931824332452, 5.067236704069801 ], [ 115.556094653794361, 5.066467445410254 ], [ 115.371243280255186, 4.911672550930289 ], [ 115.370276947533455, 4.910941838044486 ], [ 115.369102237674994, 4.911238143627979 ], [ 115.238885570354185, 4.951059754367099 ], [ 115.23418301110739, 4.952251738003286 ], [ 115.22938707002028, 4.952982379876997 ], [ 115.224542895868282, 4.953244801758231 ], [ 115.219696091490732, 4.953036533219107 ], [ 115.214892284487789, 4.95235953489036 ], [ 115.210176697684261, 4.95122018000405 ], [ 115.205593723403908, 4.949629194396244 ], [ 115.201186505562134, 4.94760155553447 ], [ 115.196996533511069, 4.945156351520505 ], [ 115.193063251460657, 4.942316601395841 ], [ 115.18942368715264, 4.939109038441449 ], [ 115.048998387463328, 4.802691871238131 ], [ 115.048112904486743, 4.801913386985583 ], [ 115.047353021895319, 4.80281488367462 ], [ 114.982445366347363, 4.888085725928435 ], [ 114.981768334714047, 4.889072338514213 ], [ 114.982215265940496, 4.890182306399231 ], [ 114.988874393356951, 4.904625846851315 ], [ 114.990707198691339, 4.909175867617142 ], [ 114.992085337872197, 4.913883584341987 ], [ 114.99299554666031, 4.918703686449332 ], [ 114.993429064527518, 4.923589781681929 ], [ 114.993381718974575, 4.928494842615476 ], [ 114.992853965690387, 4.933371659285624 ], [ 114.991850884166141, 4.938173293571874 ], [ 114.990382128806445, 4.942853530965062 ], [ 114.988461836008227, 4.947367325370249 ], [ 114.986108488101408, 4.951671232663939 ], [ 114.983344735461259, 4.95572382883272 ], [ 114.980197178504213, 4.959486108668857 ], [ 114.976696111665731, 4.962921861185507 ], [ 114.972875231823963, 4.965998018138252 ], [ 114.968771313975893, 4.96868497229855 ], [ 114.964423857287386, 4.970956862415778 ], [ 114.959874704923706, 4.972791822125197 ], [ 114.955167641319704, 4.974172190406152 ], [ 114.950347970765776, 4.975084681564903 ], [ 114.945462081365577, 4.975520513106052 ], [ 114.940556998562329, 4.975475490261828 ], [ 114.935679932530874, 4.97495004636566 ], [ 114.930877823791747, 4.97394923868145 ], [ 114.926196891420602, 4.972482699728701 ], [ 114.921682188201359, 4.970564544571957 ], [ 114.917377167004616, 4.968213234966905 ], [ 114.327767857140657, 4.607550060252408 ], [ 114.326651338296912, 4.606943656424138 ], [ 114.325385477670736, 4.606834400731087 ], [ 114.019926447286338, 4.59624146996992 ], [ 114.015125383065467, 4.595842743647662 ], [ 114.010384978029521, 4.594983813832021 ], [ 114.00574924058256, 4.593672654552662 ], [ 114.001261207428229, 4.591921438192936 ], [ 113.996962544030737, 4.589746422485373 ], [ 113.992893157806094, 4.587167799580086 ], [ 113.989090827634342, 4.584209508587312 ], [ 113.985590853132535, 4.580899013334369 ], [ 113.982425726944456, 4.577267047400267 ], [ 113.979624833089176, 4.573347328794993 ], [ 113.977214174169376, 4.569176246932291 ], [ 113.975216129971358, 4.564792524801984 ], [ 113.97364924969834, 4.560236859478122 ], [ 113.972528079765596, 4.555551544300366 ], [ 113.971863028756147, 4.550780076236149 ], [ 113.946898636846271, 4.275052909763377 ], [ 113.946730851396822, 4.273856931419397 ], [ 113.94592688950344, 4.272955731424737 ], [ 113.436941498913839, 3.755888641865763 ], [ 113.434367272704506, 3.753065464256495 ], [ 113.432016128732215, 3.750053970538778 ], [ 113.008567257232897, 3.162720689091347 ], [ 113.007785362460623, 3.161744933707721 ], [ 113.006585282670201, 3.161393840415384 ], [ 111.678318469175565, 2.845159069051707 ], [ 111.674059486342372, 2.843943437245576 ], [ 111.669924789734154, 2.842355678000772 ], [ 111.665946822984594, 2.840408249953124 ], [ 111.662156799918577, 2.838116433943808 ], [ 111.46530910295327, 2.706836653713969 ], [ 111.461160037551295, 2.703748014266513 ], [ 111.457352263465665, 2.700247258082606 ], [ 111.453926530637688, 2.696371849467041 ], [ 111.450919500489078, 2.692163262170618 ], [ 111.448363353579708, 2.687666535547391 ], [ 111.446285445218521, 2.682929792553643 ], [ 111.44470801271315, 2.678003724746834 ], [ 111.443647937391233, 2.672941049795966 ], [ 111.428502368833918, 2.575795231695858 ], [ 111.42798796686165, 2.570962416228452 ], [ 111.427945200613848, 2.566102489708523 ], [ 111.428374474158247, 2.561261370111244 ], [ 111.429271731595662, 2.556484797718613 ], [ 111.430628495381328, 2.551817902952179 ], [ 111.432431946423108, 2.547304779967925 ], [ 111.434665045199949, 2.542988070042076 ], [ 111.437306692756195, 2.538908558684124 ], [ 111.440331930050505, 2.535104790283682 ], [ 111.443712173776021, 2.531612703932065 ], [ 111.447415486423651, 2.528465293859484 ], [ 111.451406878036735, 2.525692297696125 ], [ 111.455648636806231, 2.523319915502523 ], [ 111.520163456466662, 2.491249273317667 ], [ 111.521060418028654, 2.490747676262162 ], [ 111.520038540941911, 2.490638557660396 ], [ 111.490148364535202, 2.488908512646043 ], [ 111.485213082935473, 2.488376040576297 ], [ 111.480354920765222, 2.487356829459152 ], [ 111.475621761102644, 2.485860924855849 ], [ 111.471060254974617, 2.483903070719873 ], [ 111.466715361554378, 2.481502564077415 ], [ 111.462629905034291, 2.478683064831785 ], [ 111.458844152541502, 2.475472362566382 ], [ 111.455395417256639, 2.471902102644651 ], [ 111.452317690647163, 2.468007474306668 ], [ 111.449641307440203, 2.46382686383651 ], [ 111.447392646637084, 2.459401476218886 ], [ 111.445593871516266, 2.454774929014064 ], [ 111.444262711187392, 2.449992822453924 ], [ 111.443412285849377, 2.445102289996392 ], [ 111.443050977474968, 2.440151533768067 ], [ 111.44318234719627, 2.435189349473823 ], [ 111.443805100205381, 2.430264645455981 ], [ 111.444913098516395, 2.425425960643296 ], [ 111.446495421462615, 2.420720986140967 ], [ 111.448536473333036, 2.416196095176976 ], [ 111.451016137086896, 2.411895886037703 ], [ 111.492740767000484, 2.347188320788279 ], [ 111.493315857971879, 2.346190132939659 ], [ 111.492168727515093, 2.34608430136635 ], [ 111.366794167699823, 2.340820483703949 ], [ 111.365504289645145, 2.340833738394343 ], [ 111.364330785745707, 2.341369321889994 ], [ 111.284180753596956, 2.383136695166097 ], [ 111.279828031853128, 2.385145802229966 ], [ 111.275302904774748, 2.38672881287354 ], [ 111.270646972213001, 2.387871174354742 ], [ 111.265903036524264, 2.388562384854105 ], [ 111.261114709084623, 2.388796090018825 ], [ 111.256326009367029, 2.388570141378837 ], [ 111.251580960266807, 2.387886616097861 ], [ 111.246923183395708, 2.386751797877879 ], [ 111.242395498065008, 2.385176119192562 ], [ 111.238039527644119, 2.383174065380715 ], [ 111.233895316913703, 2.380764041481412 ], [ 111.230000963930877, 2.377968203035013 ], [ 111.226392269790665, 2.374812252405534 ], [ 111.223102409503809, 2.371325202496775 ], [ 111.220161627016154, 2.367539110034408 ], [ 111.217596957173782, 2.363488780865953 ], [ 111.215431977189425, 2.359211449987874 ], [ 111.213686589895346, 2.354746439241311 ], [ 111.212376840775022, 2.35013479582328 ], [ 111.211514770455736, 2.345418914936547 ], [ 111.193004228342616, 2.206901825504811 ], [ 111.19259156236815, 2.201948839627123 ], [ 111.192672668051912, 2.196979354323882 ], [ 111.193246743993086, 2.192042472805675 ], [ 111.194308117778931, 2.187186976126881 ], [ 111.195846302033516, 2.182460841182762 ], [ 111.19784609804293, 2.177910766652409 ], [ 111.200287745932954, 2.173581711571656 ], [ 111.203147119915258, 2.169516451095332 ], [ 111.206395966673014, 2.165755153838307 ], [ 111.210002184530325, 2.162334984971622 ], [ 111.213930140647179, 2.15928973899548 ], [ 111.218141023105488, 2.156649505817654 ], [ 111.222593224407632, 2.15444037343676 ], [ 111.227242752597718, 2.152684170168186 ], [ 111.232043665943806, 2.151398248959705 ], [ 111.236948526885527, 2.150595315927953 ], [ 111.241908870762046, 2.150283304809997 ], [ 111.246875684688717, 2.150465298570508 ], [ 111.376724428122955, 2.161705364769087 ], [ 111.377712403817043, 2.161742471269839 ], [ 111.376866221908529, 2.161231150390041 ], [ 111.222441038504726, 2.077918982533024 ], [ 111.218054168669639, 2.075252837627779 ], [ 111.213963793099097, 2.072150937678104 ], [ 111.210213029187457, 2.068645980376664 ], [ 111.206841414420651, 2.064774912117126 ], [ 111.203884489604363, 2.060578538535485 ], [ 111.201373424221998, 2.056101094370423 ], [ 111.199334687871342, 2.051389777176863 ], [ 111.108232684059516, 1.807168923405142 ], [ 111.106702637747006, 1.802330460723842 ], [ 111.105670906151872, 1.797361829850819 ], [ 111.105148116837043, 1.792314211187622 ], [ 111.105139654901095, 1.787239598765732 ], [ 111.105645607507938, 1.78219026467138 ], [ 111.106660762988966, 1.777218220606199 ], [ 111.108174664526885, 1.772374682130021 ], [ 111.110171717868369, 1.767709541104497 ], [ 111.112631351955812, 1.763270851771743 ], [ 111.115528230823713, 1.759104335761761 ], [ 111.118832514577065, 1.755252911127408 ], [ 111.122510166763234, 1.751756250258191 ], [ 111.266487121101974, 1.628152103342643 ], [ 111.267198124019103, 1.627477826442847 ], [ 111.266259011337567, 1.627757543901915 ], [ 111.127555780017943, 1.676661428001905 ], [ 111.12278549651343, 1.67808068693977 ], [ 111.117897748727998, 1.679018675336346 ], [ 111.112940964272454, 1.679466099639874 ], [ 111.107964254770195, 1.679418526788137 ], [ 111.103016929261173, 1.678876428131058 ], [ 111.098148005649946, 1.677845174760589 ], [ 111.093405725038124, 1.67633498429414 ], [ 111.088837073753581, 1.674360819638836 ], [ 111.084487317811636, 1.671942240739625 ], [ 111.080399554421319, 1.669103210780122 ], [ 111.076614284979854, 1.665871858756339 ], [ 111.073169013786426, 1.662280200775705 ], [ 111.027291714202477, 1.609421572994206 ], [ 111.024284919759594, 1.605596023448074 ], [ 111.021664206200313, 1.601496328021357 ], [ 111.019454392355186, 1.597161311882799 ], [ 111.017676405728949, 1.592632028748728 ], [ 111.016347084311647, 1.587951372093819 ], [ 111.015479017118551, 1.583163668938869 ], [ 111.015080424968943, 1.578314260062528 ], [ 111.015155082632873, 1.573449070612479 ], [ 111.015702283083087, 1.568614175182488 ], [ 111.016716844190753, 1.563855361474173 ], [ 111.018189157801601, 1.559217696675703 ], [ 111.020105280727549, 1.554745100663952 ], [ 111.055851488644933, 1.481389370789961 ], [ 111.058221942242341, 1.4770775822127 ], [ 111.061004720422332, 1.47301966198265 ], [ 111.064172874125433, 1.469254907926134 ], [ 111.067695722227569, 1.465819778781295 ], [ 111.07153914866312, 1.462747541123344 ], [ 111.075665932812669, 1.460067947203451 ], [ 111.080036109955955, 1.457806946821146 ], [ 111.084607358299394, 1.455986436020541 ], [ 111.382378514758898, 1.354067317610235 ], [ 111.383212712264239, 1.353734586138394 ], [ 111.382314865127739, 1.353756178489643 ], [ 111.143057203399167, 1.371444645126902 ], [ 111.141951600049978, 1.37157649036784 ], [ 111.140965049904835, 1.37208786312103 ], [ 110.846898308561578, 1.54153318316498 ], [ 110.842494241393425, 1.543788319145905 ], [ 110.837888848623507, 1.545597131836275 ], [ 110.833127228921427, 1.54694190829607 ], [ 110.828256010821264, 1.547809479696426 ], [ 110.823322896107996, 1.548191350276416 ], [ 110.81837619269406, 1.548083780538459 ], [ 110.813464341560262, 1.547487823867646 ], [ 110.808635442393751, 1.546409316216376 ], [ 110.803936782568059, 1.544858818955344 ], [ 110.799414374077728, 1.542851515450483 ], [ 110.795112502962297, 1.540407062378669 ], [ 110.79107329563179, 1.537549397238168 ], [ 110.787336306340521, 1.534306503938811 ], [ 110.783938129848977, 1.530710138767365 ], [ 110.780912043066763, 1.5267955194116 ], [ 110.778287679185809, 1.522600980088331 ], [ 110.77609073749511, 1.518167596152588 ], [ 110.774342731718306, 1.513538781863989 ], [ 110.763826325346884, 1.480886343739383 ], [ 110.763388197625204, 1.479730053853916 ], [ 110.762248722360937, 1.479249888963691 ], [ 110.679072210865485, 1.449057843623655 ], [ 110.678017094501215, 1.44873301115878 ], [ 110.678456629455582, 1.449745728146 ], [ 110.700024037729719, 1.493383784257496 ], [ 110.701969499141484, 1.4978571673442 ], [ 110.703469788028357, 1.502498838336524 ], [ 110.704510624054819, 1.507264615997213 ], [ 110.705082100137062, 1.512109137793273 ], [ 110.705178776742557, 1.516986291674281 ], [ 110.704799733665624, 1.521849654984882 ], [ 110.703948578786282, 1.526652936333759 ], [ 110.702633413729103, 1.531350416213168 ], [ 110.700866756748724, 1.535897382175073 ], [ 110.698665423576202, 1.540250554421686 ], [ 110.696050367360414, 1.544368497759482 ], [ 110.693046479227675, 1.548212015995561 ], [ 110.689682351358371, 1.551744525022311 ], [ 110.685990004835389, 1.554932401039236 ], [ 110.682004584854923, 1.55774530059742 ], [ 110.677764026200819, 1.560156449420325 ], [ 110.673308692166444, 1.562142897251808 ], [ 110.668680990361111, 1.563685736305624 ], [ 110.466745742858421, 1.620226347023032 ], [ 110.46565835332882, 1.620588066421271 ], [ 110.465986661381152, 1.621686005734283 ], [ 110.473182837133805, 1.642114305449308 ], [ 110.474580382092455, 1.646801692034847 ], [ 110.475513241324691, 1.651603202064682 ], [ 110.475972487470287, 1.656472885616157 ], [ 110.475953725594167, 1.661364140353519 ], [ 110.475457135245435, 1.666230157507136 ], [ 110.474487468739085, 1.67102436982828 ], [ 110.473054005676872, 1.675700897232565 ], [ 110.471170464142574, 1.680214985867311 ], [ 110.468854869421435, 1.68452343640099 ], [ 110.466129381500124, 1.688585017436072 ], [ 110.463020082998156, 1.692360860088966 ], [ 110.459556729560063, 1.695814829960957 ], [ 110.455772465097155, 1.698913872940425 ], [ 110.451703504603955, 1.701628331527058 ], [ 110.447388787584657, 1.703932228650867 ], [ 110.442869605406358, 1.705803516269885 ], [ 110.438189206145239, 1.707224286367504 ], [ 110.433392380707232, 1.708180942330223 ], [ 110.428525034183949, 1.708664329065745 ], [ 110.423633746546059, 1.7086698206162 ], [ 110.418765326878031, 1.708197364428053 ], [ 110.413966365420393, 1.70725148185504 ], [ 110.40928278770626, 1.705841224889306 ], [ 110.391309606148937, 1.699455035564035 ], [ 110.390173300017409, 1.699113376909206 ], [ 110.389522709010734, 1.700105674043575 ], [ 110.387416975342646, 1.703691340990398 ], [ 110.384772969787122, 1.707732967122119 ], [ 110.381751361664016, 1.711500644326527 ], [ 110.378380343190102, 1.714959219410968 ], [ 110.374691366651589, 1.718076423168275 ], [ 110.370718850947981, 1.720823171455018 ], [ 110.366499860456656, 1.723173836552456 ], [ 110.362073759214795, 1.725106486278361 ], [ 110.357481843644891, 1.726603088618719 ], [ 110.352766957250779, 1.727649679970084 ], [ 110.34797309087898, 1.72823649542283 ], [ 110.343144972275269, 1.728358059869738 ], [ 110.338327648765684, 1.728013239089856 ], [ 110.333566066955839, 1.727205250331014 ], [ 110.328904653370003, 1.725941632292245 ], [ 110.324386899942539, 1.724234174786196 ], [ 110.320054958229463, 1.722098808737786 ], [ 110.31594924612574, 1.71955545754544 ], [ 110.312108070758228, 1.716627851191743 ], [ 110.308567271072334, 1.713343304837888 ], [ 110.305359883447451, 1.709732463967682 ], [ 110.302515833460788, 1.705829018458962 ], [ 110.300061656675666, 1.701669388250202 ], [ 110.298020251059384, 1.6972923835351 ], [ 110.296410663340467, 1.692738842655594 ], [ 110.291123318491771, 1.675114359963663 ], [ 110.290742238472347, 1.674033444073163 ], [ 110.289596118903617, 1.674036772322135 ], [ 109.929006302268064, 1.69222388493829 ], [ 109.927767778546453, 1.69234927828323 ], [ 109.926744562718596, 1.693058287358862 ], [ 109.69402182520632, 1.872361311846886 ], [ 109.693098066079244, 1.873148599991117 ], [ 109.692770950736701, 1.874317423801678 ], [ 109.659230406782228, 2.021850107027455 ], [ 109.657880976338291, 2.026660018165621 ], [ 109.656058311607183, 2.0313112654132 ], [ 109.653780607308761, 2.035757417773281 ], [ 109.651070600587616, 2.039954091605193 ], [ 109.647955344039971, 2.043859393683449 ], [ 109.644465935661572, 2.047434339396164 ], [ 109.640637208412485, 2.050643241908275 ], [ 109.636507382497669, 2.053454068404777 ], [ 109.632117683834409, 2.055838759857749 ], [ 109.627511932515304, 2.05777351112513 ], [ 109.622736105374926, 2.059239008585145 ], [ 109.617837877026858, 2.060220622934207 ], [ 109.612866143952672, 2.060708555223693 ], [ 109.607870536393619, 2.060697934677784 ], [ 109.602900922917584, 2.060188867315898 ], [ 109.598006912606976, 2.059186434894359 ], [ 109.593237359836863, 2.057700644177845 ], [ 109.588639876587052, 2.055746327047033 ], [ 109.361127558656165, 1.945306408181401 ], [ 109.357022263501918, 1.943070696315378 ], [ 109.353143702545097, 1.940461362922433 ], [ 109.349525777287653, 1.937501215513433 ], [ 109.346200111082112, 1.934216127974173 ], [ 109.343195772719852, 1.930634814408397 ], [ 109.340539022348409, 1.926788578155225 ], [ 109.338253081938248, 1.922711038174727 ], [ 109.336357932305489, 1.918437835193256 ], [ 109.334870138464794, 1.914006320177042 ], [ 109.272579414175567, 1.6950304660648 ], [ 109.272170405021569, 1.69383086154947 ], [ 109.271224025515636, 1.692987828150274 ], [ 109.085653336439378, 1.5440688665193 ], [ 109.08175568720381, 1.540591178638575 ], [ 109.078242133101455, 1.536725829995939 ], [ 109.075151022442711, 1.53251500852565 ], [ 109.072516092824173, 1.528004672788187 ], [ 109.070366102903293, 1.523244050360457 ], [ 109.068724518515069, 1.518285100546676 ], [ 109.020121122375286, 1.340889511231835 ], [ 109.019074806286866, 1.336195243541378 ], [ 109.018484346182362, 1.331422164517146 ], [ 109.018355205217517, 1.326614436455186 ], [ 109.018688578252394, 1.321816542237283 ], [ 109.019481380796108, 1.317072873758854 ], [ 109.02072627754572, 1.312427321198677 ], [ 109.022411750255131, 1.307922866930692 ], [ 109.024522204306209, 1.303601187835151 ], [ 109.027038112995939, 1.29950226968867 ], [ 109.029936198204695, 1.29566403720101 ], [ 109.033189645774101, 1.292122003121607 ], [ 109.036768353601516, 1.28890893966245 ], [ 109.040639210155845, 1.286054575277433 ], [ 109.044766400837673, 1.28358531960368 ], [ 109.049111739349286, 1.281524019109799 ], [ 109.053635021008375, 1.279889745711883 ], [ 109.058294394736677, 1.278697620313073 ], [ 109.0630467502817, 1.277958672899366 ], [ 109.067848117088715, 1.277679740486088 ], [ 109.07265407113259, 1.277863403859301 ], [ 109.077420145945439, 1.278507963697409 ], [ 109.082102244036761, 1.279607456293915 ], [ 109.086657044899823, 1.28115170873584 ], [ 109.091042405829029, 1.283126433027288 ], [ 109.095217751839812, 1.285513358287276 ], [ 109.265332839704328, 1.393938901894653 ], [ 109.266134571946623, 1.394396186937842 ], [ 109.26556861352077, 1.393667094858994 ], [ 109.143621262573106, 1.251555853126572 ], [ 109.14279820972132, 1.250685721683678 ], [ 109.141707465306226, 1.250190927438436 ], [ 108.965861154179734, 1.180474578837634 ], [ 108.961435819376547, 1.178466040045395 ], [ 108.957226379847683, 1.176037370645671 ], [ 108.953272602700793, 1.173211514585457 ], [ 108.949611839768664, 1.170015168084368 ], [ 108.94627867474172, 1.166478527432075 ], [ 108.943304596451554, 1.162635003720133 ], [ 108.940717701391947, 1.158520907203181 ], [ 108.93854242828769, 1.154175104271363 ], [ 108.936799327218949, 1.149638650274635 ], [ 108.935504865481974, 1.144954401667676 ], [ 108.934671272020537, 1.140166611139538 ], [ 108.934306421897489, 1.135320509552903 ], [ 108.934413761898085, 1.130461878642394 ], [ 108.934992277967766, 1.125636618508744 ], [ 108.936036504792057, 1.120890313994735 ], [ 108.98049014538249, 0.957199711659449 ], [ 108.980742110490866, 0.956057666844227 ], [ 108.979950581382141, 0.955196717109348 ], [ 108.873182954438732, 0.849711688404395 ], [ 108.869723897032586, 0.845924346731272 ], [ 108.866671052285668, 0.841802554155325 ], [ 108.864056547157773, 0.837389686830759 ], [ 108.861907895691786, 0.832732184070085 ], [ 108.860247709466421, 0.827879059634726 ], [ 108.859093459640732, 0.822881385933103 ], [ 108.858457293094403, 0.817791756554326 ], [ 108.858345904598622, 0.81266373279356 ], [ 108.858760466362924, 0.807551279993625 ], [ 108.918415683216182, 0.359024180044908 ], [ 108.919359827965806, 0.353947734635024 ], [ 108.920822483156684, 0.348995730283211 ], [ 108.922788050034981, 0.344220978545716 ], [ 108.925235566453182, 0.339674400635855 ], [ 108.928138930424723, 0.335404484365422 ], [ 108.931467178493449, 0.33145676703755 ], [ 108.935184815949015, 0.327873349805808 ], [ 109.299525276952522, 0.0113017984106 ], [ 109.30030920995236, 0.010548887375856 ], [ 109.299222428196103, 0.01056709146052 ], [ 109.226030812139172, 0.015449290557504 ], [ 109.221042095619993, 0.015532564159045 ], [ 109.216069917773481, 0.015118227986259 ], [ 109.211163790009238, 0.014210407870643 ], [ 109.206372566030566, 0.012818143604209 ], [ 109.201743955364392, 0.010955298924037 ], [ 109.197324048284585, 0.00864042346146 ], [ 109.19315685685919, 0.005896568030577 ], [ 109.18928387669196, 0.002751055095369 ], [ 109.185743673721831, -0.000764793298944 ], [ 109.182571500195394, -0.004615967421152 ], [ 109.179798943635774, -0.008764118470125 ], [ 109.177453612303907, -0.013167940440325 ], [ 109.175558860284042, -0.017783581434231 ], [ 109.174133554930933, -0.022565080325979 ], [ 109.173191888994566, -0.027464824428042 ], [ 109.172743239293183, -0.032434023603651 ], [ 109.172792073341796, -0.037423196103887 ], [ 109.173337904866031, -0.042382661291642 ], [ 109.17437529864435, -0.047263034346043 ], [ 109.224465330180578, -0.236040962484059 ], [ 109.224708582263474, -0.237182983076584 ], [ 109.223546519093489, -0.237296964646635 ], [ 109.111882468931114, -0.24269185489661 ], [ 109.107062525329269, -0.24315950267714 ], [ 109.102310427062633, -0.244091228407035 ], [ 109.097670749859859, -0.245478292293682 ], [ 109.093187014915273, -0.247307683372243 ], [ 109.088901280650461, -0.24956224155137 ], [ 109.084853748197034, -0.252220818578644 ], [ 109.081082384301084, -0.255258476415842 ], [ 109.077622565186815, -0.258646721163229 ], [ 109.07450674471977, -0.262353770338614 ], [ 109.071764149982371, -0.266344851004038 ], [ 109.069420507117442, -0.27058252594359 ], [ 109.067497800011424, -0.275027044832739 ], [ 109.06601406408052, -0.279636717105141 ], [ 109.064983217094664, -0.284368303019328 ], [ 109.064414928625681, -0.289177419257018 ], [ 109.064314529344628, -0.29401895524841 ], [ 109.064682961018846, -0.298847496319273 ], [ 109.065516767678076, -0.303617749690593 ], [ 109.066808128032179, -0.30828496933482 ], [ 109.130915093296821, -0.502789419678203 ], [ 109.13270474430584, -0.507429269597815 ], [ 109.134946454864135, -0.511868390207063 ], [ 109.137618049022151, -0.516062867846224 ], [ 109.140693098239865, -0.519971208967372 ], [ 109.144141182829031, -0.523554750606109 ], [ 109.147928192877657, -0.526778042851976 ], [ 109.152016665679653, -0.529609199533965 ], [ 109.156366156331799, -0.53202021365202 ], [ 109.160933637831846, -0.533987234434134 ], [ 109.165673926719833, -0.53549080327828 ], [ 109.399468618260755, -0.597034888650047 ], [ 109.40054459826753, -0.597374891794206 ], [ 109.399134035668069, -0.599112646381094 ], [ 109.396285227273722, -0.602989523517818 ], [ 109.393822209001797, -0.607122249808428 ], [ 109.391767784347962, -0.611472563008949 ], [ 109.390140973903399, -0.616000186378711 ], [ 109.388956839255513, -0.620663201576692 ], [ 109.388226343542328, -0.62541843675636 ], [ 109.387956249951927, -0.630221866265925 ], [ 109.388149059106439, -0.635029018253419 ], [ 109.388802985910431, -0.639795386402855 ], [ 109.389911976077897, -0.644476841989464 ], [ 109.391465762185021, -0.649030042439067 ], [ 109.393449958729605, -0.653412832608972 ], [ 109.395846195317148, -0.657584635075226 ], [ 109.398632286740494, -0.661506825812775 ], [ 109.401782438378291, -0.665143091790372 ], [ 109.405267485010754, -0.668459767169485 ], [ 109.409055160841646, -0.671426144994554 ], [ 109.413110398226351, -0.674014761488863 ], [ 109.417395652340645, -0.676201650323918 ], [ 109.505413269595891, -0.715904220677985 ], [ 109.506171252124787, -0.716291491531608 ], [ 109.505329569576332, -0.716164658113438 ], [ 109.326004938700592, -0.680156176897711 ], [ 109.321255138611093, -0.679437787736804 ], [ 109.316458319892206, -0.679178531001228 ], [ 109.311658760411632, -0.679380799805275 ], [ 109.306900763336103, -0.680042727071645 ], [ 109.302228248183383, -0.681158202765827 ], [ 109.297684345415504, -0.682716930295836 ], [ 109.293310998315562, -0.684704521556686 ], [ 109.289148575822978, -0.687102629742297 ], [ 109.285235499900935, -0.689889118698869 ], [ 109.281607890875861, -0.69303826725649 ], [ 109.278299234022441, -0.696521006652863 ], [ 109.275340070471984, -0.700305188857557 ], [ 109.272757715297189, -0.704355883319985 ], [ 109.270576005375673, -0.70863569940191 ], [ 109.268815079359513, -0.713105131518223 ], [ 109.2674911917819, -0.717722923800102 ], [ 109.266616563016896, -0.722446450914467 ], [ 109.266199266477088, -0.727232111524519 ], [ 109.266243154090617, -0.73203573075944 ], [ 109.271541710763898, -0.824578463253899 ], [ 109.272043821503132, -0.82933914094015 ], [ 109.272998903618102, -0.834029981523723 ], [ 109.274398202380226, -0.838607986569718 ], [ 109.276228891163711, -0.843031191946455 ], [ 109.278474189020471, -0.847259052488298 ], [ 109.281113514502024, -0.851252813651572 ], [ 109.284122674318724, -0.854975866756804 ], [ 109.287474085106751, -0.858394084560972 ], [ 109.291137026270064, -0.861476134083748 ], [ 109.295077921579789, -0.864193763820228 ], [ 109.299260646949548, -0.866522062707409 ], [ 109.371546344070538, -0.902339751217569 ], [ 109.376198512531332, -0.904357914469693 ], [ 109.381031175489511, -0.905894476551921 ], [ 109.385994622909067, -0.906933631984528 ], [ 109.391037799470823, -0.907464691742765 ], [ 109.396108829740754, -0.907482193206972 ], [ 109.401155551774323, -0.906985956352506 ], [ 109.406126053667862, -0.905981085601527 ], [ 109.410969207538017, -0.904477917317574 ], [ 109.524440004348662, -0.862842283931545 ], [ 109.525633519497504, -0.862472657044806 ], [ 109.526647560772787, -0.863202604123528 ], [ 109.637319123068352, -0.951834902195321 ], [ 109.641355368911633, -0.954749792706548 ], [ 109.645661494541656, -0.957248822369865 ], [ 109.650194804090361, -0.959307212939104 ], [ 109.654910349127675, -0.960904555169434 ], [ 109.659761374331964, -0.962025011178025 ], [ 109.664699781075797, -0.962657471478979 ], [ 109.669676604330945, -0.962795665135515 ], [ 109.674642498163863, -0.962438221937232 ], [ 109.679548225007792, -0.961588685985942 ], [ 109.684345143860526, -0.960255480555382 ], [ 109.688985692567073, -0.958451824573217 ], [ 109.693423859405385, -0.95619560155343 ], [ 109.697615639299414, -0.953509182278657 ], [ 109.701519470135793, -0.950419202990588 ], [ 109.705096644858401, -0.94695630128772 ], [ 109.708311695254451, -0.94315481234907 ], [ 109.762781703817097, -0.871829932628594 ], [ 109.763420342690452, -0.871072995773154 ], [ 109.763237947847131, -0.872046415073779 ], [ 109.746571812536274, -0.942008851366094 ], [ 109.745680465824009, -0.946758345445884 ], [ 109.745251775928836, -0.951571703727707 ], [ 109.745289747190412, -0.956403965222983 ], [ 109.745794024923853, -0.961209992370532 ], [ 109.74675989873279, -0.965944892660996 ], [ 109.748178346508595, -0.970564437972255 ], [ 109.75003611870477, -0.975025477698881 ], [ 109.752315862099394, -0.979286341816649 ], [ 109.75499628188939, -0.983307230117109 ], [ 109.758052340602703, -0.987050583976452 ], [ 110.043321057423071, -1.30389688857864 ], [ 110.044062236905788, -1.30480351836222 ], [ 110.044083180733523, -1.305974366749576 ], [ 110.033983170723019, -1.64493070413097 ], [ 110.033885871226843, -1.646152271008661 ], [ 110.033217962876307, -1.647179690720028 ], [ 109.929941044057003, -1.789984736501592 ], [ 109.927291755701205, -1.794049763639787 ], [ 109.925048958113763, -1.798352441109483 ], [ 109.923233772324608, -1.802852249436214 ], [ 109.921863292428014, -1.807506812711051 ], [ 109.920950424602864, -1.81227229765597 ], [ 109.920503765571723, -1.817103826413657 ], [ 109.920527521643209, -1.821955899174396 ], [ 109.921021469099983, -1.826782822660055 ], [ 109.921980956305575, -1.831539140430006 ], [ 109.923396947510142, -1.836180060956694 ], [ 109.925256107942516, -1.840661879439537 ], [ 109.927540929387348, -1.844942389384818 ], [ 109.930229895064741, -1.848981280075627 ], [ 109.933297682259479, -1.852740516188756 ], [ 109.936715400791954, -1.856184695983597 ], [ 110.1228529005827, -2.026388777019309 ], [ 110.123598459922619, -2.027141654012773 ], [ 110.122547435562012, -2.027007377096644 ], [ 109.129087550904259, -1.849677090366809 ], [ 109.127933360649578, -1.849413967314936 ], [ 109.126809336865975, -1.849042538427309 ], [ 108.432739909967324, -1.582507232614915 ], [ 108.431845759027837, -1.58212320877219 ], [ 108.430984258611915, -1.581670663472856 ], [ 107.679889549800151, -1.148934914798621 ], [ 107.678821569842654, -1.148244719926827 ], [ 107.677829501811331, -1.147449263346127 ], [ 107.106371661390654, -0.639223149436236 ], [ 107.102447076754501, -0.636071842615248 ], [ 107.098225555432748, -0.633331065904856 ], [ 107.09374987511282, -0.631028592252427 ], [ 107.08906538893622, -0.629187753175382 ], [ 107.084219565924258, -0.627827202337333 ], [ 107.079261509963018, -0.626960726526046 ], [ 107.07424146222202, -0.626597105948609 ], [ 107.069210292048297, -0.626740025259492 ], [ 107.064218981495216, -0.62738803622306 ], [ 107.059318108708993, -0.628534572388894 ], [ 107.054557335408305, -0.6301680156312 ], [ 107.049984903650184, -0.632271813878071 ], [ 107.045647146981608, -0.634824648837594 ], [ 106.483314653225776, -1.005086500105765 ], [ 106.482377290558702, -1.005646461847413 ], [ 106.481394537623615, -1.00612227966003 ], [ 105.842454707294479, -1.281631279854372 ], [ 105.84159664717879, -1.281964306916576 ], [ 105.840716374074816, -1.282233181327081 ], [ 105.125377965835, -1.472188643792651 ], [ 105.124469953259165, -1.472393835664647 ], [ 105.123549170289635, -1.472530763620526 ], [ 104.458560984879242, -1.546188894172421 ], [ 104.457421159766085, -1.546260352756201 ], [ 104.457191765916377, -1.545141564983888 ], [ 104.385655819985871, -1.085903885004531 ], [ 104.384667325044802, -1.081112878112127 ], [ 104.383215378090043, -1.076441398760558 ], [ 104.381313877662691, -1.07193416397453 ], [ 104.378981025586029, -1.067634318572655 ], [ 104.376239152731316, -1.063583022170248 ], [ 104.373114505258911, -1.059819055185174 ], [ 104.369636993380894, -1.056378447618211 ], [ 104.365839905050166, -1.053294134161344 ], [ 104.361759587316527, -1.05059563893545 ], [ 104.357435098400131, -1.048308792875143 ], [ 104.352907833812566, -1.046455486466087 ], [ 104.34822113010469, -1.045053460201655 ], [ 104.343419850034039, -1.044116134764757 ], [ 104.338549953122907, -1.0436524825604 ], [ 104.333658055717905, -1.043666941828703 ], [ 104.328790984761966, -1.044159374160521 ], [ 104.323995329550641, -1.045125065822351 ], [ 104.213638961897161, -1.073027515524942 ], [ 104.212416638441496, -1.073271574904111 ], [ 104.211229089172718, -1.072892937419004 ], [ 103.981662341073289, -0.98668709201537 ], [ 103.976858700945584, -0.985154813298589 ], [ 103.971925163543773, -0.984114118700071 ], [ 103.966911898673843, -0.983575591183281 ], [ 103.961869886901127, -0.983544707107033 ], [ 103.956850401122068, -0.984021780535655 ], [ 103.951904485163283, -0.98500196004523 ], [ 103.947082434709941, -0.986475278058376 ], [ 103.942433285842242, -0.988426752205884 ], [ 103.938004316380869, -0.990836537684446 ], [ 103.933840565112504, -0.993680129061131 ], [ 103.829873391571155, -1.072655193680483 ], [ 103.828868557764878, -1.073341364522613 ], [ 103.827873070260509, -1.072641703153278 ], [ 103.346495744580523, -0.696634057447649 ], [ 103.345623047545459, -0.695882341609045 ], [ 103.346157675598775, -0.694862121210615 ], [ 103.404631262130565, -0.595208058138836 ], [ 103.406854008940897, -0.590966865881065 ], [ 103.40866086245515, -0.586532500590708 ], [ 103.410035251430571, -0.581945631277716 ], [ 103.410964570897761, -0.577248325616153 ], [ 103.411440297764869, -0.572483664127844 ], [ 103.411458068985667, -0.567695345076866 ], [ 103.411017721574495, -0.562927283698514 ], [ 103.410123294101055, -0.558223209438364 ], [ 103.408782989651328, -0.553626264895268 ], [ 103.373300376268489, -0.450573574304133 ], [ 103.372963732572799, -0.449410620825113 ], [ 103.373485339978359, -0.448809668240183 ], [ 103.376452857966413, -0.445039555775916 ], [ 103.377614277139372, -0.443230929034126 ], [ 103.377768622048322, -0.446324218010619 ], [ 103.37847734385025, -0.451117351441091 ], [ 103.379646670737955, -0.455819381779631 ], [ 103.381265622070259, -0.460386154300622 ], [ 103.383318994978026, -0.464774784425893 ], [ 103.385787507127745, -0.468944060435174 ], [ 103.394565482878619, -0.482253626383437 ], [ 103.397543929249196, -0.4863097339824 ], [ 103.400914997505126, -0.490045915248165 ], [ 103.404644541217351, -0.493424325426839 ], [ 103.408694782865496, -0.496410743721122 ], [ 103.41302469649618, -0.49897491992169 ], [ 103.417590423285645, -0.50109088081944 ], [ 103.422345715797135, -0.502737193294905 ], [ 103.427242406433336, -0.503897181419902 ], [ 103.432230895338435, -0.504559095372356 ], [ 103.43726065280805, -0.504716230453311 ], [ 103.442280731117734, -0.504366995000576 ], [ 103.447240280585774, -0.503514926511079 ], [ 103.452089064642891, -0.502168655808648 ], [ 103.456777968691512, -0.500341819620136 ], [ 103.471782849008392, -0.493607558891424 ], [ 103.476147874970238, -0.491385553055617 ], [ 103.480274548818215, -0.488747120844171 ], [ 103.484123269732962, -0.485717581456341 ], [ 103.487657104216112, -0.482326007274991 ], [ 103.490842140515468, -0.478604944879149 ], [ 103.493647814052437, -0.474590102717123 ], [ 103.496047200729038, -0.470320008437353 ], [ 103.498017275299787, -0.465835639165358 ], [ 103.499539132328991, -0.461180028274759 ], [ 103.500598167612949, -0.456397852425912 ], [ 103.501184218326472, -0.451535002835071 ], [ 103.501291660548404, -0.446638144888293 ], [ 103.500919463230417, -0.44175427032618 ], [ 103.500071198091391, -0.436930246296817 ], [ 103.498755005341991, -0.432212365604345 ], [ 103.4969835155688, -0.427645902469112 ], [ 103.494773728527321, -0.423274678062457 ], [ 103.492146850007217, -0.419140639985405 ], [ 103.489128088334951, -0.415283459726707 ], [ 103.485746412467179, -0.411740151963148 ], [ 103.482034273995694, -0.408544719355436 ], [ 103.47802729573209, -0.405727826248308 ], [ 103.473763929860453, -0.403316504406137 ], [ 103.469285088938449, -0.401333893607889 ], [ 103.464633753287956, -0.399799019590752 ], [ 103.440850897220201, -0.393223714371202 ], [ 103.436123772870445, -0.39216036585974 ], [ 103.431315921017585, -0.391559553712941 ], [ 103.426472490111124, -0.391426919896844 ], [ 103.42163896270803, -0.391763709918035 ], [ 103.416860728365762, -0.392566761127638 ], [ 103.412182657408664, -0.39382853242037 ], [ 103.407648679570187, -0.395537175049795 ], [ 103.40330137146789, -0.397676643894753 ], [ 103.399181556784868, -0.400226848132128 ], [ 103.395327922912259, -0.403163839901048 ], [ 103.391776657652784, -0.406460039186848 ], [ 103.38856110939679, -0.410084492813013 ], [ 103.385711473961976, -0.414003165109024 ], [ 103.38565832461434, -0.414093502893663 ], [ 103.385654664866465, -0.413380007251483 ], [ 103.3851703065409, -0.408606611393703 ], [ 103.384230659523084, -0.403901616761982 ], [ 103.382844376049292, -0.399308346779398 ], [ 103.381024220968413, -0.394869096112434 ], [ 103.378786954203619, -0.390624741223198 ], [ 103.37615317642765, -0.386614363980417 ], [ 103.373147139372506, -0.382874891794976 ], [ 103.369796522520375, -0.379440757593638 ], [ 103.366132178231936, -0.376343582761878 ], [ 103.362187847658987, -0.373611885975289 ], [ 103.357999850056999, -0.371270820600637 ], [ 103.353606748358828, -0.369341943084553 ], [ 103.349048994088491, -0.367843014462539 ], [ 103.346725930674864, -0.367200751357325 ], [ 103.345652800137245, -0.366846929192823 ], [ 103.346378795023654, -0.365981059283676 ], [ 103.382676191271855, -0.326744519599809 ], [ 103.38579532162197, -0.323025925491381 ], [ 103.388539214559472, -0.319022431038802 ], [ 103.390882015021859, -0.314771760235538 ], [ 103.392801647347397, -0.310313966160094 ], [ 103.394280023288871, -0.305691053565209 ], [ 103.395303212454976, -0.300946583076879 ], [ 103.3958615735731, -0.296125260732744 ], [ 103.395949845336801, -0.291272516727543 ], [ 103.395567195981855, -0.286434077334987 ], [ 103.394717231123792, -0.281655534039762 ], [ 103.393407959783019, -0.276981913939615 ], [ 103.391651718917672, -0.272457255465524 ], [ 103.389465057175371, -0.268124193417844 ], [ 103.386868578959152, -0.26402355722854 ], [ 103.383886750277028, -0.260193986234981 ], [ 103.380547668204429, -0.256671565590488 ], [ 103.376882796132108, -0.253489486242357 ], [ 103.372926667293896, -0.250677732181312 ], [ 103.368716559368153, -0.248262797909366 ], [ 103.364292143218847, -0.246267438788309 ], [ 103.359695109086303, -0.24471045662125 ], [ 103.354968773749818, -0.243606522487614 ], [ 103.350157672363736, -0.24296603850099 ], [ 103.345307138813084, -0.242795039792439 ], [ 103.340462878542994, -0.243095137642867 ], [ 103.335670537886898, -0.243863504300296 ], [ 103.271735189227755, -0.257326081460473 ], [ 103.270847181055927, -0.257467389536867 ], [ 103.271629885065877, -0.257024782579786 ], [ 103.548661953664492, -0.118065733472687 ], [ 103.55298596365499, -0.115620762801519 ], [ 103.55704603220822, -0.112758807643973 ], [ 103.560802086538544, -0.109508115433325 ], [ 103.5642170544739, -0.105900770428854 ], [ 103.567257230357271, -0.101972377044922 ], [ 103.569892607720817, -0.097761708436203 ], [ 103.572097175449017, -0.093310323807511 ], [ 103.573849174507785, -0.088662158225389 ], [ 103.575131312705679, -0.083863088979976 ], [ 103.575930935367396, -0.078960482777188 ], [ 103.576240150235208, -0.074002728230392 ], [ 103.57698124899342, -0.015164784410102 ], [ 103.577050207729101, -0.014023630738529 ], [ 103.578190000738104, -0.013934980267397 ], [ 103.737623160221787, -0.009172766178145 ], [ 103.742390641282796, -0.00880159472096 ], [ 103.747100861539806, -0.007976689242625 ], [ 103.751710738221064, -0.006705594871075 ], [ 103.756178106363123, -0.004999937871262 ], [ 103.760462104479387, -0.00287531930369 ], [ 103.764523548306045, -0.000351172326857 ], [ 103.768325289207183, 0.002549415551189 ], [ 103.77183255396065, 0.005799913646387 ], [ 103.775013262816728, 0.009370590765735 ], [ 103.777838322920687, 0.013228787148342 ], [ 103.780281894415154, 0.017339213193068 ], [ 103.782321626788431, 0.021664272240428 ], [ 103.783938863306972, 0.026164404456358 ], [ 103.78511881166213, 0.030798448672472 ], [ 103.785850679270354, 0.035524018873175 ], [ 103.786127771989257, 0.040297891886031 ], [ 103.785947555346624, 0.045076402729323 ], [ 103.785311677722362, 0.049815844000687 ], [ 103.784225955271367, 0.054472865653756 ], [ 103.72157977859365, 0.274916489532219 ], [ 103.719975364874685, 0.27964879769619 ], [ 103.717906617820077, 0.284197332577277 ], [ 103.715394199151874, 0.28851666543966 ], [ 103.712463201786122, 0.292563656714962 ], [ 103.709142899216062, 0.296297886861 ], [ 103.705466453141469, 0.299682060054124 ], [ 103.701470582264506, 0.302682376683257 ], [ 103.697195195559644, 0.305268870925319 ], [ 103.692682993680634, 0.307415710030495 ], [ 103.687979042485509, 0.309101452328201 ], [ 103.683130322938837, 0.310309261376923 ], [ 103.678185261886881, 0.311027074119078 ], [ 103.673193248391826, 0.311247721361446 ], [ 103.607467386394859, 0.31086529815857 ], [ 103.606314219104348, 0.310912769276771 ], [ 103.605430438730039, 0.311655049922442 ], [ 103.389344873308758, 0.511174055254307 ], [ 103.385586503782235, 0.514317531107554 ], [ 103.381538509513646, 0.517078060828319 ], [ 103.377239762229252, 0.519429135842589 ], [ 103.372731541564519, 0.521348179452288 ], [ 103.368057138667638, 0.522816763632829 ], [ 103.363261440486994, 0.523820785992141 ], [ 103.358390498734778, 0.524350605191888 ], [ 103.353491087665603, 0.524401133530471 ], [ 103.348610254916707, 0.523971885798769 ], [ 103.343794869723112, 0.523066983939457 ], [ 103.339091172845698, 0.521695117465182 ], [ 103.334544332534577, 0.51986946001566 ], [ 103.330198010791293, 0.517607542855005 ], [ 102.903612698868955, 0.268312778310087 ], [ 102.902659883161974, 0.267809861095152 ], [ 102.901638490215277, 0.267479872710973 ], [ 102.546897107381298, 0.16945284272599 ], [ 102.545756082538858, 0.169195461680382 ], [ 102.544754106114368, 0.169798973021163 ], [ 102.43145510016916, 0.245638144857437 ], [ 102.430810607223549, 0.246117176834323 ], [ 102.431562894207588, 0.245836272783819 ], [ 102.559863795939933, 0.190579328532213 ], [ 102.564515776211294, 0.188844208773541 ], [ 102.569316906831403, 0.187579018751957 ], [ 102.574219845654483, 0.186796234031069 ], [ 102.579176246642291, 0.186503573357002 ], [ 102.584137236586272, 0.186703922546743 ], [ 102.589053897027895, 0.187395306032182 ], [ 102.593877746625196, 0.188570906340445 ], [ 102.598561219209074, 0.190219131318438 ], [ 102.603058132815477, 0.192323728438714 ], [ 103.03096057432505, 0.419134632935295 ], [ 103.035153068150066, 0.421626064579631 ], [ 103.039082898403308, 0.424514086444496 ], [ 103.04271267788053, 0.427771222772319 ], [ 103.046007873968861, 0.431366486163311 ], [ 103.048937137179607, 0.435265672380124 ], [ 103.051472599397641, 0.439431685756508 ], [ 103.053590139010112, 0.44382489211415 ], [ 103.055269610392202, 0.44840349583013 ], [ 103.056495035566329, 0.453123937467712 ], [ 103.057254756211847, 0.457941308187514 ], [ 103.057541544578655, 0.462809776996482 ], [ 103.057352672249863, 0.467683026769954 ], [ 103.056689936099104, 0.472514694898634 ], [ 103.0555596411956, 0.477258814368288 ], [ 103.053972540819714, 0.481870251075874 ], [ 103.051943734159465, 0.486305133221609 ], [ 102.964257922442982, 0.655628442869128 ], [ 102.96187760339761, 0.659734969262222 ], [ 102.959118614792018, 0.663597281995429 ], [ 102.956005820055182, 0.667180574713196 ], [ 102.952567271043023, 0.670452555530062 ], [ 102.948833955240985, 0.673383738038391 ], [ 102.944839516511209, 0.675947707033712 ], [ 102.940619951901127, 0.678121356563028 ], [ 102.936213287245593, 0.679885098150833 ], [ 102.931659234485963, 0.681223037326366 ], [ 102.426182395502991, 0.803993924316743 ], [ 102.425086481403767, 0.804314385829358 ], [ 102.424248425145095, 0.805089875997787 ], [ 102.209443321445178, 1.023123917421485 ], [ 102.208570243756768, 1.024110241706917 ], [ 102.20818398515739, 1.025369568725743 ], [ 102.122493194107463, 1.369213514901713 ], [ 102.121077159171804, 1.37390312973788 ], [ 102.119209008202716, 1.378431667493861 ], [ 102.116906673687666, 1.382755658478062 ], [ 102.114192255866669, 1.386833596454987 ], [ 102.111091810590835, 1.390626337065962 ], [ 102.107635099210768, 1.394097473578053 ], [ 102.10385530289571, 1.39721368635437 ], [ 101.759289990988137, 1.654003759347907 ], [ 101.755196049447278, 1.656751604875867 ], [ 101.750851371423636, 1.659082867464325 ], [ 101.746298206325704, 1.660974876971817 ], [ 101.741580830974726, 1.662409234731717 ], [ 101.736745119038915, 1.663371992468317 ], [ 101.428236170735204, 1.709114542410847 ], [ 101.427056877720162, 1.709349507010779 ], [ 101.426605560704772, 1.710464071199417 ], [ 101.320915026409281, 2.013795905137322 ], [ 101.319245105076718, 2.017973429341693 ], [ 101.317206436755114, 2.021983937689716 ], [ 101.314815526785139, 2.025794960551178 ], [ 101.31209173230458, 2.029375643357951 ], [ 101.309057105530215, 2.032696996406846 ], [ 101.064100260511651, 2.277691193700234 ], [ 101.060663630447038, 2.280822624092687 ], [ 101.056950991545392, 2.283621301439184 ], [ 101.052994445187252, 2.28606302693966 ], [ 101.048828201702136, 2.288126688182827 ], [ 101.044488284568516, 2.289794441694916 ], [ 101.040012218936297, 2.291051867223502 ], [ 101.035438707165184, 2.291888092422404 ], [ 101.030807294184157, 2.292295886859566 ], [ 100.908411369271022, 2.297355322069709 ], [ 100.903712024774038, 2.297328542981159 ], [ 100.899035951007534, 2.29686068621756 ], [ 100.894424455576385, 2.295955884742439 ], [ 100.889918275611876, 2.294622131411268 ], [ 100.885557217907206, 2.292871208364005 ], [ 100.881379807271287, 2.29071858294376 ], [ 100.877422946207474, 2.288183271061035 ], [ 100.873721588923402, 2.285287669210549 ], [ 100.870308432551667, 2.282057356624585 ], [ 100.820847301856702, 2.230629022299551 ], [ 100.817612261305399, 2.22691538734815 ], [ 100.81475827121335, 2.222901497405048 ], [ 100.812313022786924, 2.218626297754281 ], [ 100.810300241363848, 2.214131269070968 ], [ 100.808739456215065, 2.209460024949728 ], [ 100.807645811059473, 2.204657888738154 ], [ 100.807029917130009, 2.199771453781203 ], [ 100.806897750216834, 2.194848131343263 ], [ 100.807250592686444, 2.189935690594256 ], [ 100.808085021039332, 2.185081795123117 ], [ 100.809392939126965, 2.180333540475679 ], [ 100.922719841312571, 1.836120863201033 ], [ 100.922930353008979, 1.835356167418436 ], [ 100.922520082135648, 1.836034955032237 ], [ 100.819108816130637, 2.02794826845954 ], [ 100.816388996383793, 2.032418562526268 ], [ 100.813216879369762, 2.036580127393919 ], [ 100.80962720731759, 2.040387384025165 ], [ 100.805659295677501, 2.04379863390091 ], [ 100.8013566025232, 2.046776515718292 ], [ 100.435295594696569, 2.272750305434062 ], [ 100.434374982145798, 2.27337758658491 ], [ 100.433819480428284, 2.274343209157693 ], [ 100.23285335685398, 2.663226182018332 ], [ 100.230443887360195, 2.667385405181259 ], [ 100.227646168562217, 2.671294043062665 ], [ 100.224486056619696, 2.674915972530677 ], [ 100.220992756883419, 2.678217720175947 ], [ 100.217198553983181, 2.681168771668623 ], [ 100.213138513457409, 2.68374185376788 ], [ 100.208850157681823, 2.685913186377736 ], [ 100.204373119092594, 2.687662702319654 ], [ 100.199748773908283, 2.688974232790843 ], [ 100.195019859736206, 2.689835656794273 ], [ 100.190230080596919, 2.690239013159371 ], [ 100.185423703017179, 2.690180574118151 ], [ 100.180645146924462, 2.689660879756765 ], [ 100.175938575123581, 2.688684733024096 ], [ 100.171347485149738, 2.68726115534352 ], [ 100.166914307269849, 2.685403303238059 ], [ 100.150712697336644, 2.677678081081823 ], [ 100.146452849509259, 2.675387758723394 ], [ 100.142434215165466, 2.672696577193127 ], [ 100.138694395670228, 2.669629717209208 ], [ 100.135268383587103, 2.666215874619948 ], [ 100.132188235261538, 2.662486991903846 ], [ 100.129482770877544, 2.65847795929174 ], [ 100.127177304794444, 2.654226288307572 ], [ 100.12529340868663, 2.649771760782355 ], [ 100.123848709702798, 2.645156056625452 ], [ 100.12285672553304, 2.640422363835998 ], [ 100.122326737927267, 2.635614974403503 ], [ 100.122263705848042, 2.630778869878687 ], [ 100.125781264863974, 2.531316854321023 ], [ 100.125768721677545, 2.530385991673924 ], [ 100.125411419870034, 2.531245641612695 ], [ 100.100837892953948, 2.59960575202097 ], [ 100.098917334127208, 2.604212173149095 ], [ 100.096547124970186, 2.608604185258432 ], [ 100.093750880030115, 2.612738030448054 ], [ 100.090556458476343, 2.616572522950765 ], [ 100.086995686537549, 2.620069459469569 ], [ 100.083104040415051, 2.623193999799582 ], [ 100.078920292831071, 2.625915013943257 ], [ 100.074486126733561, 2.628205392260558 ], [ 100.069845720006384, 2.63004231556406 ], [ 100.065045305322116, 2.631407482467994 ], [ 100.060132709522961, 2.632287291726132 ], [ 100.055156877118833, 2.632672977741889 ], [ 100.050167382650073, 2.632560697900526 ], [ 100.04521393677301, 2.631951570853369 ], [ 100.040345890989528, 2.630851665372617 ], [ 100.035611745954881, 2.629271939887766 ], [ 100.03105866826246, 2.627228133306074 ], [ 100.026732020520015, 2.624740608204802 ], [ 100.022674909399072, 2.621834147957543 ], [ 100.018927756160323, 2.618537709815866 ], [ 100.015527893934021, 2.614884136406344 ], [ 100.012509195767592, 2.61090982851734 ], [ 100.009901737146251, 2.606654382435595 ], [ 100.008183847685146, 2.60309693550352 ], [ 100.007981252430397, 2.602724636606423 ], [ 100.007366677753424, 2.603669771912385 ], [ 99.954122022261572, 2.695099588335061 ], [ 99.953530918494067, 2.69624947904518 ], [ 99.953596001876392, 2.697540763855763 ], [ 99.97708162118191, 2.925021010665835 ], [ 99.977345368356936, 2.929907562764689 ], [ 99.977130162357, 2.93479649315535 ], [ 99.976438064679471, 2.939640969885803 ], [ 99.97527570505369, 2.944394586833715 ], [ 99.973654217933557, 2.949011808239108 ], [ 99.971589135838698, 2.953448404899678 ], [ 99.969100240565467, 2.957661877850349 ], [ 99.966211373693667, 2.961611865468582 ], [ 99.962950208203679, 2.965260530105683 ], [ 99.755574422833831, 3.175587234414057 ], [ 99.752230141252724, 3.178683279180468 ], [ 99.748617847784786, 3.181461956634015 ], [ 99.74476755294873, 3.183900181841973 ], [ 98.797638398342386, 3.724839251300327 ], [ 98.796623568050208, 3.725486268031166 ], [ 98.795930192292033, 3.726470006426113 ], [ 98.684689007410924, 3.901826904801256 ], [ 98.681879935028334, 3.905811356092378 ], [ 98.678696183967745, 3.90950330258794 ], [ 98.675168021182287, 3.91286764607534 ], [ 98.671328987842642, 3.91587240276415 ], [ 98.667215580471293, 3.918489007346286 ], [ 98.662866903981225, 3.920692584557707 ], [ 98.306725349094151, 4.079838828329976 ], [ 98.305714263811083, 4.080347684149865 ], [ 98.305211556767475, 4.081361840609137 ], [ 98.289581817269607, 4.116916515575413 ], [ 98.287415907428638, 4.12125850090357 ], [ 98.284839327717265, 4.125370099013813 ], [ 98.281876343334702, 4.129212588516443 ], [ 98.278554858485052, 4.132749782379202 ], [ 98.274906153586741, 4.135948368722296 ], [ 98.270964590685978, 4.138778224536384 ], [ 98.266767289848744, 4.141212699369055 ], [ 98.262353779578802, 4.143228866308149 ], [ 98.257765624554068, 4.144807737898264 ], [ 98.253046034186994, 4.145934444957031 ], [ 98.248239455695682, 4.146598376607138 ], [ 98.243391155517628, 4.14679328020534 ], [ 98.23854679300851, 4.146517320227351 ], [ 98.233751990440638, 4.145773095554084 ], [ 98.229051903350566, 4.144567614996426 ], [ 98.224490795282279, 4.142912231289055 ], [ 98.220111620930837, 4.140822534174918 ], [ 98.215955621612167, 4.138318203587252 ], [ 98.212061936868807, 4.135422824311834 ], [ 98.179918932068773, 4.10900519489052 ], [ 98.179276721698969, 4.108528442757386 ], [ 98.179762439952611, 4.109163898919229 ], [ 98.25532744786392, 4.198519168222029 ], [ 98.258193370409074, 4.202250976336944 ], [ 98.260695805704287, 4.206235662200925 ], [ 98.262812592278834, 4.210437937589228 ], [ 98.264524983952242, 4.214820587312648 ], [ 98.265817815849715, 4.219344798793806 ], [ 98.266679638701689, 4.223970505789842 ], [ 98.267102820238122, 4.228656743217519 ], [ 98.274087740795096, 4.391040702905392 ], [ 98.274051760484383, 4.396054865779731 ], [ 98.273513744131137, 4.401040210533789 ], [ 98.272479102700103, 4.405946598311203 ], [ 98.270958241838386, 4.410724684345634 ], [ 98.268966457223186, 4.415326414233389 ], [ 98.2665237807295, 4.419705507228554 ], [ 98.263654778964394, 4.423817921700008 ], [ 98.260388306194642, 4.427622298069094 ], [ 98.256757214152103, 4.431080374773231 ], [ 98.252798021635613, 4.434157373071987 ], [ 98.248550547232398, 4.436822346825561 ], [ 98.244057508852563, 4.43904849372783 ], [ 97.997997353528731, 4.545949957036842 ], [ 97.996889795551255, 4.54649932102969 ], [ 97.996523632891979, 4.547680172577143 ], [ 97.912859316070367, 4.875229465903944 ], [ 97.911448748943712, 4.87981999418589 ], [ 97.9096042895452, 4.884254023849008 ], [ 97.90734295312312, 4.888490650704456 ], [ 97.904685600641187, 4.892490791616095 ], [ 97.901656746335007, 4.896217545044766 ], [ 97.898284331566714, 4.899636531467188 ], [ 97.547626220265172, 5.222538556071228 ], [ 97.543950704353804, 5.225611154123827 ], [ 97.539998002771725, 5.228317891312869 ], [ 97.53580440175584, 5.23063391949213 ], [ 97.531408399026461, 5.232537977267228 ], [ 97.526850350373991, 5.234012585177573 ], [ 97.522172099188268, 5.235044206159748 ], [ 97.517416592331685, 5.235623369819242 ], [ 97.512627485882192, 5.23574475936972 ], [ 97.507848744365731, 5.235407260441706 ], [ 97.50312423715701, 5.234613971312621 ], [ 97.498497335753811, 5.233372174464251 ], [ 97.22770745869019, 5.146591333094437 ], [ 97.22655778256194, 5.14628346567946 ], [ 97.225469654068121, 5.146765662658096 ], [ 96.987819590273489, 5.266177792973932 ], [ 96.983056957331925, 5.268268123464713 ], [ 96.978102943377564, 5.269852389804961 ], [ 96.973011155109987, 5.270913448867811 ], [ 96.967836690065511, 5.271439819079951 ], [ 96.962635540414439, 5.271425804662146 ], [ 96.957463987077503, 5.270871557262472 ], [ 96.569021780683912, 5.208663152790541 ], [ 96.567638307274677, 5.208520511755356 ], [ 96.566257752538192, 5.208689075567034 ], [ 96.094747847019676, 5.293299833610516 ], [ 96.093582253021339, 5.293568758766003 ], [ 96.093160692472537, 5.294688230432349 ], [ 95.828792402972198, 6.117296944726663 ], [ 95.828494081940505, 6.118395896998662 ] ], [ [ 122.171956604901226, 6.447668293187172 ], [ 122.17650266583118, 6.448820951424132 ], [ 122.18092072998931, 6.450394482512078 ], [ 122.185171926732906, 6.452375042341348 ], [ 122.189218853538208, 6.454745205716033 ], [ 122.193025905072105, 6.457484119662885 ], [ 122.196559586452111, 6.460567686898201 ], [ 122.19978880793812, 6.46396877783853 ], [ 122.286642157490547, 6.564493487556922 ], [ 122.289615436530639, 6.568290529388401 ], [ 122.292209075482717, 6.572356356721989 ], [ 122.294398945293139, 6.576653144491203 ], [ 122.296164673239616, 6.581140918966298 ], [ 122.297489832462006, 6.585777929636503 ], [ 122.298362094784125, 6.590521037621959 ], [ 122.298773345404825, 6.59532611700187 ], [ 122.298719758391343, 6.600148465325277 ], [ 122.298201832272525, 6.60494321948537 ], [ 122.297224385401037, 6.609665773088422 ], [ 122.29579651112735, 6.614272191434471 ], [ 122.293931493202805, 6.618719620249124 ], [ 122.291646682198689, 6.622966684363987 ], [ 122.28896333409098, 6.626973872636723 ], [ 122.285906412512489, 6.630703905529765 ], [ 122.282504356511978, 6.634122081928043 ], [ 122.278788815981088, 6.637196601969214 ], [ 122.274794357210027, 6.639898862883064 ], [ 122.270558141311682, 6.642203725087821 ], [ 122.085892961052394, 6.731417551185349 ], [ 122.081246086081165, 6.733379927714135 ], [ 122.076425136488268, 6.734864115593673 ], [ 122.071479178681159, 6.73585500913455 ], [ 122.066458551369337, 6.736342523272551 ], [ 122.061414353229637, 6.7363216962119 ], [ 122.056397922836851, 6.735792739925158 ], [ 122.051460316152642, 6.734761037995828 ], [ 122.046651786890862, 6.733237090825599 ], [ 121.868381095000132, 6.666669090446295 ], [ 121.863852633179405, 6.664718609250005 ], [ 121.859538298945154, 6.662331589460829 ], [ 121.855480047201723, 6.659531243741847 ], [ 121.851717342569771, 6.656344804159576 ], [ 121.848286775610987, 6.652803257364727 ], [ 121.845221707001869, 6.648941043261361 ], [ 121.842551943116575, 6.644795720094755 ], [ 121.840303446173692, 6.640407599214843 ], [ 121.838498081765735, 6.63581935306699 ], [ 121.837153406226292, 6.631075600222202 ], [ 121.83628249590285, 6.626222471482166 ], [ 121.835893819995391, 6.621307161278549 ], [ 121.835991158197288, 6.61637746872898 ], [ 121.836573563939552, 6.61148133281275 ], [ 121.837635373595788, 6.606666366186414 ], [ 121.839166261558375, 6.60197939217274 ], [ 121.841151340650114, 6.597465989425549 ], [ 121.843571306895271, 6.593170048698406 ], [ 121.943818725387871, 6.434099319017291 ], [ 121.946716711801258, 6.429977084579656 ], [ 121.950014889509418, 6.426167469662584 ], [ 121.95367976071293, 6.422709166455419 ], [ 121.95767410330572, 6.419637299065305 ], [ 121.961957348919782, 6.416983066780694 ], [ 121.966485994956045, 6.414773427197137 ], [ 121.971214046416677, 6.413030822423616 ], [ 121.97609348305123, 6.411772951150241 ], [ 121.981074747072299, 6.411012588892266 ], [ 121.986107246487038, 6.410757458236119 ], [ 121.991139868932507, 6.411010150405287 ], [ 121.996121500796235, 6.411768098942674 ], [ 122.171956604901226, 6.447668293187172 ] ], [ [ 121.213168501419446, 5.899526039597803 ], [ 121.218116293886609, 5.900018924312198 ], [ 121.222990666315482, 5.901000799591667 ], [ 121.227743413920393, 5.902461955245188 ], [ 121.232327534716362, 5.904387941269988 ], [ 121.236697694342155, 5.906759710753896 ], [ 121.240810674391483, 5.909553808238531 ], [ 121.244625799818536, 5.912742601680513 ], [ 121.248105341191234, 5.916294555716744 ], [ 121.251214887813916, 5.920174543531301 ], [ 121.253923688029715, 5.924344194239779 ], [ 121.256204953336962, 5.928762272355626 ], [ 121.25803612331238, 5.933385085585778 ], [ 121.259399088720912, 5.938166916922718 ], [ 121.260280370605741, 5.943060476759817 ], [ 121.260671253587589, 5.948017370558787 ], [ 121.260567872054935, 5.952988577444292 ], [ 121.259971248392631, 5.957924934992663 ], [ 121.258887282871171, 5.962777625420463 ], [ 121.257326695296314, 5.967498658364741 ], [ 121.255304918996273, 5.972041345480576 ], [ 121.252841948194842, 5.97636076216239 ], [ 121.249962140279862, 5.980414191822883 ], [ 121.246693974922366, 5.98416154833592 ], [ 121.243069772428782, 5.987565772465628 ], [ 121.23912537411141, 5.990593198361286 ], [ 121.234899787838089, 5.993213886493534 ], [ 121.230434802266458, 5.995401919739384 ], [ 121.225774573577795, 5.997135659687898 ], [ 121.220965188797308, 5.998397960631841 ], [ 121.219522088526347, 5.99862668860462 ], [ 121.217811768494002, 5.998984923371105 ], [ 121.216879114305243, 5.999773019572186 ], [ 121.141279242955875, 6.070356786043912 ], [ 121.137595979638164, 6.073476875661489 ], [ 121.133629009618588, 6.076227245955315 ], [ 121.129415307260032, 6.078582261947373 ], [ 121.124994146607733, 6.080519973581215 ], [ 121.120406735333404, 6.08202232030868 ], [ 121.115695830656847, 6.083075299424236 ], [ 121.110905340824942, 6.083669096577954 ], [ 121.106079915862381, 6.083798177250714 ], [ 121.101264531408688, 6.083461338338987 ], [ 121.09650406952025, 6.082661719368425 ], [ 121.091842900344659, 6.08140677323175 ], [ 121.087324468566337, 6.079708196723644 ], [ 121.082990888477852, 6.077581821520136 ], [ 120.924629458826189, 5.99015145794127 ], [ 120.92047844084037, 5.987587806355786 ], [ 120.916597040369169, 5.98463179719603 ], [ 120.913022213406066, 5.98131157552357 ], [ 120.909787996964994, 5.977658754177991 ], [ 120.906925185003601, 5.973708112781447 ], [ 120.9044610352246, 5.969497266591306 ], [ 120.902419009546918, 5.965066308353856 ], [ 120.900818550717602, 5.960457426569078 ], [ 120.899674897191559, 5.955714503801124 ], [ 120.898998938041601, 5.950882698859079 ], [ 120.89879710928021, 5.946008016826222 ], [ 120.899071332580348, 5.941136871031643 ], [ 120.899818996978652, 5.936315641134835 ], [ 120.901032983735163, 5.931590231530853 ], [ 120.902701734113037, 5.927005634280629 ], [ 120.904809359432761, 5.92260550072788 ], [ 120.907335792353152, 5.918431725881395 ], [ 120.910256977938573, 5.914524049519937 ], [ 120.918118986409368, 5.905012560759591 ], [ 120.921608850959288, 5.901208773573251 ], [ 120.92547230793005, 5.897785083784319 ], [ 120.929668176036003, 5.894777985120618 ], [ 120.934151730761158, 5.892219530789932 ], [ 120.938875181085933, 5.890136991819063 ], [ 120.943788178900164, 5.888552566367039 ], [ 120.948838355672819, 5.887483143110924 ], [ 120.953971880657534, 5.886940121226355 ], [ 120.959134034684297, 5.886929288881681 ], [ 121.213168501419446, 5.899526039597803 ] ], [ [ 119.991274345947687, 5.229086017266332 ], [ 119.987126639685258, 5.226391939230676 ], [ 119.983265389743309, 5.223301264128482 ], [ 119.979728376944621, 5.21984423300866 ], [ 119.97655020957815, 5.216054671570678 ], [ 119.973761984770434, 5.211969659193312 ], [ 119.971390984212391, 5.207629166127397 ], [ 119.96946040721852, 5.203075662402536 ], [ 119.967989143730819, 5.198353702274446 ], [ 119.966991589487918, 5.193509488278963 ], [ 119.966477505168555, 5.188590419158272 ], [ 119.96645192088701, 5.18364462608273 ], [ 119.966915086975504, 5.178720501706151 ], [ 119.96786247153473, 5.173866226662594 ], [ 119.969284804776734, 5.169129298137673 ], [ 119.971168169726212, 5.16455606512714 ], [ 119.973494138392624, 5.160191274930069 ], [ 119.976239952080888, 5.156077635314001 ], [ 119.979378744076371, 5.152255396636126 ], [ 119.982879802525147, 5.148761958009246 ], [ 119.986708870937534, 5.145631501366071 ], [ 119.990828483374443, 5.14289465700235 ], [ 119.99519833103696, 5.140578203871391 ], [ 119.999775656672227, 5.138704807562462 ], [ 120.004515672936421, 5.137292798526847 ], [ 120.009372000621482, 5.136355992721542 ], [ 120.014297122457492, 5.135903556425514 ], [ 120.019242848050652, 5.13593991655123 ], [ 120.024160785407432, 5.136464717329063 ], [ 120.029002814431323, 5.137472823788345 ], [ 120.033721557759264, 5.138954372001059 ], [ 120.174322204713874, 5.190868457018774 ], [ 120.178896223809559, 5.192820987464422 ], [ 120.183253644832504, 5.195218258383122 ], [ 120.187351357157056, 5.198036552110541 ], [ 120.191148819614241, 5.201247985546742 ], [ 120.194608461590235, 5.204820786020701 ], [ 120.197696054735474, 5.208719605636736 ], [ 120.200381051606485, 5.212905870992813 ], [ 120.202636887890492, 5.217338164810756 ], [ 120.204441245222341, 5.221972635702653 ], [ 120.205776271993699, 5.226763432019409 ], [ 120.206628759969874, 5.231663155489086 ], [ 120.20699027496704, 5.236623330156944 ], [ 120.206857240296699, 5.241594881987644 ], [ 120.204668902447949, 5.270142293945291 ], [ 120.204071055248889, 5.274914705264783 ], [ 120.203017426902193, 5.279607593328961 ], [ 120.20151776698124, 5.284177533284509 ], [ 120.199585952337785, 5.288582237957829 ], [ 120.197239858694928, 5.292780949152325 ], [ 120.194501195237052, 5.296734814797534 ], [ 120.19139530372756, 5.300407248460255 ], [ 120.187950924013066, 5.303764267890979 ], [ 120.184199928084098, 5.306774809472938 ], [ 120.180177025152929, 5.309411015664081 ], [ 120.175919440477713, 5.311648492772163 ], [ 120.171466570904798, 5.313466536677701 ], [ 120.166859620316615, 5.314848324416061 ], [ 120.162141218358443, 5.315781069845954 ], [ 120.157355025972137, 5.316256141963843 ], [ 120.152545331386946, 5.316269144769494 ], [ 120.14775664030573, 5.315819957943624 ], [ 120.14303326407898, 5.314912737961254 ], [ 120.138418909677114, 5.313555879630471 ], [ 120.133956275255358, 5.311761938412467 ], [ 120.129686655053547, 5.309547514241694 ], [ 119.991274345947687, 5.229086017266332 ] ], [ [ 117.811925932698799, 4.201450112909757 ], [ 117.80707733294237, 4.202356196572047 ], [ 117.802163049388042, 4.202780135658037 ], [ 117.797230907660932, 4.202717804408277 ], [ 117.792328907181243, 4.202169809428177 ], [ 117.787504754035695, 4.201141483784543 ], [ 117.782805396703637, 4.199642835104366 ], [ 117.778276569156162, 4.197688448180974 ], [ 117.773962345774876, 4.195297343035357 ], [ 117.769904712421578, 4.192492789814037 ], [ 117.76614315783344, 4.18930208232486 ], [ 117.762714289320087, 4.185756272414674 ], [ 117.759651476502611, 4.181889867773902 ], [ 117.756984526561666, 4.177740496108994 ], [ 117.754739394155081, 4.173348538950965 ], [ 117.752937928828104, 4.168756738663854 ], [ 117.751597662374422, 4.164009782477605 ], [ 117.750731638217403, 4.159153867593621 ], [ 117.750348284472011, 4.1542362515953 ], [ 117.750451331922662, 4.149304792539001 ], [ 117.751039777715377, 4.144407483201205 ], [ 117.752107895117561, 4.139591984014602 ], [ 117.753645289250315, 4.134905159238524 ], [ 117.755636998250978, 4.130392620877722 ], [ 117.758063638881495, 4.126098284788019 ], [ 117.760901595165336, 4.122063943288834 ], [ 117.764123248217288, 4.118328858441886 ], [ 117.819454699338479, 4.060237910510071 ], [ 117.823121975122859, 4.056758288149658 ], [ 117.827121871379916, 4.053666765323827 ], [ 117.83141349847665, 4.050994945660674 ], [ 117.835952984510982, 4.048770142299945 ], [ 117.840693923799876, 4.047015098679732 ], [ 117.845587851269471, 4.045747756037731 ], [ 117.850584737897691, 4.044981070003833 ], [ 117.855633502144613, 4.044722878158946 ], [ 117.860682532142391, 4.04497581991397 ], [ 117.865680213306447, 4.045737309527962 ], [ 117.880365648940654, 4.0487414307158 ], [ 117.885140056149012, 4.049966084300763 ], [ 117.889770685895456, 4.051654873436691 ], [ 117.89421253820062, 4.053791386645991 ], [ 117.898422447604673, 4.056354861514985 ], [ 117.90235950264487, 4.059320386460888 ], [ 117.905985443428861, 4.062659142819985 ], [ 117.909265033440306, 4.066338684904416 ], [ 117.912166401963816, 4.070323255306 ], [ 117.914661353801094, 4.074574132383026 ], [ 117.916725643269089, 4.079050006553136 ], [ 117.918339209816949, 4.083707381735575 ], [ 117.919486372972372, 4.088500998041579 ], [ 117.920155984722854, 4.093384271605282 ], [ 117.920341537850888, 4.098309747280891 ], [ 117.920041229170423, 4.10322955980687 ], [ 117.919257977050052, 4.108095898955582 ], [ 117.917999393052625, 4.112861474148122 ], [ 117.904808019890794, 4.15439760141935 ], [ 117.903000973370297, 4.15921342722079 ], [ 117.900708721935658, 4.163818118159106 ], [ 117.897955524571159, 4.168162942614611 ], [ 117.894770518469443, 4.172201919144508 ], [ 117.891187410671463, 4.175892303106253 ], [ 117.887244121343599, 4.179195039025735 ], [ 117.882982382467091, 4.182075173922846 ], [ 117.878447296186906, 4.184502227220208 ], [ 117.873686857493951, 4.186450513320278 ], [ 117.868751446292364, 4.187899413437008 ], [ 117.811925932698799, 4.201450112909757 ] ], [ [ 117.700526553392095, 4.118690201832957 ], [ 117.696514888948769, 4.12149834537904 ], [ 117.692247772629116, 4.12390060267081 ], [ 117.687766133113911, 4.125873932100204 ], [ 117.683112956715007, 4.12739940618454 ], [ 117.678332875065834, 4.128462393112282 ], [ 117.673471737030397, 4.129052697086234 ], [ 117.668576168937065, 4.129164656118042 ], [ 117.663693127355245, 4.128797196336005 ], [ 117.658869448704422, 4.127953842285266 ], [ 117.654151400015735, 4.126642683121623 ], [ 117.649584235154805, 4.124876295023176 ], [ 117.645211760762592, 4.122671620564058 ], [ 117.641075916077469, 4.120049806207207 ], [ 117.637216370668781, 4.11703599947492 ], [ 117.633670143940293, 4.113659107742663 ], [ 117.630471250053034, 4.109951520969668 ], [ 117.627185379661299, 4.105742878610982 ], [ 117.62441848027828, 4.101825134733452 ], [ 117.622039691713454, 4.09766030409469 ], [ 117.620070903055179, 4.093286710548786 ], [ 117.618530230663012, 4.088744598940107 ], [ 117.6174318514649, 4.084075764779114 ], [ 117.616785872504266, 4.07932316964928 ], [ 117.616598237937211, 4.074530545884061 ], [ 117.616870674335686, 4.069741994151597 ], [ 117.617600674799974, 4.06500157765008 ], [ 117.618781522026595, 4.060352916647913 ], [ 117.620402350119505, 4.055838787099603 ], [ 117.622448244575637, 4.051500727030856 ], [ 117.624900379524888, 4.04737865431481 ], [ 117.627736190961627, 4.043510499356566 ], [ 117.630929584373689, 4.039931856065951 ], [ 117.63445117485837, 4.0366756543302 ], [ 117.638268557515786, 4.033771857000392 ], [ 117.657397820578879, 4.020619612807801 ], [ 117.66147414986095, 4.018095893269013 ], [ 117.66577345246985, 4.015974191639776 ], [ 117.670256199549897, 4.014274015371664 ], [ 117.674881175611432, 4.013010996307426 ], [ 117.679605857476204, 4.012196746957933 ], [ 117.684386805246035, 4.011838753733875 ], [ 117.689180061700085, 4.011940308113841 ], [ 117.69394155644838, 4.012500476381645 ], [ 117.698627511125991, 4.01351410821115 ], [ 117.703194841902118, 4.014971884019639 ], [ 117.707601555603588, 4.016860400654378 ], [ 117.711807135810474, 4.019162294624524 ], [ 117.71577291537416, 4.021856401745381 ], [ 117.719462431932655, 4.024917951727154 ], [ 117.722841763154676, 4.02831879591916 ], [ 117.725879838629879, 4.032027666115499 ], [ 117.728548725538047, 4.036010462042709 ], [ 117.730823885470272, 4.040230564886143 ], [ 117.732594580654762, 4.043929242236688 ], [ 117.734473040127369, 4.048397004484654 ], [ 117.735910114782712, 4.053025646394498 ], [ 117.736892302149286, 4.057771678154983 ], [ 117.737410373787299, 4.06259050698287 ], [ 117.73745946199729, 4.067436856107957 ], [ 117.737039105556065, 4.072265190184728 ], [ 117.736153254050279, 4.077030143133528 ], [ 117.734810230766868, 4.081686944391344 ], [ 117.733022654489091, 4.086191839567233 ], [ 117.730807320932954, 4.090502501549991 ], [ 117.72818504493786, 4.094578428205389 ], [ 117.725180464894592, 4.09838132292628 ], [ 117.721821811247722, 4.101875454460002 ], [ 117.718140641247942, 4.105027992632223 ], [ 117.700526553392095, 4.118690201832957 ] ], [ [ 117.58259470105537, 3.307438265328438 ], [ 117.586285462541284, 3.304316615134383 ], [ 117.590260417058659, 3.301565950330254 ], [ 117.594482412424369, 3.299211980191999 ], [ 117.598911987471169, 3.297276706261849 ], [ 117.603507740874164, 3.295778216709407 ], [ 117.60822671811114, 3.29473051726934 ], [ 117.613024812939955, 3.294143400335825 ], [ 117.617857179640481, 3.294022353437272 ], [ 117.62267865216819, 3.294368507946763 ], [ 117.627444166301714, 3.295178628507596 ], [ 117.632109180838611, 3.296445143272772 ], [ 117.636630093902781, 3.298156214675773 ], [ 117.640964650472327, 3.300295850071187 ], [ 117.645072337319036, 3.302844051211054 ], [ 117.648914761668024, 3.305777001159859 ], [ 117.652456010038392, 3.309067286901137 ], [ 117.655662983911057, 3.312684155555098 ], [ 117.658505709086256, 3.316593801812516 ], [ 117.66095761583955, 3.320759683898352 ], [ 117.662995787257444, 3.325142865111946 ], [ 117.664601173431947, 3.329702377751536 ], [ 117.665758769511868, 3.33439560602168 ], [ 117.671010375068889, 3.361200676075367 ], [ 117.671717257795208, 3.366065816440145 ], [ 117.671942939436292, 3.370976859277938 ], [ 117.671685238167584, 3.37588632605284 ], [ 117.670946645370108, 3.380746753465864 ], [ 117.669734301544523, 3.385511152316331 ], [ 117.668059927278861, 3.390133461779816 ], [ 117.665939709937234, 3.394568994710823 ], [ 117.663394147165178, 3.398774869665129 ], [ 117.660447848724274, 3.402710425465133 ], [ 117.657129298572215, 3.406337614300312 ], [ 117.653470579488115, 3.409621369562405 ], [ 117.649507062905499, 3.412529944859195 ], [ 117.645277066951621, 3.415035220929414 ], [ 117.640821485998913, 3.417112977491588 ], [ 117.636183395310056, 3.418743127398689 ], [ 117.63140763459883, 3.41990991083484 ], [ 117.626540374532837, 3.420602047676633 ], [ 117.605286069549592, 3.422564553166564 ], [ 117.600248589343124, 3.422774402593157 ], [ 117.595215586260551, 3.422475866861147 ], [ 117.590238236367668, 3.421671981510948 ], [ 117.585367149843194, 3.420370920527135 ], [ 117.580651856369599, 3.418585913224573 ], [ 117.576140301510364, 3.416335109731455 ], [ 117.571878359194955, 3.413641396437029 ], [ 117.567909365268136, 3.41053216328056 ], [ 117.564273676846909, 3.407039025247764 ], [ 117.561008261965412, 3.403197500906546 ], [ 117.558146323680376, 3.399046651250745 ], [ 117.555716962459144, 3.39462868252414 ], [ 117.553744880283361, 3.389988517063253 ], [ 117.552250129476761, 3.385173336522652 ], [ 117.551247908811177, 3.380232102127286 ], [ 117.550748408964026, 3.375215056829988 ], [ 117.550756708898419, 3.370173214436226 ], [ 117.5512727242198, 3.365157840890762 ], [ 117.55376594377914, 3.34898597387717 ], [ 117.554715683961348, 3.344316081493264 ], [ 117.556105691332888, 3.339757816384913 ], [ 117.5579233391217, 3.335352585652383 ], [ 117.560152115887021, 3.331140406237717 ], [ 117.562771775508708, 3.327159541412404 ], [ 117.565758521102225, 3.323446153195339 ], [ 117.569085221188487, 3.320033973858464 ], [ 117.58259470105537, 3.307438265328438 ] ], [ [ 117.06981019518345, 7.182950263626582 ], [ 117.070147465123455, 7.178131041272709 ], [ 117.070948251299498, 7.173366862790669 ], [ 117.072205078002654, 7.168702203987847 ], [ 117.073906212174919, 7.164180611609444 ], [ 117.076035772942816, 7.159844296809482 ], [ 117.078573879872607, 7.155733741090188 ], [ 117.081496838563396, 7.151887318388454 ], [ 117.084777361845269, 7.148340936837414 ], [ 117.088384824517661, 7.145127703547432 ], [ 117.092285549249695, 7.142277615535922 ], [ 117.096443120973717, 7.139817279691335 ], [ 117.100818726836678, 7.137769664385562 ], [ 117.10537151853616, 7.136153885053571 ], [ 117.110058993658029, 7.134985025741986 ], [ 117.114837392456238, 7.134273998292543 ], [ 117.119662106370143, 7.13402744047501 ], [ 117.124488094466159, 7.134247654020533 ], [ 117.129270303915575, 7.134932583133915 ], [ 117.133964090583618, 7.136075833685419 ], [ 117.138525635802978, 7.137666732902913 ], [ 117.14291235544141, 7.139690429007135 ], [ 117.237047598606239, 7.188765198667737 ], [ 117.241123132043725, 7.191140824090013 ], [ 117.244956641948619, 7.193889964093022 ], [ 117.248514004610115, 7.196988147406123 ], [ 117.251763554422126, 7.200407795774932 ], [ 117.254676365752331, 7.204118469447146 ], [ 117.257226510421631, 7.208087138129805 ], [ 117.259391288501917, 7.212278475006046 ], [ 117.261151430377893, 7.216655171194205 ], [ 117.262491268274132, 7.221178267850131 ], [ 117.263398875720611, 7.225807502956508 ], [ 117.2638661737154, 7.230501669712291 ], [ 117.266191251135567, 7.275148106544165 ], [ 117.266207142052664, 7.280023245913507 ], [ 117.265748180445058, 7.284876759139461 ], [ 117.264818729612387, 7.289662504383557 ], [ 117.263427625745678, 7.294334984070385 ], [ 117.261588093922754, 7.298849777428244 ], [ 117.259317622378646, 7.303163962792735 ], [ 117.256637796246949, 7.307236525658499 ], [ 117.25357409235211, 7.311028748599798 ], [ 117.250155637004013, 7.314504579352992 ], [ 117.246414929097199, 7.317630973561613 ], [ 117.242387531147315, 7.320378208925577 ], [ 117.238111731202011, 7.322720167767958 ], [ 117.23362817884049, 7.324634585332984 ], [ 117.22897949872231, 7.326103261454726 ], [ 117.224209885359173, 7.327112233584159 ], [ 117.219364682962407, 7.327651909529635 ], [ 117.214489954360303, 7.327717158648849 ], [ 117.209632043083658, 7.327307360625301 ], [ 117.204837132782771, 7.326426411365593 ], [ 117.200150808164267, 7.325082685961448 ], [ 117.102388061056857, 7.291813464835765 ], [ 117.097867908059683, 7.290025643167188 ], [ 117.093542717612991, 7.28780735169935 ], [ 117.089453368111464, 7.285179556027927 ], [ 117.085638508961395, 7.282167092069377 ], [ 117.082134195296064, 7.278798431330837 ], [ 117.07897354721014, 7.275105411819188 ], [ 117.076186436733892, 7.271122937132557 ], [ 117.073799205505566, 7.266888646578174 ], [ 117.071834415810343, 7.262442559434406 ], [ 117.070310637338878, 7.257826696719121 ], [ 117.069242271680778, 7.253084684039147 ], [ 117.068639416211781, 7.248261339274367 ], [ 117.068507768661036, 7.243402248993376 ], [ 117.06981019518345, 7.182950263626582 ] ], [ [ 117.072346163320503, 7.900823584273902 ], [ 117.075125559264549, 7.904553808030145 ], [ 117.077546253854649, 7.90852619381036 ], [ 117.079587293935035, 7.912706357261199 ], [ 117.081231012580247, 7.917058115538124 ], [ 117.08246318201742, 7.921543800498473 ], [ 117.083273136779596, 7.926124584751049 ], [ 117.083653866024349, 7.930760817739976 ], [ 117.083602074218561, 7.93541236895374 ], [ 117.078763481379895, 8.019222120873355 ], [ 117.078236506993903, 8.024127257058966 ], [ 117.077228710753175, 8.028956585142673 ], [ 117.075749903781102, 8.033663090528011 ], [ 117.073814482596561, 8.038200954325143 ], [ 117.071441288960642, 8.04252599940807 ], [ 117.068653426447867, 8.046596120488909 ], [ 117.06547803552759, 8.050371694022338 ], [ 117.061946029345535, 8.053815963949747 ], [ 117.058091792777304, 8.05689539952774 ], [ 117.05395284768386, 8.059580021757469 ], [ 117.049569487627792, 8.061843695236954 ], [ 117.044984385606369, 8.063664382595084 ], [ 117.04024217862036, 8.06502435903041 ], [ 117.035389033122698, 8.065910384866067 ], [ 117.030472195577758, 8.066313834441006 ], [ 117.025539532506301, 8.066230780082764 ], [ 117.015049437060625, 8.065535428100867 ], [ 117.010264699178478, 8.064985797301654 ], [ 117.005555039702273, 8.063978365797965 ], [ 117.000964156379752, 8.062522480865949 ], [ 116.996534644914931, 8.060631650678069 ], [ 116.992307603751456, 8.058323418969902 ], [ 116.988322252747821, 8.055619202263674 ], [ 116.984615569282909, 8.05254409115882 ], [ 116.981221945167746, 8.049126617533263 ], [ 116.978172867547272, 8.045398489815405 ], [ 116.975496626752289, 8.041394298783045 ], [ 116.973218053812673, 8.037151196618927 ], [ 116.971358290066945, 8.03270855220074 ], [ 116.969934591006194, 8.028107585823907 ], [ 116.968960166171911, 8.023390986746323 ], [ 116.968444056593682, 8.018602517103567 ], [ 116.968391050903492, 8.013786605869631 ], [ 116.968801640905355, 8.008987936630486 ], [ 116.980552842920332, 7.921511427748258 ], [ 116.981427252906684, 7.916757301631365 ], [ 116.982756655893809, 7.912109829667237 ], [ 116.984528626585885, 7.907612449560333 ], [ 116.986726603217747, 7.903307196178089 ], [ 116.989330042349849, 7.899234308671053 ], [ 116.992314610877997, 7.895431854376736 ], [ 116.995652413463233, 7.891935373022355 ], [ 116.999312253256321, 7.88877754455195 ], [ 117.003259923479774, 7.885987883682531 ], [ 117.007458527142347, 7.883592464044088 ], [ 117.011868821897536, 7.881613674481807 ], [ 117.0164495868232, 7.880070009798208 ], [ 117.021158007693742, 7.878975897891044 ], [ 117.025950077144344, 7.878341564902621 ], [ 117.030781005986782, 7.878172939640923 ], [ 117.035605641832618, 7.878471598165866 ], [ 117.040378891111089, 7.879234749058623 ], [ 117.045056140537142, 7.880455259511682 ], [ 117.049593674090588, 7.882121721995798 ], [ 117.053949081608849, 7.884218560880727 ], [ 117.058081655174604, 7.886726178013221 ], [ 117.061952769593205, 7.889621135891612 ], [ 117.065526243403994, 7.892876376724974 ], [ 117.068768677051139, 7.896461475329392 ], [ 117.072346163320503, 7.900823584273902 ] ], [ [ 109.45353863281666, -1.280494881801404 ], [ 109.4577742674321, -1.283218015878397 ], [ 109.46226232008523, -1.285501312438095 ], [ 109.466957271043469, -1.287321613318861 ], [ 109.471811502123927, -1.288660456257501 ], [ 109.476775779657174, -1.289504262141373 ], [ 109.481799753836029, -1.289844472733496 ], [ 109.486832469384609, -1.289677637473823 ], [ 109.491822882368368, -1.289005448476284 ], [ 109.496720377903273, -1.287834723366643 ], [ 109.501475283513486, -1.286177336135256 ], [ 109.506039372930616, -1.284050096706022 ], [ 109.743802845087302, -1.158289833109339 ], [ 109.748048923699329, -1.155768054350034 ], [ 109.752025520173319, -1.152839704614519 ], [ 109.755693841137798, -1.149533351186349 ], [ 109.759018100578587, -1.145881248934119 ], [ 109.761965868946405, -1.141919025651654 ], [ 109.764508389520756, -1.137685334493886 ], [ 109.766620858943881, -1.133221476899072 ], [ 109.768282669187883, -1.128570999675889 ], [ 109.769477608594741, -1.123779270185993 ], [ 109.770194020027873, -1.118893033766324 ], [ 109.770424914592354, -1.11395995770868 ], [ 109.770168039814578, -1.10902816624523 ], [ 109.769425901616088, -1.104145771076386 ], [ 109.758640968664963, -1.051011086399902 ], [ 109.757437216002288, -1.046279045757643 ], [ 109.755777647067049, -1.041686980855866 ], [ 109.753678088324563, -1.037278683883142 ], [ 109.751158562199223, -1.033096194526721 ], [ 109.748243096130849, -1.029179399061406 ], [ 109.744959493437278, -1.025565649974427 ], [ 109.741339068168145, -1.022289409753761 ], [ 109.737416346478781, -1.0193819222369 ], [ 109.733228737371803, -1.016870914654256 ], [ 109.728816175946491, -1.014780333208662 ], [ 109.724220742557989, -1.013130114712607 ], [ 109.719486261518412, -1.011935996460992 ], [ 109.714657883166652, -1.011209366152547 ], [ 109.506355869945921, -0.990199244140239 ], [ 109.501309365789055, -0.989946839341467 ], [ 109.496263155503485, -0.990205052705885 ], [ 109.491268772830281, -0.99097124726438 ], [ 109.486377222228057, -0.992237598358494 ], [ 109.481638457996738, -0.993991173548693 ], [ 109.47710087412608, -0.996214064685157 ], [ 109.472810810078613, -0.998883570792346 ], [ 109.468812077554048, -1.001972429899644 ], [ 109.465145513068279, -1.005449097450551 ], [ 109.461848560915996, -1.009278068447212 ], [ 109.458954890775786, -1.013420240040404 ], [ 109.45649405386321, -1.017833310862111 ], [ 109.454491181142885, -1.022472213022531 ], [ 109.452966726682007, -1.027289572359809 ], [ 109.451936258765883, -1.032236192242273 ], [ 109.421994956660114, -1.224069416418729 ], [ 109.421471018546285, -1.229057486414955 ], [ 109.421449441103221, -1.234072951283571 ], [ 109.421930441446193, -1.239065344708015 ], [ 109.422909179681767, -1.243984432519856 ], [ 109.424375807607433, -1.248780718162102 ], [ 109.426315567805673, -1.253405940730551 ], [ 109.428708942135145, -1.257813560581835 ], [ 109.431531848124976, -1.261959227621888 ], [ 109.434755881295999, -1.265801227562864 ], [ 109.438348600970684, -1.269300901658201 ], [ 109.442273856695721, -1.272423035692384 ], [ 109.45353863281666, -1.280494881801404 ] ], [ [ 108.26330529959624, 3.791361835887667 ], [ 108.264971387681754, 3.789655870549477 ], [ 108.268788856557777, 3.786456333620897 ], [ 108.272905723658965, 3.783652495100601 ], [ 108.277281133022996, 3.781272180400024 ], [ 108.281871662903299, 3.779339011862397 ], [ 108.28663175668818, 3.777872174333616 ], [ 108.291514175006668, 3.776886224771029 ], [ 108.296470464533968, 3.776390947779573 ], [ 108.30145143884431, 3.776391258508948 ], [ 108.306407666539059, 3.776887153875464 ], [ 108.311289961806068, 3.77787371259264 ], [ 108.316049872541711, 3.779341144010261 ], [ 108.320640161191591, 3.781274885277204 ], [ 108.325015273538042, 3.783655745863781 ], [ 108.329131790782057, 3.786460098009368 ], [ 108.332948860433319, 3.789660111205289 ], [ 108.336428601732052, 3.793224028385962 ], [ 108.339536481579174, 3.797116481087349 ], [ 108.342241657244358, 3.801298840445084 ], [ 108.344517282450482, 3.805729600548945 ], [ 108.392984895161547, 3.91292463712368 ], [ 108.394733026442253, 3.917337874095942 ], [ 108.396054772190567, 3.921896998104428 ], [ 108.39693821944671, 3.926560917539144 ], [ 108.397375405656945, 3.931287596263736 ], [ 108.397362390440321, 3.936034432489272 ], [ 108.396899291103637, 3.940758642746266 ], [ 108.395990281584105, 3.945417647494205 ], [ 108.394643554829443, 3.949969454893053 ], [ 108.392871248954435, 3.954373039277776 ], [ 108.390689337839547, 3.958588710924693 ], [ 108.256952651741656, 4.18943065563589 ], [ 108.254209239399643, 4.193659210771118 ], [ 108.251054025725352, 4.197590065192175 ], [ 108.247519076511452, 4.201183270427774 ], [ 108.243640316725404, 4.204402309466392 ], [ 108.239457165411352, 4.207214467871208 ], [ 108.235012135082428, 4.209591166250249 ], [ 108.230350399674748, 4.211508250702915 ], [ 108.225519335453882, 4.212946238291144 ], [ 108.220568039539629, 4.213890515040536 ], [ 108.215546830941904, 4.214331484459191 ], [ 108.210506739178996, 4.214264665064901 ], [ 108.205498985674922, 4.21369073592953 ], [ 108.200574463206593, 4.212615529777758 ], [ 108.195783218690849, 4.211049973710281 ], [ 108.19117394456795, 4.209009978153921 ], [ 108.186793483950169, 4.206516275167202 ], [ 108.182686354564794, 4.203594207744674 ], [ 108.178894296329617, 4.200273472261226 ], [ 108.010896204140025, 4.037482637966743 ], [ 108.007576933315818, 4.03393786558498 ], [ 108.004617196543549, 4.030087809964371 ], [ 108.002044913576668, 4.025968789403462 ], [ 107.999884349244027, 4.021619659397652 ], [ 107.998155884555217, 4.017081446107997 ], [ 107.996875824442597, 4.012396959353718 ], [ 107.996056243953916, 4.007610388779135 ], [ 107.995704874346004, 4.002766887004433 ], [ 107.995825030154421, 3.997912143692515 ], [ 107.996415577926868, 3.993091954549818 ], [ 107.997470946915143, 3.988351789326804 ], [ 107.998981181625183, 3.983736362893252 ], [ 108.000932035728979, 3.979289213434488 ], [ 108.052914993037476, 3.874887837923282 ], [ 108.055366146858105, 3.870526540183396 ], [ 108.058240867494092, 3.866432025035868 ], [ 108.061510374308341, 3.862645285248156 ], [ 108.065141934210942, 3.859204232254935 ], [ 108.069099189370675, 3.856143316602869 ], [ 108.07334252121619, 3.853493183044514 ], [ 108.077829447082436, 3.851280363734417 ], [ 108.082515045531338, 3.849527012599023 ], [ 108.261212749870765, 3.792675261445195 ], [ 108.262348262300094, 3.792251707230648 ], [ 108.26330529959624, 3.791361835887667 ] ], [ [ 105.697074422968214, 2.951755712158187 ], [ 105.697677955247485, 2.946963203403007 ], [ 105.698741121693956, 2.942251296306332 ], [ 105.700253999821385, 2.937663966892374 ], [ 105.702202470003925, 2.933244028507245 ], [ 105.704568347254039, 2.929032732243857 ], [ 105.70732955094212, 2.925069381947263 ], [ 105.710460310874126, 2.921390967393584 ], [ 105.713931407803642, 2.91803181906603 ], [ 105.717710446133836, 2.915023287749995 ], [ 105.721762156264148, 2.912393451937537 ], [ 105.726048723759988, 2.910166855772034 ], [ 105.730530142273153, 2.908364279978758 ], [ 105.735164586919353, 2.907002547919268 ], [ 105.739908804628087, 2.906094368579714 ], [ 105.744718517821582, 2.905648217958411 ], [ 105.749548837655581, 2.905668259959725 ], [ 105.754354682964959, 2.906154307532528 ], [ 105.75909120100421, 2.90710182441594 ], [ 105.763714186056305, 2.908501967476057 ], [ 105.768180492002571, 2.910341669238531 ], [ 105.772448435003696, 2.912603759846744 ], [ 105.776478182533069, 2.915267127307333 ], [ 105.780232125132088, 2.918306914527502 ], [ 105.796593292102202, 2.932918943650304 ], [ 105.800112507539637, 2.936389464538447 ], [ 105.803271879204814, 2.940190485876383 ], [ 105.80604053448549, 2.944284865007202 ], [ 105.808391418755022, 2.948632592652925 ], [ 105.810301559743564, 2.953191183875442 ], [ 105.811752292017516, 2.957916093229009 ], [ 105.812729439373612, 2.96276115004752 ], [ 105.81322345336531, 2.967679009613034 ], [ 105.813229506607954, 2.972621615796858 ], [ 105.812747539950692, 2.977540670652358 ], [ 105.811782263054596, 2.982388106370755 ], [ 105.810343108370958, 2.987116554988079 ], [ 105.808444138969634, 2.991679811253397 ], [ 105.8061039111182, 2.996033284135301 ], [ 105.80334529295456, 3.00013443255463 ], [ 105.800195241025108, 3.003943181085561 ], [ 105.796684536871865, 3.007422311562928 ], [ 105.792847486242763, 3.010537826769095 ], [ 105.788721583864202, 3.013259282646498 ], [ 105.784347147051662, 3.015560085789585 ], [ 105.766209932378786, 3.023982857532622 ], [ 105.761616753992115, 3.025845044861751 ], [ 105.756861777151428, 3.027243338316296 ], [ 105.751991724314948, 3.028163998248362 ], [ 105.747054448679023, 3.028597978242651 ], [ 105.742098463971985, 3.028541014006646 ], [ 105.737172467757745, 3.027993665271599 ], [ 105.732324862932899, 3.026961310292603 ], [ 105.727603282119347, 3.025454093001799 ], [ 105.723054119625587, 3.023486823333974 ], [ 105.71872207557567, 3.021078831703974 ], [ 105.714649716685287, 3.018253779065815 ], [ 105.710877058000662, 3.015039424419876 ], [ 105.707441169710307, 3.011467352052632 ], [ 105.70437581289292, 3.007572661189085 ], [ 105.70171110778054, 3.00339362110737 ], [ 105.699473237796866, 2.998971295104376 ], [ 105.697684192278643, 2.994349137007311 ], [ 105.696361550408128, 2.989572564195881 ], [ 105.695518308479848, 2.984688511330592 ], [ 105.695162752198897, 2.979744969172218 ], [ 105.695298375265452, 2.974790513024025 ], [ 105.697074422968214, 2.951755712158187 ] ], [ [ 104.791564180031202, -0.173353780698115 ], [ 104.787502473953211, -0.176020822304871 ], [ 104.783718828423559, -0.179069525914956 ], [ 104.780248977049055, -0.18247109887979 ], [ 104.777125689893325, -0.186193415972551 ], [ 104.774378463988867, -0.190201322786101 ], [ 104.772033244760422, -0.194456967739184 ], [ 104.770112180990438, -0.19892015955535 ], [ 104.768633415641034, -0.203548746838484 ], [ 104.767610914507657, -0.208299016160158 ], [ 104.767054334322992, -0.213126104899165 ], [ 104.766968931556576, -0.217984424934289 ], [ 104.76735551277153, -0.222828093188872 ], [ 104.768210427007133, -0.227611364960992 ], [ 104.769525600259385, -0.232289065946813 ], [ 104.771288611733723, -0.236817018876955 ], [ 104.773482811149776, -0.24115246073665 ], [ 104.776087475990437, -0.245254446629358 ], [ 104.779078007210032, -0.249084236469654 ], [ 104.782426161553232, -0.25260566085339 ], [ 104.786100318290778, -0.255785462649752 ], [ 104.79006577785286, -0.258593611089144 ], [ 104.847476358051338, -0.295195178123044 ], [ 104.851997716451166, -0.297757430013264 ], [ 104.856760608142409, -0.299836535413694 ], [ 104.861713579003094, -0.301410033485456 ], [ 104.866803121461913, -0.302460925529658 ], [ 104.871974252547275, -0.302977858626491 ], [ 104.877171107875355, -0.30295524828226 ], [ 104.882337545160055, -0.302393338759377 ], [ 104.906361543694885, -0.298508269710295 ], [ 104.911172923708691, -0.297485085420266 ], [ 104.915860481779589, -0.295994084729319 ], [ 104.920378849313579, -0.294049698307757 ], [ 104.924684295229511, -0.291670744925794 ], [ 104.928735149210993, -0.288880249315832 ], [ 104.932492205013133, -0.285705219327281 ], [ 104.935919099920639, -0.282176384530719 ], [ 104.938982666684936, -0.278327898801335 ], [ 104.941653254533747, -0.274197009760182 ], [ 104.943905016146559, -0.269823698272576 ], [ 104.945716157818225, -0.265250291492753 ], [ 104.947069150389623, -0.260521053199932 ], [ 104.947950898903912, -0.255681755390735 ], [ 104.948352869346195, -0.250779235274296 ], [ 104.948271171240123, -0.245860941957706 ], [ 104.947706595301923, -0.240974477209184 ], [ 104.946664605787433, -0.236167134743722 ], [ 104.945155287606212, -0.231485442490232 ], [ 104.94319324871465, -0.22697471227035 ], [ 104.94079747873262, -0.222678601247368 ], [ 104.937991165152241, -0.21863868938978 ], [ 104.934801468917328, -0.214894077039005 ], [ 104.931259261545947, -0.211481006476202 ], [ 104.876065864019196, -0.163304187052473 ], [ 104.872297476157328, -0.160321451867466 ], [ 104.868260128232478, -0.157714292878228 ], [ 104.863991121231507, -0.155506797581046 ], [ 104.859529896435404, -0.153719360986349 ], [ 104.854917671022022, -0.152368497189563 ], [ 104.850197057261241, -0.151466686797674 ], [ 104.845411668821015, -0.151022261621114 ], [ 104.840605717821418, -0.151039327696315 ], [ 104.835823606359668, -0.151517727350105 ], [ 104.831109516279881, -0.152453040656454 ], [ 104.826507000977827, -0.153836626272087 ], [ 104.822058583011867, -0.155655701273709 ], [ 104.81780536123776, -0.157893459259204 ], [ 104.791564180031202, -0.173353780698115 ] ], [ [ 104.689850769217429, -0.217498228373053 ], [ 104.694358442110257, -0.215612562206285 ], [ 104.698660536646528, -0.213295919289876 ], [ 104.702715968078451, -0.210570423426351 ], [ 104.706486007276268, -0.207462102939638 ], [ 104.709934650589119, -0.204000642106126 ], [ 104.7130289636778, -0.200219097671582 ], [ 104.71573939603573, -0.196153583161188 ], [ 104.718040063194579, -0.191842923997515 ], [ 104.719908993919361, -0.187328286720043 ], [ 104.721328340032443, -0.182652785847146 ], [ 104.722284546862596, -0.177861072135 ], [ 104.722768482691237, -0.172998906165503 ], [ 104.722775525959932, -0.168112721335439 ], [ 104.722305609405865, -0.163249180420284 ], [ 104.721363220704262, -0.158454729947469 ], [ 104.719957359611371, -0.153775156634796 ], [ 104.718101452017294, -0.149255150129999 ], [ 104.715813221729519, -0.144937876227254 ], [ 104.713114521211665, -0.140864564636408 ], [ 104.710031122893696, -0.137074115241688 ], [ 104.706592473046769, -0.13360272661012 ], [ 104.590042707084834, -0.026913908000018 ], [ 104.586352136601803, -0.023847696845421 ], [ 104.582384656830016, -0.021149351872049 ], [ 104.578176803435852, -0.018843721557358 ], [ 104.573767325634563, -0.016952037954129 ], [ 104.569196829357125, -0.015491721169072 ], [ 104.56450740331897, -0.014476218944812 ], [ 104.559742231434072, -0.013914882822525 ], [ 104.554945195143588, -0.013812882025613 ], [ 104.550160469321114, -0.014171155857437 ], [ 104.545432115475805, -0.014986405051475 ], [ 104.540803675999427, -0.016251122153557 ], [ 104.536317773193844, -0.017953660656396 ], [ 104.532015716771426, -0.020078342249756 ], [ 104.527937123442825, -0.022605601198643 ], [ 104.524119552095215, -0.025512164519933 ], [ 104.52059815792056, -0.028771266298267 ], [ 104.517405368679093, -0.032352894167595 ], [ 104.514570586078989, -0.036224065688586 ], [ 104.51211991502241, -0.040349132076811 ], [ 104.51007592321109, -0.044690106484713 ], [ 104.456895227752582, -0.173310083329188 ], [ 104.455266036419772, -0.177862119991143 ], [ 104.454084110747644, -0.18255022769855 ], [ 104.453360501884077, -0.187330572077699 ], [ 104.453101975659408, -0.192158456330854 ], [ 104.453310949325086, -0.196988739156708 ], [ 104.453985468952098, -0.201776256827013 ], [ 104.455119227700379, -0.206476245472892 ], [ 104.456701624788607, -0.211044759632427 ], [ 104.458717864612737, -0.215439083146037 ], [ 104.461149095086725, -0.219618128557736 ], [ 104.463972583911783, -0.22354282128781 ], [ 104.467161931126114, -0.227176464984863 ], [ 104.470687315947771, -0.230485084641135 ], [ 104.474515775602583, -0.233437744262932 ], [ 104.478611513530026, -0.23600683612591 ], [ 104.521381336145751, -0.260034826331033 ], [ 104.525647981584072, -0.262170689363914 ], [ 104.530098788603112, -0.2638901343531 ], [ 104.534693226063709, -0.265177503224937 ], [ 104.539389454860455, -0.266021072593831 ], [ 104.544144708928215, -0.266413160520902 ], [ 104.54891568469003, -0.266350196469333 ], [ 104.553658935399781, -0.26583275381935 ], [ 104.558331266788713, -0.264865544646755 ], [ 104.562890130412711, -0.263457376812549 ], [ 104.689850769217429, -0.217498228373053 ] ], [ [ 104.485064674987797, 1.033602438315804 ], [ 104.484398288938678, 1.032714701407132 ], [ 104.444442293906846, 0.984696519617442 ], [ 104.441523179767529, 0.980820265730381 ], [ 104.438993558459515, 0.97667930115755 ], [ 104.436877255546477, 0.972312628106401 ], [ 104.435194203699609, 0.967761374648718 ], [ 104.433960254959189, 0.963068407350583 ], [ 104.433187031430151, 0.958277927528113 ], [ 104.432881815817751, 0.953435054931678 ], [ 104.43304748283451, 0.948585402779728 ], [ 104.433682472124303, 0.94377464814483 ], [ 104.434780802958826, 0.93904810173828 ], [ 104.436332130567862, 0.934450281145349 ], [ 104.438321843572794, 0.930024491530671 ], [ 104.440731201605743, 0.925812417762988 ], [ 104.472034154603719, 0.876773848638864 ], [ 104.474930644711691, 0.872700555091854 ], [ 104.478219331845949, 0.868936792054864 ], [ 104.481867353635536, 0.865520169118629 ], [ 104.485838257039916, 0.862484827059033 ], [ 104.490092362607868, 0.859861096683697 ], [ 104.494587160976323, 0.857675195749862 ], [ 104.49927773764739, 0.855948966982135 ], [ 104.504117221798651, 0.854699659807975 ], [ 104.551065094756581, 0.845054184630766 ], [ 104.555902820377909, 0.844304925645026 ], [ 104.560790629352425, 0.844032342366735 ], [ 104.565681667185885, 0.844239047776821 ], [ 104.570529048432249, 0.844923060399025 ], [ 104.57528630613713, 0.846077823294311 ], [ 104.579907837269616, 0.847692266915628 ], [ 104.584349339872546, 0.84975091522049 ], [ 104.588568237740674, 0.852234034024185 ], [ 104.592524088555791, 0.8551178201715 ], [ 104.596178971566474, 0.858374629713555 ], [ 104.599497851096004, 0.861973242902461 ], [ 104.602448912394152, 0.865879163463547 ], [ 104.605003866613032, 0.87005494927635 ], [ 104.607138221983746, 0.874460571294457 ], [ 104.608831518594329, 0.879053797263593 ], [ 104.610067524518215, 0.883790596559644 ], [ 104.650491887089515, 1.076979347844487 ], [ 104.651239028660456, 1.081635911698173 ], [ 104.651544116926217, 1.086342155274592 ], [ 104.65140443760103, 1.091056208428365 ], [ 104.650821233373136, 1.09573613153447 ], [ 104.649799692849001, 1.100340288613463 ], [ 104.648348904391682, 1.104827717755255 ], [ 104.646481775264192, 1.109158495545878 ], [ 104.644214916797139, 1.113294092255043 ], [ 104.597413214692736, 1.189872109168528 ], [ 104.594620619566768, 1.193969872344556 ], [ 104.591435854218659, 1.197770861723909 ], [ 104.58789024431961, 1.201237690394061 ], [ 104.584018664843981, 1.204336258280719 ], [ 104.579859197035532, 1.20703608755957 ], [ 104.575452753836572, 1.209310622439212 ], [ 104.570842677464057, 1.211137490366584 ], [ 104.566074313091292, 1.212498722085638 ], [ 104.561194562828192, 1.213380928384745 ], [ 104.556251424387455, 1.21377543179432 ], [ 104.551293518974262, 1.213678351939283 ], [ 104.546369613043211, 1.213090643706819 ], [ 104.54152813862656, 1.212018087854012 ], [ 104.536816716951975, 1.210471234147735 ], [ 104.280707091062482, 1.112065475997813 ], [ 104.27609645368814, 1.110021425830503 ], [ 104.271715189471749, 1.107523298141524 ], [ 104.267607875354912, 1.104596509999233 ], [ 104.263816300988381, 1.101270839855147 ], [ 104.26037904354547, 1.097580124564662 ], [ 104.257331075220677, 1.093561915115758 ], [ 104.254703407406879, 1.089257094568446 ], [ 104.252522775171613, 1.084709462092234 ], [ 104.25081136524247, 1.079965287333791 ], [ 104.249586590269473, 1.075072839648863 ], [ 104.248860911660969, 1.070081896988265 ], [ 104.248641712795674, 1.065043239434743 ], [ 104.248931223900854, 1.060008132543703 ], [ 104.24972649936106, 1.055027805744525 ], [ 104.251019447688094, 1.050152931109434 ], [ 104.252796913847405, 1.045433107793174 ], [ 104.255839252040332, 1.03844523723194 ], [ 104.258060202770295, 1.033969410787793 ], [ 104.260716780332828, 1.029737597918913 ], [ 104.263782455459548, 1.025792058599573 ], [ 104.267226613528294, 1.022172194002581 ], [ 104.271014860288673, 1.01891415302901 ], [ 104.275109365331943, 1.016050471315948 ], [ 104.279469239875155, 1.013609746327241 ], [ 104.284050945087145, 1.01161635177185 ], [ 104.288808726878486, 1.010090194201703 ], [ 104.293695072813676, 1.009046514219743 ], [ 104.298661186582478, 1.008495734283329 ], [ 104.303657475292525, 1.0084433546229 ], [ 104.308634044716726, 1.008889898315248 ], [ 104.483959085314368, 1.033503349168826 ], [ 104.485064674987797, 1.033602438315804 ] ], [ [ 104.344883611537782, -0.427409581862469 ], [ 104.343570886233948, -0.426261795089164 ], [ 104.339636130008756, -0.423443088166532 ], [ 104.335447268424858, -0.421018040971476 ], [ 104.331043555162168, -0.419009378539069 ], [ 104.326466257268422, -0.417435923976884 ], [ 104.321758268447056, -0.416312422074296 ], [ 104.316963707101721, -0.415649401129554 ], [ 104.312127502904289, -0.415453074289459 ], [ 104.307294975760399, -0.415725281326176 ], [ 104.302511411118104, -0.41646347139679 ], [ 104.297821635599561, -0.417660726947169 ], [ 104.293269596932177, -0.419305828536128 ], [ 104.288897952116031, -0.421383359972435 ], [ 104.284747667686545, -0.423873852779415 ], [ 104.280857635818407, -0.426753968633384 ], [ 104.277264309868443, -0.429996718066289 ], [ 104.274001362772324, -0.433571713383103 ], [ 104.271099371496689, -0.437445453423878 ], [ 104.268585530503444, -0.441581637501985 ], [ 104.266483396911326, -0.445941505576618 ], [ 104.264812669742966, -0.450484201471817 ], [ 104.263589005326054, -0.455167155738314 ], [ 104.262823870578359, -0.459946484570398 ], [ 104.262524435551668, -0.46477740103957 ], [ 104.262693506241462, -0.469614634791331 ], [ 104.263329498292038, -0.474412856272143 ], [ 104.264426451843462, -0.479127101511135 ], [ 104.265974087381167, -0.483713193475953 ], [ 104.267957902064978, -0.488128156054233 ], [ 104.319607244632422, -0.589624643254562 ], [ 104.322009459044253, -0.593828375767539 ], [ 104.324806997246725, -0.597780056565228 ], [ 104.327973627282361, -0.60144263152535 ], [ 104.331479656293226, -0.604781757413376 ], [ 104.335292208944907, -0.607766123912184 ], [ 104.339375535692014, -0.610367747212647 ], [ 104.343691347994451, -0.612562232412237 ], [ 104.348199177341499, -0.614329002261148 ], [ 104.352856754716896, -0.61565149011107 ], [ 104.357620406947049, -0.616517295257339 ], [ 104.362445466215576, -0.61691829921787 ], [ 104.367286688904542, -0.616850741858547 ], [ 104.372098679834906, -0.616315256651247 ], [ 104.376836317927939, -0.615316864733902 ], [ 104.381455179296623, -0.613864927828289 ], [ 104.385911953799635, -0.611973060457038 ], [ 104.390164851151809, -0.609659002282962 ], [ 104.394173992783337, -0.606944451767787 ], [ 104.397901785773172, -0.60385486271 ], [ 104.401313275350347, -0.600419205569664 ], [ 104.404376472657859, -0.596669695818196 ], [ 104.41970961247344, -0.575927148774787 ], [ 104.420439167631997, -0.575033058812374 ], [ 104.421520142555352, -0.575436965739079 ], [ 104.470721608128429, -0.59655479907754 ], [ 104.47523375114109, -0.5982390380889 ], [ 104.47988700679862, -0.599481337328166 ], [ 104.484638200155729, -0.600270170198566 ], [ 104.489443247558285, -0.600598217563023 ], [ 104.494257565670694, -0.600462435654326 ], [ 104.499036485139641, -0.599864084316529 ], [ 104.503735665055956, -0.598808715315569 ], [ 104.50831150436899, -0.597306120827549 ], [ 104.512721546436254, -0.595370242582632 ], [ 104.51692487295476, -0.593019042507566 ], [ 104.520882483618976, -0.590274336067051 ], [ 104.524557657982768, -0.587161589850297 ], [ 104.527916296167746, -0.583709685280852 ], [ 104.530927235256911, -0.579950650642091 ], [ 104.533562538437891, -0.575919363904772 ], [ 104.579953050545299, -0.496888435713311 ], [ 104.582279037313, -0.492425559792939 ], [ 104.584144609971986, -0.487751470087101 ], [ 104.585530868423604, -0.482913519753595 ], [ 104.586423768496843, -0.47796072202066 ], [ 104.586814264229659, -0.472943253634431 ], [ 104.586698399513537, -0.467911946518808 ], [ 104.586077348172807, -0.462917772797727 ], [ 104.584957402072618, -0.45801132839706 ], [ 104.583349907376132, -0.453242320457781 ], [ 104.581271149596617, -0.448659063753394 ], [ 104.578742188609141, -0.444307991213433 ], [ 104.575788645293116, -0.4402331835119 ], [ 104.572440441967416, -0.436475922486374 ], [ 104.50081560163197, -0.363818246793625 ], [ 104.497249857627409, -0.360535683477837 ], [ 104.493383052315906, -0.357613771618941 ], [ 104.489251517816939, -0.355079965211179 ], [ 104.484894073619174, -0.352958071648434 ], [ 104.480351661836437, -0.351268028032324 ], [ 104.475666962519668, -0.350025713845169 ], [ 104.47088399263933, -0.349242801747946 ], [ 104.466047692506379, -0.348926647905127 ], [ 104.461203503517567, -0.349080222866887 ], [ 104.456396941192523, -0.349702083658104 ], [ 104.451673167514471, -0.350786387336417 ], [ 104.447076566592742, -0.352322945891928 ], [ 104.442650327634013, -0.354297321972736 ], [ 104.438436039140868, -0.356690964536864 ], [ 104.434473298150323, -0.359481383156009 ], [ 104.347011053476677, -0.427642013090424 ], [ 104.346041363195511, -0.428323693401308 ], [ 104.344883611537782, -0.427409581862469 ] ], [ [ 104.060517777336685, 1.022280143342881 ], [ 104.065299458467251, 1.023085408242774 ], [ 104.069980650403224, 1.024350069482747 ], [ 104.074517325736792, 1.026062232708344 ], [ 104.078866816263414, 1.028205794732681 ], [ 104.082988214283546, 1.030760594989661 ], [ 104.086842757346517, 1.033702605147535 ], [ 104.090394192818025, 1.03700415509946 ], [ 104.093609118842309, 1.04063419320556 ], [ 104.096457298492297, 1.0445585783389 ], [ 104.098911944153045, 1.048740400988596 ], [ 104.100949969463855, 1.053140330400056 ], [ 104.102552206449417, 1.057716984487428 ], [ 104.103703585797845, 1.062427319039172 ], [ 104.104393278590194, 1.067227032556199 ], [ 104.10761835387207, 1.101359078703418 ], [ 104.107839351606088, 1.106330716699787 ], [ 104.107565035977473, 1.111299698014029 ], [ 104.106798124469279, 1.116216797881224 ], [ 104.105546214421111, 1.121033305495324 ], [ 104.103821707766883, 1.125701506558359 ], [ 104.10164168817613, 1.130175155957821 ], [ 104.099027751816166, 1.134409935889698 ], [ 104.096005793411621, 1.138363894888801 ], [ 104.09260574972069, 1.141997863417164 ], [ 104.08886130296932, 1.145275841893541 ], [ 104.084809547181322, 1.148165357320007 ], [ 104.08049062070971, 1.150637784972777 ], [ 104.07594730860977, 1.152668631970458 ], [ 104.071224618792783, 1.154237779910557 ], [ 104.066369336159184, 1.155329684170628 ], [ 104.061429559128158, 1.155933527899667 ], [ 104.056454223155029, 1.156043329174271 ], [ 104.051492615956576, 1.155658000258024 ], [ 104.046593889246722, 1.154781358377057 ], [ 104.041806571819464, 1.153422087905043 ], [ 104.037178088802833, 1.151593654332237 ], [ 103.955909158597848, 1.114713882194575 ], [ 103.951640292897665, 1.112523888193394 ], [ 103.947600983343747, 1.109934821485295 ], [ 103.943828422748211, 1.106970521459254 ], [ 103.940357347774736, 1.103658282545785 ], [ 103.93721971909325, 1.1000286028976 ], [ 103.934444427095144, 1.096114903571299 ], [ 103.932057025878876, 1.0919532207958 ], [ 103.930079497954964, 1.087581874161005 ], [ 103.928530051837413, 1.083041113781926 ], [ 103.927422954384866, 1.078372749687093 ], [ 103.926768399435389, 1.07361976684371 ], [ 103.926572413944569, 1.068825929364325 ], [ 103.926836802490982, 1.064035377539336 ], [ 103.9275591306602, 1.059292221405776 ], [ 103.928732747460131, 1.054640134594643 ], [ 103.930346846561463, 1.050121952196552 ], [ 103.932386565799334, 1.045779276348409 ], [ 103.934833124019832, 1.041652093172792 ], [ 103.938827562155964, 1.035596305019806 ], [ 103.941801863023699, 1.031545744261521 ], [ 103.945167731815076, 1.027814198283292 ], [ 103.948891168532157, 1.024439360935765 ], [ 103.952934561239218, 1.021455322811866 ], [ 103.957257065996046, 1.01889222688398 ], [ 103.961815019439086, 1.016775964017626 ], [ 103.966562379842628, 1.015127911437385 ], [ 103.971451192204896, 1.013964716786936 ], [ 103.976432072660856, 1.013298129964494 ], [ 103.981454707328496, 1.01313488443235 ], [ 103.986468360549708, 1.013476629199452 ], [ 104.060517777336685, 1.022280143342881 ] ], [ [ 103.826175362209938, 1.275719770069256 ], [ 103.831122900124143, 1.275066883698468 ], [ 103.836110877435118, 1.274910440831066 ], [ 103.84108960512593, 1.27525199991285 ], [ 103.846009486322103, 1.276088158415311 ], [ 103.850821510363602, 1.277410586730793 ], [ 103.855477741037177, 1.279206111150017 ], [ 103.859931794105222, 1.281456845095373 ], [ 103.864139299374216, 1.284140367302651 ], [ 103.924557140662102, 1.327061201450108 ], [ 103.928388499126115, 1.330074436765679 ], [ 103.931908252145874, 1.333446414438589 ], [ 103.935082949544778, 1.337145088683793 ], [ 103.937882420402289, 1.341135308936452 ], [ 103.94028005978501, 1.345379153907367 ], [ 103.942253081588262, 1.349836291970143 ], [ 103.943782735085094, 1.35446436445514 ], [ 103.944854483124942, 1.359219388207535 ], [ 103.945458140288238, 1.364056173583789 ], [ 103.945587969684212, 1.368928753914034 ], [ 103.945242737471645, 1.373790822348987 ], [ 103.944425724584889, 1.378596171939768 ], [ 103.943144695553201, 1.383299134768317 ], [ 103.941411824710144, 1.387855015955098 ], [ 103.939243580494136, 1.392220518419474 ], [ 103.936660568939587, 1.396354154356016 ], [ 103.933687337846393, 1.400216639516269 ], [ 103.930352143488378, 1.403771266548882 ], [ 103.926686682078213, 1.406984253850039 ], [ 103.92272578854066, 1.409825066608898 ], [ 103.918507105456769, 1.412266706996925 ], [ 103.914070725325487, 1.414285970743325 ], [ 103.846566208256363, 1.441120978644043 ], [ 103.841634606457873, 1.442789746808608 ], [ 103.836556213094795, 1.443936657587901 ], [ 103.831386089090088, 1.444549275953446 ], [ 103.826180289928075, 1.444620959778447 ], [ 103.820995257890075, 1.444150931853011 ], [ 103.815887210096164, 1.443144288310806 ], [ 103.709753161409097, 1.416420729071467 ], [ 103.705061237548378, 1.414991262479436 ], [ 103.700531946424604, 1.413108964371124 ], [ 103.696208873450189, 1.410791948119485 ], [ 103.692133619598309, 1.408062510394386 ], [ 103.688345401076305, 1.404946916601534 ], [ 103.684880671947781, 1.401475148130221 ], [ 103.681772773334728, 1.397680613842128 ], [ 103.679051612575677, 1.39359982857752 ], [ 103.67674337542698, 1.389272061772584 ], [ 103.674870274077136, 1.38473895956927 ], [ 103.667401385057744, 1.363809286420312 ], [ 103.666004416458051, 1.359206125530987 ], [ 103.665056267741988, 1.354490022748627 ], [ 103.664565715205981, 1.349704631474032 ], [ 103.664537299524284, 1.344894246459235 ], [ 103.664971283719382, 1.340103393804441 ], [ 103.665863650727431, 1.335376418813552 ], [ 103.667206140581158, 1.330757075523193 ], [ 103.668986326866133, 1.326288121704641 ], [ 103.671187731742705, 1.322010923087444 ], [ 103.673789978468932, 1.317965070468105 ], [ 103.676768980012653, 1.314188013247988 ], [ 103.680097162007002, 1.310714712792505 ], [ 103.683743717985436, 1.307577318820157 ], [ 103.687674894533956, 1.304804871816888 ], [ 103.691854303720945, 1.302423034230234 ], [ 103.696243259912805, 1.30045385293144 ], [ 103.700801137857567, 1.298915555144224 ], [ 103.705485748722239, 1.297822379729134 ], [ 103.826175362209938, 1.275719770069256 ] ], [ [ 103.608819870418657, -0.382375750553739 ], [ 103.613621868611702, -0.382648980619529 ], [ 103.618427902101729, -0.382459551456542 ], [ 103.623193498082259, -0.381809215954458 ], [ 103.627874557936821, -0.380703992016599 ], [ 103.632427765307099, -0.379154106873043 ], [ 103.636810986922356, -0.377173902442577 ], [ 103.64098366248129, -0.374781702619228 ], [ 103.657722154181542, -0.364084170306344 ], [ 103.661683152259911, -0.361272697968478 ], [ 103.66535265537253, -0.35809014720063 ], [ 103.668696032389306, -0.354566553494326 ], [ 103.67168173001248, -0.350735170951897 ], [ 103.674281570562499, -0.346632158449123 ], [ 103.676471017906394, -0.342296238383934 ], [ 103.678229409018854, -0.337768331231719 ], [ 103.67954014899054, -0.333091169356175 ], [ 103.680390867643538, -0.328308893720363 ], [ 103.680773536275467, -0.323466637304024 ], [ 103.680684543430829, -0.318610099158695 ], [ 103.68012472898431, -0.313785113120487 ], [ 103.679099376214424, -0.309037215250827 ], [ 103.677618161942277, -0.304411214087467 ], [ 103.675695065206042, -0.299950767761535 ], [ 103.67334823533308, -0.295697971971605 ], [ 103.670599820654701, -0.291692962703315 ], [ 103.66747575948007, -0.287973537443873 ], [ 103.664005535302067, -0.28457479846627 ], [ 103.660221898545288, -0.281528821549718 ], [ 103.656160557482124, -0.278864353262783 ], [ 103.651859841234085, -0.276606539666123 ], [ 103.647360338038666, -0.274776688995205 ], [ 103.642704512195721, -0.273392070562705 ], [ 103.561196197867275, -0.253404814313486 ], [ 103.556449449508932, -0.252481596513999 ], [ 103.551635717149907, -0.25202123593974 ], [ 103.546800026423, -0.252028038610369 ], [ 103.541987608350368, -0.252501940896559 ], [ 103.537243476271527, -0.253438510115159 ], [ 103.532612004807476, -0.254828985990652 ], [ 103.528136514799073, -0.256660362595096 ], [ 103.523858868102081, -0.258915510000118 ], [ 103.519819076028952, -0.261573334503076 ], [ 103.516054925099766, -0.264608975928706 ], [ 103.512601623603018, -0.267994040160767 ], [ 103.509491472271989, -0.271696864728692 ], [ 103.506753562157343, -0.275682814965057 ], [ 103.504413502521544, -0.279914607963722 ], [ 103.493264845937901, -0.302602049008647 ], [ 103.491355493753545, -0.307010987558079 ], [ 103.48987813292996, -0.311582832906897 ], [ 103.48884640504167, -0.316275369796591 ], [ 103.488269836801919, -0.321045268533618 ], [ 103.488153752095357, -0.325848485084794 ], [ 103.48849922281866, -0.3306406677687 ], [ 103.489303058982941, -0.335377566787845 ], [ 103.490557838169266, -0.340015442820056 ], [ 103.492251974065397, -0.344511470896262 ], [ 103.494369823450839, -0.348824135835386 ], [ 103.496891830642397, -0.352913615584975 ], [ 103.499794708066375, -0.356742148927918 ], [ 103.50305165129005, -0.360274384159932 ], [ 103.506632586527132, -0.363477705518219 ], [ 103.510504448331318, -0.366322534347132 ], [ 103.514631484914347, -0.36878260221997 ], [ 103.51897558826883, -0.370835193494953 ], [ 103.523496646047988, -0.372461355065692 ], [ 103.528152911952802, -0.373646071369355 ], [ 103.532901391206821, -0.37437840303656 ], [ 103.608819870418657, -0.382375750553739 ] ], [ [ 103.353460210418007, 0.788212294631374 ], [ 103.352224218785523, 0.78356997239328 ], [ 103.351439455533665, 0.778830460001015 ], [ 103.351113165229876, 0.774037510416934 ], [ 103.351248360033665, 0.769235369910565 ], [ 103.35184379188982, 0.76446836959773 ], [ 103.352893964049841, 0.759780516196417 ], [ 103.354389181815378, 0.755215085777333 ], [ 103.356315642035142, 0.750814224259453 ], [ 103.35865556052913, 0.746618558338605 ], [ 103.361387336263888, 0.742666820440808 ], [ 103.39530575276379, 0.698317947230036 ], [ 103.398391097144412, 0.694660680499394 ], [ 103.401811903563555, 0.691315081400743 ], [ 103.405536844344581, 0.688311788863565 ], [ 103.409531806554511, 0.685678306980712 ], [ 103.413760204409499, 0.683438753126477 ], [ 103.418183314326754, 0.681613637090164 ], [ 103.422760629554318, 0.680219673247848 ], [ 103.427450231131075, 0.679269627492456 ], [ 103.432209171779803, 0.678772200323969 ], [ 103.436993869217446, 0.678731947170427 ], [ 103.441760505280769, 0.679149236669402 ], [ 103.446465427212246, 0.680020247292027 ], [ 103.451065547431156, 0.681337002340481 ], [ 103.45551873812876, 0.683087442998424 ], [ 103.459784217073874, 0.6852555387654 ], [ 103.463822921095868, 0.687821434263836 ], [ 103.467597863824238, 0.690761631074192 ], [ 103.47107447440915, 0.694049202933015 ], [ 103.474220914120579, 0.697654042323123 ], [ 103.484510109618356, 0.710648300507768 ], [ 103.487366475148988, 0.714644262572295 ], [ 103.489816978178823, 0.71890120651913 ], [ 103.491837969847182, 0.723378050222251 ], [ 103.493409946342069, 0.728031589387798 ], [ 103.494517737123928, 0.732816914502077 ], [ 103.495150651330718, 0.737687844235976 ], [ 103.495302580951247, 0.742597371123176 ], [ 103.4949720597713, 0.747498115211101 ], [ 103.494162277523444, 0.752342781306591 ], [ 103.49288104910417, 0.757084615403581 ], [ 103.491140739155369, 0.761677855888012 ], [ 103.488958142737872, 0.766078175165531 ], [ 103.486354323248875, 0.770243107450031 ], [ 103.48335440914714, 0.774132458584591 ], [ 103.443895372164135, 0.820400113383086 ], [ 103.440585434018516, 0.823921274437411 ], [ 103.436951024718567, 0.827106448645962 ], [ 103.43302609584849, 0.829925881046832 ], [ 103.428847312940917, 0.832353233330658 ], [ 103.42445371295841, 0.834365829885368 ], [ 103.419886339621499, 0.835944869625089 ], [ 103.415187859990382, 0.837075601624369 ], [ 103.410402165881706, 0.83774746291699 ], [ 103.405573963844191, 0.837954177172096 ], [ 103.400748357523128, 0.837693813325832 ], [ 103.395970426315387, 0.836968803620776 ], [ 103.39128480425093, 0.835785920884642 ], [ 103.386735263034822, 0.834156215260513 ], [ 103.382364303144826, 0.832094910979653 ], [ 103.378212756804359, 0.829621264141205 ], [ 103.374319406539968, 0.826758382827372 ], [ 103.370720622886253, 0.823533011234502 ], [ 103.367450024623082, 0.819975279836657 ], [ 103.364538164718766, 0.816118423915575 ], [ 103.362012244913274, 0.811998473086434 ], [ 103.359895861607498, 0.807653914719765 ], [ 103.35820878543268, 0.803125334403742 ], [ 103.353460210418007, 0.788212294631374 ] ], [ [ 103.246688925754128, 0.664224268408599 ], [ 103.242154556891222, 0.666062178822427 ], [ 103.237462266021723, 0.66744811607574 ], [ 103.232656983549347, 0.668368809311709 ], [ 103.227784721813791, 0.668815442555379 ], [ 103.222892134505727, 0.668783739129852 ], [ 103.218026069940663, 0.668274002607042 ], [ 103.213233122469077, 0.667291113900853 ], [ 103.208559186318539, 0.665844484530651 ], [ 103.204049016139578, 0.663947966502512 ], [ 103.199745798463638, 0.661619719671192 ], [ 103.195690738176083, 0.658882037852867 ], [ 103.191922663964405, 0.655761135353677 ], [ 103.188477656519325, 0.652286895958144 ], [ 103.185388703048929, 0.648492586780988 ], [ 103.182685381414089, 0.644414539722322 ], [ 103.180393576909594, 0.640091803576396 ], [ 103.178535234403, 0.635565770125095 ], [ 103.177128148204446, 0.630879777796464 ], [ 103.176185791679686, 0.626078696683387 ], [ 103.17571718823757, 0.621208498896011 ], [ 103.173732214294134, 0.578985268132393 ], [ 103.173738539496071, 0.574158423378076 ], [ 103.174210261095425, 0.569354680147723 ], [ 103.175142982935554, 0.564618806388909 ], [ 103.176528012619599, 0.559994937547262 ], [ 103.178352442518403, 0.555526165251115 ], [ 103.180599270061634, 0.551254135723899 ], [ 103.183247556191404, 0.547218661666821 ], [ 103.186272620501413, 0.543457351228852 ], [ 103.189646271243291, 0.54000525752179 ], [ 103.19333706805638, 0.536894551946704 ], [ 103.19731061497275, 0.534154224376163 ], [ 103.201529880966476, 0.531809812986362 ], [ 103.205955545060206, 0.529883166256948 ], [ 103.210546362772575, 0.528392239356553 ], [ 103.215259550491538, 0.527350926811617 ], [ 103.22005118419149, 0.526768933017895 ], [ 103.224876608778274, 0.526651681801433 ], [ 103.229690854247323, 0.527000265871823 ], [ 103.234449054776647, 0.527811436638823 ], [ 103.243146747344198, 0.529730328884517 ], [ 103.248015322462066, 0.531065421641835 ], [ 103.252724454442685, 0.53288464464573 ], [ 103.257226137459739, 0.535169452375711 ], [ 103.261474480462752, 0.537896553048155 ], [ 103.265426174999689, 0.54103814605737 ], [ 103.269040936711903, 0.544562205380489 ], [ 103.272281916000793, 0.548432806057107 ], [ 103.275116073680053, 0.55261049041546 ], [ 103.277514517783587, 0.557052670311762 ], [ 103.279452798096031, 0.561714061282202 ], [ 103.280911155403047, 0.566547144181757 ], [ 103.281874722920719, 0.571502649603791 ], [ 103.282333677850431, 0.576530060142168 ], [ 103.283814231313897, 0.613036672359697 ], [ 103.283772453388949, 0.617939909404443 ], [ 103.283250602653126, 0.622815476112172 ], [ 103.282253697949315, 0.627616482248755 ], [ 103.280791326900399, 0.632296754658271 ], [ 103.278877553701363, 0.636811281328328 ], [ 103.276530783858448, 0.641116644288211 ], [ 103.273773587176123, 0.645171437176506 ], [ 103.270632480694516, 0.648936663462292 ], [ 103.267137673664593, 0.652376111490048 ], [ 103.263322777014025, 0.655456702741325 ], [ 103.259224480097657, 0.658148809963808 ], [ 103.25488219784171, 0.660426542108205 ], [ 103.246688925754128, 0.664224268408599 ] ], [ [ 102.752057971464168, 1.123587088912261 ], [ 102.748414305757478, 1.120376207750404 ], [ 102.745099335943308, 1.116826977869307 ], [ 102.742144336849293, 1.112972884205158 ], [ 102.739577187186981, 1.108850287908048 ], [ 102.737422106532293, 1.104498083295495 ], [ 102.73569942682785, 1.099957330907003 ], [ 102.734425400562756, 1.095270870121555 ], [ 102.733612047439763, 1.090482914992797 ], [ 102.733267040976315, 1.085638637114942 ], [ 102.733393636109355, 1.080783739454849 ], [ 102.73399063848683, 1.075964025170892 ], [ 102.735052415735751, 1.071224965486592 ], [ 102.736568950600386, 1.066611270695857 ], [ 102.738525935449246, 1.062166468347153 ], [ 102.740904907259363, 1.057932492586197 ], [ 102.743683421804263, 1.053949288531491 ], [ 102.746835265402296, 1.050254435415167 ], [ 102.750330702227586, 1.046882792044624 ], [ 102.754136754850379, 1.043866167929782 ], [ 102.758217515360087, 1.041233023178715 ], [ 102.762534484135713, 1.039008199992948 ], [ 102.767046933067562, 1.037212688295621 ], [ 102.771712289803403, 1.035863427703674 ], [ 102.773591308191143, 1.035417631789043 ], [ 102.774591996723274, 1.034857639247197 ], [ 103.044538267519641, 0.866966797631766 ], [ 103.048811971396873, 0.864590395786618 ], [ 103.053297369613887, 0.86264282463393 ], [ 103.057951560537802, 0.861142712170267 ], [ 103.062730028078718, 0.860104406569649 ], [ 103.067587067474165, 0.859537838947114 ], [ 103.072476222442944, 0.859448428370258 ], [ 103.077350729526941, 0.859837030027305 ], [ 103.082163965371208, 0.860699927047466 ], [ 103.086869892663742, 0.862028866051804 ], [ 103.091423500470142, 0.863811136094603 ], [ 103.095781234751072, 0.86602969024015 ], [ 103.099901414945023, 0.868663308612121 ], [ 103.103744632631759, 0.871686801356007 ], [ 103.107274128463189, 0.875071249573331 ], [ 103.110456143756835, 0.878784281923169 ], [ 103.113260243388453, 0.882790384245356 ], [ 103.11565960689596, 0.887051239243919 ], [ 103.117631285009878, 0.89152609298175 ], [ 103.119156419157022, 0.896172144681107 ], [ 103.120220421837686, 0.900944956101586 ], [ 103.120813116151112, 0.905798876579996 ], [ 103.120928833134926, 0.910687479666722 ], [ 103.120566465987167, 0.915564007182293 ], [ 103.119729480652552, 0.920381816446838 ], [ 103.118425882671687, 0.925094826404837 ], [ 103.116668140610201, 0.929657958378071 ], [ 103.114473066800201, 0.934027567231115 ], [ 103.111861656534927, 0.938161858825366 ], [ 103.044326440371862, 1.03432155145937 ], [ 103.041309188970388, 1.038197819583788 ], [ 103.037926141548127, 1.041759315158795 ], [ 103.03420995027821, 1.04497166368246 ], [ 103.030196482739669, 1.047803860516927 ], [ 103.025924475734143, 1.050228570136006 ], [ 102.830410806742961, 1.14883046708212 ], [ 102.826071157923948, 1.150766164436173 ], [ 102.821567353892263, 1.152281164556008 ], [ 102.816940072062138, 1.153361784278015 ], [ 102.812231105073423, 1.153998263671314 ], [ 102.80748298332918, 1.154184854187398 ], [ 102.802738590870007, 1.153919870579828 ], [ 102.798040778054414, 1.153205706125019 ], [ 102.793431974543296, 1.152048811006672 ], [ 102.788953806084194, 1.150459634059066 ], [ 102.784646718556218, 1.148452528395375 ], [ 102.780549612671351, 1.146045621773361 ], [ 102.776699492631394, 1.14326065286926 ], [ 102.752057971464168, 1.123587088912261 ] ], [ [ 102.500594442523877, 0.953302315124504 ], [ 102.499676401472385, 0.952436321922143 ], [ 102.459010699531802, 0.917868717835423 ], [ 102.455394325262702, 0.914471525802852 ], [ 102.452132463244794, 0.910732631215359 ], [ 102.449257235090343, 0.906688853325783 ], [ 102.446796954984208, 0.902380013765109 ], [ 102.444775850856075, 0.897848544393747 ], [ 102.443213825792867, 0.893139069448252 ], [ 102.442126262040432, 0.88829796609832 ], [ 102.441523869524886, 0.883372907741556 ], [ 102.441412580385204, 0.878412394533458 ], [ 102.441793490555739, 0.873465275775805 ], [ 102.442662848973811, 0.868580268866778 ], [ 102.444012094518868, 0.863805479550013 ], [ 102.445827940319134, 0.859187928187009 ], [ 102.448092504595905, 0.854773086717976 ], [ 102.450783486756663, 0.850604430870967 ], [ 102.453874387003069, 0.846723012028961 ], [ 102.457334767291201, 0.843167052971012 ], [ 102.461130551074177, 0.839971571468437 ], [ 102.465224358875346, 0.837168035442744 ], [ 102.545165318647733, 0.788064515646389 ], [ 102.549397224524938, 0.785738738321572 ], [ 102.553833751105884, 0.783832039757394 ], [ 102.558433517545126, 0.782362204316731 ], [ 102.563153620408897, 0.781342941605988 ], [ 102.567950033848703, 0.780783758601389 ], [ 102.572778020243845, 0.780689870974492 ], [ 102.893395984623439, 0.789946659374337 ], [ 102.894680761141998, 0.789916472243297 ], [ 102.895702465656086, 0.789136932730845 ], [ 102.93144024527524, 0.758783350124543 ], [ 102.935264617456923, 0.755840657694715 ], [ 102.939354846590561, 0.753280328232514 ], [ 102.943672835854443, 0.751126208914175 ], [ 102.948178367045216, 0.749398363432197 ], [ 102.952829475174411, 0.748112885120007 ], [ 102.957582839334748, 0.747281747056973 ], [ 102.962394186195581, 0.746912690549892 ], [ 102.967218702369308, 0.747009153029647 ], [ 102.972011451808015, 0.747570236034619 ], [ 102.976727794342423, 0.748590713579052 ], [ 102.981323801465194, 0.750061080828426 ], [ 102.985756665485582, 0.751967642628487 ], [ 102.989985098244716, 0.754292641063339 ], [ 102.993969715677906, 0.757014420854533 ], [ 102.997673404641858, 0.760107631060589 ], [ 103.001061668590452, 0.763543461198322 ], [ 103.004102948879066, 0.767289909586686 ], [ 103.006768918705205, 0.771312081413783 ], [ 103.00903474694725, 0.775572513750785 ], [ 103.010879329444109, 0.78003152448557 ], [ 103.012285485561577, 0.78464758192606 ], [ 103.013240118214625, 0.789377691630746 ], [ 103.016868832168697, 0.813246564824914 ], [ 103.017361109277502, 0.818011216399628 ], [ 103.017395196325594, 0.822801109869573 ], [ 103.016970780472406, 0.827572285045966 ], [ 103.016091756877842, 0.832280953530841 ], [ 103.014766192953701, 0.83688390059368 ], [ 103.013006254323457, 0.841338881783095 ], [ 103.010828093169806, 0.845605010633583 ], [ 103.008251699994844, 0.849643133909103 ], [ 103.005300720153343, 0.853416190939592 ], [ 103.002002236842813, 0.85688955375255 ], [ 102.998386522542162, 0.860031344878065 ], [ 102.99448676118007, 0.862812729910556 ], [ 102.777753024707323, 1.00222949185829 ], [ 102.773808198116782, 1.004519657042921 ], [ 102.769671076700305, 1.006440786863527 ], [ 102.765376092086768, 1.007976892514765 ], [ 102.760958989738143, 1.009115189595508 ], [ 102.756456531454106, 1.009846204508367 ], [ 102.751906189418122, 1.010163853304712 ], [ 102.747345834331199, 1.010065492318966 ], [ 102.622931563462956, 1.001692825554005 ], [ 102.621776292327098, 1.001669657713511 ], [ 102.620918525721294, 1.002443882871941 ], [ 102.582640833454349, 1.040416480021855 ], [ 102.579050316660698, 1.043649549627718 ], [ 102.575164509281549, 1.046520969299912 ], [ 102.571019696286598, 1.049003926238481 ], [ 102.566654581193433, 1.051075235038541 ], [ 102.562109924660916, 1.052715554191419 ], [ 102.557428163873581, 1.053909566692174 ], [ 102.552653016270796, 1.054646123067032 ], [ 102.547829071321189, 1.05491834548517 ], [ 102.54300137415423, 1.054723691982654 ], [ 102.538215004936959, 1.054063980198848 ], [ 102.533514657923405, 1.05294537040362 ], [ 102.528944224107775, 1.051378307973854 ], [ 102.524546381378229, 1.049377425856397 ], [ 102.520362195998416, 1.046961407928242 ], [ 102.51643073913813, 1.044152814529843 ], [ 102.512788722033747, 1.040977871800719 ], [ 102.509470153185319, 1.037466226784486 ], [ 102.506506020791306, 1.033650670590099 ], [ 102.503924003386345, 1.029566832194384 ], [ 102.50174821138414, 1.025252845745058 ], [ 102.499998961938701, 1.020748994470936 ], [ 102.498692589226422, 1.016097334524379 ], [ 102.497841291920494, 1.011341302268524 ], [ 102.497453019281906, 1.006525308676343 ], [ 102.497531396930654, 1.001694324628969 ], [ 102.500578232698203, 0.954564250479454 ], [ 102.500594442523877, 0.953302315124504 ] ], [ [ 102.084797561547205, 1.492424019920271 ], [ 102.087543995526929, 1.488473180887764 ], [ 102.090657473553463, 1.484804627597429 ], [ 102.094109162293805, 1.481452333829643 ], [ 102.097867096309287, 1.478447344544967 ], [ 102.101896474081485, 1.475817488382627 ], [ 102.106159980302536, 1.473587119944724 ], [ 102.110618131445136, 1.471776894252862 ], [ 102.115229641412071, 1.470403575465886 ], [ 102.313427201934715, 1.421627244226786 ], [ 102.314600299225063, 1.421276285773263 ], [ 102.315619762879635, 1.4205980358592 ], [ 102.405861436687999, 1.353905859752722 ], [ 102.410027091964537, 1.351138289763706 ], [ 102.414448386564445, 1.348800709478897 ], [ 102.419081086093968, 1.346916506040769 ], [ 102.423878841084544, 1.345504530623995 ], [ 102.428793650712294, 1.344578909832251 ], [ 102.433776343039142, 1.344148904363651 ], [ 102.438777066970744, 1.344218816358842 ], [ 102.443745791009192, 1.344787946358728 ], [ 102.448632803810796, 1.345850600302454 ], [ 102.453389211540568, 1.347396146495638 ], [ 102.457967427047819, 1.349409121978887 ], [ 102.46232164596853, 1.351869387232401 ], [ 102.46640830499112, 1.354752327668872 ], [ 102.470186517700924, 1.358029099898761 ], [ 102.473618483642696, 1.361666920304111 ], [ 102.47666986650853, 1.365629393033762 ], [ 102.479310137667454, 1.369876874138419 ], [ 102.481512881599912, 1.37436686820246 ], [ 102.483256060181048, 1.379054453504233 ], [ 102.484522233168846, 1.383892731451194 ], [ 102.485298732691234, 1.388833295793334 ], [ 102.485577789986181, 1.393826716920501 ], [ 102.48535661312701, 1.398823036398284 ], [ 102.484637414955259, 1.403772266794703 ], [ 102.468984534436601, 1.483300313158673 ], [ 102.467823340635107, 1.487990909891256 ], [ 102.466214782007725, 1.492547510366905 ], [ 102.464173882536315, 1.496927555811865 ], [ 102.461719704278025, 1.501090136481227 ], [ 102.45887516932531, 1.504996373757062 ], [ 102.455666845712841, 1.50860978327579 ], [ 102.452124699271394, 1.511896615693133 ], [ 102.448281813746135, 1.514826171903923 ], [ 102.444174081793577, 1.517371089772585 ], [ 102.439839869743096, 1.519507599696237 ], [ 102.435319659254461, 1.521215746613439 ], [ 102.430655669217927, 1.522479576385006 ], [ 102.124108615943427, 1.589833267986217 ], [ 102.11929051837501, 1.590647422819199 ], [ 102.114415958375446, 1.590987389114037 ], [ 102.109531491721341, 1.590849919932572 ], [ 102.104683768805415, 1.590236328210639 ], [ 102.099919089089553, 1.589152474218522 ], [ 102.095282958909607, 1.587608709590897 ], [ 102.090819656855004, 1.585619778460795 ], [ 102.086571810874389, 1.583204676641859 ], [ 102.082579991146076, 1.58038647020379 ], [ 102.078882322601856, 1.577192075173744 ], [ 102.075514120804698, 1.573652000467675 ], [ 102.072507554658145, 1.569800056506859 ], [ 102.06989133916862, 1.565673032302507 ], [ 102.067690461195241, 1.561310344092566 ], [ 102.065925940806096, 1.556753658886496 ], [ 102.064614630520623, 1.552046496513463 ], [ 102.063769054355063, 1.547233813974676 ], [ 102.063397288208591, 1.542361576069643 ], [ 102.063502882732266, 1.537476316397173 ], [ 102.064084829417638, 1.532624692923912 ], [ 102.0651375702287, 1.527853042365078 ], [ 102.066651050685465, 1.523206937633383 ], [ 102.068610815891915, 1.51873075258286 ], [ 102.070998148591258, 1.514467238204612 ], [ 102.084797561547205, 1.492424019920271 ] ], [ [ 102.408210035210843, 0.948714281921801 ], [ 102.412886753569666, 0.950607779880332 ], [ 102.41734883149492, 0.952962963464648 ], [ 102.421550832487483, 0.955755850283905 ], [ 102.425449968362727, 0.958958000897661 ], [ 102.429006534954411, 0.962536808409339 ], [ 102.432184316414833, 0.966455830496112 ], [ 102.434950953993891, 0.970675160494217 ], [ 102.437278275542212, 0.975151833760991 ], [ 102.439142582382843, 0.979840265175737 ], [ 102.440524890630343, 0.98469271332442 ], [ 102.441411124500192, 0.989659766641497 ], [ 102.469464503440207, 1.210969754667482 ], [ 102.469846522887678, 1.216036515952374 ], [ 102.469712336132659, 1.221115886256958 ], [ 102.469063328949076, 1.226155409890396 ], [ 102.467906203766191, 1.231103042666528 ], [ 102.46625291045126, 1.23590768937478 ], [ 102.464120522900814, 1.240519731450799 ], [ 102.461531062715025, 1.244891539397468 ], [ 102.458511271776231, 1.248977964664413 ], [ 102.455092336080028, 1.25273680590627 ], [ 102.451309563671117, 1.256129244804572 ], [ 102.44720202001001, 1.259120246952422 ], [ 102.301355490314037, 1.354372638808914 ], [ 102.297201668027697, 1.356808549526296 ], [ 102.292832784776962, 1.358833582797883 ], [ 102.288289362654083, 1.360428956115578 ], [ 102.283613542627279, 1.361579872136212 ], [ 102.278848693676593, 1.362275655929265 ], [ 102.274039010539568, 1.362509853988562 ], [ 102.269229103798025, 1.362280294089574 ], [ 102.264463586107752, 1.36158910543715 ], [ 102.25978665840897, 1.3604426989168 ], [ 102.255241699955519, 1.358851707632704 ], [ 102.250870865965382, 1.35683088828397 ], [ 102.24671469662421, 1.35439898429388 ], [ 102.242811741068635, 1.35157855196164 ], [ 102.239198199836864, 1.348395751249088 ], [ 102.235907589102851, 1.344880103142858 ], [ 102.232970429808489, 1.341064215842496 ], [ 102.230413964576869, 1.336983482314185 ], [ 102.228261905032682, 1.332675752015312 ], [ 102.226534211873059, 1.328180979834687 ], [ 102.225246909728881, 1.323540855504544 ], [ 102.224411938533848, 1.318798416921598 ], [ 102.224037042779585, 1.31399765096365 ], [ 102.224125699684279, 1.309183085504253 ], [ 102.238132527068672, 1.099132931181034 ], [ 102.238665099926237, 1.094464515414366 ], [ 102.239633545915027, 1.089866705937463 ], [ 102.241029312595671, 1.085380106446505 ], [ 102.242840073818869, 1.081044338531626 ], [ 102.245049838578666, 1.076897691774857 ], [ 102.247639092230685, 1.072976785611152 ], [ 102.250584968827752, 1.069316245938651 ], [ 102.347113495325033, 0.960283711416433 ], [ 102.350549362664566, 0.956767394413393 ], [ 102.354313946153027, 0.953605499285597 ], [ 102.358370850294705, 0.950828594817318 ], [ 102.362680853476462, 0.948463527754004 ], [ 102.367202287157085, 0.946533163251495 ], [ 102.371891438713206, 0.945056163818717 ], [ 102.376702974047234, 0.944046808891008 ], [ 102.381590375871383, 0.94351485677843 ], [ 102.386506393430651, 0.943465450323714 ], [ 102.39140349931688, 0.943899067181935 ], [ 102.396234348957506, 0.944811515202606 ], [ 102.400952238336558, 0.946193972958841 ], [ 102.408210035210843, 0.948714281921801 ] ], [ [ 101.618661921527945, 1.740077415993622 ], [ 101.623595930228745, 1.739534784529603 ], [ 101.628559428646128, 1.739484047700512 ], [ 101.633503498741987, 1.739925705546026 ], [ 101.638379413955093, 1.74085540528238 ], [ 101.64313911942854, 1.742263984201476 ], [ 101.647735705617023, 1.744137559974463 ], [ 101.652123870606545, 1.746457667469819 ], [ 101.656260366589962, 1.749201440737485 ], [ 101.660104426098229, 1.752341838365532 ], [ 101.663618163786381, 1.755847909988313 ], [ 101.666766949814814, 1.759685101319536 ], [ 101.669519751145515, 1.763815594703979 ], [ 101.67184943738998, 1.76819868183152 ], [ 101.673733048194237, 1.77279116494018 ], [ 101.747917655183088, 1.982796347020406 ], [ 101.749331261742157, 1.98753108751807 ], [ 101.750270625256803, 1.992382236585189 ], [ 101.750726571508025, 1.997302415860386 ], [ 101.750694647533024, 2.002243572804249 ], [ 101.750175165114754, 2.007157450000637 ], [ 101.749173197736937, 2.011996056458891 ], [ 101.747698531034231, 2.016712136314026 ], [ 101.745765567221667, 2.021259630347379 ], [ 101.743393184436513, 2.0255941258203 ], [ 101.740604552366477, 2.029673290227633 ], [ 101.737426905964796, 2.033457284734761 ], [ 101.67055776924164, 2.105531803579502 ], [ 101.666914965233772, 2.109078158749409 ], [ 101.662930867787225, 2.112236263175709 ], [ 101.658646667140545, 2.11497346628287 ], [ 101.654106656197911, 2.117261469052013 ], [ 101.649357772599799, 2.119076616594911 ], [ 101.644449113450563, 2.120400142713888 ], [ 101.639431427720069, 2.121218363919206 ], [ 101.634356591567155, 2.121522820898045 ], [ 101.6292770720096, 2.121310365972481 ], [ 101.624245384485349, 2.120583195642269 ], [ 101.619313549913059, 2.119348827875969 ], [ 101.4651402768, 2.072313934498452 ], [ 101.460728352136158, 2.07073849574324 ], [ 101.456483242599788, 2.0687570489145 ], [ 101.452442215305382, 2.066386988806218 ], [ 101.448640745763214, 2.063649121784087 ], [ 101.445112206445643, 2.060567483129863 ], [ 101.44188757381572, 2.057169126039601 ], [ 101.438995156389964, 2.053483884128124 ], [ 101.436460346222574, 2.049544109524649 ], [ 101.434305395992752, 2.045384388858799 ], [ 101.43254922365216, 2.041041239630299 ], [ 101.400033952131636, 1.948353061261015 ], [ 101.398584849758549, 1.943425218754611 ], [ 101.397648961890937, 1.938374709537227 ], [ 101.397236165338867, 1.933254833712346 ], [ 101.397350816514304, 1.928119623437822 ], [ 101.397991705456207, 1.92302327270227 ], [ 101.399152068599648, 1.918019565393589 ], [ 101.400819660154568, 1.913161307695447 ], [ 101.449590227940519, 1.791773459743345 ], [ 101.451751679435816, 1.787103893508999 ], [ 101.454381598772883, 1.782681196858307 ], [ 101.457452133295078, 1.77855220919406 ], [ 101.460930763927578, 1.77476065933865 ], [ 101.464780649576781, 1.77134670241573 ], [ 101.468961017302803, 1.768346494579807 ], [ 101.473427594133028, 1.765791810097665 ], [ 101.478133075943319, 1.763709704837008 ], [ 101.483027628441349, 1.762122229726186 ], [ 101.488059414946008, 1.761046197219684 ], [ 101.618661921527945, 1.740077415993622 ] ], [ [ 100.401699426794579, 7.647244398770777 ], [ 100.400381442507509, 7.651978249265967 ], [ 100.398605151713198, 7.656559866240986 ], [ 100.396387710839264, 7.660944997831067 ], [ 100.393750537191906, 7.665091289939135 ], [ 100.390719102095389, 7.668958695315788 ], [ 100.387322684875471, 7.672509860358429 ], [ 100.383594090063056, 7.675710485893623 ], [ 100.379569330549273, 7.678529658458037 ], [ 100.375287279752541, 7.680940148878268 ], [ 100.370789296156971, 7.682918675265697 ], [ 100.366118823848552, 7.684446127886226 ], [ 100.361320972907421, 7.685507753732963 ], [ 100.356442083709098, 7.686093299019164 ], [ 100.351529279342685, 7.686197108215139 ], [ 100.346630010469312, 7.685818178672585 ], [ 100.341791597016609, 7.684960170308721 ], [ 100.33706077113591, 7.683631370256737 ], [ 100.332483225836498, 7.681844612823936 ], [ 100.328103173656615, 7.679617155530694 ], [ 100.323962919633487, 7.676970512427496 ], [ 100.320102452697256, 7.673930246300002 ], [ 100.316559059435093, 7.670525721769101 ], [ 100.313366963956184, 7.666789821670694 ], [ 100.310556997335709, 7.66275862945454 ], [ 100.308156299830827, 7.658471080669769 ], [ 100.30618805874461, 7.653968586903172 ], [ 100.304671284469848, 7.649294635802531 ], [ 100.289281600124013, 7.592504349287144 ], [ 100.288212626376136, 7.587594225328846 ], [ 100.287641909024188, 7.582601600381617 ], [ 100.287575212775053, 7.577576903995778 ], [ 100.288013211314805, 7.572570889669123 ], [ 100.288951480503911, 7.567634122195533 ], [ 100.290380543064614, 7.562816466919664 ], [ 100.29228596430913, 7.55816658605663 ], [ 100.294648497941694, 7.553731447164268 ], [ 100.297444280461619, 7.549555848732814 ], [ 100.300645072204063, 7.545681967683914 ], [ 100.304218542583413, 7.542148933349608 ], [ 100.308128596658406, 7.538992432234414 ], [ 100.312335739720154, 7.536244347552774 ], [ 100.316797476220742, 7.5339324371828 ], [ 100.321468739012587, 7.532080053289249 ], [ 100.326302344563061, 7.530705906447773 ], [ 100.331249469546378, 7.529823876652967 ], [ 100.336260143998658, 7.529442873119202 ], [ 100.36465585244494, 7.528715222419294 ], [ 100.36943915068791, 7.528821636411011 ], [ 100.374190378725686, 7.529384751098937 ], [ 100.378866031908331, 7.530399410319824 ], [ 100.383423297587484, 7.531856323340012 ], [ 100.387820447130764, 7.533742149926098 ], [ 100.39201721801021, 7.536039622494863 ], [ 100.395975182466373, 7.538727704224011 ], [ 100.399658099372346, 7.541781781675963 ], [ 100.403032246075867, 7.545173890170963 ], [ 100.406066727181056, 7.548872969845841 ], [ 100.408733757442207, 7.552845150053852 ], [ 100.41100891617964, 7.557054059501468 ], [ 100.412871370887828, 7.561461159282366 ], [ 100.414304067988269, 7.566026095759161 ], [ 100.415293888980798, 7.570707070061755 ], [ 100.415831770563145, 7.575461220818953 ], [ 100.415912787619177, 7.580245016618884 ], [ 100.415536198315678, 7.585014654604652 ], [ 100.414705450895028, 7.589726461555482 ], [ 100.401699426794579, 7.647244398770777 ] ], [ [ 100.190394773762804, 5.312854447977719 ], [ 100.191029778616041, 5.307832404291371 ], [ 100.192169312126296, 5.302900303589825 ], [ 100.19380169446076, 5.298108698236152 ], [ 100.195910194252917, 5.293506700563655 ], [ 100.198473200093474, 5.289141479491072 ], [ 100.201464442039907, 5.285057777057118 ], [ 100.204853260874586, 5.281297449829739 ], [ 100.208604922351284, 5.277899039890447 ], [ 100.212680973209501, 5.274897379791032 ], [ 100.217039635307358, 5.272323235531691 ], [ 100.221636233833408, 5.270202991219943 ], [ 100.226423655208336, 5.26855837864245 ], [ 100.231352829983223, 5.267406254521565 ], [ 100.236373235784725, 5.266758427739623 ], [ 100.250489262462821, 5.265659575351038 ], [ 100.255520606084275, 5.265522013693191 ], [ 100.260540287576958, 5.26589098463884 ], [ 100.26549744081801, 5.266762749281144 ], [ 100.270341833304357, 5.268128473735427 ], [ 100.275024375175633, 5.2699743186559 ], [ 100.27949761665829, 5.272281579474418 ], [ 100.283716228890057, 5.275026875940163 ], [ 100.287637463252608, 5.278182389039598 ], [ 100.291221584557732, 5.281716142895904 ], [ 100.294432273697325, 5.285592328791305 ], [ 100.297236995677167, 5.289771668028859 ], [ 100.29960732930499, 5.294211809956727 ], [ 100.301519255191948, 5.298867761121587 ], [ 100.332305293403991, 5.386094869576703 ], [ 100.333710238113227, 5.390800035360923 ], [ 100.334646875922203, 5.395620322106312 ], [ 100.335106172976225, 5.400509238234571 ], [ 100.335083699363551, 5.405419630238242 ], [ 100.334579671841738, 5.410304137475441 ], [ 100.333598951747121, 5.415115648962385 ], [ 100.332150998107224, 5.419807757757981 ], [ 100.330249776408678, 5.42433520855793 ], [ 100.327913623900301, 5.428654334181316 ], [ 100.325165072730698, 5.432723476739778 ], [ 100.322030632626095, 5.43650338942708 ], [ 100.318540535204491, 5.439957615053859 ], [ 100.308381198139273, 5.449069682834462 ], [ 100.304651183644708, 5.452104571964678 ], [ 100.300646879847392, 5.454767110464137 ], [ 100.296405324251225, 5.45703267138517 ], [ 100.291965748802596, 5.458880299594072 ], [ 100.287369217017527, 5.460292905594026 ], [ 100.282658244167692, 5.461257423593101 ], [ 100.277876404038764, 5.461764932355305 ], [ 100.273067925897905, 5.46181073771688 ], [ 100.231277332131157, 5.460197662717389 ], [ 100.226276260567857, 5.459752348433149 ], [ 100.221345064230874, 5.458807719257665 ], [ 100.216533467374191, 5.457373300461851 ], [ 100.211889988257425, 5.455463556163465 ], [ 100.207461449906717, 5.45309774347661 ], [ 100.203292507969621, 5.450299718330528 ], [ 100.199425200425054, 5.44709769491575 ], [ 100.195898523688783, 5.443523961183238 ], [ 100.192748039388817, 5.439614553265323 ], [ 100.190005515775837, 5.435408892101454 ], [ 100.187698607384647, 5.430949385932868 ], [ 100.18585057617662, 5.426281002674482 ], [ 100.184480056975204, 5.421450816476045 ], [ 100.183600869559655, 5.416507533044826 ], [ 100.183221879311802, 5.411500998516327 ], [ 100.183346907820976, 5.406481696825363 ], [ 100.190394773762804, 5.312854447977719 ] ], [ [ 99.94284024823186, 9.476612329965876 ], [ 99.943407775893832, 9.471674403128114 ], [ 99.944462765385992, 9.466817222230349 ], [ 99.945994791213934, 9.462088786340468 ], [ 99.947988713770286, 9.457535822257428 ], [ 99.950424828945572, 9.45320332275311 ], [ 99.95327906284588, 9.449134101949991 ], [ 99.956523209693074, 9.445368372228398 ], [ 99.960125210556654, 9.441943346844413 ], [ 99.96404947016282, 9.438892872185349 ], [ 99.968257208649916, 9.436247093296933 ], [ 99.972706844794274, 9.434032155987435 ], [ 99.977354406919346, 9.432269948452607 ], [ 99.982153967427479, 9.4309778849747 ], [ 99.987058096660306, 9.430168733833073 ], [ 99.992018331602537, 9.429850491126986 ], [ 99.996985654797626, 9.430026301757477 ], [ 100.001910978742259, 9.430694428349192 ], [ 100.006745630973271, 9.431848268419268 ], [ 100.011441835052949, 9.433476419623625 ], [ 100.015953182699775, 9.435562792435881 ], [ 100.020235092398963, 9.438086769145402 ], [ 100.024245249960728, 9.441023407603231 ], [ 100.027944026672628, 9.44434368770251 ], [ 100.031294870913825, 9.448014798157585 ], [ 100.034264669361278, 9.452000460747884 ], [ 100.03682407421833, 9.456261288822324 ], [ 100.038947793232083, 9.460755176521499 ], [ 100.058051681099954, 9.507000563682245 ], [ 100.059684262631706, 9.511569061444531 ], [ 100.060866404996389, 9.516274274903179 ], [ 100.061586978799227, 9.521071906366359 ], [ 100.061839200127736, 9.525916788063912 ], [ 100.061620694419574, 9.530763307383724 ], [ 100.060933518818089, 9.535565836296136 ], [ 100.059784142805114, 9.54027916092347 ], [ 100.058183387293425, 9.544858907210507 ], [ 100.056146322752184, 9.549261958688366 ], [ 100.053692127324567, 9.553446862398708 ], [ 100.050843906273187, 9.557374219156671 ], [ 100.047628474453418, 9.561007054478331 ], [ 100.044076103862309, 9.564311166680611 ], [ 100.040220238639876, 9.567255448876352 ], [ 100.036097180205957, 9.569812181833154 ], [ 100.031745745497062, 9.571957294938789 ], [ 100.027206901520373, 9.573670592816338 ], [ 100.022523379666012, 9.574935945455536 ], [ 100.017739273408068, 9.575741440070328 ], [ 100.012899623182321, 9.576079493252962 ], [ 99.990768812330543, 9.576548825275772 ], [ 99.985899920871802, 9.576414786672034 ], [ 99.981067173233313, 9.575807645298809 ], [ 99.976316430393155, 9.574733162701964 ], [ 99.971692775134301, 9.573201535321804 ], [ 99.967240084225892, 9.571227297732632 ], [ 99.96300061204893, 9.56882918471506 ], [ 99.959014589617937, 9.566029953469895 ], [ 99.95531984280359, 9.562856167660769 ], [ 99.951951433379293, 9.55933794533485 ], [ 99.948941326297941, 9.555508673113772 ], [ 99.946318086356442, 9.551404689367017 ], [ 99.944106607126386, 9.547064939374284 ], [ 99.942327874723375, 9.54253060574929 ], [ 99.940998768656456, 9.537844717632058 ], [ 99.940131901648002, 9.533051742358392 ], [ 99.939735499943581, 9.528197163481389 ], [ 99.939813325247954, 9.523327049149433 ], [ 99.94284024823186, 9.476612329965876 ] ], [ [ 99.708981987540909, 6.302720069149649 ], [ 99.711331605167715, 6.298378226494671 ], [ 99.714097945810565, 6.294289258399835 ], [ 99.717254040635112, 6.290493027889015 ], [ 99.720769121124604, 6.287026544110724 ], [ 99.724608919039682, 6.283923601538875 ], [ 99.728736000496667, 6.281214450513152 ], [ 99.733110130907576, 6.278925502330856 ], [ 99.737688667223836, 6.277079071765282 ], [ 99.742426973660031, 6.275693159520766 ], [ 99.747278856844574, 6.274781276745257 ], [ 99.75219701615525, 6.274352313311215 ], [ 99.757133504849108, 6.274410451148948 ], [ 99.762040197491558, 6.274955123477314 ], [ 99.766869259127333, 6.275981020329219 ], [ 99.77157361161963, 6.277478140318067 ], [ 99.864760167583682, 6.312287605561312 ], [ 99.869258340496827, 6.314223893949094 ], [ 99.873545516592003, 6.316590937127034 ], [ 99.877580568521992, 6.31936602779213 ], [ 99.881324787594181, 6.322522544197393 ], [ 99.884742255107213, 6.326030205537168 ], [ 99.887800186923045, 6.329855362434201 ], [ 99.890469247968738, 6.333961319741777 ], [ 99.892723833650962, 6.338308688564262 ], [ 99.894542315483733, 6.342855764119065 ], [ 99.895907248572783, 6.347558925815163 ], [ 99.896805538966333, 6.352373055710179 ], [ 99.897228569266787, 6.35725197133172 ], [ 99.897172281298424, 6.36214886871086 ], [ 99.896637215037828, 6.367016771377718 ], [ 99.89562850343394, 6.371808981011842 ], [ 99.894155823167011, 6.376479525424287 ], [ 99.892233301819246, 6.380983599573836 ], [ 99.86705726196756, 6.432781494071795 ], [ 99.864726732518079, 6.437037736059165 ], [ 99.861994594959299, 6.44104802130212 ], [ 99.858886582708422, 6.444774577784772 ], [ 99.855431969465712, 6.448182305871523 ], [ 99.851663293491754, 6.451239108902999 ], [ 99.847616051136583, 6.453916195507596 ], [ 99.843328362507208, 6.456188350781229 ], [ 99.838840612422459, 6.458034173781096 ], [ 99.834195070037097, 6.459436279096571 ], [ 99.829435490717643, 6.460381460598653 ], [ 99.824606703920082, 6.46086081582566 ], [ 99.819754190950746, 6.460869829833602 ], [ 99.814923656587681, 6.460408417721473 ], [ 99.712534479171552, 6.445585109198477 ], [ 99.707697376995824, 6.444639369371765 ], [ 99.702976887240325, 6.443221992306044 ], [ 99.698418877924553, 6.441346750360173 ], [ 99.694067638279293, 6.439031864871049 ], [ 99.689965448397345, 6.436299829100657 ], [ 99.686152168406636, 6.433177189673712 ], [ 99.682664851157625, 6.429694288629611 ], [ 99.679537382188443, 6.425884968595139 ], [ 99.676800150466136, 6.42178624394268 ], [ 99.674479753103427, 6.417437941129242 ], [ 99.672598736920023, 6.41288231171104 ], [ 99.67117537935988, 6.408163621793888 ], [ 99.670223510893081, 6.403327721908638 ], [ 99.669752380628026, 6.398421601491078 ], [ 99.669766566439748, 6.393492932295343 ], [ 99.670265930487645, 6.388589605177364 ], [ 99.671245620554885, 6.383759264749362 ], [ 99.672696117196352, 6.379048846427033 ], [ 99.674603326237147, 6.374504120367859 ], [ 99.708981987540909, 6.302720069149649 ] ], [ [ 98.289427279173481, 7.873456368954859 ], [ 98.289797138114963, 7.868514966136157 ], [ 98.29065429441691, 7.863634439471209 ], [ 98.291990329344756, 7.858862724043309 ], [ 98.293792120760244, 7.854246686224102 ], [ 98.296041972003252, 7.849831663365999 ], [ 98.298717785703133, 7.845661018512167 ], [ 98.30179328081249, 7.841775714497601 ], [ 98.305238250731833, 7.838213911624325 ], [ 98.309018859989834, 7.835010592862237 ], [ 98.313097976565274, 7.832197220256774 ], [ 98.317435536586743, 7.829801425918042 ], [ 98.32198893782801, 7.82784674062644 ], [ 98.326713458134563, 7.826352362720325 ], [ 98.331562694671192, 7.825332969535631 ], [ 98.336489019676975, 7.824798573249441 ], [ 98.341444048250906, 7.824754422543351 ], [ 98.346379113574059, 7.825200951052484 ], [ 98.351245744900638, 7.826133773106449 ], [ 98.355996143623244, 7.827543726804098 ], [ 98.36058365273658, 7.829416963998996 ], [ 98.364963215088707, 7.8317350863118 ], [ 98.369091815919006, 7.834475325833682 ], [ 98.419385601256337, 7.871573217148124 ], [ 98.423026084514078, 7.874531991910509 ], [ 98.42637324507551, 7.877818933136075 ], [ 98.429397617931158, 7.881405105925332 ], [ 98.432072579567361, 7.885258941247351 ], [ 98.434374582332723, 7.88934651384152 ], [ 98.436283361727831, 7.893631840861157 ], [ 98.437782114793265, 7.898077198630024 ], [ 98.438857648025902, 7.902643454723352 ], [ 98.439500493521152, 7.907290412450039 ], [ 98.439704992318738, 7.91197716470359 ], [ 98.439224888225127, 8.056428409568353 ], [ 98.438978007115153, 8.061227572379945 ], [ 98.438271550758344, 8.065980869487273 ], [ 98.437112044809041, 8.070644393897862 ], [ 98.43551019981571, 8.075175067864496 ], [ 98.433480812285779, 8.079531040801513 ], [ 98.431042628007944, 8.083672075865589 ], [ 98.428218168894091, 8.087559921630124 ], [ 98.425033524940773, 8.091158665420004 ], [ 98.421518113231514, 8.094435065042925 ], [ 98.417704406206411, 8.097358855853029 ], [ 98.362361896038749, 8.13571024449031 ], [ 98.358112956773311, 8.138350242889372 ], [ 98.353621490822803, 8.140552471316179 ], [ 98.348932454305526, 8.14229488715864 ], [ 98.344092780869147, 8.143560050174836 ], [ 98.339150911920967, 8.144335297056427 ], [ 98.334156311766748, 8.144612868178628 ], [ 98.329158972511038, 8.144389985268072 ], [ 98.32420891367471, 8.143668879211205 ], [ 98.319355681537971, 8.142456767724816 ], [ 98.314647853220322, 8.140765783112251 ], [ 98.310132550460878, 8.138612850828387 ], [ 98.305854967966042, 8.13601952006886 ], [ 98.301857921045311, 8.133011748079189 ], [ 98.298181417062906, 8.129619640342726 ], [ 98.294862254994882, 8.125877149247929 ], [ 98.29193365709969, 8.121821734251073 ], [ 98.289424936388926, 8.117493986935928 ], [ 98.287361203226595, 8.112937224723224 ], [ 98.285763113993781, 8.108197057296607 ], [ 98.284646664334076, 8.103320930084797 ], [ 98.284023029049536, 8.098357649369353 ], [ 98.283898450249538, 8.093356893771345 ], [ 98.289427279173481, 7.873456368954859 ] ] ], [ [ [ 117.461125962055945, -0.444655063687568 ], [ 117.461155634370812, -0.443578894358575 ], [ 117.517163363582597, 0.289653760671112 ], [ 117.517329957943772, 0.290941382162266 ], [ 117.517886789626047, 0.292114268031714 ], [ 117.787777023455646, 0.791261306098655 ], [ 117.788373876767139, 0.792250105951737 ], [ 117.789525170955443, 0.79234219675963 ], [ 117.960956409586146, 0.797902591012866 ], [ 117.965759590410883, 0.798290716792363 ], [ 117.970503101283697, 0.799139417125323 ], [ 117.975142882222173, 0.800440808879868 ], [ 117.979635836736747, 0.802182804111139 ], [ 117.983940232131445, 0.804349222339872 ], [ 117.988016087137012, 0.806919940844375 ], [ 117.991825543275851, 0.809871081569926 ], [ 117.995333216509636, 0.813175232919491 ], [ 117.998506525902982, 0.816801704365657 ], [ 118.001315996250739, 0.820716811518833 ], [ 118.003735531857643, 0.82488418900386 ], [ 118.005742658927531, 0.829265128238892 ], [ 118.007318734310701, 0.833818936979097 ], [ 118.008449118670228, 0.838503317285551 ], [ 118.009123312459195, 0.843274758408597 ], [ 118.009335053445398, 0.848088940936351 ], [ 118.009082374877977, 0.852901148454459 ], [ 118.00836762375549, 0.857666682893395 ], [ 118.00719743902593, 0.862341279705363 ], [ 118.005582689920956, 0.866881519014449 ], [ 117.902094766277671, 1.118708546190958 ], [ 117.90176934924591, 1.119628014104247 ], [ 117.902465897407552, 1.118945270999775 ], [ 118.088422061314546, 0.917589732840723 ], [ 118.091828992804736, 0.914237392678732 ], [ 118.095540453957355, 0.911225678407257 ], [ 118.099522528895974, 0.908582111513119 ], [ 118.103738828835617, 0.906330849298398 ], [ 118.108150824608941, 0.904492464127465 ], [ 118.378298127514427, 0.806802575185973 ], [ 118.37938045611898, 0.806349077040659 ], [ 118.378798438118594, 0.805330082034306 ], [ 117.792005496458557, -0.112685760175412 ], [ 117.791223225271608, -0.113775465015297 ], [ 117.790328295299545, -0.114774717333026 ], [ 117.461922527278119, -0.44393083670815 ], [ 117.461125962055945, -0.444655063687568 ] ] ], [ [ [ 99.303201923606011, 0.239263439717592 ], [ 99.304261310308675, 0.239300454106412 ], [ 99.339805460207529, 0.238774391494213 ], [ 99.341043179193022, 0.238693107733949 ], [ 99.341835364156154, 0.237738645413726 ], [ 99.37464554124594, 0.193852582278413 ], [ 99.375190460939322, 0.193042715790776 ], [ 99.374343853951885, 0.193528594179865 ], [ 99.30406438673279, 0.238647138163457 ], [ 99.303201923606011, 0.239263439717592 ] ] ], [ [ [ 99.424471040575725, 0.161373952707068 ], [ 99.424869907023648, 0.161173662667659 ], [ 99.717628015069323, -0.004564051808544 ], [ 99.717899962351964, -0.004735946315093 ], [ 99.717607748190304, -0.004601358315564 ], [ 99.535066892683133, 0.090468087739474 ], [ 99.533109890273963, 0.091602773220442 ], [ 99.424834170266024, 0.16111443898625 ], [ 99.424471040575725, 0.161373952707068 ] ] ], [ [ [ 96.813998675841887, 3.721297596573076 ], [ 96.814690523675779, 3.720602126026123 ], [ 97.269999748710816, 3.21526954456517 ], [ 97.270720947230814, 3.214391788094859 ], [ 97.271268401110575, 3.213401745211997 ], [ 97.396447404680558, 2.960691890557815 ], [ 97.398684926216902, 2.95665478143348 ], [ 97.401285198848655, 2.952841208968202 ], [ 97.404226063309665, 2.949283672049304 ], [ 97.407482457843912, 2.946012487654508 ], [ 97.411026631779265, 2.943055532493652 ], [ 97.41482838201604, 2.940438005446121 ], [ 97.418855310414784, 2.938182212818498 ], [ 97.42307309988999, 2.936307378252417 ], [ 97.60157187226234, 2.866642150857836 ], [ 97.602658795707711, 2.866155369086992 ], [ 97.602860803442638, 2.864981677499275 ], [ 97.656788047058015, 2.423244805055936 ], [ 97.657559235626351, 2.418689328083356 ], [ 97.658747634836942, 2.414224486588756 ], [ 97.660343097138011, 2.409888405143313 ], [ 97.662331999130799, 2.40571810885663 ], [ 97.664697357897623, 2.401749207225213 ], [ 97.730348192143822, 2.302343057834068 ], [ 97.733127813887577, 2.298537276487968 ], [ 97.736253405810956, 2.295010104274826 ], [ 97.739697199819389, 2.291792876971673 ], [ 97.743428600876769, 2.28891417677165 ], [ 97.747414458815072, 2.286399578356727 ], [ 97.751619362843982, 2.284271421689485 ], [ 97.756005956144165, 2.282548613542482 ], [ 97.760535267749304, 2.281246459528461 ], [ 97.765167058768284, 2.280376528123631 ], [ 97.769860179871898, 2.279946547892092 ], [ 97.954747479832761, 2.27176569385734 ], [ 97.95588518302327, 2.271662497511559 ], [ 97.95685737782199, 2.271062618099538 ], [ 98.818108333022721, 1.68299718654524 ], [ 98.819034088834883, 1.682297460296121 ], [ 98.818660201165457, 1.681198893658112 ], [ 98.766894748980221, 1.550145090225269 ], [ 98.766403134625776, 1.549057871925763 ], [ 98.766296768587054, 1.548990533973419 ], [ 98.762191500310081, 1.546653526286301 ], [ 98.75810989754828, 1.543753812458471 ], [ 98.754338758437356, 1.540460435590518 ], [ 98.750915896673945, 1.536806418795677 ], [ 98.747875633732988, 1.532828401370094 ], [ 98.745248454721832, 1.528566271405891 ], [ 98.743060702702167, 1.524062765828139 ], [ 98.741334314544744, 1.519363041866215 ], [ 98.74008660096554, 1.514514224256461 ], [ 98.739330072949031, 1.50956493271639 ], [ 98.739072316298873, 1.504564794428533 ], [ 98.739315915574153, 1.499563946422297 ], [ 98.740058428173612, 1.494612532843527 ], [ 98.74129240882796, 1.489760202152707 ], [ 98.743005484254553, 1.485055609293468 ], [ 99.041260895104003, 0.778224634478007 ], [ 99.041695914243064, 0.777025793251369 ], [ 99.042006099317447, 0.775788761660087 ], [ 99.121113518385187, 0.374167452400626 ], [ 99.121270040073426, 0.373099336770668 ], [ 99.120400662152676, 0.37373929932306 ], [ 98.220393927817057, 1.106812349368485 ], [ 98.219399784306532, 1.107715507677755 ], [ 98.21850868009426, 1.108720470131914 ], [ 97.815524869632995, 1.615839263073283 ], [ 97.814889822974109, 1.616713677162082 ], [ 97.814417235760658, 1.617681040433974 ], [ 97.539901144296309, 2.246850722509249 ], [ 97.537511129028758, 2.25161744262604 ], [ 97.534627073494505, 2.256102530955865 ], [ 97.179081687396106, 2.749097063372299 ], [ 97.178475936415296, 2.750020613656921 ], [ 97.178044533337939, 2.751032650647609 ], [ 96.814297541949401, 3.720363245591754 ], [ 96.813998675841887, 3.721297596573076 ] ] ], [ [ [ 39.053569312683422, 17.038889752887762 ], [ 39.053970534891477, 17.040019644666479 ], [ 39.722553262575232, 18.66743736394735 ], [ 39.723053563807078, 18.668507515297684 ], [ 39.72374701812555, 18.669463886744044 ], [ 40.228741699748944, 19.300528340228471 ], [ 40.229564542354154, 19.301457658610094 ], [ 40.230475756809867, 19.302300505466096 ], [ 40.764051889672359, 19.748647454808875 ], [ 40.764950514231231, 19.74932580781249 ], [ 40.764970152712948, 19.748200062181535 ], [ 40.761417840864375, 19.639125445194544 ], [ 40.761503031469552, 19.634157844029158 ], [ 40.762080805693707, 19.629223221883194 ], [ 40.763145458751588, 19.624370301871085 ], [ 40.764686478549002, 19.619647000402672 ], [ 40.766688649476379, 19.615099954069599 ], [ 40.769132202643561, 19.610774059168342 ], [ 40.771993011072411, 19.606712028406399 ], [ 40.775242827920039, 19.602953969168649 ], [ 40.778849565380433, 19.599536987507982 ], [ 40.78277761151071, 19.596494821770225 ], [ 40.786988181853722, 19.593857509470915 ], [ 40.943654699923101, 19.506251584967938 ], [ 40.944627771295728, 19.505646271079559 ], [ 40.945033267740776, 19.504574429005153 ], [ 41.062404379711708, 19.144446259389667 ], [ 41.064094353750448, 19.139993071342609 ], [ 41.066200395744723, 19.135720895883615 ], [ 41.068703393872227, 19.131668501972879 ], [ 41.071580634029644, 19.127872664106135 ], [ 41.074806005957655, 19.124367828595002 ], [ 41.078350240185209, 19.121185800975027 ], [ 41.082181173642937, 19.118355457378122 ], [ 41.086264041535209, 19.115902482488657 ], [ 41.175443291812286, 19.067950140032295 ], [ 41.17645494979925, 19.067340360559701 ], [ 41.176165183285306, 19.066195232507866 ], [ 41.145757235194132, 18.966813159499843 ], [ 41.144593681640387, 18.962253447731289 ], [ 41.143863950489447, 18.957604542405079 ], [ 41.143574505649724, 18.952907623205277 ], [ 41.14372791100373, 18.948204295119542 ], [ 41.144322807697371, 18.943536219904999 ], [ 41.145353926176604, 18.938944747051274 ], [ 41.14681213286476, 18.93447054750953 ], [ 41.148684511067152, 18.930153253431996 ], [ 41.150954475386271, 18.926031107113069 ], [ 41.153601918634095, 18.922140622241709 ], [ 41.156603389940173, 18.918516260465683 ], [ 41.159932302477834, 18.915190126132664 ], [ 41.248100190366344, 18.835023011768605 ], [ 41.248964079706333, 18.834153952575356 ], [ 41.248688165088765, 18.83296003474036 ], [ 41.218222671202454, 18.726043395374198 ], [ 41.217129326849893, 18.721363565605706 ], [ 41.216490324509302, 18.716600385518408 ], [ 41.216311567593202, 18.711797859672537 ], [ 41.216594707544395, 18.707000356123462 ], [ 41.217337128579146, 18.702252196528157 ], [ 41.218531971853032, 18.697597246680289 ], [ 41.220168198826286, 18.693078511256818 ], [ 41.222230693243155, 18.688737736520011 ], [ 41.224700400783178, 18.684615024645275 ], [ 41.227554505094204, 18.680748463237887 ], [ 41.230766638580896, 18.677173773461277 ], [ 41.434995031797229, 18.470771954119247 ], [ 41.435754375941478, 18.469930655555512 ], [ 41.436062785001518, 18.468840118690313 ], [ 41.490933189040192, 18.234224514177807 ], [ 41.492379068529949, 18.22922957946891 ], [ 41.494335898555583, 18.22441182516884 ], [ 41.496782514090299, 18.219823359992951 ], [ 41.499692452598964, 18.215513812670917 ], [ 41.783240785417398, 17.839357465114496 ], [ 41.786311927504151, 17.835666311194942 ], [ 41.789722976602135, 17.832286773500819 ], [ 41.793442473927676, 17.829250020198337 ], [ 42.300529240497411, 17.454335037901565 ], [ 42.301468403902398, 17.453565988225925 ], [ 42.301699811394847, 17.452374385994709 ], [ 42.335491714766441, 17.216547180920113 ], [ 42.336398216294171, 17.21184056610862 ], [ 42.337751221142632, 17.207242376694992 ], [ 42.339538295755794, 17.202794868141819 ], [ 42.341743017655666, 17.198538911216779 ], [ 42.344345126358085, 17.194513616407161 ], [ 42.347320709558225, 17.190755974510626 ], [ 42.350642422874792, 17.187300516705054 ], [ 42.35427974113361, 17.184178997221274 ], [ 42.355258279718555, 17.183490213592652 ], [ 42.356659667480933, 17.18239788988825 ], [ 42.357447979872369, 17.181490504362785 ], [ 42.711676096158989, 16.731553533188908 ], [ 42.712360413595455, 16.730593562397267 ], [ 42.712638566241168, 16.729447933582822 ], [ 42.843058112990086, 16.053302068010908 ], [ 42.843221389530193, 16.052186357756828 ], [ 42.843180970176938, 16.051064102572994 ], [ 42.83042506334354, 15.893661025017408 ], [ 42.830282750089431, 15.892542071813283 ], [ 42.82966183964492, 15.891600382079337 ], [ 42.705963806230343, 15.721433775587135 ], [ 42.703252950795417, 15.717287144156293 ], [ 42.700965755586061, 15.712892598959508 ], [ 42.699124674719855, 15.708293282634621 ], [ 42.697747782669005, 15.703534348122291 ], [ 42.696848596817567, 15.698662515385337 ], [ 42.696435944756956, 15.693725612744087 ], [ 42.69651387762277, 15.688772107330673 ], [ 42.697081630323439, 15.683850629271879 ], [ 42.698133629051441, 15.679009494271842 ], [ 42.808766212314147, 15.268977482436421 ], [ 42.809028595646225, 15.267766814181382 ], [ 42.808797704265253, 15.266549747294711 ], [ 42.795217342176606, 15.210472217304881 ], [ 42.794707839870696, 15.20873956434291 ], [ 42.793553475810256, 15.203955400611767 ], [ 42.792875034553767, 15.199080926645079 ], [ 42.792679089051518, 15.194163367865505 ], [ 42.792967537684596, 15.189250367114791 ], [ 42.793737585872755, 15.184389523075087 ], [ 42.794981773149203, 15.179627929118066 ], [ 42.796688045439936, 15.17501171704968 ], [ 42.798839871847314, 15.170585610170841 ], [ 42.801416404806616, 15.166392489984148 ], [ 42.804392682063693, 15.162472980744532 ], [ 42.807739868517075, 15.158865055878808 ], [ 42.811425535581442, 15.155603670087293 ], [ 42.815413975365821, 15.15272042069177 ], [ 42.819666546622805, 15.150243241510791 ], [ 42.824142049116979, 15.148196132228142 ], [ 42.828797122785616, 15.146598925876425 ], [ 42.862799242256273, 15.136773966782425 ], [ 42.863976525567573, 15.136367709685688 ], [ 42.864487293104887, 15.135231858750597 ], [ 42.936796603625389, 14.949678132464317 ], [ 42.937200742555454, 14.948457952052395 ], [ 42.937345473661715, 14.94718075926381 ], [ 42.945572504429776, 14.812672808439221 ], [ 42.945586095705593, 14.811461282164396 ], [ 42.944261601138081, 14.810584752300516 ], [ 42.940270258209175, 14.807648956021698 ], [ 42.936589078967955, 14.804332536633137 ], [ 42.93325421217957, 14.800668060999355 ], [ 42.930298405859944, 14.796691513857969 ], [ 42.927750685693901, 14.792441944453618 ], [ 42.925636070006277, 14.787961083078784 ], [ 42.923975324084722, 14.783292931287027 ], [ 42.922784756266971, 14.778483329802688 ], [ 42.922076057794776, 14.773579508370137 ], [ 42.921856188007247, 14.768629621963019 ], [ 42.922127306000903, 14.763682277907836 ], [ 42.922886749427612, 14.75878605856548 ], [ 42.924127060638533, 14.753989044257924 ], [ 43.021123203577901, 14.443275013135461 ], [ 43.021426260618867, 14.442101327665865 ], [ 43.019976789665641, 14.440530428035363 ], [ 43.016948351542347, 14.43692091318311 ], [ 43.014273120336242, 14.433042360240432 ], [ 43.011974852137826, 14.42892921081166 ], [ 43.010073955600809, 14.424617989721199 ], [ 43.008587310713011, 14.420146980672577 ], [ 43.00752811890181, 14.415555886288626 ], [ 43.00690578580528, 14.410885475551632 ], [ 43.006725837750032, 14.406177221774202 ], [ 43.006989872677295, 14.401472934315676 ], [ 43.007695545953233, 14.396814387314421 ], [ 43.008836591189294, 14.39224294873291 ], [ 43.010402875887834, 14.387799213009629 ], [ 43.280454982878538, 13.723294729871856 ], [ 43.280869280183737, 13.722104675597132 ], [ 43.280777412993288, 13.720847921105133 ], [ 43.228370453321673, 13.300264499061349 ], [ 43.227994545880335, 13.294964769761345 ], [ 43.228183119189737, 13.289655073238494 ], [ 43.228934043997967, 13.284395363266436 ], [ 43.230238841331548, 13.279245029201924 ], [ 43.232082778234712, 13.274262225397345 ], [ 43.234445034124747, 13.269503214558128 ], [ 43.472555994645091, 12.84768646808392 ], [ 43.473095442942608, 12.846611626552287 ], [ 43.473068649832811, 12.845409307579121 ], [ 43.468218389951431, 12.777234200167534 ], [ 43.468111223722417, 12.772311584541814 ], [ 43.468488746866541, 12.767402296866917 ], [ 43.469347298371339, 12.762553944722855 ], [ 43.470678552475093, 12.75781354477027 ], [ 43.472469599405457, 12.753227066808645 ], [ 43.474703070571366, 12.748838987986392 ], [ 43.477357306994101, 12.744691861485858 ], [ 43.480406569344218, 12.74082590386589 ], [ 43.483821287547414, 12.737278605063704 ], [ 43.487568347538911, 12.734084364838026 ], [ 43.49161141238551, 12.731274159179101 ], [ 43.495911274661211, 12.728875239920514 ], [ 43.500426236659372, 12.72691087046586 ], [ 43.505112514754181, 12.725400100193005 ], [ 43.509924663990255, 12.724357579723671 ], [ 43.514816018782902, 12.723793418849732 ], [ 43.519739145455375, 12.723713088494005 ], [ 43.524646302224646, 12.724117367656234 ], [ 43.529489902175065, 12.725002335858774 ], [ 43.534222974730163, 12.726359411165246 ], [ 43.538799621147533, 12.728175433403438 ], [ 43.599513852670547, 12.755800408715677 ], [ 43.600596480800625, 12.756232112585868 ], [ 43.601678125443293, 12.755797950442597 ], [ 43.932689670828516, 12.60427912992051 ], [ 43.937188505343869, 12.602478077886712 ], [ 43.941840561702804, 12.6011209957012 ], [ 43.946602141650501, 12.600220630871441 ], [ 43.951428518141995, 12.59978544081255 ], [ 43.956274355477639, 12.599819513404084 ], [ 43.96109413515584, 12.600322528591285 ], [ 44.402888191865166, 12.668208329918365 ], [ 44.407795338238373, 12.669216264623191 ], [ 44.412576994598389, 12.670710179062485 ], [ 44.41718516073179, 12.672675076714841 ], [ 44.421573577990671, 12.6750912331376 ], [ 44.425698193655798, 12.67793439396883 ], [ 44.609640083030108, 12.818826054657485 ], [ 44.610617178970394, 12.819501662858341 ], [ 44.611761690277291, 12.81918345414377 ], [ 44.805911382976099, 12.754875380068931 ], [ 44.810675449453342, 12.753554841164258 ], [ 44.815546636294535, 12.752711223267017 ], [ 44.820477322480173, 12.752352773637199 ], [ 44.825419305321532, 12.752482996500232 ], [ 44.830324271693094, 12.753100618789471 ], [ 44.835144270344614, 12.754199602591768 ], [ 44.839832180675444, 12.755769204174475 ], [ 44.844342173388426, 12.75779407901684 ], [ 44.84863015851986, 12.76025443181897 ], [ 44.852654216465716, 12.763126210021886 ], [ 44.856375007790206, 12.766381338946818 ], [ 44.85975615781053, 12.769987996254963 ], [ 44.862764612197978, 12.773910923044619 ], [ 44.865370960119066, 12.778111768544353 ], [ 44.867549721757626, 12.782549465032474 ], [ 44.869279597407065, 12.787180629317598 ], [ 44.870543675697597, 12.79195998685536 ], [ 44.871329598922777, 12.796840814355125 ], [ 44.871629683849264, 12.801775396549724 ], [ 44.871649105040113, 12.80349695505425 ], [ 44.87270603243573, 12.803962182007622 ], [ 45.013992007710129, 12.858265974790147 ], [ 45.015135041060738, 12.85864152813833 ], [ 45.015643143308836, 12.858236886363468 ], [ 45.019605717407018, 12.855385818963281 ], [ 45.023827432232544, 12.852934757410411 ], [ 45.028268045422273, 12.850907065791056 ], [ 45.03288522802319, 12.849322072531182 ], [ 45.037634967981752, 12.848194886153502 ], [ 45.042471989677018, 12.847536251259541 ], [ 45.04735018549831, 12.847352446109591 ], [ 45.05222305535365, 12.847645222776899 ], [ 45.057044149919406, 12.848411790446489 ], [ 45.061767513405989, 12.849644842017854 ], [ 45.066348121619079, 12.851332623757941 ], [ 45.070742311140684, 12.853459047340444 ], [ 45.074908195538939, 12.856003843203462 ], [ 45.078806064639252, 12.858942753763653 ], [ 45.082398763050932, 12.862247764645137 ], [ 45.085652044340932, 12.865887371719008 ], [ 45.08853489747878, 12.869826881407993 ], [ 45.091019842440929, 12.874028741393653 ], [ 45.093083192156683, 12.878452898573785 ], [ 45.094705278298839, 12.883057180857859 ], [ 45.117810438631366, 12.960516284493119 ], [ 45.118226477494616, 12.961689256182474 ], [ 45.119365600442883, 12.962190604193765 ], [ 45.392586933881198, 13.06617083659274 ], [ 45.397595211395078, 13.068398310711244 ], [ 45.40232957338047, 13.071160610694225 ], [ 45.406733123251051, 13.074424539789959 ], [ 45.410752940052305, 13.078150872771459 ], [ 45.664891777658525, 13.341065332203828 ], [ 45.665811645681934, 13.34192423729656 ], [ 45.667058480621321, 13.342095344785202 ], [ 46.695033700745945, 13.429841440478317 ], [ 46.700630832288745, 13.430640019953584 ], [ 46.706102024733426, 13.432065384439975 ], [ 47.39185340232283, 13.652808361247848 ], [ 47.395996906949883, 13.654347398415739 ], [ 47.39998830009656, 13.656246357801086 ], [ 47.40379638939902, 13.658490399214035 ], [ 48.015855418437333, 14.056626665433994 ], [ 48.016859616109862, 14.057213647288888 ], [ 48.017918793443563, 14.056732914473958 ], [ 48.174488607507577, 13.976446405274677 ], [ 48.179196685611331, 13.974331545192969 ], [ 48.184097696367509, 13.972713297324429 ], [ 48.189139417286164, 13.971608904833221 ], [ 48.19426812654681, 13.971030135521675 ], [ 48.199429175428769, 13.970983156439008 ], [ 48.20456757061806, 13.971468468168629 ], [ 48.680662809629638, 14.041381345739902 ], [ 48.685519214237637, 14.042342198705144 ], [ 48.690256796502283, 14.043778589467836 ], [ 48.694829113138773, 14.045676436857132 ], [ 48.699191340987987, 14.048017135968276 ], [ 48.703300716425154, 14.050777740549497 ], [ 48.707116954578545, 14.053931187947819 ], [ 48.996156099991836, 14.317909577730683 ], [ 48.99968762394694, 14.321476073049455 ], [ 49.002843792967994, 14.325378655196555 ], [ 49.005592803538725, 14.329577999334193 ], [ 49.007906954923911, 14.334031790266733 ], [ 49.092259537495885, 14.51845195759066 ], [ 49.092831296288161, 14.519551774510782 ], [ 49.093927192303113, 14.520131013061526 ], [ 49.370766759269202, 14.649043500182506 ], [ 49.374139061766435, 14.65032626083539 ], [ 51.661203315382224, 15.335710432399129 ], [ 51.666037219987608, 15.337433995275024 ], [ 51.670668989219983, 15.339643976383337 ], [ 51.675049827755991, 15.342317093747488 ], [ 51.679133583807349, 15.345425186286981 ], [ 51.682877235326323, 15.348935510492179 ], [ 51.686241343239566, 15.352811085374583 ], [ 51.758091268824032, 15.44471793308818 ], [ 51.758831733681717, 15.445580238925766 ], [ 51.759878047719923, 15.446024183175275 ], [ 52.193822357385024, 15.607023918768208 ], [ 52.198436572283811, 15.609004804435434 ], [ 52.202828830690443, 15.611438516260653 ], [ 52.206954832484875, 15.614300507936244 ], [ 52.210772962999251, 15.617561913543346 ], [ 52.214244712741525, 15.621189838692217 ], [ 52.217335065800512, 15.625147692293554 ], [ 52.220012853014744, 15.629395555614581 ], [ 52.222251066343247, 15.633890584897571 ], [ 52.224027131267405, 15.63858744348007 ], [ 52.225323134476568, 15.643438759058412 ], [ 52.226126004540859, 15.648395601482646 ], [ 52.226427643749055, 15.653407976263814 ], [ 52.226225009781707, 15.658425328816117 ], [ 52.225520146395873, 15.663397054348177 ], [ 52.160228110840983, 16.00094387390855 ], [ 52.160061469333726, 16.002093920959314 ], [ 52.16053762185733, 16.003153947555692 ], [ 52.292227975411187, 16.262820517981552 ], [ 52.292775081017936, 16.263789034243278 ], [ 52.293626002701359, 16.26450201470654 ], [ 52.531535600301567, 16.446466125366811 ], [ 52.532594781760018, 16.447192654096597 ], [ 52.533780595453905, 16.447686167258091 ], [ 53.337615111894628, 16.734445305146764 ], [ 53.338645518019447, 16.734763387567703 ], [ 53.339711341638456, 16.734898494209176 ], [ 53.605009747248666, 16.757013195160084 ], [ 53.610104202868555, 16.757703068627922 ], [ 53.615100891451426, 16.758912410048065 ], [ 53.619946989197864, 16.760628434551585 ], [ 53.62459126431883, 16.762833000736901 ], [ 54.083758973379261, 17.010481165202908 ], [ 54.084992379647822, 17.011061119767607 ], [ 54.086347248191821, 17.011209341051199 ], [ 54.590890874979024, 17.038416315583046 ], [ 54.592041864994279, 17.038424812934391 ], [ 54.593117253816274, 17.03801446052265 ], [ 54.776142583551106, 16.958243746285174 ], [ 54.780545927051847, 16.95656675832603 ], [ 54.78508757765875, 16.955311715551669 ], [ 54.789727202385038, 16.954489763606698 ], [ 54.794423598166262, 16.954108201990753 ], [ 54.799135057771871, 16.95417041923389 ], [ 54.803819740194186, 16.95467586280412 ], [ 54.80843604222536, 16.955620044014267 ], [ 55.014128922219918, 17.007897943568469 ], [ 55.01903728674575, 17.009417844767352 ], [ 55.023763745122324, 17.011433467050274 ], [ 55.028258381899583, 17.013923523718965 ], [ 55.032473729862225, 17.016861717641547 ], [ 55.036365271324094, 17.020217018972787 ], [ 55.249295054139687, 17.223792147178361 ], [ 55.252672810805699, 17.227354972488307 ], [ 55.255684874358693, 17.231231883299344 ], [ 55.258302204934566, 17.235385501594347 ], [ 55.260499568363166, 17.239775781567953 ], [ 55.262255779455586, 17.244360395715606 ], [ 55.26355390625455, 17.249095142920876 ], [ 55.29649212778881, 17.397449420686861 ], [ 55.29729648542088, 17.402099920875497 ], [ 55.2976587836542, 17.406805543384255 ], [ 55.297575794535668, 17.411524362729281 ], [ 55.297048257469889, 17.416214335847435 ], [ 55.296080872631336, 17.420833676685575 ], [ 55.294682259087367, 17.425341228499963 ], [ 55.292864878005325, 17.429696830548757 ], [ 55.290644921627816, 17.433861675910439 ], [ 55.228818641188305, 17.537725667932168 ], [ 55.228268332087758, 17.538760841258913 ], [ 55.228905188415389, 17.539745136915936 ], [ 55.444479916745841, 17.840061919818808 ], [ 55.445189814682848, 17.84095934230502 ], [ 55.44632037139985, 17.841135874764319 ], [ 56.336952639689173, 17.937907413616742 ], [ 56.341533960567787, 17.938621445201509 ], [ 56.346029440486539, 17.939756787615448 ], [ 56.350400421299369, 17.941303677666713 ], [ 56.354609315469951, 17.943248813126701 ], [ 56.358619929299586, 17.945575467120396 ], [ 56.362397774169033, 17.948263631966395 ], [ 56.36591036311772, 17.951290191229713 ], [ 56.369127490210118, 17.954629118507778 ], [ 56.498414925219052, 18.101907312557064 ], [ 56.499189958562809, 18.102709211609959 ], [ 56.499681326497807, 18.101708074093139 ], [ 56.802727381216101, 17.401289368566143 ], [ 56.80312917653395, 17.400231360299614 ], [ 56.803332017494512, 17.399122692242216 ], [ 56.922201820870271, 16.530038325415937 ], [ 56.922309311893258, 16.528775508030009 ], [ 56.92215865617414, 16.527517110268889 ], [ 56.823248404005305, 15.951895674303469 ], [ 56.822982254764533, 15.950702001853331 ], [ 56.822487805714097, 15.949583427102496 ], [ 56.442235472787672, 15.192433705141967 ], [ 56.440214046589645, 15.187849361717069 ], [ 56.438661563948642, 15.183085732201574 ], [ 56.437593613261207, 15.178190647948908 ], [ 56.437020917764023, 15.173213260242591 ], [ 56.436949227862463, 15.168203546770794 ], [ 56.437379263391051, 15.163211809802998 ], [ 56.43830670638566, 15.158288171107559 ], [ 56.439722244439963, 15.153482068681651 ], [ 56.441611664210811, 15.14884176034696 ], [ 56.44395599413366, 15.14441383919541 ], [ 56.446731694915051, 15.140242765750399 ], [ 56.449910895889431, 15.136370421541006 ], [ 56.453461674867022, 15.132835688571774 ], [ 56.457348378662871, 15.129674058910535 ], [ 56.461531981088584, 15.126917278314428 ], [ 57.238144343895982, 14.669256894773484 ], [ 57.239285428019926, 14.66849684241898 ], [ 57.240336040074276, 14.667615952601299 ], [ 57.706491327713884, 14.230875692658142 ], [ 57.707366195289914, 14.229968707123923 ], [ 57.708144975986144, 14.228977991896311 ], [ 58.059619054853407, 13.732050406527952 ], [ 58.06024385150014, 13.731073427560187 ], [ 58.060676627791636, 13.729997526340206 ], [ 58.346408975582129, 12.911343438223541 ], [ 58.346732238520779, 12.910261397474764 ], [ 58.346751820036026, 12.90913227052261 ], [ 58.322952155026996, 12.06404367119374 ], [ 58.322852870483267, 12.062787510937035 ], [ 58.322502520711851, 12.061577118005395 ], [ 58.134961305518502, 11.518432009000737 ], [ 58.134419601588732, 11.51711328227224 ], [ 58.133730673766671, 11.515865138935807 ], [ 57.816035656848378, 11.010976611977036 ], [ 57.815274896601437, 11.009898776436183 ], [ 57.814404405696962, 11.008907448442271 ], [ 57.355558864670606, 10.539075109268746 ], [ 57.35457189288644, 10.538167778361771 ], [ 57.353493112739123, 10.537371790880085 ], [ 56.587325176337075, 10.033387855099148 ], [ 56.586403212099185, 10.032836755550417 ], [ 56.585437245742867, 10.032367034604629 ], [ 55.762533836187224, 9.675171358523849 ], [ 55.759071784187327, 9.673962193705835 ], [ 55.057484317423338, 9.485438375178351 ], [ 55.052879624640482, 9.483958825878959 ], [ 55.048439425625752, 9.482041302876899 ], [ 55.044205266898189, 9.479703748252161 ], [ 55.040216767077496, 9.476968034280606 ], [ 55.036511246176396, 9.473859758777154 ], [ 55.033123376400837, 9.470408005579477 ], [ 55.030084857725441, 9.466645072413302 ], [ 55.027424121279893, 9.46260616868566 ], [ 52.866287665616525, 5.80886912383979 ], [ 52.863853680255211, 5.804211633558235 ], [ 52.861921977428551, 5.799324402782903 ], [ 52.652224316990619, 5.174572465241194 ], [ 52.65177963991809, 5.17343554612846 ], [ 52.651225860511644, 5.172347588805385 ], [ 52.144372191885857, 4.28675309030373 ], [ 52.143366590628979, 4.285141416518544 ], [ 51.349127542978181, 3.113826404599039 ], [ 51.347403146475024, 3.111570832011842 ], [ 50.573837005872363, 2.210818455108758 ], [ 50.572630245363058, 2.209510532696828 ], [ 48.869684450868156, 0.490838030481119 ], [ 48.868595189367916, 0.489860925430935 ], [ 48.867398774434449, 0.489018419524583 ], [ 47.222773810099042, -0.530007101163218 ], [ 47.219485932508, -0.532229579531958 ], [ 47.216384673695096, -0.534705815168684 ], [ 46.548493229711902, -1.112852498551135 ], [ 46.544453020401988, -1.116768547440711 ], [ 45.410145035043811, -2.347361547735041 ], [ 45.405647977200232, -2.353009363804165 ], [ 44.843654659212945, -3.174137040327119 ], [ 44.842983936690345, -3.175028649431731 ], [ 44.842236196364823, -3.175856731494779 ], [ 44.384580111907432, -3.639208374997909 ], [ 44.383726175260428, -3.639995917781236 ], [ 44.382802638499776, -3.640700553349929 ], [ 43.832594995164598, -4.021287591003723 ], [ 43.831673433621532, -4.02186726228416 ], [ 43.830704824156342, -4.022364343942355 ], [ 43.193527325464302, -4.314956168637051 ], [ 43.192373127357094, -4.315417941453194 ], [ 43.191178662648376, -4.315762414186496 ], [ 42.124811573634766, -4.566424679499825 ], [ 42.123660040637738, -4.566638833547223 ], [ 42.122493490897291, -4.566743961575085 ], [ 41.378393230598782, -4.598668896582829 ], [ 41.377467522091159, -4.598674243956967 ], [ 41.376543964479978, -4.598610949610282 ], [ 40.638432703112137, -4.520429473583221 ], [ 40.637263878335339, -4.520249253363889 ], [ 40.636117394111409, -4.519959073056901 ], [ 39.61293155778057, -4.208650249652752 ], [ 39.611862431516997, -4.208268153944675 ], [ 39.612305238600641, -4.20722271146213 ], [ 39.647282632175809, -4.134542932076102 ], [ 39.64922602638714, -4.129926120466129 ], [ 39.650697721228447, -4.125138026398893 ], [ 39.651682945751595, -4.120226706500778 ], [ 39.652171811561288, -4.115241454177903 ], [ 39.652159412061884, -4.110232304873375 ], [ 39.651645871703323, -4.105249533876956 ], [ 39.650636344732128, -4.100343151727444 ], [ 39.649140963459779, -4.095562402272292 ], [ 39.64717473656782, -4.090955268422276 ], [ 39.644757398470368, -4.086567990561774 ], [ 39.641913211245857, -4.082444602448275 ], [ 39.638670721126019, -4.078626489259097 ], [ 39.635062471986146, -4.075151972221112 ], [ 39.631124678712247, -4.072055923992374 ], [ 39.626896863723367, -4.069369418655996 ], [ 39.622421460297218, -4.067119419839136 ], [ 39.561669684202641, -4.040299843908646 ], [ 39.560707558209948, -4.039817934376563 ], [ 39.561720780100188, -4.039455574577321 ], [ 39.573739219103771, -4.035805723302362 ], [ 39.578448506403753, -4.034113881880792 ], [ 39.582965103509899, -4.031959800905008 ], [ 39.587243772701811, -4.029365055403869 ], [ 39.59124165931788, -4.026355634051755 ], [ 39.594918720982683, -4.022961678868975 ], [ 39.598238128666857, -4.019217183322738 ], [ 39.6011666355624, -4.015159651852468 ], [ 39.603674910078965, -4.010829724229626 ], [ 39.605737829625667, -4.006270768514407 ], [ 39.607334732236104, -4.001528446686201 ], [ 39.608449623516243, -3.996650257298429 ], [ 39.609071336842447, -3.991685059738459 ], [ 39.609193645205089, -3.98668258485757 ], [ 39.608815323577595, -3.981692936872424 ], [ 39.60794016118615, -3.976766091526963 ], [ 39.606576923557235, -3.971951395541066 ], [ 39.605850719668481, -3.969803110327365 ], [ 39.606735670490337, -3.97032853952599 ], [ 39.607610529570017, -3.970907153696827 ], [ 39.611831711984017, -3.973410213140141 ], [ 39.61627794200691, -3.975487405026447 ], [ 39.620906386992843, -3.977118718779595 ], [ 39.625672458932662, -3.978288439179295 ], [ 39.630530243991394, -3.978985297753297 ], [ 39.635432944818028, -3.979202581331936 ], [ 39.64033333136662, -3.978938196719286 ], [ 39.645184195885768, -3.978194690857906 ], [ 39.649938807693296, -3.976979226292941 ], [ 39.654551363355139, -3.975303512171914 ], [ 39.658977427931553, -3.973183691444949 ], [ 39.663174363039992, -3.970640185352067 ], [ 39.667101737610942, -3.967697496695675 ], [ 39.670721717379585, -3.964383973793434 ], [ 39.673999429361231, -3.960731537385451 ], [ 39.676903297799399, -3.956775373126623 ], [ 39.679405348350024, -3.95255359262651 ], [ 39.68148147757163, -3.948106866302098 ], [ 39.683111685125219, -3.943478031580354 ], [ 39.684280266447054, -3.938711680224937 ], [ 39.684975964038152, -3.933853728762567 ], [ 39.685192075913164, -3.928950976147301 ], [ 39.684926520163721, -3.924050652923987 ], [ 39.684181855014522, -3.919199966233983 ], [ 39.684013392895196, -3.918374948110203 ], [ 39.683837177508828, -3.917226073462885 ], [ 39.684998079527432, -3.917168877999927 ], [ 39.751340991788418, -3.917168877999927 ], [ 39.756426771474644, -3.916909553960183 ], [ 39.761459796563528, -3.916134271799255 ], [ 39.766387859679149, -3.914851073489218 ], [ 39.771159842212093, -3.913073269596855 ], [ 39.775726244570834, -3.910819301213656 ], [ 39.780039699639111, -3.908112548667083 ], [ 39.784055464113173, -3.904981088997337 ], [ 39.787731882622388, -3.90145740471529 ], [ 39.791030819818758, -3.897578046862656 ], [ 39.793918055953469, -3.893383255869431 ], [ 39.79636364183699, -3.888916544141467 ], [ 39.798342209500888, -3.88422424470795 ], [ 39.863044062166217, -3.705918734449245 ], [ 39.86441157992877, -3.701530862700652 ], [ 39.865370410446758, -3.697035958102022 ], [ 39.865912452168651, -3.692471999942187 ], [ 39.866033125162069, -3.687877550971781 ], [ 39.865731409811509, -3.683291431570781 ], [ 39.865223846981479, -3.678765164922767 ], [ 39.864430840511893, -3.67388605707775 ], [ 39.863159937599612, -3.669109095866723 ], [ 39.861423559822271, -3.664480970453722 ], [ 39.859238678225537, -3.660046915308329 ], [ 39.856626647451158, -3.655850268092061 ], [ 39.853612997020498, -3.651932046083818 ], [ 39.850227181813572, -3.64833054528434 ], [ 39.846502294182315, -3.645080966117951 ], [ 39.842474740511868, -3.642215069389912 ], [ 39.838183885391075, -3.639760865861988 ], [ 39.833671666870039, -3.63774234248028 ], [ 39.828982186565113, -3.636179227931108 ], [ 39.824161278617616, -3.635086799816352 ], [ 39.81925606171913, -3.634475735332918 ], [ 39.814314478581828, -3.634352006915716 ], [ 39.801386862548597, -3.634667742501242 ], [ 39.800189400298294, -3.6346372872093 ], [ 39.799853798477763, -3.63331948671095 ], [ 39.799389053400333, -3.631033794780087 ], [ 39.79787314588674, -3.626175136805125 ], [ 39.795871155822482, -3.621495759849798 ], [ 39.793403827454561, -3.617044150743836 ], [ 39.790496726778535, -3.61286643622907 ], [ 39.787179976628458, -3.60900590500275 ], [ 39.783487944549691, -3.605502559168152 ], [ 39.779458886688829, -3.602392699740261 ], [ 39.776734566714687, -3.600701692711276 ], [ 39.775951785749392, -3.600164085798777 ], [ 39.776069962548966, -3.598990980155367 ], [ 39.780753910141236, -3.567789845941223 ], [ 39.780977869341179, -3.566672491897612 ], [ 39.781987771531213, -3.567200445824063 ], [ 39.813033993177662, -3.585412248248717 ], [ 39.81740143656809, -3.58769276597996 ], [ 39.821972125001857, -3.589532366516093 ], [ 39.82670167650393, -3.590913187098312 ], [ 39.831544166518391, -3.591821819780422 ], [ 39.83645257384174, -3.592249441621724 ], [ 39.841379237204926, -3.592191900358909 ], [ 39.846276318070387, -3.591649754725071 ], [ 39.851096265150417, -3.590628269024336 ], [ 39.855792276136349, -3.58913736201479 ], [ 39.860318752154981, -3.587191510596055 ], [ 39.864631740539565, -3.584809609236727 ], [ 39.868689361615822, -3.582014786506642 ], [ 39.87245221535904, -3.57883418049548 ], [ 39.875883763973377, -3.575298675298404 ], [ 39.878950686678579, -3.571442601127511 ], [ 39.881623203259061, -3.567303400961037 ], [ 39.883875363233663, -3.562921266967203 ], [ 39.885685297838137, -3.558338750233069 ], [ 39.965674000563929, -3.322404593001476 ], [ 39.966091776457411, -3.321348892650893 ], [ 39.968838921609937, -3.325229662852125 ], [ 39.972062460012204, -3.328946515887969 ], [ 39.975635686370765, -3.332328564041299 ], [ 39.979524002998119, -3.335343060703488 ], [ 39.983689761352025, -3.337960818075332 ], [ 39.988092626566655, -3.340156489777284 ], [ 39.99268996799411, -3.341908816265236 ], [ 39.997437271974725, -3.343200830675592 ], [ 40.002288572839646, -3.344020023106567 ], [ 40.007196897972413, -3.344358461745036 ], [ 40.012114722620318, -3.34421286966615 ], [ 40.016994430051795, -3.343584656562086 ], [ 40.021788772604424, -3.342479905092736 ], [ 40.026451329159372, -3.340909311990481 ], [ 40.030936954612912, -3.33888808448931 ], [ 40.035202216992907, -3.336435793081104 ], [ 40.039205817987941, -3.333576182024768 ], [ 40.112180989147525, -3.27582636572548 ], [ 40.116179981470914, -3.272299116651514 ], [ 40.119780600930433, -3.268366056120575 ], [ 40.122941896347832, -3.264071916286309 ], [ 40.125627913139851, -3.25946553599097 ], [ 40.127808102243009, -3.254599305303183 ], [ 40.218624252430772, -3.018960951694092 ], [ 40.220132460075305, -3.014407957179198 ], [ 40.221197481140678, -3.009731400809178 ], [ 40.221809515537629, -3.004974315225692 ], [ 40.221962931460446, -3.000180474082486 ], [ 40.2216563172096, -2.995393989249872 ], [ 40.220892494181882, -2.990658904907011 ], [ 40.219678490908564, -2.986018792257081 ], [ 40.218025478380369, -2.981516348594658 ], [ 40.215948667254487, -2.977193004414618 ], [ 40.213467167889469, -2.973088542177849 ], [ 40.210603814495883, -2.969240730241807 ], [ 40.207384955020999, -2.965684975324412 ], [ 40.203840208700697, -2.962453996699225 ], [ 40.200002193509874, -2.959577525119901 ], [ 40.163589289633713, -2.934922954722349 ], [ 40.16267059725557, -2.934235285105192 ], [ 40.162908582631076, -2.933112677360145 ], [ 40.231783307619352, -2.670275758738339 ], [ 40.232161719850083, -2.669083537944983 ], [ 40.233229014906343, -2.668431259247333 ], [ 40.489861085089387, -2.529059062704299 ], [ 40.490908191261688, -2.528552715235847 ], [ 40.492071052372943, -2.528576655385524 ], [ 40.630281048542223, -2.537945630957523 ], [ 40.635105445396135, -2.538039296909536 ], [ 40.639916405213782, -2.537667485199668 ], [ 40.644669121451287, -2.536833658670746 ], [ 40.649319330012368, -2.535545583108885 ], [ 40.653823721498938, -2.533815254917373 ], [ 40.658140344570214, -2.531658789388992 ], [ 40.662228996653674, -2.529096270617347 ], [ 40.666051598368917, -2.526151564445041 ], [ 40.790463892754573, -2.42036459414258 ], [ 40.794144093237477, -2.416900002112274 ], [ 40.797455706728279, -2.41308156138098 ], [ 40.8003648921487, -2.408948292248625 ], [ 40.80284192079646, -2.40454243221805 ], [ 40.804861480140204, -2.399909004373793 ], [ 40.806402932485945, -2.39509535729526 ], [ 40.807450525871793, -2.390150681205891 ], [ 40.807993555035836, -2.385125505302717 ], [ 40.808026470812251, -2.380071181403073 ], [ 40.807548936837691, -2.375039359185031 ], [ 40.806565832988582, -2.370081458384015 ], [ 40.805087205514106, -2.365248143339185 ], [ 40.7743409410593, -2.280346526540784 ], [ 40.774003385494446, -2.279255045066491 ], [ 40.77498312286248, -2.278667345944656 ], [ 40.861992222727203, -2.23194465164541 ], [ 40.863048585272303, -2.231441019263771 ], [ 40.864505454049841, -2.23208733716159 ], [ 40.869010341244611, -2.233830602279007 ], [ 40.873662423496448, -2.235131030142969 ], [ 40.878418282024946, -2.235976483609545 ], [ 40.8832335294857, -2.236359071898561 ], [ 40.888063224245968, -2.236275224239767 ], [ 40.892862289833559, -2.235725723199524 ], [ 40.897585935644258, -2.234715697376965 ], [ 40.902190074981185, -2.233254573537787 ], [ 40.906631736524389, -2.231355988632432 ], [ 40.910869465390505, -2.229037662519797 ], [ 40.914863710039143, -2.22632123258438 ], [ 40.918577191415061, -2.223232051790395 ], [ 40.921975250880756, -2.21979895205767 ], [ 40.92502617369221, -2.216053975167787 ], [ 40.927701484998721, -2.212032073711951 ], [ 40.929976215604171, -2.207770784871722 ], [ 40.931829135009323, -2.203309880077265 ], [ 40.93324294956021, -2.198690993812923 ], [ 40.934204463853085, -2.193957235034551 ], [ 40.934704703889714, -2.189152784825321 ], [ 40.93473900083341, -2.184322484045154 ], [ 40.93430703458418, -2.179511414822337 ], [ 40.933412836766294, -2.174764479793319 ], [ 40.932064753100363, -2.170125983017761 ], [ 40.861408157303309, -1.964622891829786 ], [ 40.861146784711345, -1.963722704665898 ], [ 40.861753402098408, -1.964437314984616 ], [ 40.876127009123529, -1.983139653074368 ], [ 40.879241470417583, -1.986811615038026 ], [ 40.88269468289414, -1.990166983483737 ], [ 40.88645462398317, -1.993174643175548 ], [ 40.890486426737553, -1.995806703274494 ], [ 40.894752703163668, -1.998038755977869 ], [ 40.899213890930355, -1.999850102859359 ], [ 40.903828620241043, -2.001223946811127 ], [ 40.908554097467039, -2.002147547807922 ], [ 40.9133465019844, -2.002612341048765 ], [ 40.918161392534344, -2.002614016380662 ], [ 40.922954119339074, -2.002152558267807 ], [ 40.927680238151169, -2.001232245935657 ], [ 40.93229592239706, -1.999861613688514 ], [ 40.936758369592702, -1.998053371768628 ], [ 40.941026198262499, -1.99582428849069 ], [ 40.945059831680901, -1.993195034744732 ], [ 40.948821864878063, -1.990189992309392 ], [ 40.952277411506167, -1.986837027753109 ], [ 40.955394427349979, -1.983167234019925 ], [ 40.958144007481472, -1.979214642096232 ], [ 40.96050065430299, -1.975015905432265 ], [ 40.962442513993381, -1.970609960044776 ], [ 40.963951579164359, -1.966037663452859 ], [ 40.965013855847864, -1.961341415795166 ], [ 40.970512740889092, -1.930110568521531 ], [ 40.970762194962965, -1.928998394017143 ], [ 40.971633112890046, -1.92826309718749 ], [ 41.005132823220869, -1.902541481344177 ], [ 41.006063415950116, -1.901897522671029 ], [ 41.006174199782379, -1.903023760897618 ], [ 41.008955434009465, -1.960237726325206 ], [ 41.009429610096305, -1.965092242807706 ], [ 41.010374535965298, -1.969877458408105 ], [ 41.011781219258431, -1.974547834769067 ], [ 41.013636273317331, -1.97905892639735 ], [ 41.015922044576996, -1.983367803627984 ], [ 41.018616780565431, -1.987433461163101 ], [ 41.021694836910328, -1.991217208297601 ], [ 41.025126921382991, -1.994683037118054 ], [ 41.028880372656921, -1.997797965170904 ], [ 41.032919471128309, -2.000532349338978 ], [ 41.037205778840573, -2.002860167939296 ], [ 41.041698505277978, -2.004759268357621 ], [ 41.046354895547317, -2.006211577863133 ], [ 41.051130637253564, -2.007203275597013 ], [ 41.05598028219741, -2.007724924098226 ], [ 41.060857678881653, -2.007771559114827 ], [ 41.06571641171049, -2.007342736846113 ], [ 41.070510242702149, -2.006442538166036 ], [ 41.075193551511184, -2.005079529787697 ], [ 41.079721769573105, -2.003266682738478 ], [ 41.08405180423977, -2.001021248921661 ], [ 41.217916202246847, -1.923092290767423 ], [ 41.219009840149226, -1.922527347161969 ], [ 41.220174702106185, -1.922925218699139 ], [ 41.270943037992147, -1.943173861245411 ], [ 41.275760874180605, -1.944816480584022 ], [ 41.280720751765244, -1.945960752481671 ], [ 41.285771267083007, -1.946594817821664 ], [ 41.290860077110658, -1.946712105215788 ], [ 41.295934441942514, -1.946311399109508 ], [ 41.30094177138141, -1.945396852379851 ], [ 41.305830169978137, -1.94397794329541 ], [ 41.310548974870535, -1.942069377284545 ], [ 41.315049280848228, -1.939690934529826 ], [ 41.319284447201206, -1.936867264968248 ], [ 41.323210581099346, -1.933627632821812 ], [ 41.32678699249324, -1.930005613306126 ], [ 41.646944614910751, -1.570911921018819 ], [ 41.650158527504843, -1.566911448833503 ], [ 41.652945480567766, -1.562602631769269 ], [ 41.655276118552273, -1.55803085547847 ], [ 41.828608667865055, -1.170005024489404 ], [ 41.829138692902895, -1.168960251940984 ], [ 41.829428820762317, -1.169110755392835 ], [ 41.833825038183463, -1.171127733456097 ], [ 41.838395573012484, -1.172710496703817 ], [ 41.843097654315862, -1.173844233683029 ], [ 41.847887280151959, -1.174518334915677 ], [ 41.852719629339902, -1.174726492181809 ], [ 41.857549480894924, -1.174466757551711 ], [ 41.862331637205045, -1.173741561614586 ], [ 41.867021346988999, -1.172557690733162 ], [ 41.871574724077476, -1.17092622353711 ], [ 41.875949158098585, -1.168862427249543 ], [ 41.880103713224543, -1.166385614816784 ], [ 41.883999511247914, -1.163518964178367 ], [ 41.88760009540281, -1.160289301368546 ], [ 41.890871771526236, -1.156726849479037 ], [ 41.893783923367081, -1.152864945832199 ], [ 41.896309299092167, -1.148739730011323 ], [ 41.898424266308055, -1.144389805667455 ], [ 41.900109033212338, -1.13985587926754 ], [ 41.901347833804785, -1.13518037916447 ], [ 41.952553253807245, -0.895665169961883 ], [ 41.952806229307605, -0.894713245807944 ], [ 41.953029609308501, -0.895672546372867 ], [ 41.954016181918753, -0.901104993010883 ], [ 41.955104115017278, -0.905797180486856 ], [ 41.956638488927076, -0.910362913554117 ], [ 41.958605064522168, -0.914759821804847 ], [ 41.960985591806612, -0.918947101540495 ], [ 41.963757979276068, -0.922885894433727 ], [ 41.966896498928911, -0.926539648137144 ], [ 41.97037202502441, -0.929874455492308 ], [ 41.974152304372133, -0.932859369191186 ], [ 41.97820225564444, -0.935466688969904 ], [ 41.982484294934316, -0.937672218669663 ], [ 41.986958684537356, -0.939455490779229 ], [ 41.991583901721192, -0.940799956375259 ], [ 41.996317024060119, -0.941693138697775 ], [ 42.001114127759038, -0.942126748935604 ], [ 42.005930695270145, -0.942096763147279 ], [ 42.010722028419735, -0.941603459603576 ], [ 42.015443663211208, -0.940651416205134 ], [ 42.020051782454914, -0.939249467999131 ], [ 42.024503622395564, -0.937410625189265 ], [ 42.028757869563648, -0.935151952399906 ], [ 42.032775044168119, -0.932494410314872 ], [ 42.036517866472352, -0.929462661160421 ], [ 42.039951602753383, -0.926084839837607 ], [ 43.466679331282684, 0.619530396993915 ], [ 43.468670553814484, 0.62146060177385 ], [ 44.549232303349221, 1.558350939511256 ], [ 44.550087571038908, 1.559029254347048 ], [ 44.550998883248205, 1.559630173554866 ], [ 46.041743452492504, 2.451549405661121 ], [ 46.045524755024879, 2.454051341588895 ], [ 46.049063863900763, 2.456885532936116 ], [ 46.052331676415989, 2.46002867365733 ], [ 47.945270888869921, 4.453700972949111 ], [ 47.948324717298881, 4.457234041951891 ], [ 47.95103560069785, 4.461036614219331 ], [ 49.032522617851861, 6.138615970974193 ], [ 49.034754389796049, 6.142439597742687 ], [ 49.036639178395376, 6.146445655606903 ], [ 49.038162206207836, 6.150602735586658 ], [ 49.246996275942919, 6.809576830827198 ], [ 49.24736883733727, 6.810596130164837 ], [ 49.247910591246637, 6.811531743795455 ], [ 49.739535249085769, 7.581824235934617 ], [ 49.742306163075064, 7.586761625789064 ], [ 49.744501120555803, 7.591980624214873 ], [ 49.746091977095787, 7.597414311579824 ], [ 49.823928900899034, 7.932611430274571 ], [ 49.824291794562619, 7.933867330112008 ], [ 49.825240889807425, 7.9347663264575 ], [ 50.082988787268235, 8.154154670677816 ], [ 50.086788219423148, 8.157747756406271 ], [ 50.090191596914082, 8.161718017280075 ], [ 50.093161692305088, 8.166022025077483 ], [ 50.09566601756444, 8.170612700926114 ], [ 50.439203150419694, 8.887116967953714 ], [ 50.439754651084115, 8.888141598069735 ], [ 50.440399288382906, 8.889110340868861 ], [ 50.822338283994775, 9.40874630095192 ], [ 50.825231971966964, 9.413152409750301 ], [ 50.827645700649576, 9.417838681047431 ], [ 50.829552641713981, 9.422753027453664 ], [ 50.830931599720145, 9.42784082654962 ], [ 50.83176724770162, 9.433045528008362 ], [ 50.927254581957762, 10.326588821001515 ], [ 50.92744685429232, 10.327803721251319 ], [ 50.928523438303827, 10.328398631440979 ], [ 50.991884668419111, 10.359344648375652 ], [ 50.996271713665671, 10.361766789615345 ], [ 51.000394269017093, 10.364615907295404 ], [ 51.004210922688898, 10.367863381533923 ], [ 51.007683335732111, 10.371476590888181 ], [ 51.010776627154648, 10.375419240042698 ], [ 51.013459724306948, 10.37965172440199 ], [ 51.01570567501215, 10.384131527925604 ], [ 51.017491918305346, 10.388813650209128 ], [ 51.018800511062445, 10.393651058521069 ], [ 51.019618308241931, 10.398595160254811 ], [ 51.019937094929105, 10.403596291049784 ], [ 51.019753668856339, 10.408604213678599 ], [ 51.019069872570384, 10.413568622688709 ], [ 51.017892574923685, 10.418439649729432 ], [ 51.016233602075573, 10.423168364488179 ], [ 51.014109618696423, 10.427707266203953 ], [ 51.011541960568159, 10.43201076082074 ], [ 51.01018941426733, 10.43403922835777 ], [ 51.010928562799947, 10.434930414828647 ], [ 51.14524585493772, 10.581626679487419 ], [ 51.148286693671913, 10.585282619649497 ], [ 51.150966473798213, 10.58921089880846 ], [ 51.153260956599617, 10.593375985524261 ], [ 51.155149388388608, 10.597740206423161 ], [ 51.156614688225126, 10.60226408695487 ], [ 51.157643602414311, 10.606906708441418 ], [ 51.158226824386716, 10.611626078188214 ], [ 51.158359078876572, 10.616379509309624 ], [ 51.158039169636801, 10.621124006833533 ], [ 51.115222985934771, 10.992133881704092 ], [ 51.11514335240755, 10.99334247798458 ], [ 51.115643011436113, 10.994445830749104 ], [ 51.166039378379047, 11.092603544866408 ], [ 51.168094670037043, 11.097152137417972 ], [ 51.169686211138185, 11.101882984585542 ], [ 51.170798141072687, 11.106748940793761 ], [ 51.171419378828055, 11.111701514029045 ], [ 51.171543733417707, 11.116691349090004 ], [ 51.171169965577604, 11.121668719440024 ], [ 51.170301800116285, 11.126584022760401 ], [ 51.168947888794989, 11.131388275265591 ], [ 51.167121724107979, 11.136033599854407 ], [ 51.164841504822157, 11.140473703232495 ], [ 51.162129954616042, 11.144664337251266 ], [ 51.159014095625437, 11.148563739865796 ], [ 51.155524979152489, 11.152133051317291 ], [ 51.151697376221883, 11.155336701392622 ], [ 51.147569431067843, 11.158142763901683 ], [ 51.143182281005188, 11.160523274839971 ], [ 51.087068621898915, 11.187436924211253 ], [ 51.086006979779697, 11.188012657724929 ], [ 51.085910581556419, 11.189216510062495 ], [ 51.0813506280209, 11.340134968163868 ], [ 51.081383459628618, 11.34148403655305 ], [ 51.081848159668873, 11.342750968795013 ], [ 51.270402678454843, 11.781257088338824 ], [ 51.27213763910418, 11.78591812278475 ], [ 51.273400960932143, 11.790728460456872 ], [ 51.274180144465525, 11.795640507238222 ], [ 51.274467480359419, 11.800605662688451 ], [ 51.274260125674495, 11.805574800903019 ], [ 51.273560132005422, 11.810498756571393 ], [ 51.272374425182122, 11.815328811425122 ], [ 51.270714736744679, 11.820017176262832 ], [ 51.268597487869947, 11.824517463782904 ], [ 51.266043626898252, 11.828785147545565 ], [ 51.263078422067721, 11.832778002523378 ], [ 51.259731211507017, 11.836456522881237 ], [ 51.256035112960021, 11.839784312852334 ], [ 51.252026696114463, 11.842728446842678 ], [ 51.247745620776627, 11.845259795201283 ], [ 51.243234244471964, 11.847353312432785 ], [ 51.238537203354149, 11.848988285000878 ], [ 50.786944495552092, 11.981398484768237 ], [ 50.782047063005436, 11.982570194036491 ], [ 50.77705661144212, 11.98324335178363 ], [ 50.772023759507718, 11.983411130103809 ], [ 50.766999555918979, 11.983071827204869 ], [ 50.762034961671617, 11.982228884669796 ], [ 50.757180333137896, 11.980890852548395 ], [ 50.596765287246839, 11.927852004854786 ], [ 50.591951138426296, 11.925979238540487 ], [ 50.587355901482489, 11.923619772506703 ], [ 50.583028622817693, 11.920798790072956 ], [ 50.579015488831594, 11.917546400467772 ], [ 50.575359332959387, 11.913897317463448 ], [ 50.572099178497133, 11.9098904888651 ], [ 50.569269822093872, 11.905568680808555 ], [ 50.566901462356121, 11.900978021303983 ], [ 50.501367815747138, 11.756030090837928 ], [ 50.500769487696545, 11.754873374205069 ], [ 50.499749881496733, 11.754063193347251 ], [ 50.269425969522679, 11.59008740122874 ], [ 50.268292027814837, 11.589369416672792 ], [ 50.266988058755885, 11.589051626942256 ], [ 49.583198338984033, 11.461218277441294 ], [ 49.579017643861498, 11.460249342268494 ], [ 49.574935435208616, 11.458925476870856 ], [ 49.57098178591697, 11.45725643392492 ], [ 49.240675185051209, 11.300791218594792 ], [ 49.239577021171343, 11.300333977566345 ], [ 49.238411930913934, 11.300093981821924 ], [ 48.90546489607808, 11.24796754158645 ], [ 48.904064552290663, 11.24782906031958 ], [ 48.902668952369652, 11.248009173186066 ], [ 48.537764922529242, 11.31632666877163 ], [ 48.532634551967895, 11.317014584348781 ], [ 48.527460552491149, 11.317168400318792 ], [ 48.522298376810795, 11.316786468147928 ], [ 48.517203350916226, 11.315872881221726 ], [ 48.512230081114197, 11.314437430973816 ], [ 48.507431868781758, 11.312495501945554 ], [ 48.131379506457854, 11.137129437975927 ], [ 48.130369128293957, 11.136711371035377 ], [ 48.129284637403828, 11.136571644480773 ], [ 47.711554061123806, 11.101355985060872 ], [ 47.71046427882559, 11.101312167365917 ], [ 47.709400699339618, 11.101553712651429 ], [ 47.424899868362097, 11.179445508324402 ], [ 47.420331362788126, 11.180469037324194 ], [ 47.415687151292396, 11.181060775759496 ], [ 47.411007952193877, 11.181215535538771 ], [ 47.40633479056681, 11.180931959799167 ], [ 47.401708638551625, 11.18021253480287 ], [ 47.397170056130051, 11.179063568138687 ], [ 47.392758835513703, 11.177495133420011 ], [ 47.388513652264244, 11.175520981963981 ], [ 46.483579948523129, 10.701961870353829 ], [ 46.482424087716055, 10.701431309294287 ], [ 46.48117544400381, 10.701672966330211 ], [ 45.788767793107958, 10.873293349898505 ], [ 45.784091115248394, 10.874218365995695 ], [ 45.779347598773477, 10.874693783742979 ], [ 45.774580365986964, 10.874715281218297 ], [ 45.769832754792574, 10.874282662992652 ], [ 45.765147924718292, 10.873399861906719 ], [ 45.760568464562226, 10.872074903318223 ], [ 45.756136005226878, 10.870319832145109 ], [ 45.751890841261414, 10.868150603367743 ], [ 44.963132694402731, 10.41644313006411 ], [ 44.961990997804747, 10.415865639669306 ], [ 44.960713415743456, 10.415796716853135 ], [ 44.348707318190428, 10.414513830973204 ], [ 44.34757085552193, 10.414563886778772 ], [ 44.346631856788335, 10.415203217923612 ], [ 43.830476778843263, 10.802307364266349 ], [ 43.829632518341, 10.803000331591745 ], [ 43.828925003281867, 10.803826931415514 ], [ 43.488870997067835, 11.237971189439547 ], [ 43.488186257095698, 11.238937787769386 ], [ 43.488140133184423, 11.240121448931065 ], [ 43.489107644588508, 11.345640607755948 ], [ 43.488927606712402, 11.350362933871747 ], [ 43.488302540357374, 11.355047170163031 ], [ 43.487238029310561, 11.359651471826911 ], [ 43.485743582967352, 11.364134708125395 ], [ 43.483832551382861, 11.368456829810846 ], [ 43.481522006014409, 11.372579226890354 ], [ 43.478832587220332, 11.376465073533085 ], [ 43.475788319877317, 11.380079657039527 ], [ 43.472416398763556, 11.383390687933883 ], [ 43.468746945624758, 11.386368588409537 ], [ 43.464812740093222, 11.388986756550903 ], [ 43.460648926863804, 11.39122180397127 ], [ 43.456292701742392, 11.39305376474387 ], [ 43.268040770071956, 11.461944055991665 ], [ 43.266971231775436, 11.462393461526325 ], [ 43.266220982059032, 11.463278336017602 ], [ 43.170363645178853, 11.587743733466782 ], [ 43.16715086980102, 11.591513298071446 ], [ 43.163580907585057, 11.594946505422262 ], [ 43.159688789203514, 11.598009666769821 ], [ 43.155512706524064, 11.600672724484468 ], [ 43.151093637847339, 11.602909547000339 ], [ 43.146474945802531, 11.604698185234396 ], [ 43.141701951846521, 11.606021087964384 ], [ 43.136821491541781, 11.606865274052256 ], [ 43.131881454976913, 11.607222459823104 ], [ 43.126930316839562, 11.6070891403497 ], [ 43.122016660752848, 11.606466623844998 ], [ 42.539977055756296, 11.503215238714654 ], [ 42.538797277493444, 11.503066234446834 ], [ 42.538562952866855, 11.504232069336824 ], [ 42.527042928131344, 11.581282101038045 ], [ 42.526929654679947, 11.582404447085521 ], [ 42.528056266014168, 11.582347539908779 ], [ 42.638127272561569, 11.571492786356211 ], [ 42.643031850959538, 11.571251418002673 ], [ 42.647936452649105, 11.57149231260745 ], [ 42.652793771475814, 11.572213146679646 ], [ 42.657556957340674, 11.573406967587809 ], [ 42.662180068081497, 11.575062260619871 ], [ 42.66661851259699, 11.577163060045521 ], [ 42.67082948093946, 11.579689103109818 ], [ 42.674772357227845, 11.582616025472714 ], [ 42.678409111398437, 11.585915596209427 ], [ 42.68170466601471, 11.589555990105024 ], [ 42.684627234598246, 11.593502094616877 ], [ 42.776466559501202, 11.731158430651554 ], [ 42.777233081393597, 11.732186679420762 ], [ 42.778457071901684, 11.732569691925884 ], [ 43.046464625073263, 11.801295605571994 ], [ 43.050877468648835, 11.802647091829638 ], [ 43.055146900185122, 11.804399706414783 ], [ 43.05923654463173, 11.806538517259002 ], [ 43.063111558702978, 11.809045301947547 ], [ 43.387162341062385, 12.04056805268087 ], [ 43.390901501550793, 12.043518357751278 ], [ 43.394342973298322, 12.046811060801588 ], [ 43.397455527535243, 12.050416283026191 ], [ 43.400210920171041, 12.054301309742844 ], [ 43.40258414808833, 12.05843088725382 ], [ 43.404553676027305, 12.062767542746725 ], [ 43.406101632002091, 12.067271924332099 ], [ 43.407213969475563, 12.071903158132251 ], [ 43.407880594821101, 12.076619219180968 ], [ 43.408095458914687, 12.081377312768513 ], [ 43.407856612026151, 12.086134262771443 ], [ 43.407166221511503, 12.09084690344349 ], [ 43.33158490315332, 12.477358925914709 ], [ 43.3305059169289, 12.481792017860339 ], [ 43.329027323404816, 12.486108298280032 ], [ 43.327161434247046, 12.490271827206533 ], [ 43.324923785979806, 12.494247936574119 ], [ 43.322333010618998, 12.498003518885923 ], [ 43.051017194099629, 12.855257867966175 ], [ 43.047784040480977, 12.859098401025982 ], [ 43.044182060882676, 12.862595359630065 ], [ 43.040247567547596, 12.86571349027221 ], [ 43.036020224852976, 12.868421358483092 ], [ 43.031542649446259, 12.870691665727151 ], [ 43.026859980618553, 12.872501524604335 ], [ 43.022019425246846, 12.87383268958234 ], [ 43.017069781892445, 12.8746717409333 ], [ 43.012060948853431, 12.87501022002062 ], [ 43.007043421130362, 12.874844714572106 ], [ 43.002067781376567, 12.874176893079733 ], [ 42.997184189964763, 12.87301348797925 ], [ 42.992441879310796, 12.871366227779225 ], [ 42.987888657552276, 12.869251718823703 ], [ 42.983570426585594, 12.866691277880498 ], [ 42.979530719320188, 12.863710717242782 ], [ 42.975810260814981, 12.860340084510444 ], [ 42.972446557721291, 12.856613359674512 ], [ 42.969473520171135, 12.852568112558373 ], [ 42.928672022997091, 12.7907745400222 ], [ 42.927966922948926, 12.789813821903119 ], [ 42.926847884033037, 12.790223574617476 ], [ 42.782403398107313, 12.851390166193491 ], [ 42.781310647767512, 12.851918290402109 ], [ 42.780921376542494, 12.853067849621238 ], [ 42.733232189599185, 13.020884063873689 ], [ 42.731629785297855, 13.025611384601733 ], [ 42.729564023926521, 13.03015537962456 ], [ 42.727055493078538, 13.034470763013719 ], [ 42.724129193034031, 13.038514527208159 ], [ 42.720814287604519, 13.042246371632052 ], [ 42.549984423309461, 13.216235807166658 ], [ 42.546484907550891, 13.219475441867502 ], [ 42.542692674376575, 13.222366948583909 ], [ 42.538642220735923, 13.224884024038543 ], [ 42.534370392542115, 13.227003771056939 ], [ 42.529916049494517, 13.228706906857081 ], [ 42.525319711582192, 13.229977938459813 ], [ 42.520623190484208, 13.230805303624397 ], [ 42.515869209219751, 13.231181476027185 ], [ 42.511101013508075, 13.231103033726605 ], [ 42.380636777527691, 13.222721445478603 ], [ 42.379449728683319, 13.222703876719232 ], [ 42.379096266793105, 13.223837216170763 ], [ 42.301089747803807, 13.525606620714282 ], [ 42.299604466511646, 13.530361086938628 ], [ 42.2976534973158, 13.534944178558062 ], [ 42.295256202422429, 13.539310411120525 ], [ 42.292436373554182, 13.543416452370815 ], [ 42.289221995831504, 13.547221552297392 ], [ 42.285644970037005, 13.550687947551936 ], [ 42.281740796019193, 13.553781236228081 ], [ 42.277548220377696, 13.556470719279815 ], [ 42.273108851926281, 13.558729705191221 ], [ 42.268466748750271, 13.560535774873843 ], [ 42.263667980956221, 13.561871004162796 ], [ 42.258760173453652, 13.562722141703398 ], [ 42.253792033306176, 13.563080740462976 ], [ 42.248812866342952, 13.562943241562623 ], [ 42.24387208782769, 13.562311009596952 ], [ 42.239018732041657, 13.561190319091311 ], [ 42.234300965647634, 13.559592292230855 ], [ 42.22976560966454, 13.557532788479493 ], [ 42.225457674796694, 13.555032247184158 ], [ 42.223888565890945, 13.554013717315756 ], [ 42.222911442865772, 13.554686957554772 ], [ 42.107688535045732, 13.642723335906037 ], [ 42.10667167054747, 13.643590797983119 ], [ 42.105863682267383, 13.644655532129464 ], [ 41.979394012056581, 13.831390030089567 ], [ 41.976555059635764, 13.835181685998322 ], [ 41.973370050957676, 13.838687684443642 ], [ 41.969867569953266, 13.84187656076482 ], [ 41.96607904971588, 13.844719696320674 ], [ 41.962038490404304, 13.847191575328177 ], [ 41.957782154107598, 13.849270013854424 ], [ 41.953348239410133, 13.85093635890682 ], [ 41.677769099607715, 13.939851360313536 ], [ 41.67656576208887, 13.940310370302587 ], [ 41.675752630423709, 13.941309133662715 ], [ 41.179881110537899, 14.619991160758509 ], [ 41.176754111042165, 14.623852497392777 ], [ 41.173259308416526, 14.627384409206133 ], [ 41.169431214600813, 14.630552017797417 ], [ 41.165307632858195, 14.633324042339414 ], [ 41.160929284459712, 14.635673108483862 ], [ 41.156339406552824, 14.637576018689128 ], [ 41.151583325185108, 14.639013981300995 ], [ 41.146708007699651, 14.639972796124361 ], [ 40.767666952786897, 14.695121424179924 ], [ 40.766492892879675, 14.695351709656158 ], [ 40.7660346798829, 14.69645691955297 ], [ 40.70008311341423, 14.880658749512707 ], [ 40.698351396460581, 14.884878263444982 ], [ 40.69624237716021, 14.888922417129361 ], [ 40.693773605203837, 14.892757558125421 ], [ 40.690965623876338, 14.896351773240937 ], [ 40.687841799110778, 14.899675154089758 ], [ 40.684428125054524, 14.902700045967148 ], [ 40.680753007765261, 14.905401277971693 ], [ 40.535964086307672, 15.00197043344056 ], [ 40.531585886316087, 15.004578376403879 ], [ 40.526964966502113, 15.006727120627616 ], [ 40.522149328983851, 15.00839434495534 ], [ 40.517188998607061, 15.009562730259626 ], [ 40.512135503286984, 15.01022013935315 ], [ 40.507041338736393, 15.010359743069815 ], [ 40.501959423140022, 15.009980091206117 ], [ 40.496942547440483, 15.009085127585868 ], [ 40.492042826945877, 15.007684149091753 ], [ 40.487311159955972, 15.005791709089303 ], [ 40.287963649404048, 14.914017169932801 ], [ 40.286796765957583, 14.913551137116636 ], [ 40.285661880772302, 14.914090432193145 ], [ 40.160526290143288, 14.981655655229632 ], [ 40.15947966992173, 14.982289746155711 ], [ 40.158861191942471, 14.983345667639524 ], [ 40.027173979107083, 15.236149612667216 ], [ 40.026684741485333, 15.237209524795198 ], [ 40.027168984905003, 15.238271727920718 ], [ 40.061174343451107, 15.304309615619317 ], [ 40.063201599038216, 15.308771067381008 ], [ 40.064782381758619, 15.313409541594391 ], [ 40.065901507045353, 15.318180482343337 ], [ 40.066548224886638, 15.32303806127436 ], [ 40.066716323087562, 15.327935617811267 ], [ 40.066404186942734, 15.332826107363903 ], [ 40.065614814746688, 15.337662553225636 ], [ 40.064355788993097, 15.34239849781876 ], [ 40.062639203539398, 15.346988448953304 ], [ 40.060481547436524, 15.351388316812578 ], [ 40.057903546539542, 15.3555558374679 ], [ 40.054929964420815, 15.359450978854362 ], [ 40.051589364497829, 15.363036325307899 ], [ 40.047913835660843, 15.366277436969943 ], [ 39.912158509472327, 15.474638796102036 ], [ 39.908063366830625, 15.47758215834576 ], [ 39.903692555198354, 15.480098024047431 ], [ 39.899090540720913, 15.482160798223893 ], [ 39.894304141669622, 15.483749495386823 ], [ 39.889382052139339, 15.484847953037127 ], [ 39.884374346662462, 15.485444996092989 ], [ 39.879331970779241, 15.485534550578778 ], [ 39.874306222746846, 15.485115705418218 ], [ 39.869348231660183, 15.484192721703156 ], [ 39.864508437293637, 15.482774989343646 ], [ 39.859836076955546, 15.480876931540349 ], [ 39.855378684575896, 15.478517858051127 ], [ 39.851181607123266, 15.475721768744565 ], [ 39.847287543270568, 15.472517109438996 ], [ 39.843736109003125, 15.468936482510973 ], [ 39.793657173668457, 15.413073050413923 ], [ 39.790540925013154, 15.409230126034245 ], [ 39.787819734817305, 15.405098032450159 ], [ 39.785520247966815, 15.400717229590633 ], [ 39.783664980184703, 15.396130612653689 ], [ 39.782272097565503, 15.391383092092518 ], [ 39.781355238699604, 15.386521153868966 ], [ 39.78092338112922, 15.381592404280225 ], [ 39.780980753443636, 15.376645103815614 ], [ 39.781526793874406, 15.371727694607751 ], [ 39.782556155796001, 15.366888326105148 ], [ 39.784058760077983, 15.362174383610656 ], [ 39.854233887142449, 15.174642255341762 ], [ 39.854601162969196, 15.173490992899902 ], [ 39.854152034421531, 15.172369128250926 ], [ 39.811810211566304, 15.08005918798505 ], [ 39.811254307861738, 15.078991308930403 ], [ 39.81005727936401, 15.07911982888961 ], [ 39.716783138800011, 15.093872371773488 ], [ 39.715632601633658, 15.094111956584513 ], [ 39.715285499522921, 15.095234746314404 ], [ 39.619493486668119, 15.468232841045632 ], [ 39.618065998138313, 15.472851671345147 ], [ 39.616199119788163, 15.477311052699573 ], [ 39.613910304179846, 15.481569296463096 ], [ 39.611220948367261, 15.485586594330046 ], [ 39.608156193865135, 15.489325390483911 ], [ 39.604744691612865, 15.492750732688888 ], [ 39.601018334130458, 15.495830599041795 ], [ 39.597011957370469, 15.498536197329692 ], [ 39.592763015053144, 15.500842234194646 ], [ 39.588311228529342, 15.502727151589378 ], [ 39.5836982154444, 15.504173328313223 ], [ 39.578967100674468, 15.505167244744419 ], [ 39.458712505071418, 15.524414342670312 ], [ 39.457582166828743, 15.524651243890487 ], [ 39.457444904219685, 15.525797954711551 ], [ 39.438771643682358, 15.787445908764798 ], [ 39.438154211046076, 15.792481584052059 ], [ 39.437029656346972, 15.797428767633429 ], [ 39.435409557662254, 15.802236524793566 ], [ 39.433310595041085, 15.806855356309653 ], [ 39.430754378771795, 15.811237708080528 ], [ 39.427767226888861, 15.815338460729414 ], [ 39.424379894210318, 15.819115394139464 ], [ 39.420627255695408, 15.822529622139394 ], [ 39.416547947382483, 15.825545992863816 ], [ 39.314593076577829, 15.893213668649413 ], [ 39.313544539181237, 15.893992766921233 ], [ 39.313034676284751, 15.895195457494882 ], [ 39.235935697571087, 16.107801733359633 ], [ 39.235642310289535, 16.10872001312687 ], [ 39.235420696704978, 16.109658203538007 ], [ 39.05374223641423, 17.037703274031909 ], [ 39.053569312683422, 17.038889752887762 ] ], [ [ 53.712317520632091, 12.311207891855307 ], [ 53.716885098928493, 12.308894054116546 ], [ 53.721665364135269, 12.307059474838344 ], [ 53.726608187300393, 12.305723392605305 ], [ 53.731661734783977, 12.304899818439676 ], [ 53.736773011819331, 12.304597388872706 ], [ 53.741888418250355, 12.304819275376392 ], [ 53.746954310617447, 12.305563151105382 ], [ 53.751917564697479, 12.306821215297765 ], [ 54.397010532876692, 12.505998550207513 ], [ 54.401702514679926, 12.507708228170317 ], [ 54.406200553477902, 12.509877407496768 ], [ 54.410459780988191, 12.512484450456512 ], [ 54.414437711089313, 12.515503351595825 ], [ 54.418094663623044, 12.518903997144017 ], [ 54.421394160207022, 12.522652465400606 ], [ 54.424303288109463, 12.526711365106882 ], [ 54.426793028556141, 12.531040208426587 ], [ 54.42883854619491, 12.535595814815188 ], [ 54.430419436830242, 12.540332741749129 ], [ 54.431519930956654, 12.54520373801849 ], [ 54.43212905106072, 12.550160215061428 ], [ 54.432240721122639, 12.555152731638833 ], [ 54.431853827224955, 12.560131487014457 ], [ 54.430972228664018, 12.565046817721106 ], [ 54.429604719453167, 12.569849692957524 ], [ 54.42776494060179, 12.574492203674412 ], [ 54.42547124404522, 12.578928040470862 ], [ 54.422746509582737, 12.583112955534196 ], [ 54.419617916649834, 12.587005204015291 ], [ 54.41611667320128, 12.590565960436658 ], [ 54.412277704409327, 12.593759705979558 ], [ 54.408139304282479, 12.596554582786951 ], [ 54.403742753679801, 12.598922711748058 ], [ 54.39913190853116, 12.60084047059464 ], [ 54.136657935120581, 12.694929169299247 ], [ 54.131853546394488, 12.696383713237077 ], [ 54.126927524997541, 12.69734919876014 ], [ 54.121929520987258, 12.69781589460503 ], [ 54.116909909943978, 12.697779096879156 ], [ 54.111919285228339, 12.697239176471935 ], [ 54.107007948043744, 12.696201575316547 ], [ 54.102225400443487, 12.694676751539925 ], [ 53.847233603104215, 12.59902866743476 ], [ 53.846102646081299, 12.598665631764948 ], [ 53.844957382724658, 12.598980640541253 ], [ 53.526914512051057, 12.70320189735072 ], [ 53.522381873088051, 12.704454513945409 ], [ 53.517751601746468, 12.705275763971617 ], [ 53.513064655303154, 12.705658383024687 ], [ 53.508362492357172, 12.705598986630294 ], [ 53.503686706105839, 12.705098100181957 ], [ 53.499078656430235, 12.704160154293657 ], [ 53.494579104044433, 12.702793445608632 ], [ 53.490227849944802, 12.701010063411044 ], [ 53.486063383348416, 12.698825782689658 ], [ 53.482122541234951, 12.696259924599463 ], [ 53.478440182503512, 12.69333518555551 ], [ 53.359718960949948, 12.589571027256284 ], [ 53.356119142219896, 12.586091860105011 ], [ 53.352885288225892, 12.582270147491375 ], [ 53.350049819387721, 12.578144203305682 ], [ 53.347641162186633, 12.57375539145697 ], [ 53.345683464180844, 12.569147711186611 ], [ 53.344196351918505, 12.564367355961846 ], [ 53.343194734175306, 12.559462250371521 ], [ 53.342688652489208, 12.554481569666764 ], [ 53.342683180490866, 12.549475246763379 ], [ 53.343178373038803, 12.544493471648401 ], [ 53.344169265669471, 12.539586188209448 ], [ 53.345645924367581, 12.534802593531277 ], [ 53.347593545157764, 12.530190644679285 ], [ 53.349992602519173, 12.525796577914614 ], [ 53.352819045135071, 12.521664445160843 ], [ 53.356044537014945, 12.517835672369388 ], [ 53.35963674157189, 12.51434864421109 ], [ 53.363559645807229, 12.511238319257625 ], [ 53.367773921352295, 12.508535879510664 ], [ 53.712317520632091, 12.311207891855307 ] ], [ [ 51.220630396806378, 10.440559222198786 ], [ 51.22180644374599, 10.435956319665758 ], [ 51.223414034693512, 10.431485810804547 ], [ 51.225438656447679, 10.427188055008171 ], [ 51.227862030886776, 10.423101852068932 ], [ 51.230662279982049, 10.419264091897013 ], [ 51.233814123310772, 10.415709421481361 ], [ 51.237289106285878, 10.412469932099462 ], [ 51.241055857041658, 10.409574869599874 ], [ 51.245080369656449, 10.407050370373076 ], [ 51.249326311155336, 10.404919225394243 ], [ 51.253755349521299, 10.403200674468161 ], [ 51.258327499753612, 10.401910232533822 ], [ 51.263001484849156, 10.401059549596811 ], [ 51.267735108447908, 10.400656305553992 ], [ 51.334100210951902, 10.398169342047822 ], [ 51.338949253416288, 10.398222955133747 ], [ 51.343770296136704, 10.398746055766814 ], [ 51.348517990288777, 10.39973372343499 ], [ 51.353147676996663, 10.401176667706673 ], [ 51.357615807413865, 10.403061315620548 ], [ 51.361880352362604, 10.405369939358751 ], [ 51.365901197678546, 10.408080823002441 ], [ 51.369640521542102, 10.411168466801175 ], [ 51.373063150246864, 10.414603827034647 ], [ 51.376136889058834, 10.41835458921055 ], [ 51.378832825054054, 10.422385472028752 ], [ 51.381125599086154, 10.426658559252539 ], [ 51.382993644325538, 10.43113365636523 ], [ 51.384419389126307, 10.435768668657282 ], [ 51.385389422312848, 10.44051999718743 ], [ 51.385894619331175, 10.445342948893289 ], [ 51.385930228078422, 10.450192156993744 ], [ 51.385495913603236, 10.455022007728605 ], [ 51.384595761256449, 10.459787069421484 ], [ 51.383238238262471, 10.4644425198299 ], [ 51.381436114072947, 10.468944567762778 ], [ 51.379206340251699, 10.473250864999436 ], [ 51.376569891020949, 10.477320904635373 ], [ 51.373551565968704, 10.481116402107821 ], [ 51.370179756772977, 10.484601655316988 ], [ 51.366486180137386, 10.487743880455545 ], [ 51.362505579449994, 10.490513520387371 ], [ 51.358275397971937, 10.492884522674817 ], [ 51.353835426629786, 10.494834584639285 ], [ 51.278742717516067, 10.523557484630409 ], [ 51.274017465990092, 10.525100347077796 ], [ 51.269162370890633, 10.526166404341941 ], [ 51.264225416921875, 10.526745120183813 ], [ 51.259255397829563, 10.526830774940272 ], [ 51.2543014341543, 10.526422522053617 ], [ 51.249412487755066, 10.525524396438426 ], [ 51.244636877900987, 10.524145274603006 ], [ 51.240021803714136, 10.522298786919567 ], [ 51.23561287768306, 10.520003182910205 ], [ 51.231453674857711, 10.517281150880107 ], [ 51.227585302181041, 10.514159593680631 ], [ 51.224045992213838, 10.510669362818446 ], [ 51.220870725268213, 10.506844953538664 ], [ 51.218090883684155, 10.502724163895547 ], [ 51.215733941666279, 10.498347721180325 ], [ 51.213823193746023, 10.493758879398294 ], [ 51.21237752455324, 10.489002991773434 ], [ 51.211411222172316, 10.484127062505706 ], [ 51.210933836927815, 10.47917928221111 ], [ 51.210950086995027, 10.474208551635975 ], [ 51.211459811768506, 10.469263998352758 ], [ 51.212457973449418, 10.464394491214041 ], [ 51.213934706835943, 10.459648157363542 ], [ 51.219961513330709, 10.4432073835266 ], [ 51.22032864436656, 10.442028009641666 ], [ 51.220630396806378, 10.440559222198786 ] ], [ [ 42.714986079293517, 15.179484783116015 ], [ 42.719719898141364, 15.178363289549113 ], [ 42.724540298944007, 15.17770714565734 ], [ 42.729401648338538, 15.177522562968237 ], [ 42.734257925313386, 15.177811288873603 ], [ 42.739063156876121, 15.178570590087437 ], [ 42.743771853266715, 15.179793278521188 ], [ 42.748339438596147, 15.181467779331326 ], [ 42.75272267283367, 15.183578240495111 ], [ 42.756880061147868, 15.186104682877165 ], [ 42.760772246726411, 15.18902318936628 ], [ 42.764362383355831, 15.19230613129189 ], [ 42.767616484234118, 15.195922429976839 ], [ 42.770503743714102, 15.199837850950384 ], [ 42.772996828931767, 15.204015328036173 ], [ 42.775072138558684, 15.208415314247201 ], [ 42.776710026229082, 15.212996156165888 ], [ 42.777894986526391, 15.217714488265118 ], [ 42.778615801768616, 15.222525643437363 ], [ 42.778865648202952, 15.227384075845462 ], [ 42.778642160604278, 15.232243792092126 ], [ 42.777947454666119, 15.237058786626319 ], [ 42.776788106971928, 15.241783477264741 ], [ 42.775175092736468, 15.24637313670538 ], [ 42.773123681906576, 15.250784315948149 ], [ 42.753986015475562, 15.287191178326353 ], [ 42.751540779406739, 15.291343799469587 ], [ 42.748707130217589, 15.295241731493666 ], [ 42.745511390742912, 15.298848765039603 ], [ 42.74198324741058, 15.302131393013958 ], [ 42.73815547447311, 15.30505912184886 ], [ 42.734063629555315, 15.307604754768237 ], [ 42.729745723346099, 15.309744644428916 ], [ 42.725241866502856, 15.31145891258971 ], [ 42.720593897048488, 15.312731634767879 ], [ 42.715844991722228, 15.313550988167655 ], [ 42.711039264894644, 15.313909361506642 ], [ 42.706221358772623, 15.31380342571989 ], [ 42.701436028701124, 15.313234164884831 ], [ 42.696727727413894, 15.312206867079809 ], [ 42.692140192095287, 15.310731075261137 ], [ 42.687716038089086, 15.308820498614974 ], [ 42.683496363028489, 15.306492885207531 ], [ 42.679520365064768, 15.303769857116601 ], [ 42.675824978740827, 15.300676709575932 ], [ 42.672444531892346, 15.297242175998266 ], [ 42.669410426763569, 15.293498161059855 ], [ 42.66675084830004, 15.289479444325892 ], [ 42.651083983707935, 15.263129398961201 ], [ 42.648830404481714, 15.25888767948585 ], [ 42.646994230505527, 15.254449293679549 ], [ 42.645592406582921, 15.249855200392902 ], [ 42.644637869195556, 15.245147795395184 ], [ 42.644139427121225, 15.240370520132554 ], [ 42.644101680143557, 15.235567460836428 ], [ 42.644524976603805, 15.230782941681577 ], [ 42.645405410186193, 15.226061115748379 ], [ 42.646734855966677, 15.221445557564024 ], [ 42.648501045392337, 15.216978860982758 ], [ 42.650687679499555, 15.212702246116118 ], [ 42.653274579326052, 15.208655178940486 ], [ 42.65623787212887, 15.204875007092385 ], [ 42.659550211689698, 15.201396615212479 ], [ 42.663181030674565, 15.198252103018904 ], [ 42.667096822719024, 15.195470489080748 ], [ 42.671261451635658, 15.193077443025372 ], [ 42.675636484890418, 15.191095048650839 ], [ 42.680181548270397, 15.189541600129528 ], [ 42.714986079293517, 15.179484783116015 ] ], [ [ 40.230969858919536, 15.682879756488317 ], [ 40.22682874340655, 15.680224606368801 ], [ 40.222968578524082, 15.677175379101243 ], [ 40.219426728598904, 15.673761589571024 ], [ 40.216237476839666, 15.670016281430799 ], [ 40.213431693493746, 15.665975707255654 ], [ 40.211036537039874, 15.661678977637612 ], [ 40.209075191308578, 15.657167682616072 ], [ 40.207566641075125, 15.652485489108512 ], [ 40.20652548829711, 15.64767771823815 ], [ 40.2059618107753, 15.642790906649754 ], [ 40.205881064605947, 15.637872356059873 ], [ 40.206284031368675, 15.632969675401579 ], [ 40.20716681056124, 15.628130319995511 ], [ 40.208520857354287, 15.623401132207814 ], [ 40.210333065300702, 15.618827888041139 ], [ 40.212585893199027, 15.614454854047487 ], [ 40.215257534882845, 15.610324358851708 ], [ 40.218322130292819, 15.606476383433099 ], [ 40.221750015788196, 15.602948174130967 ], [ 40.225508011274933, 15.599773882120022 ], [ 40.229559741371226, 15.596984232845321 ], [ 40.233865987501723, 15.594606228616419 ], [ 40.238385067512283, 15.5926628872395 ], [ 40.243073239130901, 15.591173019217344 ], [ 40.247885123369457, 15.590151045673744 ], [ 40.252774143767979, 15.589606858764766 ], [ 40.287058655528917, 15.587490892087594 ], [ 40.291992738012844, 15.587430322758831 ], [ 40.296908762911045, 15.587856395290268 ], [ 40.30175885042479, 15.588764959933386 ], [ 40.306495762954867, 15.590147167690642 ], [ 40.31107336517379, 15.5919895565006 ], [ 40.315447073362527, 15.594274182352146 ], [ 40.319574289635156, 15.596978794050836 ], [ 40.323414816822527, 15.600077049935171 ], [ 40.326931249973988, 15.603538774432165 ], [ 40.33008934066423, 15.607330251953391 ], [ 40.332858330557052, 15.611414555269162 ], [ 40.33521125097726, 15.615751905162579 ], [ 40.337125185573029, 15.620300057860641 ], [ 40.338581493510539, 15.625014716468952 ], [ 40.339565991027015, 15.629849962402906 ], [ 40.340069089574001, 15.634758702613366 ], [ 40.340085889205369, 15.639693128251082 ], [ 40.339616226300521, 15.644605180302678 ], [ 40.338664675157958, 15.649447017663107 ], [ 40.337240503443759, 15.654171483085802 ], [ 40.335357581928804, 15.658732562472339 ], [ 40.333034249393926, 15.663085833028386 ], [ 40.330293134018689, 15.667188895921079 ], [ 40.327160932993429, 15.671001789223958 ], [ 40.32366815250105, 15.674487377127569 ], [ 40.319848810600931, 15.677611711624992 ], [ 40.31574010590888, 15.680344363149665 ], [ 40.311382055299859, 15.682658716945211 ], [ 40.290494644340768, 15.692461891489922 ], [ 40.286059476985294, 15.694289283695724 ], [ 40.281469606475255, 15.695683256595718 ], [ 40.276767278110533, 15.696630980023327 ], [ 40.271995772256354, 15.697123731104925 ], [ 40.267199005989532, 15.69715697454542 ], [ 40.262421128884441, 15.696730404371227 ], [ 40.257706116659072, 15.695847946746474 ], [ 40.253097366421258, 15.694517723836462 ], [ 40.24863729724045, 15.69275197905103 ], [ 40.244366959721383, 15.690566964355856 ], [ 40.230969858919536, 15.682879756488317 ] ], [ [ 40.0795762458186, 15.662020068710541 ], [ 40.083954047921004, 15.660005551857337 ], [ 40.088505452849908, 15.658421840212858 ], [ 40.093188180912883, 15.657283645463332 ], [ 40.097958732508118, 15.656601540722923 ], [ 40.102772792208334, 15.65638186231614 ], [ 40.107585640423309, 15.656626650917376 ], [ 40.112352568816746, 15.657333632594307 ], [ 40.117029295618643, 15.658496239931313 ], [ 40.121572376975131, 15.660103673036627 ], [ 40.125939610514536, 15.662140999866555 ], [ 40.130090427380956, 15.664589294934778 ], [ 40.13398626909342, 15.667425815118229 ], [ 40.137590945729933, 15.67062421092642 ], [ 40.140870972109141, 15.674154771271654 ], [ 40.143795878846639, 15.677984699466361 ], [ 40.146338495396371, 15.68207841788373 ], [ 40.148475202447962, 15.686397898451499 ], [ 40.150186151335276, 15.690903015908868 ], [ 40.151455448418027, 15.695551920544949 ], [ 40.152271302723747, 15.700301426956305 ], [ 40.152626135478478, 15.705107415212204 ], [ 40.152516650508865, 15.709925240701063 ], [ 40.151943864861479, 15.714710148850841 ], [ 40.14715653900177, 15.74304940829051 ], [ 40.146129507337918, 15.74774311646928 ], [ 40.144656696002187, 15.752316574381556 ], [ 40.142751705341233, 15.756727549453773 ], [ 40.140432126565003, 15.760935309523791 ], [ 40.137719379304571, 15.764900998972935 ], [ 40.134638513817414, 15.768587997529494 ], [ 40.131217979666381, 15.771962258430442 ], [ 40.127489363008593, 15.774992622818637 ], [ 40.123487094920108, 15.777651107472328 ], [ 40.119248133449894, 15.77991316320994 ], [ 40.114811622338983, 15.78175790158401 ], [ 40.110218529556342, 15.783168287770868 ], [ 40.105511268989353, 15.784131297874914 ], [ 40.100733308782246, 15.78463803919486 ], [ 40.095928769939263, 15.784683832341397 ], [ 40.095763449522778, 15.784677458540884 ], [ 40.095652367671306, 15.785190717818621 ], [ 40.095025720376555, 15.788989706529977 ], [ 40.09372156429118, 15.793821701071691 ], [ 40.091940875217809, 15.798499108555557 ], [ 40.089701494944656, 15.802975063240133 ], [ 40.087025861161237, 15.80720471785998 ], [ 40.083940782641754, 15.811145692977236 ], [ 40.08047717063198, 15.814758501606528 ], [ 40.076669729130963, 15.818006944858686 ], [ 40.072556607170952, 15.820858474639046 ], [ 40.06817901657945, 15.82328451976627 ], [ 40.063580819053236, 15.825260772244086 ], [ 40.058808086681843, 15.82676743081764 ], [ 40.053908640323755, 15.827789399374092 ], [ 40.048931570460617, 15.828316438199609 ], [ 40.043926745330374, 15.828343266577162 ], [ 40.038944311267578, 15.827869615697205 ], [ 40.034034190257302, 15.82690023135102 ], [ 40.029245579736916, 15.825444826379814 ], [ 40.024626459657561, 15.823517983355938 ], [ 40.020223111744336, 15.821139008471402 ], [ 40.016079655772032, 15.818331738097578 ], [ 40.01223760750274, 15.815124299954356 ], [ 39.982696221315315, 15.78784063949572 ], [ 39.979337617676478, 15.784426496736486 ], [ 39.976321067104521, 15.78070668332315 ], [ 39.97367424535193, 15.776715327188546 ], [ 39.971421436043975, 15.772489047571051 ], [ 39.969583307885308, 15.768066619046413 ], [ 39.968176725032095, 15.763488615785134 ], [ 39.967214592369565, 15.758797039299246 ], [ 39.966705737114367, 15.754034933093743 ], [ 39.966654827828073, 15.749245987758098 ], [ 39.967062331584842, 15.744474140121023 ], [ 39.967924509686164, 15.739763170146079 ], [ 39.969233451962076, 15.73515629926645 ], [ 39.97097714934408, 15.730695793844054 ], [ 39.973139604043972, 15.726422577391061 ], [ 39.975700976327722, 15.722375855111578 ], [ 39.978637766537808, 15.71859275420819 ], [ 39.981923030693991, 15.715107983253402 ], [ 39.985526627694554, 15.71195351375113 ], [ 39.989415495849897, 15.709158286809798 ], [ 39.993553956211528, 15.706747947618217 ], [ 40.0795762458186, 15.662020068710541 ] ] ], [ [ [ 27.453473510510619, 42.465276261918746 ], [ 27.454058436788269, 42.466262349486946 ], [ 27.510829683089462, 42.552055312645201 ], [ 27.511515548257194, 42.552991895885064 ], [ 27.512672357035829, 42.55308881153578 ], [ 27.585077735455812, 42.555702033396059 ], [ 27.589879837283718, 42.556107747737443 ], [ 27.594620574536979, 42.556973886518435 ], [ 27.599255906172143, 42.558292403383874 ], [ 27.603742770354927, 42.560051049424899 ], [ 27.608039484500992, 42.562233486970264 ], [ 27.612106132503556, 42.564819441361905 ], [ 27.615904935550628, 42.567784889304782 ], [ 27.619400603086941, 42.571102282041252 ], [ 27.622560660660181, 42.574740801276626 ], [ 27.625355751605881, 42.578666645478535 ], [ 27.627759909768304, 42.582843343890254 ], [ 27.629750800723833, 42.587232095340902 ], [ 27.631309929265839, 42.591792128705023 ], [ 27.63242281122357, 42.59648108166283 ], [ 27.633079108018858, 42.60125539424255 ], [ 27.633272722710633, 42.606070713488826 ], [ 27.633001856634969, 42.61088230549786 ], [ 27.632269026114535, 42.615645470991602 ], [ 27.631081039082169, 42.620315960570146 ], [ 27.628789017773453, 42.627797221395333 ], [ 27.628496187454395, 42.628953289138742 ], [ 27.629379840857595, 42.629754162965362 ], [ 27.731693383356802, 42.71369759238776 ], [ 27.73269866418978, 42.714440187674789 ], [ 27.733948060574122, 42.714472529421222 ], [ 27.842220837882593, 42.711767090446763 ], [ 27.847129792928872, 42.711885623316846 ], [ 27.852003448338564, 42.712485100284901 ], [ 27.856794798895027, 42.713559739541928 ], [ 27.861457633191829, 42.715099176454636 ], [ 27.865946979330499, 42.717088563529821 ], [ 27.870219538663481, 42.7195087136148 ], [ 27.874234103399051, 42.722336284952817 ], [ 27.877951954040391, 42.725544006308603 ], [ 27.881337232825683, 42.729100939992762 ], [ 27.884357289567475, 42.732972780248247 ], [ 27.886982996555762, 42.737122184121013 ], [ 27.889189029487646, 42.741509131623673 ], [ 27.890954111714045, 42.74609131171853 ], [ 27.892261219447782, 42.750824530397196 ], [ 27.89309774595387, 42.755663136921008 ], [ 27.893455623138369, 42.760560464111272 ], [ 27.90395332952551, 43.201136078990643 ], [ 27.904037917339828, 43.202310478265574 ], [ 27.904915613922725, 43.203095346065631 ], [ 28.15625359653524, 43.406984400735809 ], [ 28.157255830125443, 43.407716514248435 ], [ 28.158493190269294, 43.407619549104872 ], [ 28.44754240479601, 43.370166752728807 ], [ 28.45229279940455, 43.369780287731267 ], [ 28.457058409063436, 43.369847879966528 ], [ 28.46179593229169, 43.370368915275215 ], [ 28.466462322808429, 43.371338659404586 ], [ 28.471015180661766, 43.372748301025162 ], [ 28.475413137485042, 43.374585031792513 ], [ 28.479616232379779, 43.376832162727055 ], [ 28.483586275010083, 43.379469275854085 ], [ 28.487287192609234, 43.382472409726461 ], [ 28.490685357745598, 43.385814277144114 ], [ 28.565545968971286, 43.466807210380551 ], [ 28.568867595022361, 43.470798138238933 ], [ 28.571757421993681, 43.475112023363714 ], [ 28.574184285176496, 43.479702343601545 ], [ 28.57612201259407, 43.484519595644898 ], [ 28.577549707247648, 43.489511828889661 ], [ 28.578451972475598, 43.494625205685125 ], [ 28.578819077995334, 43.499804581934384 ], [ 28.584459811070325, 43.799601942648223 ], [ 28.584544638948628, 43.800835086760593 ], [ 28.584989189223396, 43.801988436327662 ], [ 28.666195199255675, 43.98492921510806 ], [ 28.66809128414344, 43.989897798018951 ], [ 28.669448925632675, 43.995039661847436 ], [ 28.670252765021708, 44.000296637810919 ], [ 28.670493708651065, 44.005609254888356 ], [ 28.670169030778091, 44.010917412602929 ], [ 28.635241674934282, 44.315173496724633 ], [ 28.63516365305474, 44.316367861223164 ], [ 28.636037057592553, 44.317186248956588 ], [ 28.744264032930971, 44.409054803332388 ], [ 28.747933721892903, 44.412502367138892 ], [ 28.751238067073562, 44.416301527072918 ], [ 28.754143559355271, 44.420413756137329 ], [ 28.756620734357803, 44.42479735252433 ], [ 28.758644471234483, 44.429407862510352 ], [ 28.760194247420792, 44.434198531257991 ], [ 28.761254346752178, 44.439120776953281 ], [ 28.761814018840496, 44.444124683470278 ], [ 28.761867588092901, 44.449159506566716 ], [ 28.761414511267606, 44.45417418847763 ], [ 28.760459382982859, 44.4591178756883 ], [ 28.759011889123254, 44.463940434635958 ], [ 28.758531885494687, 44.465288941609593 ], [ 28.758469288726872, 44.466484550267644 ], [ 28.757828033351188, 44.625555880033119 ], [ 28.757881021774196, 44.6267383512225 ], [ 28.757911133540883, 44.626752976114787 ], [ 28.762444060209891, 44.628697488384447 ], [ 28.766877482593863, 44.631158108285 ], [ 28.771038898352501, 44.634055090027005 ], [ 28.774885511678679, 44.637358641184257 ], [ 28.778377764178927, 44.641034788189508 ], [ 28.781479741690116, 44.64504572571704 ], [ 28.783979429904328, 44.64906089459685 ], [ 28.784072374217107, 44.649195384071582 ], [ 28.785030199857303, 44.649954636205948 ], [ 28.913366105145304, 44.741761195057613 ], [ 28.917164004315151, 44.744766459815985 ], [ 28.920653332452794, 44.74812506719406 ], [ 28.923801351768322, 44.751805505858307 ], [ 28.92657852672053, 44.755773244969824 ], [ 28.928958801127084, 44.759991058161717 ], [ 28.930919842630477, 44.764419372806614 ], [ 28.932443252226022, 44.769016641297405 ], [ 28.933514736886139, 44.773739730857784 ], [ 28.934124243661287, 44.77854432822523 ], [ 28.934266053999369, 44.783385355409642 ], [ 28.933938837398667, 44.788217392626848 ], [ 28.933145663890986, 44.792995104438887 ], [ 28.931893975237781, 44.797673665102991 ], [ 28.930195515109624, 44.802209179138387 ], [ 28.869867980952204, 44.942248387015802 ], [ 28.869464624242422, 44.943323278079177 ], [ 28.870417218181561, 44.943964099599349 ], [ 28.982218831992263, 45.011652424580973 ], [ 28.983253248615561, 45.012212662873104 ], [ 28.984386328196653, 45.011896410825976 ], [ 29.109471308302528, 44.970414554912843 ], [ 29.110523695043003, 44.970008745465094 ], [ 29.109964374891678, 44.969029276155723 ], [ 29.070690068608311, 44.907305641902937 ], [ 29.068276545435275, 44.90306980720257 ], [ 29.066287013008299, 44.898619060025112 ], [ 29.064740385724409, 44.893995713427643 ], [ 29.06365136730096, 44.889243721362313 ], [ 29.063030310988065, 44.884408260808051 ], [ 29.062883121140693, 44.879535302275038 ], [ 29.063211197086229, 44.87467117276509 ], [ 29.064011419821135, 44.869862115342876 ], [ 29.065276181663165, 44.865153849505162 ], [ 29.066993458577286, 44.860591136527574 ], [ 29.069146924487629, 44.85621735392111 ], [ 29.071716106488779, 44.852074083044066 ], [ 29.074676579480791, 44.848200713789893 ], [ 29.078000198377527, 44.844634070109223 ], [ 29.081655365680749, 44.841408059926188 ], [ 29.085607331876158, 44.838553352777289 ], [ 29.137671653648376, 44.804680179270967 ], [ 29.138643908683697, 44.803978672704076 ], [ 29.139085910858761, 44.803506925075062 ], [ 29.142529255309608, 44.800168290978014 ], [ 29.146276641793957, 44.797174932800637 ], [ 29.150293589711428, 44.794554393148296 ], [ 29.154543138162342, 44.79233078423384 ], [ 29.158986186033832, 44.79052456601535 ], [ 29.163581851778506, 44.789152357939159 ], [ 29.168287849575393, 44.788226786020367 ], [ 29.173060878411874, 44.787756366667821 ], [ 29.1778570205067, 44.787745428322644 ], [ 29.182632145407986, 44.78819407163116 ], [ 29.578974345300612, 44.844718196041782 ], [ 29.583692628860103, 44.845624258552512 ], [ 29.588302166981698, 44.846978993702507 ], [ 29.592760398603254, 44.848769892870436 ], [ 29.597026159714808, 44.850980420219344 ], [ 29.601060063436588, 44.853590165376346 ], [ 29.6048248636883, 44.856575031886898 ], [ 29.608285799091846, 44.859907459703614 ], [ 29.611410913932151, 44.863556679655325 ], [ 29.614171353212594, 44.867488997546857 ], [ 29.616541629080665, 44.871668105266259 ], [ 29.618499856163929, 44.876055416027022 ], [ 29.620027953643355, 44.880610420649901 ], [ 29.690037748307457, 45.128158863770324 ], [ 29.691170799571022, 45.133115015034882 ], [ 29.691794702023998, 45.138160605808245 ], [ 29.69190300520367, 45.143243470251086 ], [ 29.691494589374713, 45.148311057155489 ], [ 29.690573677105991, 45.153310973266422 ], [ 29.689149789613865, 45.158191524970157 ], [ 29.687237648323332, 45.162902252749184 ], [ 29.68485702266473, 45.167394452877922 ], [ 29.682032525679659, 45.171621680965501 ], [ 29.678793359549289, 45.175540232139454 ], [ 29.675173013676048, 45.179109592905917 ], [ 29.671208918440161, 45.182292860014385 ], [ 29.624856039567604, 45.215786553024564 ], [ 29.62396327658735, 45.216500129926693 ], [ 29.624823920724427, 45.217252133519402 ], [ 29.735710638061057, 45.305020402137053 ], [ 29.739336405085346, 45.308185678142458 ], [ 29.742641036215112, 45.311684902599538 ], [ 29.745593910528516, 45.315485651472336 ], [ 29.74816766650472, 45.319552706780513 ], [ 29.750338455557461, 45.323848382931409 ], [ 29.752086163017569, 45.328332875917098 ], [ 29.753394594516774, 45.3329646321409 ], [ 29.754251626045736, 45.337700733455613 ], [ 29.754649316295907, 45.342497294845792 ], [ 29.754583980244185, 45.3473098710691 ], [ 29.750018751945088, 45.421177796951731 ], [ 29.749458369405186, 45.426163873153776 ], [ 29.748401089051775, 45.431068681278241 ], [ 29.746857557691452, 45.435842829937776 ], [ 29.744843318675443, 45.440438243484991 ], [ 29.742378655378129, 45.444808646134 ], [ 29.73948838694362, 45.448910027957254 ], [ 29.736201618357114, 45.452701088065233 ], [ 29.732551447357874, 45.456143650506192 ], [ 29.728574631145214, 45.459203048697717 ], [ 29.724311216233705, 45.461848474519002 ], [ 29.719804135185051, 45.464053288548449 ], [ 29.715098774277436, 45.465795288322468 ], [ 29.710242516465993, 45.467056931914144 ], [ 29.705284264236749, 45.467825514580333 ], [ 29.606958448843873, 45.478047785130286 ], [ 29.605850348857164, 45.478218937711013 ], [ 29.606058123572986, 45.478434408386178 ], [ 29.609220920234858, 45.482046421873576 ], [ 29.612022708434299, 45.485945127689988 ], [ 29.614437655769109, 45.490094579886069 ], [ 29.616443496498121, 45.494456520638458 ], [ 29.618021736830666, 45.498990732985732 ], [ 29.619157825438755, 45.503655411627619 ], [ 29.619841287619892, 45.508407548368538 ], [ 29.620065821873492, 45.513203328651919 ], [ 29.619829358000558, 45.517998535529031 ], [ 29.619134076190822, 45.522748957337932 ], [ 29.617986386921473, 45.527410795333672 ], [ 29.616396871852761, 45.531941067511347 ], [ 29.614380186265397, 45.536298004898917 ], [ 29.611954923939315, 45.540441436665844 ], [ 29.609143445719592, 45.544333160496933 ], [ 29.605971673350115, 45.547937294816535 ], [ 29.602468850475912, 45.551220609615548 ], [ 29.598667273017618, 45.554152832831143 ], [ 29.594601991404069, 45.556706929454222 ], [ 29.590310487408413, 45.558859350791401 ], [ 29.589756035329454, 45.559104869469571 ], [ 29.589893185954839, 45.560273490748806 ], [ 29.633355244754554, 45.820158858104364 ], [ 29.633579503066581, 45.821189436954207 ], [ 29.634084441863767, 45.820263466453888 ], [ 29.712869424835951, 45.657445434286331 ], [ 29.715151142033751, 45.653253054073801 ], [ 29.717822217796147, 45.649297344341193 ], [ 29.720858310839191, 45.645614353131442 ], [ 29.72423175350783, 45.642237643227034 ], [ 29.727911803908839, 45.639197986295216 ], [ 29.731864926059085, 45.636523082468464 ], [ 29.736055095496035, 45.634237307915541 ], [ 29.740444127565599, 45.632361492703573 ], [ 29.744992025395607, 45.630912730975425 ], [ 29.749657344383856, 45.629904225172268 ], [ 29.75439756987922, 45.629345165720828 ], [ 29.759169504614004, 45.629240647281868 ], [ 29.763929662356944, 45.629591622322934 ], [ 29.768634664199489, 45.63039489243863 ], [ 29.773241633864071, 45.631643137497406 ], [ 29.777708588431931, 45.633324982349286 ], [ 29.79841129948484, 45.642269939927594 ], [ 29.802808241501566, 45.644431202416847 ], [ 29.80697255093326, 45.647012419494693 ], [ 29.810864243488886, 45.649988807187576 ], [ 29.814445952452466, 45.653331787227309 ], [ 29.817683287465663, 45.657009261449957 ], [ 29.820545164732351, 45.660985919991532 ], [ 29.823004105474741, 45.665223580321396 ], [ 29.82503649977529, 45.669681553857984 ], [ 29.826622833271166, 45.674317036646841 ], [ 29.827747874524544, 45.679085520349659 ], [ 29.828400821269732, 45.68394121959836 ], [ 29.82857540413287, 45.688837511610664 ], [ 29.828269946828346, 45.693727383846316 ], [ 29.827487382253903, 45.698563885405576 ], [ 29.82623522432997, 45.70330057783589 ], [ 29.824525495853528, 45.707891981018221 ], [ 29.822374613059274, 45.712294009851753 ], [ 29.819803227996498, 45.716464397544136 ], [ 29.816836030235077, 45.720363101442935 ], [ 29.803215222865322, 45.736548616578624 ], [ 29.802547804317669, 45.737426309231935 ], [ 29.803648908896857, 45.737368338401588 ], [ 29.873375621052489, 45.730229755209173 ], [ 29.878202430439593, 45.729970463609114 ], [ 29.883031721647399, 45.730178471838514 ], [ 29.887818359500216, 45.730851835825753 ], [ 29.892517607466068, 45.731984262224557 ], [ 29.897085545770107, 45.733565167232392 ], [ 29.901479481874429, 45.735579775508072 ], [ 29.905658349488032, 45.738009258263986 ], [ 29.909583092377645, 45.740830909242362 ], [ 29.913217029392293, 45.744018356930852 ], [ 29.91652619729005, 45.747541811034111 ], [ 29.919479668162857, 45.751368340897677 ], [ 29.922049838492718, 45.755462183282134 ], [ 29.924212687137729, 45.759785076610925 ], [ 29.925947999836747, 45.76429661856794 ], [ 29.927239558134481, 45.768954643702791 ], [ 29.928075290961242, 45.773715617514476 ], [ 29.928447387450728, 45.778535043330464 ], [ 29.928352369941376, 45.783367878178275 ], [ 29.926361740784191, 45.812590312288052 ], [ 29.926338872005545, 45.813733634110427 ], [ 29.927480736955925, 45.813795700249933 ], [ 30.061866937080648, 45.814640488006944 ], [ 30.066685346710244, 45.814903645658433 ], [ 30.071455947498219, 45.815630069384596 ], [ 30.076134303543636, 45.816812992890341 ], [ 30.080676838161928, 45.81844139779998 ], [ 30.085041239781194, 45.820500116288237 ], [ 30.089186856054571, 45.822969972361385 ], [ 30.093075072517717, 45.825827960472601 ], [ 30.096669672264369, 45.829047459807825 ], [ 30.099937173289785, 45.832598482246091 ], [ 30.102847140359849, 45.836447951684761 ], [ 30.105372468500956, 45.840560012127881 ], [ 30.107489635470085, 45.844896361667871 ], [ 30.126961497289944, 45.89020217910182 ], [ 30.127447941635236, 45.891194965498372 ], [ 30.128237194414396, 45.88933188674951 ], [ 30.128483995197204, 45.888658696892229 ], [ 30.130666856211175, 45.884157073359027 ], [ 30.133288653830967, 45.879896125825695 ], [ 30.13632313914669, 45.875918514041011 ], [ 30.139739931502341, 45.872264061053308 ], [ 30.143504822660805, 45.868969354510092 ], [ 30.147580119289834, 45.866067380349904 ], [ 30.151925020340119, 45.863587192553744 ], [ 30.156496025537162, 45.861553622262463 ], [ 30.161247370897271, 45.859987029172366 ], [ 30.166131486907354, 45.85890309769804 ], [ 30.171099474781304, 45.858312679943175 ], [ 30.1761015960248, 45.858221687051454 ], [ 30.1810877704071, 45.858631030025379 ], [ 30.186008077354213, 45.859536610605524 ], [ 30.19081325574367, 45.860929362301448 ], [ 30.195455197096916, 45.862795341163597 ], [ 30.199887427231758, 45.865115865387303 ], [ 30.204065571552476, 45.867867702351262 ], [ 30.485977220552336, 46.074480369638366 ], [ 30.489855261468179, 46.077632202646264 ], [ 30.493399311868473, 46.081155405651309 ], [ 30.496573969166793, 46.085014784317991 ], [ 30.499347520755617, 46.089171786150892 ], [ 30.651197030288504, 46.34342960739724 ], [ 30.651912495138074, 46.344496881546817 ], [ 30.653064733319066, 46.345065486185881 ], [ 30.74591046666891, 46.385004187665302 ], [ 30.750192586659992, 46.387093314754253 ], [ 30.754256415752828, 46.389580541466081 ], [ 30.758065052747853, 46.392443282783766 ], [ 30.761583913692192, 46.395655543866901 ], [ 30.764781045915843, 46.399188156095306 ], [ 30.767627418174747, 46.40300904193181 ], [ 30.770097184266124, 46.407083506199129 ], [ 30.772167917722399, 46.411374551126059 ], [ 30.773820815452499, 46.415843212302029 ], [ 30.775040868481486, 46.420448912489654 ], [ 30.775816998238078, 46.42514983008229 ], [ 30.790562923860001, 46.551740965525006 ], [ 30.790750079382384, 46.552874792820177 ], [ 30.791882901694354, 46.553067938190935 ], [ 31.398829422684265, 46.627021284060994 ], [ 31.403565444230438, 46.627830905396664 ], [ 31.408201888888026, 46.62909136869645 ], [ 31.412695943009723, 46.630791034647231 ], [ 31.417006107804461, 46.632914208270655 ], [ 31.421092582543668, 46.635441283852984 ], [ 31.424917632087357, 46.638348925987316 ], [ 31.428445935336239, 46.641610285056309 ], [ 31.47451290155924, 46.688492410809062 ], [ 31.477749369423911, 46.692123743150276 ], [ 31.480617662744439, 46.69605238060349 ], [ 31.483090634502688, 46.700241140502825 ], [ 31.485144879209173, 46.704650378248431 ], [ 31.486760954424756, 46.709238362523578 ], [ 31.487923564774011, 46.713961670261504 ], [ 31.488621706708585, 46.718775597623917 ], [ 31.48884877265051, 46.723634583101301 ], [ 31.488602613529739, 46.728492638730735 ], [ 31.487885559124084, 46.733303785349861 ], [ 31.486704396008964, 46.738022487767566 ], [ 31.485070303325742, 46.742604085732687 ], [ 31.482998746976527, 46.747005216621837 ], [ 31.480509333246832, 46.751184225845783 ], [ 31.477625623241504, 46.755101561090122 ], [ 31.441457802932124, 46.799532441384983 ], [ 31.440967889820726, 46.800198415772243 ], [ 31.441632784558678, 46.799707038393123 ], [ 31.480634132814505, 46.767816043930459 ], [ 31.484469273789063, 46.764974392265181 ], [ 31.488557904689799, 46.762511388440771 ], [ 31.492862764530521, 46.760449478589855 ], [ 31.497344621762331, 46.758807453548883 ], [ 31.501962631803146, 46.757600277611232 ], [ 31.506674709267287, 46.756838952152933 ], [ 31.511437911502899, 46.756530415373611 ], [ 31.516208829941917, 46.756677479066482 ], [ 31.520943985696078, 46.757278802993632 ], [ 31.525600225793774, 46.758328907099965 ], [ 31.530135116446726, 46.759818221454729 ], [ 31.534507329762512, 46.761733173465302 ], [ 31.538677020378724, 46.76405631156851 ], [ 31.617142241062496, 46.812820993423593 ], [ 31.618007924378748, 46.813302328876418 ], [ 31.617492844219104, 46.812456288776005 ], [ 31.548359924248118, 46.710420054102819 ], [ 31.545762957747598, 46.70614029857726 ], [ 31.543606963726383, 46.701622308742849 ], [ 31.541913554336276, 46.696911373909842 ], [ 31.540699704680375, 46.69205471751102 ], [ 31.539977582650973, 46.687101023723756 ], [ 31.539754426955955, 46.682099949449253 ], [ 31.540032474556416, 46.677101626540988 ], [ 31.540808938242893, 46.672156159272177 ], [ 31.54207603457494, 46.667313122079598 ], [ 31.543821061904033, 46.662621062618754 ], [ 31.546026527697652, 46.65812701511161 ], [ 31.548670323888217, 46.653876028865319 ], [ 31.55172594848915, 46.649910716688261 ], [ 31.555162771256551, 46.64627082772995 ], [ 31.558946340733396, 46.642992849026967 ], [ 31.563038729598421, 46.640109639748964 ], [ 31.567398914857819, 46.637650101811246 ], [ 31.571983189068629, 46.635638890155683 ], [ 31.576745598471621, 46.634096165604241 ], [ 31.581638403641762, 46.633037392762503 ], [ 31.586612558038553, 46.632473184999135 ], [ 31.591618199659198, 46.632409198055157 ], [ 31.835238384091159, 46.641500244820982 ], [ 31.840216507362129, 46.641935899709431 ], [ 31.84512628212827, 46.642866285773664 ], [ 31.84991866660063, 46.644282109757036 ], [ 31.854545791555232, 46.646169229556428 ], [ 31.858961438479763, 46.648508795482122 ], [ 31.863121501231902, 46.651277438539843 ], [ 31.866984426598052, 46.654447503854364 ], [ 31.870511629351885, 46.657987326903068 ], [ 31.873667877666826, 46.661861549800271 ], [ 31.876421645032774, 46.666031474473094 ], [ 31.878745425161878, 46.670455449201143 ], [ 31.88061600673791, 46.675089284658966 ], [ 31.882014705264893, 46.679886695305697 ], [ 31.882927549699094, 46.684799761712917 ], [ 31.883345422000229, 46.689779409212761 ], [ 31.883264148207946, 46.694775898085311 ], [ 31.882684540133855, 46.699739320388844 ], [ 31.864949146910423, 46.805439097492979 ], [ 31.864812908187041, 46.806571514233646 ], [ 31.86547971881539, 46.807496874839138 ], [ 31.914337431259725, 46.869049142354562 ], [ 31.917238890533881, 46.873104401793221 ], [ 31.919722006628053, 46.877428488922007 ], [ 31.921762083865044, 46.881978398800406 ], [ 31.923338832783156, 46.88670888058175 ], [ 31.924436571923753, 46.891572887552719 ], [ 31.925044383790265, 46.896522045033478 ], [ 31.92515622342744, 46.90150713148509 ], [ 31.924770978541108, 46.90647856803924 ], [ 31.923892480560401, 46.911386911581857 ], [ 31.922529466532531, 46.916183346486477 ], [ 31.920695492229026, 46.920820170107078 ], [ 31.91840879732764, 46.925251267201745 ], [ 31.915692124010771, 46.929432568569005 ], [ 31.912572490784498, 46.933322489335289 ], [ 31.909080923767693, 46.936882342534737 ], [ 31.905252148123697, 46.94007672386801 ], [ 31.901124242703347, 46.942873863813574 ], [ 31.899496245771058, 46.943862304705135 ], [ 31.899526734705599, 46.943974510504738 ], [ 31.900571999020244, 46.948722816417053 ], [ 31.901151142889582, 46.95355019447382 ], [ 31.901258690163967, 46.958410998945112 ], [ 31.900893623919973, 46.963259268034371 ], [ 31.900059396076006, 46.968049158474528 ], [ 31.898763894752371, 46.972735379003353 ], [ 31.897019369684401, 46.977273618619286 ], [ 31.894842316393923, 46.981620965568261 ], [ 31.892253320214298, 46.985736313099913 ], [ 31.889276861643847, 46.9895807481563 ], [ 31.885941084868186, 46.993117919318017 ], [ 31.882277531640209, 46.99631438052851 ], [ 31.878320843034079, 46.999139907346375 ], [ 31.874108431893244, 47.001567782735464 ], [ 31.869680129069788, 47.003575049690333 ], [ 31.865077806800016, 47.0051427283084 ], [ 31.860344982777573, 47.006255995256147 ], [ 31.855526408667778, 47.006904323932645 ], [ 31.838654324369724, 47.008343707996183 ], [ 31.837498285909959, 47.008500646135367 ], [ 31.837906888218388, 47.009593394346759 ], [ 31.85969434326848, 47.060046022829631 ], [ 31.86140726513408, 47.064612605813025 ], [ 31.862667118465655, 47.069324351884795 ], [ 31.863461915616913, 47.07413642825059 ], [ 31.863784094003474, 47.079003047462024 ], [ 31.863630588061724, 47.083877903089402 ], [ 31.863002858417975, 47.08871461033258 ], [ 31.861906877990464, 47.093467147377616 ], [ 31.860353075156347, 47.09809029329945 ], [ 31.858356234524528, 47.102540058344147 ], [ 31.855935356258431, 47.106774102496331 ], [ 31.853113475287309, 47.110752138349206 ], [ 31.849917442126308, 47.114436314443758 ], [ 31.846377667390779, 47.117791575429671 ], [ 31.727713998832058, 47.219755886702075 ], [ 31.726881524109746, 47.220542588325735 ], [ 31.727243087270384, 47.221629411995302 ], [ 31.741276092858801, 47.257977197502662 ], [ 31.741729107782813, 47.259000938311878 ], [ 31.742531025123522, 47.258219787657787 ], [ 31.895971911562544, 47.093629077998266 ], [ 31.896748851667461, 47.092707757251176 ], [ 31.896285846239081, 47.091595060608391 ], [ 31.894160984095336, 47.087129016608912 ], [ 31.892274261623996, 47.082604066657353 ], [ 31.890839750002041, 47.077916095864531 ], [ 31.889871240563231, 47.073110174182389 ], [ 31.889378044516157, 47.068232505537729 ], [ 31.889364903426646, 47.063329983629593 ], [ 31.889831943632583, 47.058449741095259 ], [ 31.890774675029267, 47.053638696379018 ], [ 31.892184034237129, 47.04894310266031 ], [ 31.894046471736633, 47.044408103177581 ], [ 31.896344082132821, 47.040077297223107 ], [ 31.899054776296989, 47.035992320981286 ], [ 31.902152493730654, 47.032192447240078 ], [ 31.905607453110061, 47.028714207824137 ], [ 31.909386438602578, 47.025591042379389 ], [ 31.913453119202288, 47.022852976885673 ], [ 31.917768398014744, 47.020526334988276 ], [ 31.922290788132845, 47.018633484923519 ], [ 31.926976811490199, 47.017192624471477 ], [ 31.931781416857412, 47.016217606003295 ], [ 31.975683500420839, 47.009529898161581 ], [ 31.976806591458974, 47.009301854727966 ], [ 31.976091401943094, 47.007984781151073 ], [ 31.973951773531994, 47.003533317241931 ], [ 31.972261761086589, 46.998892476950964 ], [ 31.971037854761807, 46.994107542888706 ], [ 31.970291996721137, 46.989225203648637 ], [ 31.970031464611953, 46.984293098247086 ], [ 31.970258800554504, 46.979359351289531 ], [ 31.970971786337362, 46.974472103398803 ], [ 31.972163465061445, 46.969679041486991 ], [ 31.973822209021392, 46.965026933454354 ], [ 31.975931833161898, 46.960561171855502 ], [ 31.978471753002051, 46.956325330985322 ], [ 31.981417185486688, 46.952360741706414 ], [ 31.984739390804958, 46.948706088166716 ], [ 31.988405952816642, 46.945397030342136 ], [ 31.99238109534992, 46.942465856087324 ], [ 31.995255706493005, 46.940756171391897 ], [ 31.995893193665939, 46.940331562289593 ], [ 31.99646598917651, 46.939233971019341 ], [ 32.0070122263133, 46.916284766025122 ], [ 32.00743961825755, 46.915227864833717 ], [ 32.007038538780193, 46.914160700715634 ], [ 31.95071585581023, 46.783138865441096 ], [ 31.949015500809971, 46.778585092176748 ], [ 31.947765363709085, 46.773887729587059 ], [ 31.946977259832373, 46.769091173494452 ], [ 31.946658637725502, 46.76424075722128 ], [ 31.94681250875713, 46.759382323134496 ], [ 31.947437418657788, 46.754561789379188 ], [ 31.948527461264511, 46.749824715895961 ], [ 31.950072334341289, 46.745215873823739 ], [ 31.952057436947822, 46.740778822357782 ], [ 31.954464007436236, 46.736555497061964 ], [ 32.011554528941609, 46.646809647459577 ], [ 32.014419099410809, 46.642764335873643 ], [ 32.017670139846146, 46.639022538726806 ], [ 32.02127569861937, 46.63562103086511 ], [ 32.025200339852034, 46.632593242729335 ], [ 32.029405491683782, 46.62996893179649 ], [ 32.033849825361301, 46.627773890119613 ], [ 32.03848966142246, 46.626029690840333 ], [ 32.043279398983486, 46.624753476165289 ], [ 32.32366571126834, 46.564754013446731 ], [ 32.328459683293396, 46.563969477274732 ], [ 32.333307161522185, 46.563653851541332 ], [ 32.338162390288204, 46.563810115458637 ], [ 32.342979540767097, 46.564436794041228 ], [ 32.347713143557989, 46.565527972028669 ], [ 32.644354297463245, 46.649274929547595 ], [ 32.645195304212486, 46.649468991812476 ], [ 32.644465217191126, 46.649008638191674 ], [ 32.318590853584844, 46.464926010652079 ], [ 32.317545565242654, 46.464399401740842 ], [ 32.316381396494975, 46.464520462843325 ], [ 32.03651784101848, 46.507144492690806 ], [ 32.031601983905631, 46.507646202610992 ], [ 32.02666061090153, 46.507660232302818 ], [ 32.021741984127488, 46.507186444739041 ], [ 32.016894143543624, 46.506229467377025 ], [ 32.012164437745206, 46.504798646962612 ], [ 32.007599061511456, 46.502907958240932 ], [ 32.003242604623694, 46.500575867465898 ], [ 31.999137616359352, 46.497825152041223 ], [ 31.995324189915486, 46.494682678054829 ], [ 31.991839570820723, 46.491179137879186 ], [ 31.988717793160195, 46.487348750400592 ], [ 31.985989347166484, 46.483228926805175 ], [ 31.983680881423183, 46.478859905185871 ], [ 31.981814942589622, 46.474284357539155 ], [ 31.980409755188884, 46.469546972989981 ], [ 31.979479043609864, 46.46469402131553 ], [ 31.979031898061923, 46.459772901030789 ], [ 31.979072685791309, 46.454831676449871 ], [ 31.979601008426478, 46.449918608244445 ], [ 31.980611705869002, 46.445081682084414 ], [ 31.982094906691938, 46.440368139964441 ], [ 31.984036124553537, 46.435824018793987 ], [ 31.986416399684547, 46.431493700757329 ], [ 31.989212484067256, 46.427419479835152 ], [ 31.992397068497606, 46.423641148721558 ], [ 31.995939049312707, 46.420195610171 ], [ 31.999803832178628, 46.417116516571056 ], [ 32.003953669971366, 46.414433941261414 ], [ 32.008348031450943, 46.41217408480918 ], [ 32.012943997127863, 46.410359019109393 ], [ 32.060693077134182, 46.394180142481005 ], [ 32.061699563672171, 46.393782862697996 ], [ 32.060703507986695, 46.393360110467455 ], [ 31.958215651434326, 46.355701640989111 ], [ 31.953766839174197, 46.353818309587439 ], [ 31.949520549166678, 46.351514423985577 ], [ 31.945516422852045, 46.348811492216029 ], [ 31.941791840940013, 46.345734747625563 ], [ 31.938381574440363, 46.342312913308156 ], [ 31.935317460056556, 46.338577933959172 ], [ 31.932628102972668, 46.334564677654157 ], [ 31.93033860980837, 46.330310610336284 ], [ 31.928470354234875, 46.325855446051264 ], [ 31.927040777440048, 46.321240776195019 ], [ 31.926063225305359, 46.316509681235253 ], [ 31.925546823814777, 46.311706328531677 ], [ 31.925496393858733, 46.306875560009594 ], [ 31.925912406228452, 46.302062473535969 ], [ 31.926790977220875, 46.29731200190615 ], [ 31.928123904895141, 46.292668493371693 ], [ 31.929898745642195, 46.288175297625124 ], [ 31.932098930352684, 46.283874361106861 ], [ 31.934703919098666, 46.279805835412255 ], [ 31.937689392885069, 46.276007702454457 ], [ 31.941027480680805, 46.272515419882502 ], [ 31.944687019610111, 46.269361590064761 ], [ 31.94863384587503, 46.266575655727962 ], [ 31.952831113693154, 46.264183625093267 ], [ 31.957239639273173, 46.262207829075273 ], [ 31.961818266616991, 46.260666712810725 ], [ 31.966524251733485, 46.259574663463063 ], [ 32.268083655939023, 46.20479644889393 ], [ 32.269234893257817, 46.204528062434882 ], [ 32.269187660937533, 46.203346898702286 ], [ 32.2664013221492, 46.172232779719025 ], [ 32.266203310913177, 46.167415116190931 ], [ 32.266470269571329, 46.162600780993387 ], [ 32.267199715505271, 46.157834545691919 ], [ 32.26838486513325, 46.153160734540535 ], [ 32.270014696994963, 46.148622812282269 ], [ 32.272074054247142, 46.144262979942901 ], [ 32.2745437856167, 46.140121782376774 ], [ 32.277400923500551, 46.136237731214372 ], [ 32.280618897556018, 46.132646946718211 ], [ 32.284167781795311, 46.129382821877527 ], [ 32.288014572886354, 46.126475711865602 ], [ 32.292123497071728, 46.123952651747743 ], [ 32.296456342851634, 46.121837105064962 ], [ 32.30097281633693, 46.120148745631631 ], [ 32.305630915967619, 46.118903274576127 ], [ 32.495811933247779, 46.077764827942417 ], [ 32.500896364604024, 46.076936517160455 ], [ 32.506039037186575, 46.076635752008556 ], [ 32.51118536144169, 46.076865725113748 ], [ 33.108356132430437, 46.134488154400202 ], [ 33.11304254942192, 46.135165613875259 ], [ 33.117643865947677, 46.136283353463973 ], [ 33.122118814722121, 46.137831348626932 ], [ 33.126427261799208, 46.139795716042237 ], [ 33.130530566517088, 46.142158838119201 ], [ 33.13439192805, 46.144899521003182 ], [ 33.234154854264155, 46.223067643531316 ], [ 33.235035839479792, 46.223690868431049 ], [ 33.23486133562448, 46.222625930578296 ], [ 33.223793005891977, 46.171039609164076 ], [ 33.223013388064068, 46.16631139913526 ], [ 33.222689986902843, 46.161530271054659 ], [ 33.222825773012765, 46.156740142020226 ], [ 33.223419499129221, 46.15198501180825 ], [ 33.224465711575256, 46.147308558713014 ], [ 33.225954800356398, 46.14275373833938 ], [ 33.227873087433323, 46.138362389033681 ], [ 33.230202952361651, 46.134174847577178 ], [ 33.23292299414468, 46.130229578672179 ], [ 33.236008227812462, 46.126562821624134 ], [ 33.239430313921481, 46.123208257465166 ], [ 33.243157818866884, 46.120196699576603 ], [ 33.247156503616168, 46.117555810652391 ], [ 33.251389638212117, 46.115309848603118 ], [ 33.255818339156207, 46.113479443734789 ], [ 33.404065817086824, 46.060373287703243 ], [ 33.408821224503292, 46.058932050506151 ], [ 33.413696202223164, 46.057969940021046 ], [ 33.418642602891012, 46.057496458460676 ], [ 33.423611573747934, 46.057516282130521 ], [ 33.428554039122261, 46.058029215243572 ], [ 33.43342118512173, 46.059030191854035 ], [ 33.438164941740311, 46.060509325890742 ], [ 33.442738457618013, 46.062452008796221 ], [ 33.612335699810451, 46.144666638371334 ], [ 33.613400094000411, 46.145118736635212 ], [ 33.613495711088355, 46.143966267457976 ], [ 33.618486176016994, 45.993020508550096 ], [ 33.61890274601442, 45.988025088192238 ], [ 33.619817409692516, 45.983096483372364 ], [ 33.62122097367331, 45.978284232000476 ], [ 33.623099330592005, 45.97363670250617 ], [ 33.625433600891533, 45.969200607682652 ], [ 33.62820032258292, 45.965020535171689 ], [ 33.631371687064096, 45.961138499308646 ], [ 33.63491581862705, 45.95759351883212 ], [ 33.638797094843774, 45.954421224702635 ], [ 33.642976504610949, 45.951653501972203 ], [ 33.647412040254508, 45.949318169304433 ], [ 33.652059119753076, 45.947438699366266 ], [ 33.656871034836392, 45.946033982901845 ], [ 33.661799420454926, 45.945118138859705 ], [ 33.775826373469307, 45.929794475330638 ], [ 33.776899830047959, 45.929596800719992 ], [ 33.776084644702038, 45.928870951472561 ], [ 33.692699961465486, 45.861582929099477 ], [ 33.691631810538418, 45.860811331081599 ], [ 33.690339986082137, 45.860551524464377 ], [ 33.178070390237288, 45.785705904866255 ], [ 33.173716026405188, 45.784871044727161 ], [ 33.16945273890952, 45.783653729828117 ], [ 33.165314049938658, 45.782063531904406 ], [ 33.161332501963962, 45.780112954666926 ], [ 32.547203056546046, 45.444700441462196 ], [ 32.543019894949097, 45.442141787741811 ], [ 32.539107482390691, 45.439185679188348 ], [ 32.535503449315243, 45.435860548303985 ], [ 32.532242460105479, 45.432198376928852 ], [ 32.529355879672792, 45.428234388632617 ], [ 32.526871471782606, 45.424006709926495 ], [ 32.524813132016384, 45.419556003554042 ], [ 32.523200657938673, 45.414925077387956 ], [ 32.522049558679775, 45.410158472694548 ], [ 32.521370905765515, 45.405302035726052 ], [ 32.521171226628866, 45.400402476761265 ], [ 32.521452441827691, 45.395506920835835 ], [ 32.522211846572354, 45.390662454483305 ], [ 32.523442136741011, 45.385915672846451 ], [ 32.525131479132256, 45.381312231514997 ], [ 32.527263625279438, 45.376896407400054 ], [ 32.529818067732009, 45.372710672869111 ], [ 32.532770237300682, 45.368795287237418 ], [ 32.53609173936929, 45.365187909545071 ], [ 32.539750627000473, 45.361923236344055 ], [ 32.575270485509826, 45.333231083642424 ], [ 32.579257210526585, 45.330323675867199 ], [ 32.583511091651602, 45.327823377544021 ], [ 32.587990701193633, 45.325754538574529 ], [ 32.592652413137834, 45.324137306964651 ], [ 32.597450828010764, 45.322987432607214 ], [ 32.602339215016713, 45.322316113896917 ], [ 32.607269967139466, 45.322129888671427 ], [ 32.612195064777502, 45.32243057054071 ], [ 32.897992089857539, 45.354093435681783 ], [ 32.899248767627789, 45.354167975204824 ], [ 32.900381406125696, 45.353618498006256 ], [ 33.242516520150708, 45.165475090873336 ], [ 33.24668996590264, 45.163426731118854 ], [ 33.251035622714461, 45.161774855214922 ], [ 33.25551592077143, 45.16053374424132 ], [ 33.260092126235335, 45.159714128062689 ], [ 33.264724676112834, 45.15932309256484 ], [ 33.269373520292255, 45.159364018394676 ], [ 33.273998467791642, 45.159836551733221 ], [ 33.278559534224691, 45.160736607354522 ], [ 33.39525357954755, 45.189459161238716 ], [ 33.396487018137208, 45.189696645849658 ], [ 33.397632238150429, 45.189180660562926 ], [ 33.53636500477652, 45.117931932537481 ], [ 33.537400718216553, 45.117334761749838 ], [ 33.537936665520519, 45.116266082300015 ], [ 33.619165643104807, 44.932535784978917 ], [ 33.619578278610483, 44.931470034137369 ], [ 33.618963518758981, 44.93050662184671 ], [ 33.530915501906364, 44.805818150618883 ], [ 33.528391680442674, 44.801862351707719 ], [ 33.526249802742115, 44.797687381082433 ], [ 33.524508732766954, 44.793330008577385 ], [ 33.523183804482457, 44.788828610478234 ], [ 33.522286686807519, 44.78422283153396 ], [ 33.521825280844027, 44.779553235797394 ], [ 33.521803650290245, 44.774860949369085 ], [ 33.522221985650951, 44.770187298191246 ], [ 33.523076602559648, 44.765573444081554 ], [ 33.524359974227522, 44.761060022212476 ], [ 33.571151181520285, 44.621720077644177 ], [ 33.571468662459345, 44.620593337182143 ], [ 33.570339533246326, 44.620284459479159 ], [ 33.501261519881211, 44.605004335480992 ], [ 33.496598090067501, 44.603733507043394 ], [ 33.492079157235032, 44.602018331075492 ], [ 33.487746950960336, 44.599874835953344 ], [ 33.483641955854083, 44.597323052709633 ], [ 33.479802533231087, 44.594386827843039 ], [ 33.476264562622525, 44.591093600471872 ], [ 33.473061106480557, 44.587474145914669 ], [ 33.470222101208591, 44.583562288093759 ], [ 33.467774077404648, 44.579394583449655 ], [ 33.46573991193199, 44.575009979319852 ], [ 33.464138614134129, 44.570449449974724 ], [ 33.462985148191862, 44.565755613711573 ], [ 33.4622902932825, 44.560972334585273 ], [ 33.462060542848114, 44.556144312497175 ], [ 33.462298043914096, 44.551316665473124 ], [ 33.463000577025149, 44.546534508033943 ], [ 33.464161576986157, 44.54184252959881 ], [ 33.465770194214137, 44.537284576861119 ], [ 33.467811396127992, 44.532903244039687 ], [ 33.470266107628433, 44.528739474834417 ], [ 33.473111389355445, 44.524832179805991 ], [ 33.476320652057339, 44.521217872755464 ], [ 33.4798639050682, 44.517930329501574 ], [ 33.483708036571656, 44.515000272244563 ], [ 33.487817123031881, 44.512455082466253 ], [ 33.637474390965586, 44.429485628149202 ], [ 33.641464302010547, 44.427500706312429 ], [ 33.645615101169497, 44.425878926060101 ], [ 33.649893815648092, 44.42463317036357 ], [ 33.654266456528269, 44.423773335159694 ], [ 33.923929046613893, 44.383132563402427 ], [ 33.928447402189249, 44.382660319540783 ], [ 33.932989970769178, 44.382600135931369 ], [ 33.937519251539683, 44.382952509415198 ], [ 33.941997853383228, 44.383714531000969 ], [ 33.946388803558129, 44.384879909880034 ], [ 33.950655852924079, 44.386439025359635 ], [ 34.320331199268047, 44.540890853010787 ], [ 34.324551951309608, 44.542890716003278 ], [ 34.328567682854455, 44.545275689786109 ], [ 34.33234335391451, 44.548024963841442 ], [ 34.335846019192644, 44.551114548883874 ], [ 34.339045115552793, 44.554517486183265 ], [ 34.499258419274234, 44.741742150241521 ], [ 34.500039767089824, 44.742574041135803 ], [ 34.501140836367284, 44.742868244903043 ], [ 34.951321064014465, 44.841284443795224 ], [ 34.952480457419604, 44.841480596470291 ], [ 34.953600740666126, 44.841123336918471 ], [ 35.051720340760419, 44.804600696019328 ], [ 35.056536048712836, 44.803080286759652 ], [ 35.061480559928718, 44.802053400088276 ], [ 35.066503435078523, 44.801530511353114 ], [ 35.071553435436329, 44.801516954581345 ], [ 35.076579045569936, 44.802012868066626 ], [ 35.081528998853649, 44.803013192958304 ], [ 35.086352800442974, 44.804507724867186 ], [ 35.091001242376315, 44.806481217961235 ], [ 35.095426905549054, 44.808913540489463 ], [ 35.099584643439421, 44.811779880147434 ], [ 35.103432042651534, 44.815050997189445 ], [ 35.255130163269236, 44.957836060836748 ], [ 35.256052997524471, 44.958622182028613 ], [ 35.257260628192846, 44.958516173728164 ], [ 35.339395007400334, 44.947182110661366 ], [ 35.344488905384836, 44.946743065317335 ], [ 35.349601008063317, 44.946826514076136 ], [ 35.354677862150183, 44.947431584378926 ], [ 35.359666382926981, 44.948551949475693 ], [ 35.364514409308057, 44.950175894579154 ], [ 35.369171249248474, 44.952286439357167 ], [ 35.373588209791357, 44.954861515482889 ], [ 35.377719106212297, 44.957874197386126 ], [ 35.381520744937156, 44.961292983793072 ], [ 35.384953375183663, 44.965082127110684 ], [ 35.50538719563923, 45.112521891364636 ], [ 35.506216281738304, 45.113437181478481 ], [ 35.507399895301141, 45.113084763139085 ], [ 35.836794766130076, 44.99638486604541 ], [ 35.841258530856713, 44.995034160468478 ], [ 35.845828725756668, 44.99410522577395 ], [ 35.85046559086355, 44.993606143545435 ], [ 35.855128786190818, 44.993541255718689 ], [ 35.859777742683193, 44.993911126807454 ], [ 36.395783197812456, 45.061832653599851 ], [ 36.400569566098262, 45.062677288856158 ], [ 36.405251314013597, 45.063982649549928 ], [ 36.40978420329153, 45.065736401207815 ], [ 36.414125402244096, 45.067921972469016 ], [ 36.418233890482853, 45.070518711669536 ], [ 36.422070846524328, 45.07350208198168 ], [ 36.42560001461775, 45.076843893264794 ], [ 36.428788047328993, 45.080512568436511 ], [ 36.431604820643578, 45.084473441847486 ], [ 36.434023718611215, 45.08868908684034 ], [ 36.436021884842376, 45.093119669397538 ], [ 36.43758043848046, 45.097723324536751 ], [ 36.438684652608693, 45.102456551896864 ], [ 36.439324093406157, 45.107274626776949 ], [ 36.43949271873791, 45.112132022744035 ], [ 36.437284013174342, 45.270780148824301 ], [ 36.43732846872296, 45.27199852487032 ], [ 36.438438848074554, 45.27250198706443 ], [ 36.578395234342409, 45.327640611998881 ], [ 36.582765072093181, 45.329609084560971 ], [ 36.5869263637423, 45.331986902469623 ], [ 36.590840874732564, 45.334752217985603 ], [ 36.594472637963598, 45.337879622984879 ], [ 36.597788284262855, 45.341340382412227 ], [ 36.600757348986477, 45.345102698303101 ], [ 36.603352551932872, 45.349132001948 ], [ 36.605550047997234, 45.353391271514823 ], [ 36.607329646263835, 45.357841372210906 ], [ 36.608674995523124, 45.362441415859209 ], [ 36.609573734509055, 45.367149136584885 ], [ 36.610017605476166, 45.371921279160325 ], [ 36.610002530073004, 45.376713996440529 ], [ 36.609528646814574, 45.381483252237103 ], [ 36.608600309809674, 45.386185225929189 ], [ 36.607226048754683, 45.390776715093779 ], [ 36.605418490561469, 45.395215532455857 ], [ 36.603194243339487, 45.399460893511325 ], [ 36.600573743798016, 45.40347379126095 ], [ 36.595333865733402, 45.410714420418799 ], [ 36.592282671267839, 45.414524274913596 ], [ 36.588874536103106, 45.418018469189406 ], [ 36.585141939465956, 45.421163703883749 ], [ 36.58112045267228, 45.423930005188105 ], [ 36.576848400135624, 45.426291010495653 ], [ 36.572366494138919, 45.428224219634586 ], [ 36.56771744684999, 45.429711209292748 ], [ 36.562945563278411, 45.430737808590187 ], [ 36.297366742239177, 45.474435166929922 ], [ 36.292120099139908, 45.475016036869121 ], [ 36.286841455976592, 45.47504053282259 ], [ 36.281589647816944, 45.474508381761616 ], [ 36.276423210629254, 45.473425514972469 ], [ 36.271399728848081, 45.471804001947056 ], [ 35.98715906777668, 45.363176255746531 ], [ 35.98602154718013, 45.362804357956577 ], [ 35.98501208204091, 45.363447196355189 ], [ 35.869568948483618, 45.445186101372158 ], [ 35.865483370503519, 45.447791194987126 ], [ 35.861164816261613, 45.449988591044708 ], [ 35.856653842959403, 45.451757652954576 ], [ 35.851992814879708, 45.453081766776904 ], [ 35.847225505527376, 45.453948497250224 ], [ 35.842396686535523, 45.454349704575776 ], [ 35.837551707197889, 45.454281620861479 ], [ 35.83273606857626, 45.453744885507639 ], [ 35.827994996182468, 45.452744539202108 ], [ 35.823373015248258, 45.451289976581243 ], [ 35.818913532571756, 45.449394858001277 ], [ 35.814658428867517, 45.447076981248642 ], [ 35.810647665448698, 45.444358114394156 ], [ 35.806918908934968, 45.441263791360676 ], [ 35.803507177510852, 45.437823072124253 ], [ 35.71685002555931, 45.34151396150024 ], [ 35.715959394533847, 45.340620646948508 ], [ 35.714745319619091, 45.34027821941892 ], [ 35.51907479923652, 45.29576016198402 ], [ 35.517838361067078, 45.29554438877804 ], [ 35.516653662392699, 45.29595890834878 ], [ 35.33325494705182, 45.370813885704322 ], [ 35.332233698163876, 45.371285823951851 ], [ 35.331448452041059, 45.372088254224593 ], [ 34.958926569671206, 45.788703240887678 ], [ 34.958224176378224, 45.789563249427772 ], [ 34.957774932525822, 45.790578705476968 ], [ 34.811723073627491, 46.165134968279908 ], [ 34.811359508481409, 46.166217132601041 ], [ 34.812380214364701, 46.166728423841832 ], [ 35.100167480577269, 46.294108381211515 ], [ 35.104158680579104, 46.296092201544745 ], [ 35.10795735970391, 46.298423565410801 ], [ 35.111533333312209, 46.301083947586719 ], [ 35.114858186402209, 46.304052208441007 ], [ 35.184634928471866, 46.372171612538857 ], [ 35.188069889600307, 46.375882307127448 ], [ 35.191112502921776, 46.379920959930018 ], [ 35.193731650762949, 46.38424626649369 ], [ 35.195900546352625, 46.388813990675906 ], [ 35.197597007777667, 46.393577417060037 ], [ 35.198803684843732, 46.398487828727291 ], [ 35.199508236520664, 46.403495005498506 ], [ 35.199703457157732, 46.408547737550236 ], [ 35.199387350177858, 46.413594349152184 ], [ 35.198563148497186, 46.418583227169663 ], [ 35.197239281461137, 46.423463348925786 ], [ 35.195429288635069, 46.42818480402493 ], [ 35.167167561805663, 46.492042337455786 ], [ 35.16674589384332, 46.493135280418457 ], [ 35.167581782294668, 46.49395602318387 ], [ 35.1874012637889, 46.511614735051353 ], [ 35.188319168891582, 46.512354524919452 ], [ 35.189136256808631, 46.51150469778279 ], [ 35.322880602123888, 46.357875610813736 ], [ 35.326185318208232, 46.354427010518556 ], [ 35.32980401739087, 46.351309478061701 ], [ 35.333703676881555, 46.34855146278786 ], [ 35.337848709959495, 46.346178133232833 ], [ 35.342201290723452, 46.344211147445577 ], [ 35.346721699275641, 46.342668455345617 ], [ 35.351368684189538, 46.341564134919288 ], [ 35.356099838953753, 46.340908263749711 ], [ 35.360871988956752, 46.340706827052827 ], [ 35.365641585481001, 46.340961663058756 ], [ 35.370365103110956, 46.341670446236812 ], [ 35.374999436928512, 46.342826708517379 ], [ 35.379502295871085, 46.344419898316914 ], [ 35.383832588662798, 46.346435476827423 ], [ 35.387950798796929, 46.348855050691789 ], [ 35.391819345147617, 46.351656539854112 ], [ 35.395402924920042, 46.354814379053416 ], [ 35.490546966941864, 46.447093061253433 ], [ 35.491503752084903, 46.447930413866843 ], [ 35.492610793299576, 46.448555759337964 ], [ 35.900485056708696, 46.65216918114394 ], [ 35.901638712486452, 46.6526736115772 ], [ 35.902890586487679, 46.65280845667634 ], [ 36.188282103886394, 46.668945946389968 ], [ 36.189447906560467, 46.668956617181173 ], [ 36.190436403221355, 46.668338487670241 ], [ 36.244781681809826, 46.630665066745365 ], [ 36.248930739085431, 46.62807964288087 ], [ 36.253312448045492, 46.625911759252837 ], [ 36.257884921142313, 46.624182140042102 ], [ 36.262604447192295, 46.622907319780687 ], [ 36.267425909238945, 46.622099485287713 ], [ 36.272303215854649, 46.621766359167793 ], [ 36.277189741757965, 46.621911125985754 ], [ 36.28203877353441, 46.622532401823349 ], [ 36.286803956199748, 46.623624247509007 ], [ 36.291439736336827, 46.625176225394171 ], [ 36.295901797569691, 46.627173499133413 ], [ 36.300147484212097, 46.629596975514538 ], [ 36.304136209040351, 46.632423486982731 ], [ 36.307829841292467, 46.635626013113999 ], [ 36.399289681169265, 46.723114650518511 ], [ 36.400184227753684, 46.723891670096911 ], [ 36.401336513413085, 46.724167733090042 ], [ 36.69488738949309, 46.779753481128679 ], [ 36.696046985976295, 46.779916413015911 ], [ 36.697110897865016, 46.779427227676194 ], [ 36.76753595139219, 46.742895576604695 ], [ 36.772000090977301, 46.74085146270869 ], [ 36.776643192289328, 46.739255043571546 ], [ 36.781420482935218, 46.738121713107866 ], [ 36.786285896564017, 46.737462399771196 ], [ 36.79119251707445, 46.737283461173377 ], [ 36.796093031016454, 46.737586622779496 ], [ 36.800940183824245, 46.738368961269622 ], [ 36.805687235481585, 46.739622932727734 ], [ 36.810288411225358, 46.741336445386025 ], [ 36.814699342941438, 46.743492976223109 ], [ 36.818877496996528, 46.74607173029186 ], [ 36.822782584380548, 46.749047841240461 ], [ 36.826376949204565, 46.752392611093093 ], [ 36.829625931808174, 46.756073786978142 ], [ 36.832498202974897, 46.760055872135446 ], [ 36.834966066032834, 46.764300468203679 ], [ 36.853155541482153, 46.799451585567901 ], [ 36.853726558009079, 46.800439828399469 ], [ 36.854779163162178, 46.800881083608942 ], [ 37.225861489886164, 46.936559070787823 ], [ 37.22705734154264, 46.936928252281895 ], [ 37.228202213073281, 46.936422658237113 ], [ 37.305656158803863, 46.897375145839739 ], [ 37.310107813893879, 46.895396663630841 ], [ 37.31473087509525, 46.893860782769643 ], [ 37.31948145730626, 46.892782082835538 ], [ 37.324314464912888, 46.892170803549405 ], [ 37.329184019865693, 46.892032747571527 ], [ 37.33404389718406, 46.892369225418989 ], [ 37.338847963753771, 46.893177043025361 ], [ 37.343550616252521, 46.894448532060871 ], [ 37.348107214046259, 46.896171622725191 ], [ 37.352474502947146, 46.898329958321803 ], [ 37.356611025810388, 46.900903050526388 ], [ 37.3604775160724, 46.903866473875347 ], [ 37.579808149821908, 47.08961051345041 ], [ 37.580761755687909, 47.09034125846761 ], [ 37.581960377459758, 47.090422856726455 ], [ 38.070261617874657, 47.09977433955607 ], [ 38.071504701933044, 47.09973437634077 ], [ 38.072115046430461, 47.098650709127433 ], [ 38.082103056832381, 47.078574586026953 ], [ 38.084438413049298, 47.074395079115156 ], [ 38.087162809377105, 47.070458096598728 ], [ 38.0902512661891, 47.066799736145455 ], [ 38.093675465836547, 47.063453540774574 ], [ 38.09740401228941, 47.060450191305321 ], [ 38.10140271900238, 47.057817225048545 ], [ 38.105634922366725, 47.055578783320819 ], [ 38.110061817874076, 47.053755390095894 ], [ 38.114642815909725, 47.052363763823152 ], [ 38.119335913913467, 47.051416664138344 ], [ 38.124098081495397, 47.050922774872205 ], [ 38.128885654975896, 47.05088662442958 ], [ 38.133654737732016, 47.051308544269041 ], [ 38.138361602679808, 47.052184665863848 ], [ 38.142963093202113, 47.053506956171894 ], [ 38.147417018845836, 47.055263291289648 ], [ 38.151682542160565, 47.057437567614585 ], [ 38.155720553131729, 47.060009849496957 ], [ 38.223126709616288, 47.107633764499219 ], [ 38.224153971416065, 47.108286249362891 ], [ 38.225352939684655, 47.108494764094665 ], [ 38.414402974763135, 47.131861771785601 ], [ 38.419632612279308, 47.132792466840797 ], [ 38.424734004756438, 47.134272702170257 ], [ 38.42964957726312, 47.136285771659352 ], [ 38.434323852054554, 47.138808955562773 ], [ 38.438704074701107, 47.141813776922348 ], [ 38.552323784531247, 47.22898116686131 ], [ 38.553427419492358, 47.229736795363948 ], [ 38.554714292042874, 47.230101409680671 ], [ 38.809194933025829, 47.287556982543592 ], [ 38.809995103134746, 47.28769669669903 ], [ 38.80926778346506, 47.287335036158353 ], [ 38.733222919239687, 47.254079373139454 ], [ 38.728770812593083, 47.251862413188896 ], [ 38.724560981710859, 47.249214113931224 ], [ 38.72063508062157, 47.246160678873423 ], [ 38.717031954020079, 47.242732320124873 ], [ 38.713787252920071, 47.238962959464665 ], [ 38.710933081906269, 47.23488989270372 ], [ 38.708497681476757, 47.230553420662645 ], [ 38.706505148618284, 47.225996450416631 ], [ 38.704975198379493, 47.221264070752873 ], [ 38.703922968801002, 47.216403106041085 ], [ 38.703358871132622, 47.211461652931355 ], [ 38.703288486819545, 47.206488604463509 ], [ 38.703712512276958, 47.201533166296549 ], [ 38.704626751999406, 47.196644369844961 ], [ 38.706022160073019, 47.191870587139057 ], [ 38.707884929680056, 47.187259052209534 ], [ 38.710196629709955, 47.182855393731984 ], [ 38.712934387125358, 47.178703183555527 ], [ 38.716071113278588, 47.174843505582587 ], [ 38.719575771939354, 47.171314549265681 ], [ 38.723413686381669, 47.16815123174311 ], [ 38.727546882491545, 47.165384852352567 ], [ 38.731934464500583, 47.163042782940899 ], [ 38.73653301962775, 47.161148197034287 ], [ 38.74129704762565, 47.159719840548561 ], [ 38.74617941098122, 47.158771846308433 ], [ 38.751131801316198, 47.158313594210675 ], [ 38.756105217372777, 47.158349618415095 ], [ 38.836913376394016, 47.162960614948105 ], [ 38.842067814884601, 47.163524026526623 ], [ 38.847136188516302, 47.164618219146561 ], [ 38.852063990643266, 47.166231425567787 ], [ 38.856798226363225, 47.168346296936903 ], [ 39.087000731908525, 47.285860083495457 ], [ 39.088156498893667, 47.286377050965449 ], [ 39.089417103316208, 47.286259029022325 ], [ 39.262752613097639, 47.260992630852705 ], [ 39.26394657339312, 47.260756213925987 ], [ 39.264014926016301, 47.259540992929772 ], [ 39.2645884095352, 47.154358868009112 ], [ 39.264869807090818, 47.14932728494238 ], [ 39.265656258801492, 47.144349584022429 ], [ 39.266939775572141, 47.139476330751648 ], [ 39.268707318919468, 47.134757029610896 ], [ 39.270940933422118, 47.130239621172947 ], [ 39.273617929119148, 47.125969995102693 ], [ 39.276711112003831, 47.121991523991369 ], [ 39.280189060271375, 47.118344622760191 ], [ 39.284016443514389, 47.115066338109209 ], [ 39.288154381623407, 47.11218997218193 ], [ 39.292560839746876, 47.109744744268653 ], [ 39.297191055298121, 47.107755493985067 ], [ 39.301997992671893, 47.1062424289414 ], [ 39.30693282105107, 47.105220919465303 ], [ 39.311945410449901, 47.104701342463841 ], [ 39.316984840954689, 47.104688976010678 ], [ 39.321999919988905, 47.105183945729244 ], [ 39.387477214795759, 47.114999082877944 ], [ 39.388527714017272, 47.11510454121791 ], [ 39.387795675024933, 47.114343759390032 ], [ 39.280901874445796, 47.013575332984935 ], [ 39.28002036950452, 47.012819896652573 ], [ 39.278860869340114, 47.012877293363367 ], [ 39.08979649809222, 47.031242902729346 ], [ 39.085050847520662, 47.031477069644488 ], [ 39.080304397147515, 47.031259716598171 ], [ 39.075600009381823, 47.030592806378245 ], [ 39.070980166789873, 47.029482361459706 ], [ 39.066486588460108, 47.02793840961921 ], [ 39.062159853262479, 47.025974893380152 ], [ 38.804813224472767, 46.894100174718616 ], [ 38.803702171139818, 46.893598008720907 ], [ 38.802514532551683, 46.893322101523061 ], [ 38.486444419276083, 46.836064883351781 ], [ 38.481570632295934, 46.834927426834447 ], [ 38.476834971879711, 46.833308437248633 ], [ 38.47228488481155, 46.831224135320198 ], [ 38.467965958608261, 46.828695403759262 ], [ 38.463921464776078, 46.825747578035411 ], [ 38.460191925271587, 46.82241019254058 ], [ 38.456814706510485, 46.818716684682677 ], [ 38.453823644991893, 46.814704059874806 ], [ 38.451248708289015, 46.810412520776431 ], [ 38.449115694802735, 46.805885064501204 ], [ 38.447445975286335, 46.801167051827072 ], [ 38.446256278731035, 46.79630575272467 ], [ 38.445558524757459, 46.791349872757486 ], [ 38.445359704192491, 46.786349065098754 ], [ 38.445661809027882, 46.781353433054143 ], [ 38.446461812462367, 46.776413028074636 ], [ 38.447751699227339, 46.771577348288886 ], [ 38.449518545892168, 46.766894842579362 ], [ 38.451744650344601, 46.762412425170915 ], [ 38.454407709148981, 46.758175005595142 ], [ 38.457481041005316, 46.754225038739889 ], [ 38.460933854070383, 46.750602099491921 ], [ 38.464731554462489, 46.747342486234416 ], [ 38.468836092859085, 46.74447885717192 ], [ 38.471549607053788, 46.742781041366882 ], [ 38.590633537155554, 46.659950484778129 ], [ 38.59141209467009, 46.659349972747769 ], [ 38.590443946091412, 46.659521596847867 ], [ 38.286883143035361, 46.728905821063982 ], [ 38.281940863227689, 46.729777119120364 ], [ 38.276936136069601, 46.730148597347814 ], [ 38.271919379763034, 46.730016513431586 ], [ 38.266941133692967, 46.729382198000373 ], [ 38.262051549287797, 46.72825204122141 ], [ 38.257299884787997, 46.726637428425178 ], [ 37.98340073085155, 46.617947899526975 ], [ 37.982264501453656, 46.617559851900282 ], [ 37.981078700921479, 46.617748200787418 ], [ 37.864241309498368, 46.642185396793806 ], [ 37.859425705332598, 46.642949720596491 ], [ 37.854558552212993, 46.643241362272306 ], [ 37.849686135275121, 46.643057548398239 ], [ 37.844854789711846, 46.642400026987936 ], [ 37.840110460139847, 46.641275050868636 ], [ 37.835498263680364, 46.639693318218704 ], [ 37.831062060909204, 46.637669870831218 ], [ 37.826844038756107, 46.63522395107114 ], [ 37.822884309319946, 46.632378818886309 ], [ 37.819220528414959, 46.629161530612457 ], [ 37.815887537475504, 46.625602681675758 ], [ 37.812917032224654, 46.621736115639671 ], [ 37.810337261257608, 46.617598602363039 ], [ 37.808172757406183, 46.613229488329971 ], [ 37.806444104439123, 46.608670322476854 ], [ 37.805167741316723, 46.603964461074675 ], [ 37.804355805861384, 46.59915665542416 ], [ 37.804016019330625, 46.59429262628462 ], [ 37.804151612990289, 46.589418629083532 ], [ 37.804761297386207, 46.584581014041575 ], [ 37.805839274606484, 46.579825785396253 ], [ 37.807375293417898, 46.575198163915651 ], [ 37.809354746751971, 46.570742156862806 ], [ 37.811758810613718, 46.566500139500114 ], [ 37.814564623092075, 46.562512452113538 ], [ 37.949993524621505, 46.388707440936848 ], [ 37.953250917330365, 46.384931598265482 ], [ 37.956868223867268, 46.381499006160858 ], [ 37.960809462746447, 46.378443808747278 ], [ 37.965035430314771, 46.375796396189678 ], [ 37.969504090712014, 46.373583102401518 ], [ 37.974170994003167, 46.371825943100333 ], [ 37.978989718323575, 46.370542396816568 ], [ 37.983912331639047, 46.369745231033953 ], [ 37.988889868527608, 46.369442375190857 ], [ 37.993872817240394, 46.369636841805885 ], [ 37.998811612196945, 46.370326696512208 ], [ 38.00365712701587, 46.371505077298814 ], [ 38.086521502161723, 46.39609279850648 ], [ 38.087648797060218, 46.396369950868824 ], [ 38.088658010449805, 46.395796282363342 ], [ 38.57496802315957, 46.088013340596724 ], [ 38.575896766280032, 46.087358635570936 ], [ 38.574867238966704, 46.086877723972187 ], [ 38.446948860946101, 46.034711010240734 ], [ 38.445808662866341, 46.034310120716583 ], [ 38.44463804266681, 46.034610807297717 ], [ 38.210817118693491, 46.10708162026139 ], [ 38.206061664026009, 46.108303154828448 ], [ 38.201209330791521, 46.109052393091233 ], [ 38.196306908090307, 46.109322110446151 ], [ 38.191401668015246, 46.109109706117074 ], [ 38.186540909826043, 46.108417228233641 ], [ 38.181771503861427, 46.107251354081917 ], [ 38.177139439587329, 46.105623325718035 ], [ 38.172689382138927, 46.103548841565569 ], [ 38.168464241632677, 46.101047905041902 ], [ 38.164504759401318, 46.098144631673357 ], [ 38.160849115141552, 46.09486701655883 ], [ 38.157532558762561, 46.091246664424304 ], [ 38.154587070485313, 46.087318484871183 ], [ 38.152041052470103, 46.083120355757018 ], [ 38.149919054945968, 46.078692757954542 ], [ 38.040030156359116, 45.817182346058644 ], [ 38.039601958011659, 45.816287232902098 ], [ 38.039520455195316, 45.817276140723251 ], [ 38.033975503045824, 45.98107530448641 ], [ 38.03356776282093, 45.985975029546324 ], [ 38.032680770836926, 45.990811019928245 ], [ 38.031323103794598, 45.995536514395063 ], [ 38.029507889550999, 46.000105820141407 ], [ 38.027252680180673, 46.004474754616737 ], [ 38.024579282257207, 46.008601072745108 ], [ 38.021513545996243, 46.012444875410694 ], [ 38.018085115298803, 46.015968995259193 ], [ 38.014327141111877, 46.019139356084729 ], [ 38.010275960877877, 46.021925302327105 ], [ 38.005970747172547, 46.02429989549335 ], [ 38.001453128928752, 46.026240174637465 ], [ 37.996766788908701, 46.027727378379453 ], [ 37.991957041316844, 46.028747126317107 ], [ 37.987070393637659, 46.029289558076158 ], [ 37.982154096935098, 46.029349428654413 ], [ 37.977255688962074, 46.028926159137939 ], [ 37.972422534497809, 46.028023842298758 ], [ 37.964954243969551, 46.026245585931633 ], [ 37.960419541264727, 46.024936847990567 ], [ 37.956028443288552, 46.023206361878778 ], [ 37.951820077048843, 46.021069547143711 ], [ 37.947831941316906, 46.018545443936006 ], [ 37.944099572493627, 46.015656543351611 ], [ 37.940656227961313, 46.012428587024253 ], [ 37.937532589742823, 46.008890337753854 ], [ 37.93475649110848, 46.005073323214731 ], [ 37.932352668566921, 46.001011555027326 ], [ 37.930342541449683, 45.996741225696695 ], [ 37.829916531938885, 45.754315793866148 ], [ 37.829389454009942, 45.753204211941863 ], [ 37.828326526744824, 45.752584848440648 ], [ 37.719741495354697, 45.696390192080138 ], [ 37.715432530795191, 45.693880229723604 ], [ 37.711395013205603, 45.690953535629582 ], [ 37.707669103105758, 45.687639221140259 ], [ 37.704291861507315, 45.68397025319382 ], [ 37.701296881273997, 45.679983126407741 ], [ 37.698713952978949, 45.675717500072857 ], [ 37.696568768582807, 45.671215803668964 ], [ 37.694882665880037, 45.666522814825811 ], [ 37.693672416255424, 45.661685213927392 ], [ 37.692950057861857, 45.656751119789917 ], [ 37.692722775878821, 45.651769611031874 ], [ 37.692992831042631, 45.646790237897157 ], [ 37.693757537159215, 45.641862529386955 ], [ 37.695009287823289, 45.637035500602991 ], [ 37.696735632077981, 45.632357165202386 ], [ 37.698919398262454, 45.627874057813777 ], [ 37.701538864815582, 45.623630771165047 ], [ 37.702801177582188, 45.621797265081959 ], [ 37.702077915370367, 45.621480330219796 ], [ 37.699113534534803, 45.620350381880002 ], [ 37.694729958282423, 45.618166740835392 ], [ 37.690581033607067, 45.615564731417578 ], [ 37.68670656368058, 45.61256931629427 ], [ 37.683143718662556, 45.609209232314704 ], [ 37.679926679104248, 45.605516714819487 ], [ 37.677086308033644, 45.601527188387259 ], [ 37.67464985486756, 45.597278926985034 ], [ 37.672640693991333, 45.592812686782622 ], [ 37.671078100514016, 45.588171315153801 ], [ 37.669977065350523, 45.583399339615212 ], [ 37.669348151404535, 45.57854254064668 ], [ 37.669197392232192, 45.573647512491078 ], [ 37.669526234158418, 45.568761216147244 ], [ 37.670331522401518, 45.563930528844416 ], [ 37.671605531338862, 45.55920179432028 ], [ 37.673336038623539, 45.554620378217173 ], [ 37.675506442440813, 45.550230232861701 ], [ 37.678095920779469, 45.546073475603237 ], [ 37.743719617189569, 45.451400421368099 ], [ 37.744338956306265, 45.450409661479661 ], [ 37.744326584069761, 45.449241315201412 ], [ 37.736085603302698, 45.307384442213362 ], [ 37.73595639373238, 45.306192080531126 ], [ 37.734773354147933, 45.305995004820481 ], [ 37.592260077398656, 45.289511155766711 ], [ 37.591097219711529, 45.289432606262423 ], [ 37.590277949193748, 45.290261583851979 ], [ 37.536656461147601, 45.349962605046478 ], [ 37.533288791996711, 45.3533687464843 ], [ 37.529610649767513, 45.356437013869325 ], [ 37.52565578949951, 45.359139249104253 ], [ 37.521460505728463, 45.36145065324127 ], [ 37.517063299404199, 45.363350014066967 ], [ 37.51250452455983, 45.364819900770954 ], [ 37.507826017974729, 45.365846823911909 ], [ 37.503070715230187, 45.36642135921285 ], [ 37.498282256681044, 45.366538234049543 ], [ 37.493504586959538, 45.366196375838484 ], [ 37.35444334337415, 45.349520332618447 ], [ 37.349633299701246, 45.348703780261616 ], [ 37.344925737002143, 45.347422323543356 ], [ 37.340365477446092, 45.345688163611825 ], [ 37.335995940683262, 45.343517811943322 ], [ 37.331858730432771, 45.340931933131387 ], [ 37.32799323836074, 45.337955148132806 ], [ 37.324436269019941, 45.334615799843796 ], [ 37.321221689422245, 45.330945683238454 ], [ 37.318380106580221, 45.326979742638969 ], [ 37.315938576088293, 45.322755738999803 ], [ 37.313920344517953, 45.318313890373929 ], [ 37.312344628079977, 45.313696488984206 ], [ 37.311226429660863, 45.308947498545997 ], [ 37.31057639597568, 45.304112135674934 ], [ 37.310400716197421, 45.299236439365458 ], [ 37.310701063027906, 45.294366832639227 ], [ 37.311474576771516, 45.289549680537085 ], [ 37.31271389256321, 45.284830848663077 ], [ 37.314407210491716, 45.280255266483756 ], [ 37.316538407950155, 45.275866499540768 ], [ 37.319080533621992, 45.271717204420725 ], [ 37.317954430057164, 45.271506878208342 ], [ 37.079602210795883, 45.239125130952928 ], [ 37.078489473284712, 45.23902954355421 ], [ 37.079038930805986, 45.240001869709225 ], [ 37.105859255400276, 45.28243162330881 ], [ 37.108311256645507, 45.286776529439095 ], [ 37.110318053256329, 45.291344164138849 ], [ 37.111859665148771, 45.296089051088053 ], [ 37.11292074371454, 45.300963949206462 ], [ 37.113490724635007, 45.305920322995632 ], [ 37.113563933061698, 45.310908825768394 ], [ 37.113139640116316, 45.315879790954767 ], [ 37.112222070147567, 45.320783726592609 ], [ 37.110820358672697, 45.325571808079886 ], [ 37.108948461422358, 45.330196364282571 ], [ 37.106625015394471, 45.334611352158333 ], [ 37.103873153300398, 45.338772815170643 ], [ 37.100720273250865, 45.342639320929187 ], [ 37.097197765974663, 45.346172373699346 ], [ 37.093340702286056, 45.349336797673736 ], [ 37.089187483912454, 45.35210108718983 ], [ 37.084779461158838, 45.354437720406921 ], [ 37.080160521215532, 45.356323433319254 ], [ 36.914017257166002, 45.41466347882826 ], [ 36.909390581115296, 45.416041114090348 ], [ 36.904652615602302, 45.416966150841589 ], [ 36.899847526065656, 45.417429966255625 ], [ 36.895020103647575, 45.417428236828812 ], [ 36.890215347668558, 45.416960978682177 ], [ 36.885478046161531, 45.416032547411163 ], [ 36.880852358375535, 45.414651597484493 ], [ 36.876381403140691, 45.41283100157063 ], [ 36.872106856931559, 45.410587730543874 ], [ 36.868068565375502, 45.407942695288575 ], [ 36.864304171827563, 45.404920551776151 ], [ 36.860848766473971, 45.401549471231888 ], [ 36.857734559235375, 45.397860877533937 ], [ 36.854990579518663, 45.393889154292346 ], [ 36.852642405616351, 45.389671324338686 ], [ 36.850711926275864, 45.385246704613849 ], [ 36.849217136661281, 45.380656539671101 ], [ 36.848171970609584, 45.375943617210687 ], [ 36.847586170744897, 45.371151869229834 ], [ 36.847514244300029, 45.368282550663238 ], [ 36.847443140257731, 45.367356967553768 ], [ 36.846819650746824, 45.366397333350562 ], [ 36.845263812945383, 45.364246449 ], [ 36.842759648525828, 45.359938228039965 ], [ 36.840696755863028, 45.355402141495105 ], [ 36.839095624933172, 45.350683244693293 ], [ 36.837972159198038, 45.345828408751402 ], [ 36.8373375176416, 45.340885855021241 ], [ 36.837198003931817, 45.33590467612408 ], [ 36.837555003808554, 45.330934348331198 ], [ 36.838404971319505, 45.326024240133712 ], [ 36.839739464040896, 45.321223121883008 ], [ 36.841545226933071, 45.316578681372256 ], [ 36.843804323998022, 45.312137050170563 ], [ 36.846494316431311, 45.307942345414617 ], [ 36.84958848549865, 45.304036231608876 ], [ 36.853056097923591, 45.300457506786948 ], [ 36.856862711150157, 45.297241717144573 ], [ 36.860970515448464, 45.294420803971938 ], [ 36.865338709465263, 45.292022786392288 ], [ 36.869923905489209, 45.290071483057936 ], [ 36.874680560405523, 45.288586275568107 ], [ 36.879561428059453, 45.287581915958455 ], [ 36.884518028535496, 45.28706838017434 ], [ 36.96044877017345, 45.283010875710389 ], [ 36.961358893073061, 45.282917060424438 ], [ 36.960478661873921, 45.282667424616974 ], [ 36.751243233324971, 45.234334616704182 ], [ 36.746444286919917, 45.232970615002834 ], [ 36.741805161373762, 45.231135158273055 ], [ 36.737372044539036, 45.228846520606339 ], [ 36.733189073213609, 45.226127488033796 ], [ 36.729297893707923, 45.223005131664898 ], [ 36.725737247207867, 45.219510538163291 ], [ 36.722542584061522, 45.215678500243165 ], [ 36.719745710830018, 45.211547170267629 ], [ 36.717374473616466, 45.207157680397842 ], [ 36.715452480825867, 45.202553733074865 ], [ 36.71399886811615, 45.19778116591138 ], [ 36.713028107880604, 45.192887495325309 ], [ 36.712549865158515, 45.187921443459025 ], [ 36.712568901408488, 45.182932453094125 ], [ 36.713085027102686, 45.17797019539146 ], [ 36.714093103613735, 45.173084075357345 ], [ 36.715583094375752, 45.168322739959692 ], [ 36.717540164809918, 45.163733593791221 ], [ 36.719944830019841, 45.159362327102031 ], [ 36.722773148786224, 45.155252460900364 ], [ 36.72599696192934, 45.151444913650735 ], [ 36.729584172666165, 45.147977593883326 ], [ 36.733499066170971, 45.144885022770822 ], [ 36.73770266515762, 45.14219799043024 ], [ 36.742153117943481, 45.139943249371782 ], [ 36.746806115131257, 45.138143248146669 ], [ 37.190689728187287, 44.991435952226553 ], [ 37.191868752782405, 44.99097811207043 ], [ 37.192767974343859, 44.990088664383372 ], [ 37.465951500275459, 44.690704671742459 ], [ 37.469508512740262, 44.687178670350612 ], [ 37.473400435594264, 44.684026217339301 ], [ 37.477588217246996, 44.68127894445167 ], [ 37.482029837457986, 44.67896441784967 ], [ 37.486680728968317, 44.677105861514988 ], [ 37.491494224688864, 44.675721924219339 ], [ 37.496422025958353, 44.674826492402559 ], [ 37.743542359050856, 44.642608351176392 ], [ 37.748528463782343, 44.642210603061322 ], [ 37.753529359068636, 44.642313025187107 ], [ 37.758494997062009, 44.642914592535909 ], [ 37.763375682761868, 44.644009284755484 ], [ 37.76812257135127, 44.645586146409585 ], [ 37.772688157025009, 44.647629396617489 ], [ 37.777026748417128, 44.650118586985585 ], [ 37.781094925869951, 44.653028806250305 ], [ 37.784851975968365, 44.65633092958452 ], [ 37.788260298990615, 44.659991910072364 ], [ 37.791285785197971, 44.66397510943537 ], [ 37.793898156197386, 44.668240664700257 ], [ 37.79607126796094, 44.67274588713866 ], [ 37.797783372469432, 44.677445689486454 ], [ 37.799017335361754, 44.682293037167071 ], [ 37.79976080741173, 44.687239419003042 ], [ 37.80000634811644, 44.692235332705131 ], [ 37.799979210091415, 44.721368077257729 ], [ 37.800033240855782, 44.722483529817382 ], [ 37.800923478837277, 44.721809267203376 ], [ 38.1675113748596, 44.414568807929832 ], [ 38.171679029586883, 44.411430959751115 ], [ 38.176150946737543, 44.408744438931137 ], [ 38.180878444239568, 44.406538491405271 ], [ 38.18581005772856, 44.404837131503989 ], [ 38.190892100797804, 44.40365888052866 ], [ 38.593949404886857, 44.332133501409146 ], [ 38.595049242923047, 44.331886576282102 ], [ 38.596082314490218, 44.33144724198722 ], [ 38.977082692829583, 44.148835677385016 ], [ 38.978244883955753, 44.148200563584638 ], [ 38.979333069719317, 44.147445640080605 ], [ 39.922715433144646, 43.415727330235875 ], [ 39.923569359534305, 43.414996125836588 ], [ 39.922580843377936, 43.414460695204959 ], [ 39.592289098262896, 43.255731929170764 ], [ 39.591290100627575, 43.255304367542763 ], [ 39.590257673898343, 43.254965398119012 ], [ 37.48346143648088, 42.663602414165872 ], [ 37.4781998737515, 42.661804413190531 ], [ 37.473170484101018, 42.659433318589684 ], [ 37.468435464683331, 42.65651845307363 ], [ 36.805111505510517, 42.195431047123193 ], [ 36.804206748333471, 42.194858131334747 ], [ 36.803220887611133, 42.194450140909247 ], [ 35.740301258036034, 41.806752523964207 ], [ 35.738997154756724, 41.806356250447301 ], [ 35.737657555689893, 41.806104869455382 ], [ 35.262616807704504, 41.743639458666422 ], [ 35.261449375976596, 41.743542595514391 ], [ 35.260617039229196, 41.744366910289429 ], [ 35.092956813407234, 41.927147865358762 ], [ 35.092216201462364, 41.928038770526484 ], [ 35.093098782696046, 41.928789282642931 ], [ 35.137256400943464, 41.962775601269229 ], [ 35.140921006137098, 41.965887785462783 ], [ 35.144269760203628, 41.969337548915789 ], [ 35.147271700533913, 41.973092995085445 ], [ 35.149899071161634, 41.977119401083897 ], [ 35.152127579395184, 41.981379538726365 ], [ 35.153936620428105, 41.985834018743269 ], [ 35.155309467851318, 41.990441654973743 ], [ 35.156233428305647, 41.995159845173241 ], [ 35.156699958844712, 41.999944964914263 ], [ 35.156704745923108, 42.004752770938182 ], [ 35.156247745279472, 42.009538810228818 ], [ 35.155333182345707, 42.01425883102538 ], [ 35.153969513178637, 42.018869191974652 ], [ 35.152169346275208, 42.023327265639317 ], [ 35.149949325994214, 42.027591832631607 ], [ 35.147329978662427, 42.031623462728142 ], [ 35.144335522787991, 42.03538487944207 ], [ 35.140993645135886, 42.038841304681853 ], [ 35.137335244735873, 42.041960780309729 ], [ 35.133394147189769, 42.044714463627017 ], [ 35.129206791919657, 42.047076894053859 ], [ 35.124811895248691, 42.049026228538061 ], [ 35.120250092429593, 42.050544443516074 ], [ 34.96887322269842, 42.092958442347033 ], [ 34.963906806933835, 42.094080740647321 ], [ 34.958852003245653, 42.094692131435153 ], [ 34.953761229622621, 42.094786274627438 ], [ 34.948687277059427, 42.094362193965331 ], [ 34.943682762117419, 42.093424287137978 ], [ 34.938799581294305, 42.091982280178804 ], [ 34.934088372860785, 42.090051126607115 ], [ 34.929597991744949, 42.087650852361101 ], [ 34.69525045642817, 41.946591662141664 ], [ 34.694168400839025, 41.946011663969522 ], [ 34.692940723937852, 41.946018847567757 ], [ 32.093806553525035, 42.090785995839681 ], [ 32.089033506815802, 42.090823658983993 ], [ 32.084278617974064, 42.090406016189625 ], [ 32.079585220001043, 42.08953687358462 ], [ 32.07499608550971, 42.088224151976128 ], [ 32.070553036922647, 42.086479814665282 ], [ 32.066296565329409, 42.084319758421358 ], [ 31.06530046323039, 41.514690697395295 ], [ 31.064179405979164, 41.514125698681646 ], [ 31.062967750911493, 41.51379724030695 ], [ 29.918197892349596, 41.26477628683886 ], [ 29.916817694222136, 41.264556330480154 ], [ 29.915421540062528, 41.264492445950239 ], [ 28.885424989664283, 41.275235693849005 ], [ 28.884347556786132, 41.275293792864147 ], [ 28.88332148877646, 41.275627591519566 ], [ 28.233935312881801, 41.518547945837661 ], [ 28.232794898519455, 41.519041207128573 ], [ 28.231938524896393, 41.519941471443552 ], [ 27.972827319412858, 41.82130785953315 ], [ 27.972096535518087, 41.822248744766462 ], [ 27.972894059039948, 41.823133768130695 ], [ 28.025958973498458, 41.876430406512789 ], [ 28.029180467601719, 41.879992935271602 ], [ 28.032045270299317, 41.883848131883781 ], [ 28.034526945609741, 41.88796042115721 ], [ 28.036602592995145, 41.892291855486178 ], [ 28.038253058684155, 41.896802465026376 ], [ 28.039463112420087, 41.901450626530767 ], [ 28.040221588003533, 41.906193447442845 ], [ 28.040521486332416, 41.910987161702899 ], [ 28.040360039988698, 41.915787533614825 ], [ 28.039738738775696, 41.920550266046675 ], [ 28.038663315970389, 41.925231409198148 ], [ 28.011016877024989, 42.023643631165292 ], [ 28.009498371363794, 42.028197113121301 ], [ 28.007550232053077, 42.032584003887301 ], [ 28.005190413189435, 42.036763873777332 ], [ 28.002440662917664, 42.040698201014571 ], [ 27.999326322999366, 42.044350726748917 ], [ 27.995876095262691, 42.047687789219395 ], [ 27.75683806696486, 42.257640017477399 ], [ 27.755928817738099, 42.258525640166098 ], [ 27.755574039730536, 42.259744325633427 ], [ 27.726455590910533, 42.383128128631249 ], [ 27.725132011317651, 42.387735907588961 ], [ 27.723373219846721, 42.39219574418054 ], [ 27.721195385764123, 42.396466637362352 ], [ 27.718618530760871, 42.400509323122343 ], [ 27.715666344885307, 42.404286635449637 ], [ 27.71236596875109, 42.407763848016408 ], [ 27.708747744022784, 42.410908993430738 ], [ 27.704844934472934, 42.413693157125536 ], [ 27.700693420175032, 42.416090743181577 ], [ 27.696331367643786, 42.418079709640935 ], [ 27.691798878955247, 42.419641771147425 ], [ 27.687137623072545, 42.420762567051142 ], [ 27.454587928899549, 42.465006856838947 ], [ 27.453473510510619, 42.465276261918746 ] ], [ [ 31.727525228134805, 46.476193823866886 ], [ 31.73057199580769, 46.479994452252448 ], [ 31.733234480076003, 46.484073514264558 ], [ 31.735487411227659, 46.488392295412474 ], [ 31.737309406630583, 46.492909806024457 ], [ 31.738683173675838, 46.497583170281928 ], [ 31.739595673902279, 46.502368033155037 ], [ 31.74003824674493, 46.507218981377456 ], [ 31.74000669173266, 46.512089974464999 ], [ 31.739501308354967, 46.516934781687084 ], [ 31.738526893219515, 46.521707420843931 ], [ 31.737092694527394, 46.526362594684855 ], [ 31.735212324298189, 46.530856120825739 ], [ 31.732903629177933, 46.535145351085276 ], [ 31.730188521056078, 46.539189576260057 ], [ 31.727092769099155, 46.542950412496701 ], [ 31.7236457551749, 46.546392165594135 ], [ 31.719880194988125, 46.54948216977818 ], [ 31.715831827575062, 46.552191097733392 ], [ 31.711539076103172, 46.554493238949355 ], [ 31.707042683195809, 46.556366743739922 ], [ 31.70238532424283, 46.557793830619119 ], [ 31.697611202367305, 46.558760955065772 ], [ 31.676006871282198, 46.562051357245643 ], [ 31.671095362852299, 46.562552839448735 ], [ 31.666158341030023, 46.562567501760732 ], [ 31.661243940592186, 46.562095201227613 ], [ 31.656400075762534, 46.561140542666124 ], [ 31.65167397305957, 46.559712833767911 ], [ 31.647111710849359, 46.557825994351774 ], [ 31.642757770092519, 46.555498420648767 ], [ 31.638654600665536, 46.552752805943378 ], [ 31.63484220748467, 46.549615919319429 ], [ 31.631357760467637, 46.546118344667981 ], [ 31.628235232135822, 46.542294182501699 ], [ 31.625505066390382, 46.53818071748308 ], [ 31.623193881691495, 46.533818054907925 ], [ 31.621324211534798, 46.529248729688362 ], [ 31.619914284755183, 46.524517291647648 ], [ 31.618977847800068, 46.519669871170109 ], [ 31.618524030704812, 46.514753729440962 ], [ 31.618557258077086, 46.509816797661131 ], [ 31.619077205957986, 46.504907209729524 ], [ 31.620078804980579, 46.500072832949115 ], [ 31.621552289794991, 46.495360801332218 ], [ 31.623483294278241, 46.490817056055171 ], [ 31.625852991600475, 46.486485897542948 ], [ 31.628638277782049, 46.482409553550632 ], [ 31.631811996951761, 46.47862776745292 ], [ 31.635343206110086, 46.475177410755833 ], [ 31.64909190062642, 46.463010757763925 ], [ 31.652921483555961, 46.45994331818396 ], [ 31.657033279591218, 46.457266001550572 ], [ 31.661387692315664, 46.45500459030621 ], [ 31.665942788924632, 46.453180861742545 ], [ 31.670654704036394, 46.451812378286128 ], [ 31.675478062113886, 46.450912318372971 ], [ 31.68036641442913, 46.450489349540788 ], [ 31.685272686362488, 46.450547544960997 ], [ 31.690149630729163, 46.451086344214239 ], [ 31.694950282767564, 46.452100558687192 ], [ 31.699628412407886, 46.453580421538717 ], [ 31.704138969465674, 46.455511681754068 ], [ 31.708438517473141, 46.457875741381585 ], [ 31.712485651970447, 46.460649834630139 ], [ 31.716241399228853, 46.463807247102707 ], [ 31.719669591566031, 46.467317573054849 ], [ 31.727525228134805, 46.476193823866886 ] ] ], [ [ [ 31.888723426598972, 35.57591423291219 ], [ 31.888845760431071, 35.577183691426221 ], [ 32.031464131694115, 36.537648321778171 ], [ 32.031680604890553, 36.53873703174569 ], [ 32.032473281471226, 36.537959977129439 ], [ 32.356947787721033, 36.187197909857943 ], [ 32.360467652299967, 36.183750358763689 ], [ 32.364309735080155, 36.180665969827167 ], [ 32.36843672935295, 36.177974692533041 ], [ 32.372808561912841, 36.175702659243271 ], [ 32.377382782169136, 36.173871931451266 ], [ 32.788237560436642, 36.032495161638948 ], [ 32.793306599375626, 36.031044867640503 ], [ 32.798500174704181, 36.030136416346551 ], [ 32.80376053696326, 36.029779909193493 ], [ 32.809029194062973, 36.029979310328159 ], [ 32.814247561679771, 36.030732402528912 ], [ 32.819357614679141, 36.032030811859777 ], [ 33.155615690001575, 36.136627218245287 ], [ 33.156921898045411, 36.136956989733527 ], [ 33.158268476801972, 36.13699766332175 ], [ 33.53611457618068, 36.127897622865092 ], [ 33.541316257171971, 36.128043210981282 ], [ 33.546474635769869, 36.128728638786043 ], [ 33.551533839138877, 36.129946482087021 ], [ 33.556439068657276, 36.131683549848091 ], [ 33.561137193466855, 36.133921027067721 ], [ 33.565577325958344, 36.136634678573131 ], [ 33.646237663485238, 36.191894267580182 ], [ 33.647214688068615, 36.1924968798103 ], [ 33.647940105899039, 36.19160722397347 ], [ 33.654218417101845, 36.183105344248382 ], [ 33.657396959573575, 36.179224654862622 ], [ 33.660948346721874, 36.175681981906187 ], [ 33.664836833291929, 36.172512982924196 ], [ 33.669023281071709, 36.169749554376082 ], [ 33.673465552824027, 36.167419510592815 ], [ 33.678118936404282, 36.165546303821444 ], [ 33.682936594795059, 36.164148788174607 ], [ 33.687870037527823, 36.163241029861034 ], [ 33.692869608746953, 36.162832165606972 ], [ 33.697884987003476, 36.162926310693685 ], [ 33.70286569174818, 36.163522517536464 ], [ 33.70776159142607, 36.164614785222263 ], [ 33.712523408058082, 36.166192119909766 ], [ 33.717103213231553, 36.168238645484102 ], [ 33.721454910506964, 36.170733763352366 ], [ 33.725534699385683, 36.173652359771609 ], [ 33.729301516168675, 36.176965058622507 ], [ 33.870246209470999, 36.314052119985 ], [ 33.871100996467902, 36.314807361902616 ], [ 33.871888807753301, 36.313982495523987 ], [ 33.920828820484296, 36.257565536612347 ], [ 33.924132825176798, 36.25410599334927 ], [ 33.927752324860933, 36.250978037365925 ], [ 33.931654186800785, 36.248210301829502 ], [ 33.935802693529133, 36.245828122465547 ], [ 33.940159869803573, 36.243853305635902 ], [ 33.944685830230135, 36.242303928724247 ], [ 33.949339144372381, 36.241194174656549 ], [ 33.954077216003732, 36.24053420207121 ], [ 33.958856673031399, 36.24033005232733 ], [ 33.963633764522541, 36.240583594202405 ], [ 33.968364761198359, 36.241292506785612 ], [ 33.973006355729872, 36.242450300723327 ], [ 33.977516059171293, 36.244046377622354 ], [ 33.981852589901891, 36.246066127067174 ], [ 33.985976251516057, 36.248491060362966 ], [ 33.989849296202429, 36.251298979780358 ], [ 33.993436270285642, 36.254464181752361 ], [ 33.996704338767636, 36.257957692163707 ], [ 34.275470463035319, 36.58610503909216 ], [ 34.276248715296028, 36.586940090269017 ], [ 34.277225049696781, 36.587531493842704 ], [ 34.691790692081298, 36.813275441282599 ], [ 34.692885151632012, 36.813802714153738 ], [ 34.694028028995362, 36.81339078003171 ], [ 35.331424820925982, 36.547186687804796 ], [ 35.336234961105674, 36.545460791338414 ], [ 35.34119614665984, 36.544234901841712 ], [ 35.346256550727979, 36.543521825528686 ], [ 35.351363309966665, 36.543329011527419 ], [ 35.356463076784728, 36.543658474062987 ], [ 35.361502576637093, 36.544506771415925 ], [ 35.569939032688225, 36.590656191887405 ], [ 35.574645407988598, 36.59194201695577 ], [ 35.579204059924052, 36.593680409059331 ], [ 35.583571584084169, 36.595854816400461 ], [ 35.58770639584835, 36.598444535738366 ], [ 35.591569126326554, 36.601424909511422 ], [ 35.595122997203291, 36.604767560609858 ], [ 35.59833417091599, 36.60844066256341 ], [ 35.60117207283345, 36.61240924257158 ], [ 35.603609682366823, 36.616635514491037 ], [ 35.605623790241509, 36.621079238609781 ], [ 35.607195219480168, 36.625698104782579 ], [ 35.608309007993007, 36.630448135279643 ], [ 35.608954551036689, 36.635284103512902 ], [ 35.609125702185551, 36.640159964653115 ], [ 35.608820831853748, 36.645029294037649 ], [ 35.608042842811045, 36.64984572919488 ], [ 35.606799142544602, 36.654563411276328 ], [ 35.605101572729893, 36.659137421693735 ], [ 35.602966296482244, 36.663524209803569 ], [ 35.600413644462542, 36.667682007566889 ], [ 35.597467921302403, 36.671571227236463 ], [ 35.594157174191835, 36.675154838284584 ], [ 35.590512925832819, 36.678398719982823 ], [ 35.586569874301382, 36.68127198627657 ], [ 35.582365562675918, 36.683747279861258 ], [ 35.580861808091264, 36.684445124513068 ], [ 35.579517391593171, 36.685154099947965 ], [ 35.579988678333073, 36.686242811158728 ], [ 35.606180333789524, 36.739329777640812 ], [ 35.606736320115594, 36.740334784033223 ], [ 35.607857212165868, 36.740585302805606 ], [ 35.793091299060521, 36.772936792688121 ], [ 35.797878259640818, 36.77401731516418 ], [ 35.802536240581347, 36.775561897300641 ], [ 35.807020371513666, 36.777555660125159 ], [ 35.811287456767879, 36.779979397704174 ], [ 35.81529639147687, 36.782809762153782 ], [ 35.984074072807779, 36.914841781695266 ], [ 35.985042025971715, 36.91552548703897 ], [ 35.986103757840425, 36.914999072977963 ], [ 36.187922696590192, 36.802331596214344 ], [ 36.188918903260991, 36.801710652826593 ], [ 36.188976449342881, 36.800538182413277 ], [ 36.18913723418293, 36.605184101857525 ], [ 36.189082500698156, 36.604018751802258 ], [ 36.18816392086385, 36.603299552529585 ], [ 35.827070835389421, 36.347415194615948 ], [ 35.823121598602633, 36.344307057382011 ], [ 35.819504323357194, 36.340818173884124 ], [ 35.816255554244471, 36.336983791598101 ], [ 35.813408112913812, 36.332842648503316 ], [ 35.810990766482114, 36.328436581720766 ], [ 35.809027936905558, 36.323810104841272 ], [ 35.807539454249579, 36.319009958213726 ], [ 35.806540356349771, 36.314084636736936 ], [ 35.806040736887695, 36.309083899925604 ], [ 35.806045643416518, 36.304058269200105 ], [ 35.806555026366567, 36.29905851747894 ], [ 35.807563739546183, 36.294135156230325 ], [ 35.809061592132586, 36.289337925165164 ], [ 35.811033451627694, 36.284715289726947 ], [ 35.813459396738658, 36.280313951455277 ], [ 35.97479357893404, 36.019534898140279 ], [ 35.975360983731086, 36.018509383972116 ], [ 35.974553623508655, 36.017659797611465 ], [ 35.823239839695276, 35.873204922482842 ], [ 35.819811713401791, 35.869588943591552 ], [ 35.816760508919344, 35.865649717216655 ], [ 35.814116527580516, 35.861426363584023 ], [ 35.811906026608753, 35.856960824570621 ], [ 35.810150958359436, 35.852297447182224 ], [ 35.808868752312307, 35.847482543145901 ], [ 35.808072141980333, 35.842563928990941 ], [ 35.807769038453969, 35.837590451185754 ], [ 35.807962451836524, 35.832611501046436 ], [ 35.808650461351064, 35.827676524234512 ], [ 35.809826234415482, 35.82283452971496 ], [ 35.811478094496515, 35.818133603051095 ], [ 35.839876478289867, 35.748604616591095 ], [ 35.840275739732412, 35.747470353159493 ], [ 35.839648216467396, 35.746444595983917 ], [ 35.749343035713423, 35.613971860107178 ], [ 35.746755656122737, 35.609739434977179 ], [ 35.744600404383611, 35.605271454944962 ], [ 35.742898495031717, 35.600611899152263 ], [ 35.741666680270988, 35.595806632455961 ], [ 35.7409170850786, 35.59090295397192 ], [ 35.740657087856647, 35.585949131501145 ], [ 35.740889247805178, 35.580993926421066 ], [ 35.741611279731501, 35.576086113718375 ], [ 35.742816076543775, 35.571274001887957 ], [ 35.744491779207408, 35.566604957423571 ], [ 35.746621893475677, 35.562124938580816 ], [ 35.749185452245626, 35.557878043001644 ], [ 35.752157221941069, 35.553906073653252 ], [ 35.755507950891285, 35.550248127353825 ], [ 35.759204657260554, 35.546940209935457 ], [ 35.917990657863946, 35.418451080115688 ], [ 35.918900718115218, 35.417636680966417 ], [ 35.919196841024934, 35.416451874291198 ], [ 35.96215529752569, 35.199246199597908 ], [ 35.962341019497138, 35.197948491197771 ], [ 35.961975320201134, 35.196689601303021 ], [ 35.872451141738459, 34.940203593429231 ], [ 35.871121713004655, 34.935735304455008 ], [ 35.870214221022998, 34.931162619749209 ], [ 35.869736554798102, 34.926525290550956 ], [ 35.869692866775544, 34.921863630066518 ], [ 35.870083536743799, 34.917218163018816 ], [ 35.870905168532722, 34.912629273358029 ], [ 35.872150619537081, 34.908136853196119 ], [ 35.988406237043534, 34.553859887762151 ], [ 35.988714803684928, 34.552741116173934 ], [ 35.987818911949851, 34.552003389098395 ], [ 35.683399686598847, 34.324913996836649 ], [ 35.679745122864396, 34.321908456303163 ], [ 35.676391032151372, 34.318570914471763 ], [ 35.673367452502113, 34.314931261178913 ], [ 35.670701462019551, 34.311022091863769 ], [ 35.668416936365347, 34.306878415655028 ], [ 35.666534334937957, 34.302537341841656 ], [ 35.665070517645546, 34.298037747535275 ], [ 35.664038593914654, 34.293419929500622 ], [ 35.663447805286857, 34.28872524327204 ], [ 35.640974458992446, 34.000630469005479 ], [ 35.640824453582852, 33.999451453540601 ], [ 35.639822327310213, 33.99881245274058 ], [ 35.487532945596428, 33.911831507460619 ], [ 35.483582907993878, 33.909323286661298 ], [ 35.47988463397315, 33.90645680137311 ], [ 35.476470511492437, 33.903257155091666 ], [ 35.473370440027928, 33.899752368999089 ], [ 35.470611568726611, 33.895973136566113 ], [ 35.468218058645171, 33.891952554751278 ], [ 35.466210871157486, 33.887725834151446 ], [ 35.464607584383515, 33.883329990641933 ], [ 35.349581116802298, 33.515299295384565 ], [ 35.349048867309818, 33.513898728245643 ], [ 35.348352139499106, 33.512572286316555 ], [ 35.104944470335582, 33.110068411341061 ], [ 35.102543492172977, 33.105601030020303 ], [ 35.100607427332605, 33.100913403228823 ], [ 35.099156195747085, 33.096053761381157 ], [ 35.098204728959416, 33.091072104733584 ], [ 35.067232619660828, 32.868034200462631 ], [ 35.067017724509249, 32.866891415696671 ], [ 35.065918141443483, 32.866513190857788 ], [ 34.982369192216481, 32.842180321924332 ], [ 34.977562629158442, 32.840510793765858 ], [ 34.972950634571951, 32.838361403471616 ], [ 34.96858097096051, 32.835754410447905 ], [ 34.96449889121191, 32.832716813103147 ], [ 34.960746669952592, 32.829280069248291 ], [ 34.957363165745299, 32.825479770315042 ], [ 34.954383418664023, 32.821355272765715 ], [ 34.95183828741375, 32.816949290511808 ], [ 34.949754129753153, 32.812307452562393 ], [ 34.948152529529672, 32.807477830483293 ], [ 34.712253076975607, 31.952795362461895 ], [ 34.711869683542616, 31.9516332455762 ], [ 34.711163802579513, 31.950633626525605 ], [ 34.223421493427836, 31.327610162190453 ], [ 34.222629328657348, 31.326694408832093 ], [ 34.22154758359023, 31.326150389672097 ], [ 33.855666491380795, 31.16406652068731 ], [ 33.854315059822682, 31.163559381456679 ], [ 33.852914003838698, 31.163212106946425 ], [ 33.593287992449305, 31.114637957660829 ], [ 33.59205266871389, 31.114470605582646 ], [ 33.590823436804968, 31.114678019091105 ], [ 33.421523743321643, 31.152085754799867 ], [ 33.41659641400237, 31.152918728892075 ], [ 33.411610546715309, 31.153255696924077 ], [ 33.406615945129339, 31.153093292932969 ], [ 33.401662500160015, 31.152433139167034 ], [ 33.396799691610731, 31.151281829881121 ], [ 33.392076093920586, 31.149650865466882 ], [ 33.134476180700055, 31.046027538460326 ], [ 33.133366486653955, 31.04564465146121 ], [ 33.133254538394333, 31.04681319368013 ], [ 33.131980836740873, 31.074910447678164 ], [ 33.131507772043641, 31.079868440043935 ], [ 33.130543800578153, 31.084754771747832 ], [ 33.129098487053788, 31.089520959671436 ], [ 33.127186172147979, 31.094119712785904 ], [ 33.124825830215251, 31.098505401382624 ], [ 33.12204088102002, 31.102634509819904 ], [ 33.118858957361262, 31.106466068293507 ], [ 33.115311630894546, 31.109962059346888 ], [ 33.111434098872031, 31.113087795087672 ], [ 33.107264834908634, 31.115812261367566 ], [ 33.10284520723939, 31.11810842551067 ], [ 33.098219068255972, 31.119953504536863 ], [ 33.093432319394822, 31.121329191218894 ], [ 33.088532455694349, 31.122221835730194 ], [ 33.08356809454002, 31.122622581081071 ], [ 33.078588493273415, 31.122527450999446 ], [ 33.073643060451403, 31.121937389384197 ], [ 33.068780865605021, 31.120858250939609 ], [ 33.064050152362164, 31.119300743083883 ], [ 33.059497859765095, 31.117280319708073 ], [ 33.055169156532294, 31.114817027839628 ], [ 33.051106992885764, 31.111935308731944 ], [ 33.047351674390704, 31.108663755353582 ], [ 33.043940462036005, 31.105034828683344 ], [ 33.040907202523563, 31.101084535626242 ], [ 33.010630566822734, 31.057301257057897 ], [ 33.009924201207184, 31.056379051813529 ], [ 33.008928830164315, 31.056977926911284 ], [ 32.947223883363513, 31.098316604413533 ], [ 32.942925570297191, 31.100893884626299 ], [ 32.938390839901203, 31.103027915728909 ], [ 32.933665253280274, 31.104697256796314 ], [ 32.928796289099758, 31.105885135712739 ], [ 32.923832866560488, 31.106579617683614 ], [ 32.91882485390034, 31.106773725146205 ], [ 32.913822567360718, 31.106465507874223 ], [ 32.908876265651848, 31.105658062572036 ], [ 32.9040356449961, 31.104359501761611 ], [ 32.701875360716201, 31.039104312852896 ], [ 32.700733020805956, 31.038797249699645 ], [ 32.700048726442688, 31.040705576034565 ], [ 32.698116190151595, 31.04534626323488 ], [ 32.695727436879331, 31.049769444444351 ], [ 32.692906612788178, 31.053930408954457 ], [ 32.689682231528778, 31.057787096613787 ], [ 32.686086886016469, 31.061300522983395 ], [ 32.682156918973277, 31.064435173402025 ], [ 32.677932055565933, 31.067159361977886 ], [ 32.673455001853128, 31.069445551878186 ], [ 32.668771013101178, 31.071270633678864 ], [ 32.663927436331576, 31.072616158960891 ], [ 32.658973231724545, 31.073468526791842 ], [ 32.653958477716316, 31.073819121207819 ], [ 32.648933864792795, 31.073664398305912 ], [ 32.643950183096472, 31.073005922066944 ], [ 32.639057809025942, 31.071850348546313 ], [ 32.602783556720695, 31.061331540482822 ], [ 32.601584885391667, 31.061048555481342 ], [ 32.600551042604742, 31.061717930232835 ], [ 32.295678958256325, 31.281674322436707 ], [ 32.294704196456649, 31.282455635170191 ], [ 32.294231303839808, 31.283611914862309 ], [ 31.970955432469097, 32.204723257889547 ], [ 31.970604284606356, 32.205909764024227 ], [ 31.970494844103317, 32.207142291673037 ], [ 31.931146349242635, 33.221631500940674 ], [ 31.931154481368846, 33.222775013016957 ], [ 31.931267357332398, 33.223912969526182 ], [ 32.090459203538934, 34.316015964453015 ], [ 32.090935966121251, 34.321081115884525 ], [ 32.090895544911731, 34.326168495142042 ], [ 32.090338358400246, 34.331225431445318 ], [ 31.888862538500209, 35.574646503302063 ], [ 31.888723426598972, 35.57591423291219 ] ], [ [ 32.409916802199355, 34.769920203565569 ], [ 32.412046614101186, 34.765473190436744 ], [ 32.414604076336353, 34.761257575247861 ], [ 32.417564318071058, 34.75731435405482 ], [ 32.420898551517446, 34.753681873933743 ], [ 32.424574351889426, 34.750395460062904 ], [ 32.428555972727509, 34.747487072192136 ], [ 32.432804693526343, 34.744984993840305 ], [ 32.437279196284244, 34.742913557243504 ], [ 32.441935967312951, 34.741292906728646 ], [ 32.988295201782556, 34.580877178719142 ], [ 32.992951753778129, 34.579749223066521 ], [ 32.997694888310846, 34.579072144602556 ], [ 33.002481052476661, 34.578852160467655 ], [ 33.007266298260376, 34.579091290623047 ], [ 33.012006686079644, 34.579787339302918 ], [ 33.016658688251582, 34.580933915176566 ], [ 33.021179588677228, 34.582520490035556 ], [ 33.025527875073713, 34.584532495466931 ], [ 33.029663620152704, 34.586951456624817 ], [ 33.033548848244891, 34.589755161872077 ], [ 33.037147884004121, 34.592917866734304 ], [ 33.040427679989321, 34.596410530293426 ], [ 33.043358120116118, 34.600201081850258 ], [ 33.045912296191894, 34.604254715407421 ], [ 33.048066754994998, 34.608534209268555 ], [ 33.085921269052562, 34.693652004424131 ], [ 33.086481220079769, 34.694756643220543 ], [ 33.08766778362078, 34.695111381133145 ], [ 33.583545801182538, 34.816360551610373 ], [ 33.588093707450518, 34.817704089343493 ], [ 33.592493875190854, 34.819472441378466 ], [ 33.596706723055334, 34.82164970064953 ], [ 33.600694354716346, 34.824216281799387 ], [ 33.604420899760157, 34.827149097357697 ], [ 33.607852836356322, 34.830421765422535 ], [ 33.610959292800523, 34.834004846976583 ], [ 33.613712325218458, 34.837866110703459 ], [ 33.616087168932701, 34.841970822921823 ], [ 33.679776917884396, 34.96518759089858 ], [ 33.6803858283157, 34.966234240192975 ], [ 33.681595371142485, 34.966291273594479 ], [ 33.977990600871159, 34.965484912630508 ], [ 33.982897313259066, 34.965712842302587 ], [ 33.987757983235767, 34.96642112598208 ], [ 33.992525699934049, 34.967602927944334 ], [ 33.997154449589139, 34.969246842487003 ], [ 34.001599559622662, 34.971337004007772 ], [ 34.005818129782696, 34.973853240125059 ], [ 34.009769446178858, 34.97677126636389 ], [ 34.013415374216599, 34.980062920528084 ], [ 34.016720726638425, 34.983696434496764 ], [ 34.019653603120048, 34.987636740821991 ], [ 34.022185698143929, 34.991845811168645 ], [ 34.024292574179043, 34.996283023330093 ], [ 34.025953897530151, 35.000905553277661 ], [ 34.027153634580593, 35.005668788460063 ], [ 34.027880206534491, 35.010526758364129 ], [ 34.028126601165013, 35.015432578181361 ], [ 34.02789044049014, 35.020338901298395 ], [ 34.027174003722848, 35.025198376244468 ], [ 34.025984205274156, 35.029964103685742 ], [ 34.02433252802139, 35.034590089055989 ], [ 34.022234912485629, 35.03903168645526 ], [ 34.019711602988004, 35.043246029532455 ], [ 34.016786952269463, 35.047192445193225 ], [ 34.013489186459772, 35.05083284614058 ], [ 33.900787867796609, 35.163580202806244 ], [ 33.899977963847014, 35.164474888964236 ], [ 33.900164465888892, 35.165667208014341 ], [ 33.923336507799299, 35.277307082901075 ], [ 33.923650925678913, 35.278511074213142 ], [ 33.924674888470669, 35.279218148384707 ], [ 34.190506854203647, 35.443503596538655 ], [ 34.194530094790338, 35.446270240355958 ], [ 34.198264300217424, 35.44941610949796 ], [ 34.20167385993264, 35.452911203971453 ], [ 34.204726259306902, 35.456722193461104 ], [ 34.207392389703983, 35.460812735177797 ], [ 34.209646826069552, 35.465143820434847 ], [ 34.211468069392502, 35.469674146647037 ], [ 34.21283875172621, 35.47436051120502 ], [ 34.213745801814731, 35.479158223468914 ], [ 34.214180569744407, 35.484021530952262 ], [ 34.214138909432116, 35.488904055632041 ], [ 34.213621218163638, 35.493759236224022 ], [ 34.212632432805016, 35.498540772205779 ], [ 34.211181982723048, 35.503203065352935 ], [ 34.20928369986391, 35.507701654578113 ], [ 34.206955686847344, 35.511993639925826 ], [ 34.204220144334464, 35.516038091679825 ], [ 34.201103159315245, 35.519796440681752 ], [ 34.197634456334875, 35.523232846138647 ], [ 34.193847114031129, 35.526314537412041 ], [ 34.189777249686152, 35.529012126528961 ], [ 34.185463674800744, 35.531299888434894 ], [ 34.180947524975736, 35.533156006315934 ], [ 34.176271867630007, 35.534562779650749 ], [ 34.171481291296104, 35.535506793008324 ], [ 34.166621480410022, 35.535979043981669 ], [ 34.16173877965015, 35.535975029037637 ], [ 34.156879751979858, 35.535494786463978 ], [ 34.152090734608521, 35.534542896004268 ], [ 34.147417397105393, 35.53312843518399 ], [ 33.661491463220834, 35.359734960697701 ], [ 33.660320710827641, 35.359381236237013 ], [ 33.659097693191249, 35.359384401868518 ], [ 32.962370785568801, 35.395592437524087 ], [ 32.957381885174222, 35.395602476356331 ], [ 32.952416818346038, 35.395115301524449 ], [ 32.94752501575622, 35.394135763190611 ], [ 32.942755178680628, 35.392673613335951 ], [ 32.938154794144111, 35.390743408672868 ], [ 32.933769662154383, 35.388364365722893 ], [ 32.929643439731272, 35.385560169502909 ], [ 32.925817206270921, 35.382358737724459 ], [ 32.922329054572003, 35.378791942853638 ], [ 32.919213711595589, 35.374895294798641 ], [ 32.916502192734242, 35.370707587384103 ], [ 32.91422149303235, 35.366270512131763 ], [ 32.912394318431794, 35.36162824319252 ], [ 32.911038859718609, 35.356826997562266 ], [ 32.865526852003413, 35.158198632985403 ], [ 32.865197069463193, 35.157032989920587 ], [ 32.863985851378651, 35.157053751185835 ], [ 32.576075261882551, 35.176548873485672 ], [ 32.570863398159389, 35.176629459051284 ], [ 32.565671466118737, 35.176167009932499 ], [ 32.560555891714358, 35.17516655202958 ], [ 32.555572271044703, 35.173638958326009 ], [ 32.55077476613409, 35.171600830720863 ], [ 32.546215516299476, 35.169074319599211 ], [ 32.541944071499984, 35.16608688310162 ], [ 32.538006853827603, 35.162670988708861 ], [ 32.414729431771605, 35.043903716122273 ], [ 32.413813658315611, 35.043105751102999 ], [ 32.412647427698381, 35.043445302781301 ], [ 32.380937445686996, 35.054424697980345 ], [ 32.376135733775222, 35.055822589488606 ], [ 32.371218396889887, 35.056733817181723 ], [ 32.36623462912732, 35.057149264941792 ], [ 32.361234289172629, 35.057064776540017 ], [ 32.356267401502691, 35.056481197216549 ], [ 32.35138365593054, 35.055404365224511 ], [ 32.34663191049777, 35.053845053422876 ], [ 32.342059702688175, 35.05181886150244 ], [ 32.337712773852537, 35.049346059923167 ], [ 32.333634611602307, 35.046451387124158 ], [ 32.329866014750174, 35.043163802034975 ], [ 32.326444685149973, 35.039516194364268 ], [ 32.323404850519239, 35.035545055564086 ], [ 32.320776922017728, 35.031290113761486 ], [ 32.318587190007648, 35.026793936309851 ], [ 32.316857561039221, 35.0221015039359 ], [ 32.315605338692826, 35.017259760742817 ], [ 32.314843050470273, 35.012317144571362 ], [ 32.314578322466971, 35.007323102417274 ], [ 32.314813803078827, 35.002327595752881 ], [ 32.315547136507135, 34.997380600701796 ], [ 32.316770986326475, 34.992531608067004 ], [ 32.3184731088799, 34.987829128214237 ], [ 32.409916802199355, 34.769920203565569 ] ] ], [ [ [ 34.760645556695017, 29.335795642416912 ], [ 34.761370721966806, 29.336714586817838 ], [ 34.954754794359026, 29.558045672081775 ], [ 34.955588969117372, 29.558909239570362 ], [ 34.956644570314424, 29.558337136041619 ], [ 34.99581502380132, 29.534502649531706 ], [ 34.996774120189684, 29.533854259969186 ], [ 34.99657636619316, 29.532713572341574 ], [ 34.936870623894876, 29.265076310533221 ], [ 34.936567983198003, 29.263973327352055 ], [ 34.935489436440292, 29.264353984915534 ], [ 34.761705847584466, 29.335299550980814 ], [ 34.760645556695017, 29.335795642416912 ] ] ], [ [ [ 10.005292662480571, 34.17063259285937 ], [ 10.006004042803717, 34.171641851833058 ], [ 10.125994565496111, 34.324704108637739 ], [ 10.126754538607964, 34.325584953771255 ], [ 10.127784862996725, 34.326125211981427 ], [ 10.586894355239897, 34.539994825289078 ], [ 10.591739455400482, 34.542584819236268 ], [ 10.596271153418909, 34.545690745391603 ], [ 10.600434737082265, 34.549275105207641 ], [ 10.604179938505327, 34.553294623899383 ], [ 11.129745812848215, 35.183487731406721 ], [ 11.132724623906171, 35.187442259981232 ], [ 11.13529774095468, 35.191671997587783 ], [ 11.137439935495504, 35.196135473152275 ], [ 11.139130204072448, 35.20078892388301 ], [ 11.14035197420279, 35.205586724349288 ], [ 11.141093266864591, 35.210481833822541 ], [ 11.141346813946734, 35.215426257493988 ], [ 11.141110129510185, 35.220371517046637 ], [ 11.140385534161732, 35.225269125967998 ], [ 11.139180132301266, 35.230071064943083 ], [ 11.137505742465658, 35.234730252666708 ], [ 11.135378781452214, 35.239201007459009 ], [ 11.132820103357805, 35.243439495158036 ], [ 11.129854795111857, 35.247404158898142 ], [ 11.126511930507931, 35.251056126560293 ], [ 11.043106680227002, 35.333570714130303 ], [ 11.042291855072927, 35.33446023839835 ], [ 11.042227662305145, 35.335664843206487 ], [ 11.041131236187102, 35.605011974669004 ], [ 11.040878630735552, 35.609832181153457 ], [ 11.040162419244169, 35.614605570009033 ], [ 11.038989276288399, 35.619287656688307 ], [ 11.03737013471596, 35.623834807514406 ], [ 11.035320083760569, 35.62820464631546 ], [ 11.032858228421144, 35.632356449340008 ], [ 11.030007511416985, 35.636251524773051 ], [ 11.026794499378125, 35.639853573315904 ], [ 11.023249135263487, 35.643129026469516 ], [ 11.019404459314053, 35.646047359368751 ], [ 11.015296301141603, 35.6485813752521 ], [ 11.010962945822545, 35.650707458915946 ], [ 10.694911953602816, 35.787261595538297 ], [ 10.693736801495804, 35.787845040272366 ], [ 10.692802953061891, 35.788766624416489 ], [ 10.51940271182794, 35.979047604044631 ], [ 10.518625066876625, 35.979991174513202 ], [ 10.518511940740174, 35.98120865526321 ], [ 10.504900723942674, 36.298055511297072 ], [ 10.504912308209448, 36.299332305266319 ], [ 10.50566777950341, 36.300361674082296 ], [ 10.584841101206843, 36.397246945186801 ], [ 10.585594005799079, 36.398086827186567 ], [ 10.586673051738387, 36.398410025408168 ], [ 10.780107409049103, 36.446914948709839 ], [ 10.784746995300022, 36.448320648852864 ], [ 10.789228641348755, 36.450169054156284 ], [ 10.793510216579071, 36.452442788313782 ], [ 10.797551471180752, 36.45512047662951 ], [ 10.801314414526054, 36.458176946955206 ], [ 10.804763672308246, 36.461583466326033 ], [ 10.807866819084902, 36.465308011070611 ], [ 10.810594683099815, 36.469315567855979 ], [ 10.926414107110432, 36.6585852708074 ], [ 10.927105080662258, 36.659596530056483 ], [ 10.92832715693587, 36.659677889136361 ], [ 11.978704900233293, 36.676699649397335 ], [ 11.979744285294192, 36.67667315217502 ], [ 11.980761248729436, 36.676474884231183 ], [ 13.031499683793172, 36.426074231645742 ], [ 13.035964582501727, 36.425222596858717 ], [ 13.040488371997045, 36.424779956044752 ], [ 13.897285482745863, 36.380128518116507 ], [ 13.898310319995966, 36.380032581443643 ], [ 13.899323757728041, 36.379852472594919 ], [ 15.140996532222218, 36.105895072150979 ], [ 15.143493130477356, 36.105206779852068 ], [ 16.786038464674629, 35.559312179437114 ], [ 16.787325422824406, 35.55880342613397 ], [ 16.788547977585882, 35.558155004158536 ], [ 17.720425206303329, 34.995428078314781 ], [ 17.724879864891754, 34.993036690573419 ], [ 17.72955325472666, 34.991107404197578 ], [ 17.734397589988589, 34.989659946309061 ], [ 17.73936333692615, 34.988709117291258 ], [ 17.744399720342962, 34.988264639453973 ], [ 17.749455242778474, 34.988331057621927 ], [ 17.754478211073987, 34.98890769266356 ], [ 17.759417264939742, 34.989988648435165 ], [ 17.764221902118344, 34.99156287206953 ], [ 17.768842994774779, 34.99361426699241 ], [ 17.773233291832806, 34.996121857511469 ], [ 18.813820752443252, 35.662415407673997 ], [ 18.81473004850686, 35.662944927845253 ], [ 18.815680742819335, 35.663395917055212 ], [ 19.817116347490284, 36.087676107389669 ], [ 19.819856668154731, 36.088653104722503 ], [ 20.666447648369637, 36.335957015669884 ], [ 20.669714060039428, 36.336677797038661 ], [ 21.452107230943525, 36.455052069765237 ], [ 21.453037702313594, 36.455157312039375 ], [ 21.453973445920106, 36.455192480343939 ], [ 22.36760385144823, 36.455224008605505 ], [ 22.370848154318342, 36.455012491097612 ], [ 22.931622038672817, 36.38155957423993 ], [ 22.932824372419056, 36.381341364756317 ], [ 22.933138304027821, 36.381179807950282 ], [ 22.937396454797543, 36.379234921185436 ], [ 22.941817834343126, 36.377696793941134 ], [ 22.946363685855118, 36.376578909091641 ], [ 22.950994161431055, 36.375891065761799 ], [ 22.955668671373154, 36.375639293430091 ], [ 22.960346239988358, 36.375825799075628 ], [ 22.961412847128461, 36.375918486125194 ], [ 22.96259198220579, 36.375673678028193 ], [ 23.438620779536745, 36.252462358037739 ], [ 23.440662201974007, 36.251839829315394 ], [ 24.801124955421816, 35.772571312761919 ], [ 24.802145160791426, 35.772160487738056 ], [ 24.803125198423405, 35.771661366073019 ], [ 25.351599616636012, 35.461137458441463 ], [ 25.355711634614043, 35.459053607564101 ], [ 25.359998097984992, 35.45735732984501 ], [ 25.364422569879014, 35.456063044409049 ], [ 26.218187502125481, 35.24851360364174 ], [ 26.219362346539928, 35.248164990110865 ], [ 26.219697345498272, 35.247656546464228 ], [ 26.220908529710641, 35.245995315934863 ], [ 26.219681553267495, 35.246044397169065 ], [ 26.214777414136879, 35.245758117901559 ], [ 26.209925037778582, 35.244991971630341 ], [ 26.205171264252304, 35.243753353976537 ], [ 25.796440374862673, 35.115510043841994 ], [ 25.795270962908088, 35.115205864053664 ], [ 25.794300017193152, 35.115925109548556 ], [ 25.71372206523974, 35.182040351250592 ], [ 25.71281200731595, 35.182867993375055 ], [ 25.713159752851563, 35.18404793826916 ], [ 25.739403048055312, 35.258835355053776 ], [ 25.74078653332888, 35.263490157094189 ], [ 25.741711948141578, 35.26825721289017 ], [ 25.74217056353168, 35.273091557257459 ], [ 25.742158053616215, 35.277947590313318 ], [ 25.741674536394772, 35.282779507596771 ], [ 25.740724572636488, 35.28754173211852 ], [ 25.739317122860665, 35.292189344265218 ], [ 25.737465462816782, 35.296678505503067 ], [ 25.735187058261197, 35.300966871884185 ], [ 25.732503400211648, 35.305013993455212 ], [ 25.72943980223355, 35.30878169580096 ], [ 25.726025161670147, 35.312234440124008 ], [ 25.722291687068751, 35.315339658463884 ], [ 25.718274594374087, 35.318068060893886 ], [ 25.714011774754407, 35.320393911797893 ], [ 25.709543437193602, 35.322295272621169 ], [ 25.704911729220544, 35.323754208805482 ], [ 25.700160339353136, 35.324756958956549 ], [ 25.695334085007001, 35.325294064648197 ], [ 25.690478489755872, 35.325360459638823 ], [ 25.685639353931133, 35.324955517658651 ], [ 25.454911903998017, 35.294305930865654 ], [ 25.453625509913529, 35.294202664010975 ], [ 25.452345492491077, 35.29436706955164 ], [ 24.730520347125211, 35.425495030082082 ], [ 24.725764106874085, 35.426125101130104 ], [ 24.720969373846387, 35.426296408004113 ], [ 24.716180295663175, 35.426007373391883 ], [ 24.711440967878392, 35.425260658586645 ], [ 24.341306932052994, 35.348584387683289 ], [ 24.340125403857591, 35.348399872344658 ], [ 24.339411308542971, 35.349359102592587 ], [ 24.265453724578514, 35.459677447222951 ], [ 24.262559334172352, 35.463572015067953 ], [ 24.259301063798837, 35.467167683113757 ], [ 24.255709600049737, 35.470430587136477 ], [ 24.251818767552624, 35.473329996904347 ], [ 24.247665210408449, 35.475838605596955 ], [ 24.243288047075119, 35.477932786982592 ], [ 24.238728501947456, 35.479592817931518 ], [ 24.234029517103295, 35.480803064169649 ], [ 24.229235347872336, 35.481552127523123 ], [ 24.073153180811982, 35.498229979105211 ], [ 24.072021907766686, 35.498406526485496 ], [ 24.072301577162559, 35.499609875796132 ], [ 24.072914642723148, 35.50176902642729 ], [ 24.073780328613157, 35.506531515903539 ], [ 24.074181438899469, 35.511355396976874 ], [ 24.074114214261282, 35.51619545884833 ], [ 24.073579284747204, 35.521006339067839 ], [ 24.072581663870295, 35.525742948684162 ], [ 24.071130701619957, 35.530360894831489 ], [ 24.069239996831154, 35.534816896792115 ], [ 24.066927269732236, 35.539069191635775 ], [ 24.064214195865851, 35.543077925633817 ], [ 24.061126202939551, 35.546805527779782 ], [ 24.057692232510004, 35.550217061915696 ], [ 24.0539444687344, 35.553280554163734 ], [ 24.04991803673132, 35.55596729259463 ], [ 24.045650673377995, 35.558252096324097 ], [ 24.041182373629486, 35.560113551515336 ], [ 24.036555015674459, 35.561534212075614 ], [ 24.031811968440774, 35.562500763166113 ], [ 24.026997685129448, 35.563004145992394 ], [ 24.022157286586477, 35.563039642706023 ], [ 24.017336138417299, 35.562606920621604 ], [ 23.818337687717062, 35.534981774149401 ], [ 23.817181322428887, 35.53487746998352 ], [ 23.816615363909413, 35.53589125052838 ], [ 23.814358581443031, 35.540432751908398 ], [ 23.811966235689454, 35.54470776414756 ], [ 23.809167020012314, 35.5487281421699 ], [ 23.805987805816006, 35.5524552918776 ], [ 23.802459112345975, 35.555853434052992 ], [ 23.798614813715595, 35.558889947825413 ], [ 23.794491813727578, 35.561535683819137 ], [ 23.790129691611526, 35.56376524397627 ], [ 23.785570322078389, 35.565557225368458 ], [ 23.780857473339207, 35.566894425656834 ], [ 23.776036386946938, 35.567764008227911 ], [ 23.771153343494788, 35.568157625420199 ], [ 23.766255218340145, 35.568071498658561 ], [ 23.761389031618986, 35.567506454727109 ], [ 23.756601496870502, 35.566467917832384 ], [ 23.751938572604896, 35.564965857533039 ], [ 23.747445021119198, 35.563014693035875 ], [ 23.743163978796254, 35.56063315477693 ], [ 23.739136542011885, 35.557844104616471 ], [ 23.735401372625333, 35.554674316373799 ], [ 23.73199432684013, 35.55115421880879 ], [ 23.728948110998207, 35.547317603517406 ], [ 23.726291967611463, 35.543201300545242 ], [ 23.724051394644793, 35.538844824833077 ], [ 23.722247900745334, 35.534289996888546 ], [ 23.720898798767635, 35.529580541325174 ], [ 23.72001703957687, 35.524761667122711 ], [ 23.718596771311638, 35.514062146127465 ], [ 23.718388998493957, 35.512927481202198 ], [ 23.717317440474556, 35.51335456134381 ], [ 23.636616787060866, 35.550209603292195 ], [ 23.632018963513659, 35.552040136118656 ], [ 23.627262703273896, 35.55340718415426 ], [ 23.62239460024939, 35.55429735534161 ], [ 23.617462343997079, 35.554701929267573 ], [ 23.612514252540276, 35.554616942591366 ], [ 23.607598799029223, 35.554043227870736 ], [ 23.60276413688198, 35.552986405405981 ], [ 23.598057628057528, 35.551456828181585 ], [ 23.593525379082266, 35.549469480444969 ], [ 23.589211789375124, 35.547043830915783 ], [ 23.58515911629609, 35.544203642063877 ], [ 23.58140706117905, 35.540976737324236 ], [ 23.577992380404318, 35.537394728529343 ], [ 23.574948525320895, 35.533492706229161 ], [ 23.572305314545929, 35.529308895932424 ], [ 23.570088641851619, 35.52488428363683 ], [ 23.56832022250121, 35.520262214316588 ], [ 23.567017380519051, 35.515487967300615 ], [ 23.524965902770557, 35.324658030965942 ], [ 23.524126504613527, 35.319651194546573 ], [ 23.523799142976614, 35.314585048619442 ], [ 23.523987192696438, 35.309511821096528 ], [ 23.524688715130807, 35.30448381289542 ], [ 23.525896478144585, 35.299552858758652 ], [ 23.527598030667221, 35.294769792879002 ], [ 23.52977583105331, 35.290183924839617 ], [ 23.532407427922944, 35.285842531271641 ], [ 23.535465691617468, 35.281790368469984 ], [ 23.538919093884555, 35.278069210991724 ], [ 23.542732032909292, 35.274717420993831 ], [ 23.574811490979339, 35.249284887017062 ], [ 23.578955679000284, 35.246329976275369 ], [ 23.58337880196914, 35.243811688157081 ], [ 23.588035026084729, 35.241756117961316 ], [ 23.592876102077966, 35.240184566157509 ], [ 23.597851865186055, 35.239113317663239 ], [ 23.602910754975664, 35.238553473094697 ], [ 24.401014986717271, 35.191172509708835 ], [ 24.402103163228325, 35.191059835039042 ], [ 24.403150796648095, 35.190759678103831 ], [ 24.741683602019158, 35.077605471762347 ], [ 24.742789580470838, 35.077174311050705 ], [ 24.742812763060201, 35.07598748736438 ], [ 24.74013708354973, 34.985670682322251 ], [ 24.740228611864811, 34.980823651377754 ], [ 24.740789115330546, 34.976008267460116 ], [ 24.741813324746577, 34.971269799196911 ], [ 24.743291611689628, 34.966652792144352 ], [ 24.745210079028706, 34.962200650021934 ], [ 24.747550691569742, 34.957955226681193 ], [ 24.750291445601462, 34.953956432644617 ], [ 24.753406575748631, 34.950241859913397 ], [ 24.756866797188096, 34.946846428571249 ], [ 24.760639580950542, 34.943802058506499 ], [ 24.764689459719982, 34.94113736933847 ], [ 24.768978361256096, 34.938877411369205 ], [ 24.773465966305082, 34.93704343008968 ], [ 24.778110087634293, 34.935652666454509 ], [ 24.782867066627418, 34.934718194802542 ], [ 24.787692183711911, 34.934248799947177 ], [ 24.792540078760322, 34.934248894591796 ], [ 26.125338899288014, 34.99896372469685 ], [ 26.130376515492912, 34.999464918777853 ], [ 26.135337629414824, 35.000472947144743 ], [ 26.140171382149667, 35.00197747598564 ], [ 26.214445481799348, 35.029291538345419 ], [ 26.219175196884564, 35.031312752894429 ], [ 26.223672239748907, 35.033809174036122 ], [ 26.227889021761925, 35.036754384129672 ], [ 26.231780920071003, 35.040117216357459 ], [ 26.235306749809553, 35.043862084538745 ], [ 26.238429199923722, 35.047949359709925 ], [ 26.241115228005629, 35.052335789486364 ], [ 26.243336409954896, 35.056974955768005 ], [ 26.245069240768306, 35.061817765945221 ], [ 26.246295383274592, 35.066812972406893 ], [ 26.269247063701389, 35.186640519178844 ], [ 26.269933066166494, 35.191504872892274 ], [ 26.270138413091114, 35.196413066966677 ], [ 26.269861122258401, 35.201317722533126 ], [ 26.269103870360794, 35.206171494879975 ], [ 26.267873967161904, 35.210927530472027 ], [ 26.266183284935231, 35.215539919228391 ], [ 26.264048143860947, 35.219964137693204 ], [ 26.261489154486952, 35.224157478821141 ], [ 26.260691288707424, 35.225215313298513 ], [ 26.264173780466578, 35.225240097754408 ], [ 26.268887075317782, 35.225722098323772 ], [ 26.2735335879659, 35.226648053567899 ], [ 26.276257255449885, 35.227465269613319 ], [ 26.277115323897654, 35.22767488195958 ], [ 26.278259735558173, 35.227249063994073 ], [ 26.958010752017138, 34.93514576164506 ], [ 26.959237577939419, 34.934536573745 ], [ 26.960390074783422, 34.933796328673559 ], [ 27.784536110885295, 34.337975121479062 ], [ 27.785419374609909, 34.337273601407496 ], [ 27.786158574044109, 34.336427742151713 ], [ 28.402346921580595, 33.563963717388752 ], [ 28.402981733547009, 33.563093283753034 ], [ 28.403455311364311, 33.562130101780006 ], [ 28.879346387907106, 32.479325929898131 ], [ 28.879726162309481, 32.478353173160791 ], [ 28.879937402668965, 32.477334236864813 ], [ 28.986233513081057, 31.830348172196395 ], [ 28.986364583468241, 31.829245286808131 ], [ 28.98629794832928, 31.828141054899056 ], [ 28.888131917052373, 30.891881851260244 ], [ 28.887956164398265, 30.890745317579476 ], [ 28.886873910719494, 30.891134322434901 ], [ 28.432792594332003, 31.079921850018856 ], [ 28.42853319007191, 31.081470280906323 ], [ 28.424151074135011, 31.082626664397971 ], [ 28.419682250271322, 31.083381499571693 ], [ 28.41516343462883, 31.083728584652537 ], [ 27.928131578027298, 31.098988172549323 ], [ 27.926965703072558, 31.099080881222008 ], [ 27.926373601861886, 31.100089481967842 ], [ 27.868054383530271, 31.211344605806282 ], [ 27.865611225696906, 31.215504165752879 ], [ 27.86277859181072, 31.219408924953505 ], [ 27.859582849114688, 31.223022536411428 ], [ 27.856053744807905, 31.2263113632448 ], [ 27.852224129147228, 31.229244791791668 ], [ 27.8481296496645, 31.231795516573676 ], [ 27.843808419345624, 31.233939794465954 ], [ 27.839300661860293, 31.235657665707198 ], [ 27.834648337144621, 31.236933139692823 ], [ 27.829894750821968, 31.237754343821624 ], [ 27.825084151097585, 31.238113634010507 ], [ 27.820261316879336, 31.238007665848546 ], [ 27.47928822611388, 31.214022584720702 ], [ 27.478063312718479, 31.213997956346606 ], [ 27.477193948893948, 31.214861221035754 ], [ 27.338639069780108, 31.366972010159849 ], [ 27.335411523924957, 31.370205384822455 ], [ 27.33190232197181, 31.373130665254813 ], [ 27.328140761214605, 31.37572342915184 ], [ 27.32415824581663, 31.377962030291119 ], [ 27.319988024626426, 31.379827779250824 ], [ 27.315664913592915, 31.381305099442201 ], [ 27.311225005097324, 31.382381657153914 ], [ 26.966156798055337, 31.449525661744673 ], [ 26.964850877501334, 31.449761827815557 ], [ 25.975878494149224, 31.615087515475235 ], [ 25.971365233480576, 31.615632460837794 ], [ 25.966821131807801, 31.615765228676 ], [ 25.962283753378735, 31.615484721451917 ], [ 25.957790606862858, 31.614793258005143 ], [ 25.403221183905039, 31.503432011519109 ], [ 25.401863596781556, 31.503236682242758 ], [ 25.400496220105666, 31.503343814640019 ], [ 25.192155707452358, 31.531315457048709 ], [ 25.190968517356907, 31.53153514212622 ], [ 25.190393350410748, 31.532596681028092 ], [ 24.991698679223642, 31.947065573053013 ], [ 24.989411962420153, 31.95129985720363 ], [ 24.986728776089013, 31.955294697265497 ], [ 24.983673975375147, 31.959013087859031 ], [ 24.980275857796908, 31.962420584437456 ], [ 24.976565901117841, 31.965485622356791 ], [ 24.972578471758883, 31.968179809268435 ], [ 24.968350506452101, 31.970478188125842 ], [ 24.963921170084859, 31.97235946836901 ], [ 24.959331492903932, 31.973806223145189 ], [ 24.741037213028775, 32.031227577010888 ], [ 24.736149885271345, 32.032255261308627 ], [ 24.73118441628877, 32.032790261689406 ], [ 24.726190345785756, 32.032827240538396 ], [ 24.09183946790327, 32.005813943945327 ], [ 24.090681525241408, 32.005818955024502 ], [ 24.089650807406354, 32.006346664284962 ], [ 23.848737904400608, 32.144307678076821 ], [ 23.84448444972772, 32.146480566360687 ], [ 23.8400430704481, 32.14823768623225 ], [ 23.835454295604716, 32.149563003396246 ], [ 23.8307599992734, 32.150444423898776 ], [ 23.368956856378301, 32.214496957164279 ], [ 23.364051334123818, 32.214932497449645 ], [ 23.359126760335609, 32.214883335128043 ], [ 23.354230910951301, 32.214349947149579 ], [ 23.349411283237647, 32.213337508197768 ], [ 23.344714634993984, 32.211855840487146 ], [ 23.340186530929717, 32.209919318472664 ], [ 23.335870900616552, 32.207546729395418 ], [ 23.33180961230412, 32.204761091017474 ], [ 23.328042066733566, 32.201589428314222 ], [ 23.324604814889806, 32.198062511290537 ], [ 23.321531203400738, 32.194214556464445 ], [ 23.31885105102371, 32.190082894914255 ], [ 23.316590359357704, 32.185707610109745 ], [ 23.314771060587852, 32.181131149040816 ], [ 23.31341080470953, 32.176397910416483 ], [ 23.312522788296246, 32.171553813929094 ], [ 23.312115626472593, 32.166645854762727 ], [ 23.312160333311926, 32.163810491271946 ], [ 23.312130010922054, 32.162853506448585 ], [ 23.311212997009331, 32.163465481066893 ], [ 23.081565732346611, 32.333320538422683 ], [ 23.080650098544368, 32.334070129919802 ], [ 23.081104276044787, 32.335162830917611 ], [ 23.141089021083683, 32.461559258183236 ], [ 23.1430078878012, 32.466188236043493 ], [ 23.144453790670322, 32.470986032454704 ], [ 23.145412207340186, 32.47590445933708 ], [ 23.145873511671002, 32.480894117023212 ], [ 23.145833070417005, 32.485904890418141 ], [ 23.145291289761825, 32.490886452345094 ], [ 23.14425361123887, 32.495788769021253 ], [ 23.113122720478447, 32.613417373974727 ], [ 23.111603329479056, 32.618181175658087 ], [ 23.109615729472583, 32.622769399900832 ], [ 23.107179798331799, 32.627136160137532 ], [ 23.104319897663231, 32.631237784651475 ], [ 23.10106462916815, 32.635033253332992 ], [ 23.097446548598608, 32.638484607919203 ], [ 23.093501840169232, 32.64155733161239 ], [ 23.089269954681004, 32.644220694280513 ], [ 23.08479321497607, 32.646448059787495 ], [ 23.080116392669435, 32.648217152379651 ], [ 22.156925762073421, 32.94557972932018 ], [ 22.152000521025428, 32.946893186844122 ], [ 22.146967145176092, 32.947698356147633 ], [ 22.141877947749649, 32.947986868890332 ], [ 21.728705026030582, 32.950315040638472 ], [ 21.723854769717349, 32.950106683423876 ], [ 21.719047582463983, 32.949428929970189 ], [ 21.714328783353444, 32.948288169702955 ], [ 21.709742858201892, 32.94669515697943 ], [ 21.705333040174889, 32.944664909703448 ], [ 21.415975661259921, 32.794011634631914 ], [ 21.414786812579383, 32.793470323519927 ], [ 21.413488528611733, 32.793325971018774 ], [ 21.059930405371627, 32.77280520775048 ], [ 21.055507278193534, 32.772350444958853 ], [ 21.051142042370632, 32.77150452567151 ], [ 21.046869219695093, 32.770274139710267 ], [ 21.042722601124005, 32.768669017392142 ], [ 20.568345014365672, 32.560338193833587 ], [ 20.564655163596736, 32.558533460297113 ], [ 20.561125899860983, 32.556431946719194 ], [ 20.5577810415408, 32.554047835846646 ], [ 20.082818478216943, 32.185174672833831 ], [ 20.079294586608448, 32.182166050767819 ], [ 20.076064337795263, 32.178844136950538 ], [ 20.073155472661647, 32.17523745947134 ], [ 20.070592972097831, 32.171376991926479 ], [ 20.068398842467936, 32.167295887422583 ], [ 20.066591926622657, 32.163029193862855 ], [ 19.924117620234878, 31.777800010497618 ], [ 19.92269293735902, 31.773307544185677 ], [ 19.921697569053514, 31.768700894991621 ], [ 19.92114035895667, 31.764020992025891 ], [ 19.921026257763156, 31.75930941524329 ], [ 19.921356279238108, 31.754608026013845 ], [ 19.922127491210045, 31.749958595193299 ], [ 19.923333041622595, 31.745402431997856 ], [ 19.924962219413569, 31.740980016980462 ], [ 20.146191352160216, 31.217885733744513 ], [ 20.146598110265174, 31.216779068196029 ], [ 20.14633804953726, 31.215629055496073 ], [ 20.036770752797274, 30.820167180012344 ], [ 20.036424030415038, 30.819104883591841 ], [ 20.035648102485464, 30.818300753040656 ], [ 19.617258269756189, 30.422200188543705 ], [ 19.616352957665903, 30.421422190585936 ], [ 19.61526357098322, 30.420934228027502 ], [ 19.240882479704837, 30.27443376133262 ], [ 19.239746159202049, 30.274051324232484 ], [ 19.238547925035302, 30.274009883883124 ], [ 18.969302296420878, 30.277719168183104 ], [ 18.968045777266333, 30.277800621165376 ], [ 18.96692452395278, 30.278373566172295 ], [ 17.853963612698013, 30.920581544526513 ], [ 17.848496664965676, 30.923305396013685 ], [ 17.842738387228351, 30.925342335367748 ], [ 16.946156840332073, 31.182077520218208 ], [ 16.941868149403277, 31.183103316052364 ], [ 16.93750575702672, 31.183747256833069 ], [ 16.045751368020539, 31.275421807752206 ], [ 16.044617202378912, 31.275591424485196 ], [ 16.043537961294152, 31.275964568363097 ], [ 15.762697040199837, 31.387647067143568 ], [ 15.761523347494151, 31.388186271987529 ], [ 15.760572637342072, 31.389060598378439 ], [ 15.491214039219866, 31.664039257830716 ], [ 15.490452254023594, 31.664892219663429 ], [ 15.489952238791121, 31.66592073575022 ], [ 15.361616985547396, 31.964104344853901 ], [ 15.361163938031547, 31.965331800325945 ], [ 15.36111616378796, 31.966639323407612 ], [ 15.364211362156997, 32.156257057204044 ], [ 15.36403876804893, 32.161303160871988 ], [ 15.363358142807963, 32.166306130013915 ], [ 15.362176426892447, 32.171214948451052 ], [ 15.360505670472733, 32.175979560076328 ], [ 15.358362910553408, 32.180551379285561 ], [ 15.355769997243881, 32.184883786413593 ], [ 15.352753370948884, 32.188932603123455 ], [ 15.193755900709272, 32.381246529580075 ], [ 15.19034072120105, 32.384975997756179 ], [ 15.186566299111201, 32.388341428165141 ], [ 15.182471242828072, 32.39130839597555 ], [ 15.178097440492296, 32.393846552211379 ], [ 15.173489631524928, 32.395929934190328 ], [ 15.168694948990005, 32.397537231094837 ], [ 15.163762437472606, 32.398652001959483 ], [ 14.470819970441983, 32.518798966125971 ], [ 14.469520763693112, 32.519097055682408 ], [ 14.468383455567809, 32.519792272043027 ], [ 14.194951726122296, 32.707874463214985 ], [ 14.191050169318713, 32.710301904948011 ], [ 14.186942239101851, 32.712360916407974 ], [ 14.182662630424046, 32.71403410749798 ], [ 14.178247488207733, 32.715307346701181 ], [ 14.173734102070954, 32.716169880433377 ], [ 13.572657253890929, 32.802629960037599 ], [ 13.57147904126994, 32.802857943531698 ], [ 13.570366477798895, 32.803307792370013 ], [ 13.365798876595518, 32.897749835001576 ], [ 13.361155685378213, 32.899617560918557 ], [ 13.356349038216035, 32.90101175166582 ], [ 13.351427093146814, 32.901918438776676 ], [ 13.346439163383865, 32.90232853810771 ], [ 13.341435223244444, 32.902237940853247 ], [ 13.336465407454567, 32.901647554711715 ], [ 12.730947638383125, 32.798760244215778 ], [ 12.729824327134555, 32.798621487517941 ], [ 12.72869911033097, 32.79868806665521 ], [ 12.305159490752201, 32.842951760264924 ], [ 12.303901162355318, 32.84314890001211 ], [ 12.302709355972453, 32.843598179413227 ], [ 11.484862829951458, 33.200785553155626 ], [ 11.480302972013533, 33.202517414302363 ], [ 11.475596063598211, 33.203796734674839 ], [ 11.470786898747726, 33.204611339417347 ], [ 11.465921244643928, 33.204953476214342 ], [ 11.461045406057632, 33.204819889066613 ], [ 11.456205784681895, 33.204211849277485 ], [ 11.451448437542934, 33.203135143354274 ], [ 11.446818638691113, 33.201600017940073 ], [ 11.442360448343241, 33.199621082299942 ], [ 11.438116293576519, 33.197217169289502 ], [ 11.434126564564512, 33.194411156129085 ], [ 11.433096237010124, 33.193608638160782 ], [ 11.431900762767807, 33.193632945479912 ], [ 11.180751709842555, 33.211002207690768 ], [ 11.179573634962358, 33.211141642489146 ], [ 11.179028176386952, 33.212195102231561 ], [ 11.134145726668047, 33.310315778074106 ], [ 11.133697997358896, 33.311436454651421 ], [ 11.133758691845204, 33.311990611038176 ], [ 11.134053732386734, 33.316966795674197 ], [ 11.133851805409016, 33.321947627728044 ], [ 11.13315491802279, 33.326883598800066 ], [ 11.13196999713883, 33.331725646399143 ], [ 11.130308820615946, 33.33642564161326 ], [ 11.128187900191589, 33.340936867500588 ], [ 11.125628317358739, 33.345214483445794 ], [ 11.122655513820396, 33.349215970866162 ], [ 11.119299038604524, 33.352901555837121 ], [ 11.115592254353061, 33.35623460443653 ], [ 11.11157200570444, 33.359181986877985 ], [ 11.107278253065799, 33.361714406813761 ], [ 11.104262273554662, 33.363109076405379 ], [ 11.104272938042239, 33.363132257735785 ], [ 11.102121625591607, 33.364121961281747 ], [ 11.10180129759053, 33.365247404855516 ], [ 11.050348320673354, 33.585608681632976 ], [ 11.049010088402435, 33.590295281852747 ], [ 11.047221914830391, 33.594829322270208 ], [ 11.045000791244901, 33.599167720275105 ], [ 11.042367822839768, 33.603269252258215 ], [ 11.039348028172654, 33.607094945319531 ], [ 11.035970101437853, 33.610608447590089 ], [ 11.032266139813059, 33.613776373648719 ], [ 11.028271338470873, 33.616568621751483 ], [ 11.024023656153037, 33.618958659859473 ], [ 11.019563454485148, 33.620923777747201 ], [ 11.014933114459078, 33.622445302795924 ], [ 11.010176633727321, 33.623508777421534 ], [ 10.980828239901676, 33.628583137109359 ], [ 10.975960616432779, 33.629180676325511 ], [ 10.971057868954095, 33.62929848341372 ], [ 10.966167163487503, 33.628935425031578 ], [ 10.961335550206822, 33.628094993918552 ], [ 10.956609510799867, 33.626785275294694 ], [ 10.952034511299516, 33.625018869078218 ], [ 10.947654564685736, 33.622812768670208 ], [ 10.943511807466418, 33.620188197472551 ], [ 10.939646094310502, 33.617170404711949 ], [ 10.936094614633125, 33.613788422534142 ], [ 10.932891534821383, 33.610074786705283 ], [ 10.93006766954259, 33.60606522360726 ], [ 10.927650185297184, 33.601798306538349 ], [ 10.925662339068179, 33.597315084625521 ], [ 10.924123254581431, 33.592658687918579 ], [ 10.909753239824623, 33.540769395130845 ], [ 10.909388436076382, 33.539660906458202 ], [ 10.908310422273567, 33.53921401144477 ], [ 10.739263918787961, 33.478421516753656 ], [ 10.73814470080357, 33.47807899014817 ], [ 10.737299587552066, 33.478888778370056 ], [ 10.674957007057905, 33.544677233083064 ], [ 10.674152592029012, 33.545617499171847 ], [ 10.674407043501564, 33.546828465027907 ], [ 10.69640838518038, 33.630227434157433 ], [ 10.697408616399251, 33.634922252539369 ], [ 10.697954037770103, 33.639691350741209 ], [ 10.698039622300776, 33.644490773354256 ], [ 10.697664581183227, 33.649276285478443 ], [ 10.696832371063744, 33.654003780422656 ], [ 10.695550662184029, 33.658629686223492 ], [ 10.693831267686789, 33.663111367235508 ], [ 10.691690034737386, 33.667407517091711 ], [ 10.689146698465061, 33.671478539412504 ], [ 10.686224700069923, 33.675286912754153 ], [ 10.682950970772136, 33.67879753643313 ], [ 10.679355683594595, 33.68197805403905 ], [ 10.675471975266834, 33.684799151654417 ], [ 10.671335640813313, 33.687234828032587 ], [ 10.66698480364095, 33.689262634243775 ], [ 10.66245956416663, 33.690863880580423 ], [ 10.657801630223176, 33.692023808814831 ], [ 10.653053932650229, 33.692731728221538 ], [ 10.648260229613028, 33.692981114110644 ], [ 10.643464703295965, 33.692769667964029 ], [ 10.638711552688081, 33.692099338620103 ], [ 10.447209166746532, 33.655641891729132 ], [ 10.446066399272036, 33.655479499372156 ], [ 10.445062637586778, 33.656049368881561 ], [ 10.173673218695386, 33.827455338458428 ], [ 10.172739966942972, 33.828106750982634 ], [ 10.172193542375602, 33.829105108284608 ], [ 10.005777861747116, 34.169497142591041 ], [ 10.005292662480571, 34.17063259285937 ] ], [ [ 23.0064895796203, 36.332065097331053 ], [ 23.002728511373231, 36.335378568406625 ], [ 22.998654587212823, 36.338298819570987 ], [ 22.994308749628637, 36.340796502621266 ], [ 22.989734673810226, 36.342846516117604 ], [ 22.984978328716284, 36.344428257649938 ], [ 22.980087515091675, 36.345525830889905 ], [ 22.975111385075191, 36.346128205347199 ], [ 22.970099948225982, 36.346229327224812 ], [ 22.965103568932978, 36.345828180258991 ], [ 22.960172460258327, 36.34492879593261 ], [ 22.955356179301646, 36.343540212959198 ], [ 22.950703129156619, 36.341676386444838 ], [ 22.946260072465233, 36.339356047640941 ], [ 22.942071661458375, 36.336602515697166 ], [ 22.93817998920581, 36.333443463306594 ], [ 22.93462416658549, 36.329910638598157 ], [ 22.931439929223501, 36.326039546071456 ], [ 22.928659278354971, 36.321869089780463 ], [ 22.926310159215177, 36.31744118235202 ], [ 22.92441618019301, 36.312800323768599 ], [ 22.922996375569241, 36.307993154148328 ], [ 22.922065014224124, 36.303067985016959 ], [ 22.912464424703273, 36.233300700895327 ], [ 22.912029815915034, 36.228277989115334 ], [ 22.912103210369352, 36.223237043601074 ], [ 22.912683861893623, 36.218229113666361 ], [ 22.913765867231785, 36.213305112968563 ], [ 22.915338226060392, 36.208515101889475 ], [ 22.917384952824587, 36.203907778591031 ], [ 22.919885239256971, 36.199529983920229 ], [ 22.922813665927073, 36.195426225196627 ], [ 22.926140460670723, 36.191638223723913 ], [ 22.929831801271973, 36.188204490625779 ], [ 22.957709469473951, 36.164779505695158 ], [ 22.961481885944295, 36.161903544829592 ], [ 22.965509869069511, 36.15939802514918 ], [ 22.969757163332911, 36.157285498613 ], [ 22.97418553921781, 36.155584979883905 ], [ 22.97875513730801, 36.154311775179231 ], [ 22.983424827058847, 36.153477344500921 ], [ 22.988152577009547, 36.153089198485056 ], [ 22.992895833104658, 36.153150830799291 ], [ 22.99761190171931, 36.153661686696665 ], [ 23.002258333940709, 36.154617168008826 ], [ 23.006793307647037, 36.156008674533744 ], [ 23.011176003944612, 36.15782368144535 ], [ 23.01536697457513, 36.160045852028389 ], [ 23.019328496985903, 36.162655184723718 ], [ 23.023024913867193, 36.165628193160586 ], [ 23.063557745089184, 36.201524534759294 ], [ 23.067017898182289, 36.204901110271066 ], [ 23.070135765817238, 36.208596082940169 ], [ 23.072882197276549, 36.212574906365973 ], [ 23.075231514610763, 36.216800380265738 ], [ 23.077161752716197, 36.221232998281181 ], [ 23.078654864699175, 36.225831317345872 ], [ 23.079696890606719, 36.230552345160071 ], [ 23.08027808794608, 36.235351942150153 ], [ 23.080393022772832, 36.240185234154573 ], [ 23.080040620495922, 36.24500703197797 ], [ 23.079224175924629, 36.249772253890583 ], [ 23.077951322463523, 36.254436347123033 ], [ 23.076233960743409, 36.25895570441547 ], [ 23.074088147355578, 36.263288071726663 ], [ 23.071533944729609, 36.267392943291028 ], [ 23.06859523355828, 36.27123194033009 ], [ 23.065299489523419, 36.274769169877509 ], [ 23.0064895796203, 36.332065097331053 ] ], [ [ 10.8261573473771, 33.729744628143827 ], [ 10.826851427185231, 33.728830149317389 ], [ 10.854951393797043, 33.687931164650983 ], [ 10.857837939918582, 33.684131887730203 ], [ 10.861073490239848, 33.680625056147264 ], [ 10.864628579699447, 33.677442605430166 ], [ 10.868470833301238, 33.674613517080175 ], [ 10.872565260942453, 33.672163554647121 ], [ 10.876874576056718, 33.670115029109446 ], [ 10.881359535170194, 33.668486595695704 ], [ 10.885979295278602, 33.667293083997698 ], [ 10.890691785790644, 33.666545362922392 ], [ 10.895454091650624, 33.666250241712483 ], [ 10.900222844151338, 33.666410407936922 ], [ 10.904954615878214, 33.667024403016129 ], [ 10.909606316188057, 33.668086635504771 ], [ 10.914135583620967, 33.669587432011205 ], [ 10.918501171671801, 33.671513125289728 ], [ 10.922663324408139, 33.673846178703592 ], [ 10.926584138514093, 33.676565345925198 ], [ 10.930227908462983, 33.679645864419236 ], [ 11.016067284234662, 33.759543333746279 ], [ 11.019476378831952, 33.763042490920142 ], [ 11.022527721613868, 33.766857636281451 ], [ 11.025192183208844, 33.770952348885473 ], [ 11.02744432757204, 33.775287538923749 ], [ 11.029262654808271, 33.779821820891449 ], [ 11.030629806418846, 33.78451190867041 ], [ 11.031532731012916, 33.78931302875619 ], [ 11.031962808901422, 33.794179347684342 ], [ 11.031915934384184, 33.799064409575486 ], [ 11.031392554944594, 33.803921579622212 ], [ 11.030397666977766, 33.808704489284139 ], [ 11.028940768092895, 33.813367478940989 ], [ 11.027035766445168, 33.817866033778138 ], [ 11.024700847962816, 33.82215720874327 ], [ 11.021958302736762, 33.826200038517541 ], [ 11.018834312230263, 33.829955928587282 ], [ 11.015358699339906, 33.833389023683111 ], [ 11.011564643693985, 33.836466550069076 ], [ 10.944482399679067, 33.88564763339123 ], [ 10.940357355080161, 33.888369067886323 ], [ 10.935983807499975, 33.890669998180329 ], [ 10.931404481597633, 33.892527946762549 ], [ 10.926664112255896, 33.893924763557251 ], [ 10.921809007571465, 33.894846803229527 ], [ 10.916886596476775, 33.895285058484966 ], [ 10.911944965412474, 33.8952352480608 ], [ 10.784204643271295, 33.887623361876237 ], [ 10.779435014907982, 33.88710859403848 ], [ 10.774736673835017, 33.886139093232408 ], [ 10.770152871741175, 33.884723784426747 ], [ 10.765725805899603, 33.882875696581088 ], [ 10.761496230710845, 33.880611842704717 ], [ 10.757503082528583, 33.87795306323936 ], [ 10.753783121221833, 33.87492383420755 ], [ 10.750370591773279, 33.871552041892819 ], [ 10.747296909029011, 33.867868726125948 ], [ 10.744590368501717, 33.863907794540445 ], [ 10.74227588588967, 33.859705710427839 ], [ 10.740374767709376, 33.855301157066208 ], [ 10.738904515153401, 33.850734681612145 ], [ 10.737878662979014, 33.846048321834324 ], [ 10.737306654910773, 33.841285219124877 ], [ 10.737193756704093, 33.836489221351123 ], [ 10.738745948845381, 33.773032963115632 ], [ 10.739121885815797, 33.768015761681532 ], [ 10.740000137638255, 33.763061741841803 ], [ 10.741371811612979, 33.758221065304049 ], [ 10.74322301891613, 33.753542746123316 ], [ 10.745535015230473, 33.749074154412433 ], [ 10.748284390540134, 33.744860536698077 ], [ 10.751443306167667, 33.740944557779059 ], [ 10.754979776653348, 33.737365868725789 ], [ 10.758857993622525, 33.734160705395155 ], [ 10.763038688361725, 33.731361521525933 ], [ 10.767479529432261, 33.72899666012993 ], [ 10.772135551295341, 33.727090066506051 ], [ 10.776959609608619, 33.725661045783262 ], [ 10.781902858584152, 33.72472406744734 ], [ 10.786915245574241, 33.724288618830776 ], [ 10.791946017877297, 33.724359109049168 ], [ 10.796944236632061, 33.724934824356943 ], [ 10.825017249997666, 33.729609734596252 ], [ 10.8261573473771, 33.729744628143827 ] ] ], [ [ [ 20.827907378647097, 54.928802945605604 ], [ 20.828636329569225, 54.92962896391866 ], [ 21.232021495019751, 55.343641198102233 ], [ 21.235192083660124, 55.347223228165916 ], [ 21.238005848220944, 55.351091858504923 ], [ 21.240437033108972, 55.355211677887354 ], [ 21.242463384646726, 55.359544975840301 ], [ 21.244066354769924, 55.364052087830004 ], [ 21.245231270805863, 55.368691758328303 ], [ 21.245947469778692, 55.373421518442193 ], [ 21.246208396012186, 55.378198074649788 ], [ 21.246011661136677, 55.382977705084492 ], [ 21.245359065950815, 55.387716659740001 ], [ 21.2442565839381, 55.392371560932858 ], [ 21.242714306589001, 55.396899800356962 ], [ 21.240746351029237, 55.401259929095708 ], [ 21.238370730799684, 55.405412037021634 ], [ 21.235961583838638, 55.408819673329141 ], [ 21.235827446570422, 55.409031211454661 ], [ 21.236597711280226, 55.409926235590845 ], [ 21.247460490121643, 55.421362470316993 ], [ 21.248260856196701, 55.422125340640811 ], [ 21.248312102836685, 55.421020835879887 ], [ 21.248305597844752, 55.419066080847124 ], [ 21.248245116546261, 55.41788177410065 ], [ 21.248229768248159, 55.417819544065232 ], [ 21.24687371656433, 55.413242798724617 ], [ 21.245947007567779, 55.408417509163385 ], [ 21.245498378920825, 55.40352456104889 ], [ 21.245532162978073, 55.398611205011363 ], [ 21.246048033490819, 55.39372488875798 ], [ 21.247041008757584, 55.388912798875857 ], [ 21.248501499731834, 55.384221405156694 ], [ 21.250415402622284, 55.379696011843407 ], [ 21.252764235091561, 55.375380320132301 ], [ 21.255525314737998, 55.371316006155745 ], [ 21.257037954592374, 55.369309135930429 ], [ 21.257208233124416, 55.368140336841542 ], [ 21.271215441915881, 55.221504867029594 ], [ 21.271269931284877, 55.220324219894081 ], [ 21.27015564992513, 55.219930171925739 ], [ 21.224609132704082, 55.206299161714803 ], [ 21.219992360667611, 55.204667182261467 ], [ 21.215557364213197, 55.202591430006926 ], [ 21.211346680174127, 55.200091813857199 ], [ 21.207400693963734, 55.197192308071678 ], [ 21.203757252231789, 55.193920722321799 ], [ 21.200451299870611, 55.190308434963562 ], [ 21.197514544852432, 55.186390092082185 ], [ 21.194975154112633, 55.182203275195391 ], [ 21.192857483395734, 55.177788140802463 ], [ 21.191181843655105, 55.173187035236133 ], [ 21.189964306247063, 55.168444088511478 ], [ 21.189216548787655, 55.163604791067144 ], [ 21.188945743150569, 55.158715557458514 ], [ 21.189154486680433, 55.153823281187528 ], [ 21.189840777281237, 55.148974884938859 ], [ 21.229926700759947, 54.940093818148362 ], [ 21.230087596389488, 54.938963571036695 ], [ 21.22894903319342, 54.938879786874679 ], [ 20.829008728612568, 54.928776413473528 ], [ 20.827907378647097, 54.928802945605604 ] ] ], [ [ [ -2.55802498759169, 4.965295095715054 ], [ -2.557024548577048, 4.96506526914424 ], [ -2.253858346800034, 4.879447686593512 ], [ -2.252780913348559, 4.879089391555398 ], [ -2.251905449248024, 4.878370060979375 ], [ -2.113487530854179, 4.75369295235646 ], [ -2.109817796617435, 4.750690115090904 ], [ -2.105880112019847, 4.748048407116571 ], [ -2.101709890991704, 4.745791586878232 ], [ -2.09734463880117, 4.743939951297242 ], [ -2.092823614747192, 4.742510153229299 ], [ -2.088187479077363, 4.741515051695447 ], [ -2.083477927306228, 4.740963596233282 ], [ -2.078737315222829, 4.740860746408461 ], [ -2.07400827795999, 4.741207427210387 ], [ -1.994612634764927, 4.750830291638538 ], [ -1.989501945514109, 4.751720805473282 ], [ -1.984511034039146, 4.75313606592895 ], [ -1.97969362682232, 4.755060837919491 ], [ -1.975101582596206, 4.757474401536573 ], [ -1.970784334091476, 4.760350775096579 ], [ -1.619504362588597, 5.021684170094625 ], [ -1.618451118385236, 5.02238709822173 ], [ -1.617234813988504, 5.022739284136119 ], [ -0.80561818487444, 5.213404266476023 ], [ -0.801637101617255, 5.214514980112543 ], [ -0.797761355771262, 5.215950703909186 ], [ -0.794017430631345, 5.217701627445405 ], [ 0.242145152309012, 5.75555207633065 ], [ 0.243356498886192, 5.756100418653999 ], [ 0.244679162684311, 5.756236801610472 ], [ 0.924610626062342, 5.78959955979919 ], [ 0.92953357927817, 5.790086135071445 ], [ 0.934384355131635, 5.791056803645286 ], [ 0.939115469913703, 5.792502063753258 ], [ 0.943680611264351, 5.794407767903802 ], [ 0.948035091519144, 5.796755261369484 ], [ 0.952136285151844, 5.799521564796063 ], [ 0.955944046030981, 5.80267959914485 ], [ 0.959421100405897, 5.806198450766426 ], [ 0.962533411775379, 5.810043674010946 ], [ 0.9652505140672, 5.814177628412796 ], [ 0.967545809867148, 5.818559847148955 ], [ 1.047523332736088, 5.99157672324598 ], [ 1.048069150811854, 5.992623083298343 ], [ 1.049035183002148, 5.993300998144262 ], [ 1.270014953645089, 6.133106995124932 ], [ 1.271027145730538, 6.133682723583125 ], [ 1.272159461854713, 6.133954488684528 ], [ 2.305413722912744, 6.33118998368837 ], [ 2.308565022605429, 6.331585927673321 ], [ 3.323311071050254, 6.393929853156268 ], [ 3.328098264126867, 6.394456350028877 ], [ 3.332812596028749, 6.395440977485605 ], [ 3.33741032828482, 6.396874600382717 ], [ 3.341848804208301, 6.398743917901577 ], [ 3.346086844655498, 6.401031586950535 ], [ 3.350085130076284, 6.403716383070088 ], [ 3.35380656531171, 6.406773397348461 ], [ 3.357216623754228, 6.410174267520673 ], [ 3.360283667677506, 6.413887441107017 ], [ 3.362979241763858, 6.417878468149601 ], [ 3.365278337106048, 6.422110320831011 ], [ 3.367159623234091, 6.426543737009768 ], [ 3.368605646014375, 6.43113758448531 ], [ 3.369602989585043, 6.435849242612942 ], [ 3.370142400825221, 6.440634997728242 ], [ 3.370218875203319, 6.445450448712224 ], [ 3.369868254677419, 6.449797724377476 ], [ 3.369861507901798, 6.450011826626183 ], [ 3.3701711506935, 6.451175953807446 ], [ 3.401976469444945, 6.550965141963986 ], [ 3.402405653030134, 6.552111230059721 ], [ 3.403405023945361, 6.552817611151458 ], [ 3.480174730684751, 6.60154141863543 ], [ 3.48119397982598, 6.60212014575563 ], [ 3.481868836172223, 6.601161833278668 ], [ 3.506382151650567, 6.562444342526661 ], [ 3.509207039870657, 6.558432618170238 ], [ 3.512411524725407, 6.554717082867809 ], [ 3.515964748402611, 6.551333515627798 ], [ 3.519832494885052, 6.548314498748831 ], [ 3.523977519436047, 6.545689104066203 ], [ 3.528359907250257, 6.543482613002595 ], [ 3.532937457816112, 6.541716273118835 ], [ 3.537666091288604, 6.540407093509021 ], [ 3.542500272959252, 6.53956768101025 ], [ 3.54739345173578, 6.539206118804195 ], [ 3.552298508409137, 6.539325888579541 ], [ 3.557168209391222, 6.539925837004815 ], [ 3.561955661554058, 6.541000186834474 ], [ 3.566614763790446, 6.542538592541301 ], [ 3.772519505161798, 6.621929723724141 ], [ 3.773696581042803, 6.622316846004237 ], [ 3.774914557935597, 6.622089022436535 ], [ 3.856712112347928, 6.602489221489829 ], [ 3.857729367939859, 6.602191318454492 ], [ 3.856741689399304, 6.601806550656571 ], [ 3.615673537753375, 6.521443587522314 ], [ 3.611121241248053, 6.519674592631041 ], [ 3.606763248346073, 6.517469905745334 ], [ 3.602641139087233, 6.514850562000063 ], [ 3.598794242922243, 6.511841552812058 ], [ 3.595259263466558, 6.50847158743455 ], [ 3.59206992830757, 6.504772819039347 ], [ 3.58925666720637, 6.500780537940252 ], [ 3.586846321764396, 6.496532834884709 ], [ 3.584861889325071, 6.492070237626221 ], [ 3.583322303553882, 6.48743532424506 ], [ 3.582242253790413, 6.482672316906609 ], [ 3.581632044895907, 6.47782665993332 ], [ 3.581497498933567, 6.47294458621596 ], [ 3.581839899619679, 6.46807267610104 ], [ 3.582655980075553, 6.463257412963136 ], [ 3.583937953997125, 6.458544739702436 ], [ 3.58567358994486, 6.453979620398996 ], [ 3.587846328045118, 6.449605611306024 ], [ 3.590435437989541, 6.445464445275374 ], [ 3.593416216824969, 6.441595633580296 ], [ 3.596760224646752, 6.438036088934478 ], [ 3.600435555946677, 6.434819773304211 ], [ 3.604407144026577, 6.431977373873921 ], [ 3.608637095573143, 6.429536010256716 ], [ 3.613085052201771, 6.427518975743487 ], [ 3.617708575519881, 6.425945515059321 ], [ 3.622463552035802, 6.424830640747686 ], [ 3.627304614049952, 6.424184989934268 ], [ 4.404313348083759, 6.358974744359711 ], [ 4.405508709358815, 6.358815445739288 ], [ 4.406553722808794, 6.358213605629528 ], [ 4.746673394607328, 6.139594124744909 ], [ 4.747763897225157, 6.138806565416259 ], [ 4.748659495549815, 6.137802897494816 ], [ 5.017789072761698, 5.801132715697936 ], [ 5.021156936025873, 5.797332585818416 ], [ 5.024892856172956, 5.79389363383823 ], [ 5.028958303178944, 5.790851327031066 ], [ 5.033311348478838, 5.788237041911864 ], [ 5.037907097392536, 5.786077740638384 ], [ 5.042698152141451, 5.784395692939802 ], [ 5.047635100680571, 5.78320824644017 ], [ 5.052667026304447, 5.782527647745498 ], [ 5.057742032771342, 5.782360916139662 ], [ 5.062807779529724, 5.78270977119174 ], [ 5.067812021527099, 5.783570615021427 ], [ 5.072703148033936, 5.784934569405388 ], [ 5.077430714925551, 5.786787567341899 ], [ 5.081945964932347, 5.789110498129404 ], [ 5.289300233048147, 5.909477624510957 ], [ 5.290100122427227, 5.909890243058653 ], [ 5.289495498562157, 5.909223529427133 ], [ 5.118792775184864, 5.738830673048795 ], [ 5.115410148212699, 5.735095378425343 ], [ 5.112420688762615, 5.731038566456184 ], [ 5.109854763274816, 5.726701445573863 ], [ 5.107738436000784, 5.722128071543018 ], [ 5.106093204246871, 5.717364899949141 ], [ 5.104935780008174, 5.712460314310325 ], [ 5.104277920210829, 5.707464134605406 ], [ 5.104126307287073, 5.702427111210765 ], [ 5.104482481296191, 5.697400409386304 ], [ 5.105342824280847, 5.692435089547104 ], [ 5.106698597017699, 5.687581588600075 ], [ 5.108536027789007, 5.682889207614108 ], [ 5.110836452273483, 5.678405611027881 ], [ 5.113576503135421, 5.674176342482282 ], [ 5.146456683795193, 5.628631856221106 ], [ 5.149576721565435, 5.624735730097798 ], [ 5.153069673013154, 5.621170099068045 ], [ 5.156900728174389, 5.617970497404082 ], [ 5.161031707620055, 5.615168811612287 ], [ 5.165421442943495, 5.612792962659471 ], [ 5.170026187035512, 5.610866627718838 ], [ 5.174800050058156, 5.609409004208637 ], [ 5.179695456772476, 5.608434618475031 ], [ 5.184663620662582, 5.607953181025818 ], [ 5.189655030131031, 5.607969489757706 ], [ 5.194619941920205, 5.608483382141564 ], [ 5.199508876842361, 5.609489736842145 ], [ 5.204273112878028, 5.610978524756158 ], [ 5.208865170728628, 5.612934908960042 ], [ 5.213239286984424, 5.615339392571389 ], [ 5.217351870192315, 5.618168013050465 ], [ 5.221161935278385, 5.621392581005457 ], [ 5.330490099015592, 5.723711777794248 ], [ 5.331330541605256, 5.724423932791982 ], [ 5.331335261723754, 5.723322349291831 ], [ 5.329825897853811, 5.689841915916914 ], [ 5.329847156206428, 5.684907963486676 ], [ 5.330354600303329, 5.680000129036542 ], [ 5.331343288788164, 5.675166203759776 ], [ 5.332803594074078, 5.67045325914167 ], [ 5.334721296094592, 5.665907188589872 ], [ 5.337077720774851, 5.661572260536528 ], [ 5.33984992187483, 5.657490687364001 ], [ 5.343010904433738, 5.653702214351866 ], [ 5.346529887639812, 5.650243732647884 ], [ 5.350372604565711, 5.647148920031778 ], [ 5.354501635850793, 5.644447912969918 ], [ 5.358876774080943, 5.642167013154386 ], [ 5.363455415317733, 5.640328431384062 ], [ 5.368192973964306, 5.638950071281737 ], [ 5.373043316928118, 5.638045354953375 ], [ 5.377959212852785, 5.637623092287193 ], [ 5.382892792044536, 5.637687395165305 ], [ 5.387796012614622, 5.638237637423299 ], [ 5.392621128298524, 5.639268460947658 ], [ 5.397321153396433, 5.64076982785166 ], [ 5.40185032030757, 5.642727118221652 ], [ 5.4274232216368, 5.655310448042383 ], [ 5.428476647556423, 5.655768657968584 ], [ 5.429518193913381, 5.655284051230206 ], [ 5.501037566632291, 5.617825285332074 ], [ 5.501969548554328, 5.617277176059376 ], [ 5.500922025386056, 5.617009390156548 ], [ 5.292711574280517, 5.574560832007687 ], [ 5.287989841639959, 5.57335584425331 ], [ 5.283407834294813, 5.571696940004674 ], [ 5.279009075366711, 5.56959987669863 ], [ 5.274835347355208, 5.567084573714276 ], [ 5.270926295258274, 5.564174923164715 ], [ 5.267319049996281, 5.560898562952994 ], [ 5.264047875716463, 5.55728661424791 ], [ 5.261143844327991, 5.553373385873297 ], [ 5.25863454035918, 5.549196048418743 ], [ 5.256543798940271, 5.544794281167244 ], [ 5.254891479400642, 5.540209895193521 ], [ 5.253693276630956, 5.535486436213088 ], [ 5.252960572002073, 5.530668770954488 ], [ 5.252700325256806, 5.52580266098361 ], [ 5.252915008401394, 5.520934328028219 ], [ 5.253602582224655, 5.516110014931551 ], [ 5.254756515667845, 5.511375546405328 ], [ 5.256365847861235, 5.506775893754483 ], [ 5.258415292238149, 5.502354747708146 ], [ 5.260885381737497, 5.49815410341443 ], [ 5.26375265371559, 5.494213861541049 ], [ 5.266989872810796, 5.490571449270761 ], [ 5.270566289644115, 5.487261464791725 ], [ 5.359473099327032, 5.41268309724568 ], [ 5.363530564478337, 5.409617120275714 ], [ 5.367878484375731, 5.406979160685375 ], [ 5.372471878503962, 5.404796508945597 ], [ 5.377263226844372, 5.403091745233153 ], [ 5.382202961483524, 5.401882505832053 ], [ 5.387239979407905, 5.401181300680983 ], [ 5.392322171179686, 5.400995383954292 ], [ 5.397396960024247, 5.401326679015419 ], [ 5.454415792043615, 5.407974614310097 ], [ 5.459346131949814, 5.408801057605687 ], [ 5.464169302208189, 5.410115701576582 ], [ 5.468837087977744, 5.411905404379011 ], [ 5.473302827719155, 5.414152275241671 ], [ 5.477521879647034, 5.416833853310894 ], [ 5.48145206799172, 5.419923332180668 ], [ 5.48505410460953, 5.423389827862973 ], [ 5.488291981726844, 5.427198687519702 ], [ 5.491133331891964, 5.431311835869891 ], [ 5.493549751536472, 5.435688155809419 ], [ 5.495517084911618, 5.440283899438314 ], [ 5.516671419617317, 5.497443338341295 ], [ 5.517146602296649, 5.49855515268033 ], [ 5.51827126104114, 5.49899908106608 ], [ 5.638748166226277, 5.53979676134405 ], [ 5.639557206429521, 5.540027431140949 ], [ 5.638858510940941, 5.539558838332725 ], [ 5.572452150323575, 5.499572212072485 ], [ 5.56839965609931, 5.496854053988024 ], [ 5.56463141853444, 5.493753815535174 ], [ 5.561183327970721, 5.490301024740148 ], [ 5.558088225529924, 5.486528567491777 ], [ 5.555375590320639, 5.482472374321923 ], [ 5.553071258666356, 5.478171078187397 ], [ 5.55119717802903, 5.473665646512782 ], [ 5.549771197971856, 5.468998990998781 ], [ 5.548806900152227, 5.464215558912414 ], [ 5.548313468964097, 5.459360909751825 ], [ 5.548295604061792, 5.454481281317704 ], [ 5.54875347559845, 5.449623149324259 ], [ 5.54968272260541, 5.4448327847442 ], [ 5.55107449452798, 5.440155813103773 ], [ 5.552915535521994, 5.435636779925295 ], [ 5.577363831020405, 5.383118218998341 ], [ 5.577803955091897, 5.382034217353611 ], [ 5.576648309231081, 5.381851867666311 ], [ 5.395215318956438, 5.362455771225721 ], [ 5.390381091258793, 5.361698166481324 ], [ 5.38564406734668, 5.360471656457931 ], [ 5.381049616014287, 5.358787988041743 ], [ 5.376641740568489, 5.356663286548415 ], [ 5.372462657387677, 5.354117901283026 ], [ 5.368552391594845, 5.351176210644837 ], [ 5.364948393717424, 5.347866388643436 ], [ 5.361685181005272, 5.344220135062478 ], [ 5.358794006842089, 5.34027237185535 ], [ 5.356302561416483, 5.336060908680557 ], [ 5.354234706519494, 5.33162608078013 ], [ 5.352610247008551, 5.327010362669292 ], [ 5.351444741126677, 5.322257961337258 ], [ 5.350749351493579, 5.317414392855282 ], [ 5.350530738195785, 5.312526046446993 ], [ 5.350790994999739, 5.307639740196112 ], [ 5.359329199843139, 5.22435725095744 ], [ 5.360070946890967, 5.219494603426695 ], [ 5.361286902535456, 5.214728369949215 ], [ 5.362965298500249, 5.210104679142447 ], [ 5.365089890913583, 5.205668280065672 ], [ 5.367640117519933, 5.201462109129121 ], [ 5.370591296685869, 5.197526874546309 ], [ 5.373914866274138, 5.193900662351311 ], [ 5.377578660074078, 5.19061856779406 ], [ 5.38154721911302, 5.187712355681078 ], [ 5.385782134835744, 5.185210152948954 ], [ 5.390242420830604, 5.183136176445888 ], [ 5.394884909504713, 5.181510498555902 ], [ 5.399664669869049, 5.180348852934059 ], [ 5.404535442390086, 5.179662482232812 ], [ 5.409450086699363, 5.179458029293235 ], [ 5.414361037827959, 5.179737472854194 ], [ 5.419220766550334, 5.1804981084017 ], [ 5.423982239382254, 5.181732574343762 ], [ 5.449643514133033, 5.189751722966649 ], [ 5.450838211348775, 5.190059380373283 ], [ 5.451728336421194, 5.18920519545617 ], [ 5.495013214557634, 5.143219903694495 ], [ 5.495746631574948, 5.142359229173731 ], [ 5.494638583238637, 5.142133640972866 ], [ 5.448371749593695, 5.135073664824791 ], [ 5.443471184064913, 5.134072806407398 ], [ 5.438695133350846, 5.132587343634317 ], [ 5.434091390932629, 5.130632141388959 ], [ 5.429706026018817, 5.128226765192549 ], [ 5.425582922535237, 5.12539528541384 ], [ 5.421763339982752, 5.122166036399239 ], [ 5.418285500557397, 5.118571332933723 ], [ 5.415184206664532, 5.114647146869884 ], [ 5.412490492654509, 5.110432747161058 ], [ 5.410231314264911, 5.105970306900671 ], [ 5.408429278877065, 5.101304481300148 ], [ 5.407102419286157, 5.096481960828489 ], [ 5.406264013248773, 5.091551003985236 ], [ 5.405922450613668, 5.086560954382292 ], [ 5.406081149365349, 5.081561746967134 ], [ 5.40673852142064, 5.076603408328591 ], [ 5.407887988520472, 5.071735556085564 ], [ 5.409518048057892, 5.067006902368276 ], [ 5.562560289427992, 4.686053576430694 ], [ 5.56445989028939, 4.681887478004745 ], [ 5.566732635679084, 4.677912621036129 ], [ 5.569359466481938, 4.674162338452043 ], [ 5.572318354242439, 4.670668079911512 ], [ 5.575584485894086, 4.667459148070318 ], [ 5.898425075339003, 4.378100632021811 ], [ 5.902138261631934, 4.37508020752605 ], [ 5.90612324824062, 4.372428679983448 ], [ 5.910343515605557, 4.370170348752416 ], [ 5.914760387986945, 4.368325909827668 ], [ 5.919333387900264, 4.366912266176184 ], [ 5.92402060706354, 4.365942372833585 ], [ 5.928779090456851, 4.365425118180463 ], [ 5.933565229974447, 4.365365242486721 ], [ 5.938335164061927, 4.36576329447038 ], [ 5.943045179676096, 4.366615626268967 ], [ 5.947652112883824, 4.367914426869572 ], [ 5.952113744428698, 4.369647793691216 ], [ 5.956389186640395, 4.371799841663505 ], [ 5.960439258141008, 4.374350848801975 ], [ 5.964226842914424, 4.377277436946008 ], [ 5.967717230448133, 4.380552786002997 ], [ 5.970878433830322, 4.384146879735363 ], [ 5.973681482887091, 4.38802678083796 ], [ 5.976100689673442, 4.392156932784981 ], [ 5.988060176066522, 4.415017950621908 ], [ 5.988636094949213, 4.416000750498371 ], [ 5.989127529645994, 4.415669022215853 ], [ 5.992080522936467, 4.413468860613702 ], [ 5.996328082919357, 4.410915941311337 ], [ 6.000807499771756, 4.408796038616621 ], [ 6.005474769202624, 4.407129977743688 ], [ 6.010284041520096, 4.405934125516605 ], [ 6.01518807204351, 4.405220229587172 ], [ 6.020138685219316, 4.404995303029922 ], [ 6.025087247881594, 4.405261555448027 ], [ 6.029985147007975, 4.406016371266898 ], [ 6.034784267277706, 4.407252335428711 ], [ 6.039437463740438, 4.408957306235453 ], [ 6.043899024952435, 4.411114534624899 ], [ 6.048125122030488, 4.413702828707786 ], [ 6.052074239212181, 4.416696761949841 ], [ 6.055199274563684, 4.419595435095255 ], [ 6.055402891497285, 4.419767093210343 ], [ 6.055769428416597, 4.418703186174446 ], [ 6.085030410603846, 4.318194307834407 ], [ 6.086652963954624, 4.313502639341091 ], [ 6.088732764070904, 4.30899499426815 ], [ 6.091249308755148, 4.304715807957706 ], [ 6.094177790480988, 4.30070726365725 ], [ 6.097489340940185, 4.297008876686761 ], [ 6.101151315619866, 4.293657104905648 ], [ 6.105127615604721, 4.290684989319449 ], [ 6.109379043431918, 4.288121828369093 ], [ 6.113863689490792, 4.28599288911352 ], [ 6.118537345158282, 4.284319158152753 ], [ 6.123353938597499, 4.28311713474675 ], [ 6.128265988923443, 4.282398668169451 ], [ 6.133225074258783, 4.282170840901317 ], [ 6.138182309065744, 4.282435898811855 ], [ 6.177424743886561, 4.28649546104594 ], [ 6.182173611633079, 4.287218702859645 ], [ 6.186831160070068, 4.288394315955908 ], [ 6.191354400354101, 4.290011449508805 ], [ 6.195701583296527, 4.29205517748975 ], [ 6.199832584705531, 4.294506636433689 ], [ 6.2037092757296, 4.297343199547549 ], [ 6.207295874784129, 4.300538685553943 ], [ 6.210559277812923, 4.304063600342511 ], [ 6.213469363836297, 4.307885409198481 ], [ 6.215999272965599, 4.311968837095786 ], [ 6.218125654318079, 4.316276194283068 ], [ 6.219828881543895, 4.320767724157426 ], [ 6.221093233975938, 4.325401970215049 ], [ 6.221907041730474, 4.330136158691828 ], [ 6.242375370318539, 4.496825519673492 ], [ 6.242534418674145, 4.497747468409994 ], [ 6.242762572797069, 4.496840147326619 ], [ 6.249219817858342, 4.464605169237247 ], [ 6.250449343518667, 4.459746256702253 ], [ 6.252159143105874, 4.455034850357678 ], [ 6.254332036030942, 4.450518291854978 ], [ 6.256946188401402, 4.446241964954924 ], [ 6.259975332414961, 4.442248839497686 ], [ 6.263389030306413, 4.438579039628753 ], [ 6.267152980195611, 4.435269440619247 ], [ 6.271229360763244, 4.43235329833192 ], [ 6.275577211291021, 4.429859915056082 ], [ 6.280152843247488, 4.427814345069238 ], [ 6.284910279283753, 4.426237142884047 ], [ 6.289801715227941, 4.425144156710293 ], [ 6.294778000436136, 4.424546369207229 ], [ 6.299789131673071, 4.424449787126459 ], [ 6.304784755559932, 4.42485538095426 ], [ 6.309714674540495, 4.425759075159841 ], [ 6.314529351281528, 4.427151789147521 ], [ 6.319180406439053, 4.42901952850133 ], [ 6.323621104788796, 4.431343525605183 ], [ 6.331490240453758, 4.435978391129984 ], [ 6.332422020086428, 4.436468258008611 ], [ 6.332052691126561, 4.435482469510989 ], [ 6.305730962149278, 4.374375988936308 ], [ 6.304042249635341, 4.369870375311767 ], [ 6.302794446205949, 4.365223301965028 ], [ 6.301999107670881, 4.360477805078188 ], [ 6.301663599597982, 4.355677832326037 ], [ 6.301791029101222, 4.350867835880083 ], [ 6.302380216065961, 4.346092360740482 ], [ 6.303425704077886, 4.341395632208269 ], [ 6.304917810954452, 4.336821146318327 ], [ 6.3068427184108, 4.332411267026003 ], [ 6.309182600029822, 4.328206833877844 ], [ 6.311915786351211, 4.324246783799757 ], [ 6.315016965550626, 4.320567790505188 ], [ 6.318457417850527, 4.317203924862734 ], [ 6.322205281491772, 4.314186339368502 ], [ 6.326225847802882, 4.311542979645281 ], [ 6.330481882634319, 4.309298325640323 ], [ 6.334933971181031, 4.307473164918465 ], [ 6.339540882999875, 4.306084400150127 ], [ 6.344259953841513, 4.305144892576996 ], [ 6.349047480760691, 4.304663342905083 ], [ 6.353859126845784, 4.304644210728163 ], [ 6.358650331819458, 4.305087673227828 ], [ 6.529328681265273, 4.329214857430625 ], [ 6.534116653097508, 4.330131703275168 ], [ 6.538792581893158, 4.331510460130795 ], [ 6.543312017748324, 4.333338021380103 ], [ 6.547631998398561, 4.335597014020752 ], [ 6.551711457622988, 4.33826596381518 ], [ 6.555511615624388, 4.34131949942711 ], [ 6.558996347674318, 4.344728593604325 ], [ 6.562132527518829, 4.348460839114981 ], [ 6.564890342280353, 4.352480756814394 ], [ 6.567243575862262, 4.356750132913768 ], [ 6.569169858162033, 4.361228382244759 ], [ 6.570650877723938, 4.365872934066645 ], [ 6.571672555809813, 4.37063963674856 ], [ 6.572225180233112, 4.375483177479854 ], [ 6.580740353773744, 4.506635358475081 ], [ 6.580869042123872, 4.507752261863554 ], [ 6.582008072880748, 4.506715239625078 ], [ 6.585819934402702, 4.503574649867111 ], [ 6.589923046955208, 4.500825457318042 ], [ 6.594277374676379, 4.498494487050739 ], [ 6.59884043048816, 4.496604483360541 ], [ 6.603567690661325, 4.495173887839222 ], [ 6.608413029252945, 4.494216659432337 ], [ 6.613329168177378, 4.49374213823568 ], [ 6.618268138519196, 4.493754954359892 ], [ 6.623181748586858, 4.494254982752451 ], [ 6.628022054140099, 4.495237344417858 ], [ 6.632741826202828, 4.496692454024136 ], [ 6.637295011896884, 4.498606113431094 ], [ 6.64163718380009, 4.500959650227792 ], [ 6.645725973444021, 4.503730099927404 ], [ 6.649521484721664, 4.506890430041757 ], [ 6.652986683171161, 4.510409803849127 ], [ 6.654088852350058, 4.511645781927103 ], [ 6.654304374740782, 4.511639968057328 ], [ 6.659168766696106, 4.511745568348728 ], [ 6.663999863379217, 4.512323465705522 ], [ 6.668751917279485, 4.513368187795606 ], [ 6.673379929372756, 4.514869841744121 ], [ 6.677840075234409, 4.516814207812883 ], [ 6.682090120029658, 4.519182874052547 ], [ 6.686089818451445, 4.521953410652435 ], [ 6.689801295818702, 4.525099582337022 ], [ 6.693189406726265, 4.528591596797847 ], [ 6.696222067850214, 4.532396386808327 ], [ 6.6988705617572, 4.536477923350025 ], [ 6.701109808840847, 4.540797556785276 ], [ 6.702452525325522, 4.543728568060441 ], [ 6.735526599847987, 4.606812848991704 ], [ 6.736135339910566, 4.607847514299382 ], [ 6.73788713592442, 4.608495142628641 ], [ 6.738785764544807, 4.608777306574765 ], [ 6.743202466603565, 4.610645671874531 ], [ 6.747419860048339, 4.61292857320862 ], [ 6.751399148155804, 4.615605009669102 ], [ 6.755103724585631, 4.618650360132478 ], [ 6.758499510130209, 4.622036609754766 ], [ 6.761555266216715, 4.625732607686177 ], [ 6.76424288227757, 4.629704353634579 ], [ 6.766537634345688, 4.633915310641611 ], [ 6.768418412495648, 4.638326741194146 ], [ 6.769867915038511, 4.642898063579129 ], [ 6.770872807683832, 4.647587225203619 ], [ 6.771423846204708, 4.652351089445778 ], [ 6.771515961477449, 4.657145832478073 ], [ 6.771148306113541, 4.661927346412236 ], [ 6.77032426225497, 4.666651645057365 ], [ 6.769051410461151, 4.671275268558492 ], [ 6.715964037113684, 4.83330728607709 ], [ 6.715668560617272, 4.834382629081533 ], [ 6.716762353748591, 4.834165176735037 ], [ 6.784107000584837, 4.817348659955893 ], [ 6.78527766751258, 4.816992805963849 ], [ 6.785601408448737, 4.815812854725194 ], [ 6.814149252180912, 4.686562738442646 ], [ 6.815463038306274, 4.681762842066118 ], [ 6.817247454061393, 4.677117317378692 ], [ 6.819484822995813, 4.672672183020779 ], [ 6.82215298169778, 4.668471472563045 ], [ 6.825225499345347, 4.664556798309165 ], [ 6.828671939530508, 4.660966939083693 ], [ 6.832458161762738, 4.657737456088418 ], [ 6.836546659665223, 4.654900340632541 ], [ 6.84089693251362, 4.652483697226264 ], [ 6.845465886436864, 4.65051146517707 ], [ 6.850208261305736, 4.64900318144657 ], [ 6.855077079080409, 4.647973787117054 ], [ 6.860024109175645, 4.647433479384894 ], [ 6.865000346233734, 4.647387610546959 ], [ 6.869956495572336, 4.647836634980676 ], [ 6.874843461498373, 4.648776104642964 ], [ 6.879612833650737, 4.650196713132613 ], [ 6.884217366554084, 4.652084387879645 ], [ 6.888611447633263, 4.654420429548411 ], [ 6.892751549052186, 4.657181697273502 ], [ 6.896596658901268, 4.660340837893528 ], [ 6.900108687462038, 4.66386655691196 ], [ 6.901952937310149, 4.666129152840125 ], [ 6.902621892813916, 4.666871994192425 ], [ 6.902752955155835, 4.66685185748821 ], [ 6.907160541253169, 4.665944611825973 ], [ 6.91197757223382, 4.665431701387041 ], [ 6.916821630190678, 4.665387349414015 ], [ 6.921647245182894, 4.665811972227594 ], [ 6.92640912038904, 4.666701584001353 ], [ 6.931062557296857, 4.668047834175677 ], [ 6.935563875276836, 4.669838085842353 ], [ 6.939870821601176, 4.672055534364003 ], [ 6.943942968059407, 4.674679365114954 ], [ 6.947742090447723, 4.677684948862831 ], [ 6.95123252736987, 4.681044072956912 ], [ 6.954381514981607, 4.684725206153094 ], [ 6.957159494536587, 4.688693794589683 ], [ 6.959540389846792, 4.692912586135702 ], [ 6.961501852053087, 4.697341980067177 ], [ 6.963025469408276, 4.701940398789072 ], [ 6.964096940103497, 4.706664678113604 ], [ 6.964706206515665, 4.7114704724315 ], [ 6.964847549615821, 4.716312670972963 ], [ 6.964519642652212, 4.721145821251004 ], [ 6.96372556360416, 4.725924555712382 ], [ 6.962912739466918, 4.72968044953263 ], [ 6.962744193163955, 4.730693962473081 ], [ 6.963476162571556, 4.729972965161702 ], [ 6.990816979941473, 4.700305851917913 ], [ 6.994370247334509, 4.696816249252361 ], [ 6.998253039936186, 4.693697442181988 ], [ 7.002426835728742, 4.690980373060325 ], [ 7.006850225589373, 4.688691998512591 ], [ 7.011479324119021, 4.686855021993239 ], [ 7.016268205038826, 4.685487668540111 ], [ 7.021169356834579, 4.68460350395994 ], [ 7.026134154128647, 4.684211300239064 ], [ 7.031113340102761, 4.684314948514677 ], [ 7.036057515185473, 4.684913420470017 ], [ 7.040917627155897, 4.686000778536519 ], [ 7.045645457801303, 4.687566234801706 ], [ 7.050194101300342, 4.689594258038381 ], [ 7.05451842958576, 4.692064727793263 ], [ 7.058575540069621, 4.694953134006314 ], [ 7.062325181289085, 4.6982308201803 ], [ 7.065730152249797, 4.701865267688046 ], [ 7.068756671504924, 4.705820418396703 ], [ 7.071374712308135, 4.710057032408219 ], [ 7.073558300515388, 4.714533077366773 ], [ 7.075285772279978, 4.719204145470792 ], [ 7.076539988984207, 4.724023894052273 ], [ 7.077308507275283, 4.728944505352318 ], [ 7.077583702518493, 4.733917160931378 ], [ 7.077362844442834, 4.738892526007457 ], [ 7.07664812422862, 4.743821238917056 ], [ 7.075446632768314, 4.74865440084282 ], [ 7.073770290316257, 4.75334406094919 ], [ 7.07225768720158, 4.756991423521479 ], [ 7.071945751430474, 4.757861924880281 ], [ 7.072568944339479, 4.757178765207049 ], [ 7.202750706589094, 4.599603640198311 ], [ 7.20606492900409, 4.595971602885634 ], [ 7.209719860895324, 4.592682645888776 ], [ 7.213680157952621, 4.589768574428653 ], [ 7.217907522891181, 4.587257568468292 ], [ 7.22236107579804, 4.585173910203953 ], [ 7.226997749453345, 4.583537749248868 ], [ 7.231772705803548, 4.582364907780304 ], [ 7.23663976955912, 4.581666727534273 ], [ 7.24155187472372, 4.581449960127468 ], [ 7.246461519736798, 4.581716701767068 ], [ 7.251321226828222, 4.582464372979765 ], [ 7.25608400114285, 4.58368574355607 ], [ 7.26070378519516, 4.585369002468644 ], [ 7.265135904259238, 4.587497872088553 ], [ 7.269337498387052, 4.590051765594921 ], [ 7.273267936877264, 4.593005986055785 ], [ 7.27688921118656, 4.596331965254995 ], [ 7.280166302483883, 4.599997539955605 ], [ 7.281042688015231, 4.601080597519216 ], [ 7.282219296104724, 4.600986830316231 ], [ 7.460250346991963, 4.578069020890917 ], [ 7.465228308373225, 4.577679586343795 ], [ 7.470220289645034, 4.577788589837969 ], [ 7.475176507258229, 4.578394944313911 ], [ 7.480047534324012, 4.579492602778208 ], [ 7.484784793533657, 4.581070618608439 ], [ 7.489341041605608, 4.583113254720591 ], [ 7.493670840428718, 4.585600140510336 ], [ 7.497731010203054, 4.588506475003024 ], [ 7.501481060059253, 4.591803274186453 ], [ 7.50488359186194, 4.595457660059829 ], [ 7.507904673170261, 4.599433188516318 ], [ 7.510514175636039, 4.603690212789319 ], [ 7.512686075464871, 4.608186278837917 ], [ 7.514398712943706, 4.612876548728437 ], [ 7.544404302878501, 4.709824268816053 ], [ 7.544740225208717, 4.710745735030592 ], [ 7.544860490507239, 4.709772349159299 ], [ 7.554919739066855, 4.573164161360845 ], [ 7.555497665760137, 4.568422621254446 ], [ 7.556525409915853, 4.563757865763128 ], [ 7.557993591846762, 4.559212467688026 ], [ 7.559888812218754, 4.554827910517115 ], [ 7.562193774339611, 4.550644209826959 ], [ 7.564887442016935, 4.546699548081317 ], [ 7.567945231544558, 4.543029926159626 ], [ 7.571339236065255, 4.539668834795667 ], [ 7.575038480262148, 4.536646948925031 ], [ 7.579009203054329, 4.533991847730905 ], [ 7.583215165716723, 4.531727762943196 ], [ 7.587617982612109, 4.529875357688103 ], [ 7.592177471516901, 4.528451537906506 ], [ 7.596852020343439, 4.527469298062217 ], [ 7.6015989669119, 4.526937602548252 ], [ 7.606374988305866, 4.526861303873477 ], [ 8.262427710905117, 4.547737702471943 ], [ 8.267232390275447, 4.548123045163847 ], [ 8.271977639124183, 4.548969240298243 ], [ 8.276619358083142, 4.550268423868 ], [ 8.281114409926046, 4.552008522075431 ], [ 8.285421020458847, 4.554173363538599 ], [ 8.28949916674291, 4.556742829578006 ], [ 8.293310949043113, 4.559693041186985 ], [ 8.296820943044221, 4.562996580948221 ], [ 8.299996529062277, 4.566622747834042 ], [ 8.302808195191485, 4.570537842522521 ], [ 8.337974060854686, 4.624851037630006 ], [ 8.340351213471596, 4.628933084084072 ], [ 8.342332535282923, 4.633221244726725 ], [ 8.343900341836136, 4.637677245223689 ], [ 8.345040639543516, 4.642261313172114 ], [ 8.345743250583089, 4.646932533092468 ], [ 8.346001903741614, 4.651649211623046 ], [ 8.345814290388825, 4.656369249657542 ], [ 8.345182085083298, 4.661050518104118 ], [ 8.344110930626037, 4.665651233912112 ], [ 8.342610387695197, 4.670130333010139 ], [ 8.340693849511441, 4.674447836826864 ], [ 8.182205707152065, 4.990336016420833 ], [ 8.181838060802196, 4.991169155488425 ], [ 8.182483749789847, 4.990526994857608 ], [ 8.327028249119063, 4.831807550982212 ], [ 8.330575318693818, 4.828283895629662 ], [ 8.334456564151026, 4.82513210513653 ], [ 8.338633176374591, 4.822383694696716 ], [ 8.343063392834811, 4.820066146050562 ], [ 8.347702915177758, 4.818202632691074 ], [ 8.352505352170715, 4.816811788148938 ], [ 8.35742268357459, 4.815907519673232 ], [ 8.362405740305016, 4.815498869170903 ], [ 8.367404696080891, 4.81558992279547 ], [ 8.372369565644336, 4.816179770089009 ], [ 8.377250704570271, 4.817262513085943 ], [ 8.381999305667978, 4.818827325287631 ], [ 8.386567887011015, 4.820858559918038 ], [ 8.390910766715638, 4.823335906378038 ], [ 8.394984519720355, 4.826234593333931 ], [ 8.420901680933362, 4.846702504968928 ], [ 8.421857177321822, 4.847382215407637 ], [ 8.422296538215532, 4.846295044016407 ], [ 8.444619750452453, 4.781947132561132 ], [ 8.446447908782163, 4.777407979165037 ], [ 8.448711023930811, 4.773069271263401 ], [ 8.451387418807068, 4.768972566868634 ], [ 8.454451457748428, 4.765157105979359 ], [ 8.45787379207062, 4.761659434722805 ], [ 8.461621641181939, 4.758513055300272 ], [ 8.465659106569877, 4.755748105088612 ], [ 8.469947515652526, 4.753391067971465 ], [ 8.474445792201221, 4.751464520665214 ], [ 8.479110849786343, 4.749986916469478 ], [ 8.483898004477696, 4.74897240851346 ], [ 8.488761402846427, 4.748430714191182 ], [ 8.493654461168914, 4.7483670220841 ], [ 8.498530311625727, 4.748781942262642 ], [ 8.503342251221781, 4.749671500442683 ], [ 8.508044189127737, 4.751027176052956 ], [ 8.512591088157807, 4.752835983848748 ], [ 8.516939396155307, 4.755080598290169 ], [ 8.521047463153977, 4.757739519493628 ], [ 8.52487594031928, 4.760787279166981 ], [ 8.591553743376753, 4.819421550344939 ], [ 8.592376379387501, 4.820077465883701 ], [ 8.592203214468775, 4.819039694660822 ], [ 8.58697801820038, 4.794941496552829 ], [ 8.586173934918273, 4.790093471224215 ], [ 8.585849648264494, 4.78518992784441 ], [ 8.586008290835087, 4.780278234445363 ], [ 8.586648330149197, 4.775405837787881 ], [ 8.587763583452775, 4.770619805027827 ], [ 8.589343277443735, 4.765966369049288 ], [ 8.591372152341622, 4.761490481856767 ], [ 8.593830609296475, 4.757235380340636 ], [ 8.596694899712929, 4.753242168610504 ], [ 8.599937354660691, 4.749549420931177 ], [ 8.603526652155299, 4.746192809096804 ], [ 8.607428119727226, 4.743204757842785 ], [ 8.611604069356551, 4.740614131624127 ], [ 8.616014161537706, 4.738445955785973 ], [ 8.620615794957489, 4.736721174819767 ], [ 8.625364518022028, 4.735456450040315 ], [ 8.630214458257397, 4.734663998638151 ], [ 8.635118765435868, 4.734351475661966 ], [ 8.640030064147227, 4.734521900071148 ], [ 8.644900911443335, 4.735173625572755 ], [ 8.649684255135098, 4.736300356524637 ], [ 8.654333888314719, 4.73789120875109 ], [ 8.655099444682889, 4.738195937387124 ], [ 8.655751919864899, 4.737238135675782 ], [ 8.729284449648114, 4.61723346859624 ], [ 8.732074835392364, 4.613148061651486 ], [ 8.735255309301925, 4.609358419423444 ], [ 8.73879473224409, 4.605901645241866 ], [ 8.742658450716327, 4.602811583418334 ], [ 8.746808636129039, 4.60011848788604 ], [ 8.751204655174744, 4.597848725991976 ], [ 8.755803467657445, 4.596024520341586 ], [ 8.76056004788718, 4.594663731223445 ], [ 8.765427825513994, 4.593779681744152 ], [ 8.770359141485242, 4.593381027385512 ], [ 8.775305714662077, 4.593471671261125 ], [ 8.780219114526602, 4.594050725902096 ], [ 8.785051235351574, 4.595112521945988 ], [ 8.789754767190145, 4.596646663643976 ], [ 8.794283659074358, 4.598638130642716 ], [ 8.798593569887323, 4.601067425044437 ], [ 8.798619865590775, 4.601084012372264 ], [ 8.798783656963476, 4.601128170189843 ], [ 8.803078036338578, 4.602049192565743 ], [ 8.807627581069616, 4.603490269361899 ], [ 8.812019013633025, 4.605358525134852 ], [ 8.816212327973473, 4.607636940029977 ], [ 8.820169322897364, 4.610304757633269 ], [ 8.823853950086617, 4.613337674062771 ], [ 8.827232642499713, 4.616708059377514 ], [ 8.830274620168225, 4.62038520928694 ], [ 8.832952170603086, 4.624335624867726 ], [ 8.835240901256009, 4.628523317739762 ], [ 8.837119961736191, 4.632910137921164 ], [ 8.838572233757862, 4.637456121375512 ], [ 8.839584487088292, 4.642119854085173 ], [ 8.839653492672083, 4.642531746807525 ], [ 8.84053613582245, 4.64182051531814 ], [ 8.900687288276675, 4.588221260707928 ], [ 8.901564149083383, 4.587357404158026 ], [ 8.901799143480121, 4.586149136535926 ], [ 8.967736383993673, 4.125012609543472 ], [ 8.968704513234483, 4.120048828324836 ], [ 8.970169115501331, 4.115208235549841 ], [ 8.972115207093895, 4.110540353189847 ], [ 8.974522878406761, 4.106092936292075 ], [ 8.977367497615823, 4.101911484418764 ], [ 8.980619962675622, 4.098038776161204 ], [ 8.984246999049537, 4.094514431490817 ], [ 8.988211500126916, 4.091374506424695 ], [ 8.99247290684445, 4.088651124152382 ], [ 9.185598067608362, 3.978570438258223 ], [ 9.189843097378551, 3.976411839858517 ], [ 9.194274237891811, 3.974666899013458 ], [ 9.198851290151936, 3.973351445704106 ], [ 9.203532731461582, 3.972477413630698 ], [ 9.208276092113261, 3.972052731950952 ], [ 9.213038340671552, 3.972081253347304 ], [ 9.217776274351273, 3.972562719075646 ], [ 9.222446910950113, 3.973492761312632 ], [ 9.227007878780165, 3.974862942780264 ], [ 9.231417801060903, 3.976660833288289 ], [ 9.235636671286445, 3.978870122500016 ], [ 9.325139716789199, 4.031316763050842 ], [ 9.326116463439053, 4.03182739142878 ], [ 9.326034718154704, 4.030728258558366 ], [ 9.319750977146779, 3.979719067232894 ], [ 9.319391933874092, 3.974873715503709 ], [ 9.319504865700603, 3.970016391975907 ], [ 9.320088706263226, 3.965192962112354 ], [ 9.321137942625159, 3.960448971333698 ], [ 9.322642667331994, 3.955829214953994 ], [ 9.324588671963236, 3.951377315199241 ], [ 9.326957581295853, 3.94713530930285 ], [ 9.329727026813027, 3.943143252567459 ], [ 9.332870857919723, 3.939438840141211 ], [ 9.336359388870685, 3.936057051079876 ], [ 9.340159679079211, 3.933029818055785 ], [ 9.344235844159915, 3.930385725832348 ], [ 9.348549394768387, 3.928149741351339 ], [ 9.353059600038318, 3.92634297798159 ], [ 9.357723872184243, 3.924982496155203 ], [ 9.362498168638339, 3.924081142273767 ], [ 9.38698470631156, 3.920680602439593 ], [ 9.391961097314846, 3.920241479939131 ], [ 9.396956468810986, 3.920301142352339 ], [ 9.401920952413981, 3.920858994074213 ], [ 9.406804988089148, 3.921909466116538 ], [ 9.4115598189069, 3.923442071702639 ], [ 9.416137977779202, 3.925441510956018 ], [ 9.420493761319634, 3.927887823637771 ], [ 9.424583686096561, 3.93075658840803 ], [ 9.428366922724695, 3.934019166622195 ], [ 9.431805703461507, 3.937642988228198 ], [ 9.43486569923952, 3.941591876910667 ], [ 9.437516362370596, 3.945826411236134 ], [ 9.439731231501002, 3.950304318193985 ], [ 9.441488195772955, 3.95498089520448 ], [ 9.442769715555503, 3.959809456380952 ], [ 9.443562997541235, 3.964741798591212 ], [ 9.443860122460825, 3.969728682665477 ], [ 9.443658124140446, 3.974720324946988 ], [ 9.442959019112847, 3.979666894278189 ], [ 9.441769786486466, 3.984519009461112 ], [ 9.429568741921599, 4.025355449898379 ], [ 9.429294284580024, 4.026476024764298 ], [ 9.430124107589776, 4.026312511555172 ], [ 9.435028949359538, 4.025596459229647 ], [ 9.439980588325911, 4.025369577617383 ], [ 9.444930359377636, 4.025634096529353 ], [ 9.449829615761471, 4.026387416252136 ], [ 9.454630207186449, 4.027622133098109 ], [ 9.459284953048853, 4.029326112169495 ], [ 9.463748106127042, 4.03148260662113 ], [ 9.467975802188874, 4.034070422249814 ], [ 9.471926491092947, 4.037064125792671 ], [ 9.47556134514678, 4.040434294887335 ], [ 9.478844640708534, 4.044147807237315 ], [ 9.481744109281882, 4.048168166140629 ], [ 9.484231254653412, 4.052455859182366 ], [ 9.486281632955743, 4.056968746565918 ], [ 9.487875092903836, 4.061662475266333 ], [ 9.488995973843478, 4.066490914935464 ], [ 9.489633259665453, 4.071406611274783 ], [ 9.489780687072773, 4.076361252420099 ], [ 9.489436807136864, 4.081306143754494 ], [ 9.48860499953776, 4.086192686482984 ], [ 9.487293439348324, 4.090972855265441 ], [ 9.485515016688977, 4.095599670213546 ], [ 9.479024963959482, 4.110268364063816 ], [ 9.478672098491341, 4.111185587089982 ], [ 9.479408441211683, 4.110534732638897 ], [ 9.5497005386695, 4.041944622840817 ], [ 9.553402948940546, 4.038672939635069 ], [ 9.557410184185146, 4.035782642330577 ], [ 9.561683114948799, 4.033301953816683 ], [ 9.566180017339663, 4.031255097275312 ], [ 9.570856980449905, 4.029662059648836 ], [ 9.575668335132574, 4.028538396473561 ], [ 9.580567099947189, 4.027895079984557 ], [ 9.585505439919448, 4.02773839197507 ], [ 9.590435133635465, 4.028069862456682 ], [ 9.595308044109464, 4.028886254719209 ], [ 9.600076588827054, 4.030179596936206 ], [ 9.604694204374265, 4.03193726000747 ], [ 9.609115801115365, 4.03414208087843 ], [ 9.613298203479678, 4.036772530132248 ], [ 9.753564881765298, 4.134985264388969 ], [ 9.754349217243742, 4.135479062264143 ], [ 9.753818608911944, 4.134719145635485 ], [ 9.679733221720349, 4.038968116239158 ], [ 9.676980792894099, 4.035034049436462 ], [ 9.674618393452661, 4.03085411942141 ], [ 9.672667807313793, 4.026466869740061 ], [ 9.671147021024263, 4.021912755653521 ], [ 9.670070057904121, 4.017233771096003 ], [ 9.669446848736294, 4.01247306144462 ], [ 9.669283140193855, 4.007674525671618 ], [ 9.669580441849385, 4.002882411547637 ], [ 9.67033601225506, 3.998140907628656 ], [ 9.671542884221804, 3.993493735788975 ], [ 9.673189929064431, 3.988983748057504 ], [ 9.675261959220343, 3.984652531474992 ], [ 9.677739868295545, 3.980540024615827 ], [ 9.680600807246572, 3.976684149310513 ], [ 9.683818395073784, 3.973120460964738 ], [ 9.687362962083149, 3.969881820699479 ], [ 9.691201823473417, 3.966998092335371 ], [ 9.695299580725882, 3.964495867015478 ], [ 9.699618448017615, 3.962398218005745 ], [ 9.704118600648256, 3.960724487934144 ], [ 9.708758542267487, 3.959490110430393 ], [ 9.713495487516973, 3.958706467810944 ], [ 9.718285756558354, 3.958380786121516 ], [ 9.763202409465444, 3.957488984692962 ], [ 9.764227647160368, 3.957418798261453 ], [ 9.763352226212277, 3.956880582106111 ], [ 9.750047954740628, 3.949565075534149 ], [ 9.745853742906442, 3.946981937954768 ], [ 9.741934058868214, 3.943998636142264 ], [ 9.738326945531201, 3.94064412484582 ], [ 9.735067412112878, 3.936950961627269 ], [ 9.7321870943573, 3.932954990870251 ], [ 9.729713947491069, 3.928694995888789 ], [ 9.727671974900936, 3.924212322511754 ], [ 9.726080995166416, 3.919550477796582 ], [ 9.724956449708481, 3.914754707766956 ], [ 9.724309252921222, 3.909871558272767 ], [ 9.724145686241057, 3.904948423234484 ], [ 9.724467337181585, 3.900033084656473 ], [ 9.72527108392581, 3.895173248873735 ], [ 9.726549125625256, 3.890416083533061 ], [ 9.728289058111935, 3.885807759802481 ], [ 9.730473994288287, 3.881393004252137 ], [ 9.733082728026694, 3.877214664755862 ], [ 9.736089939987769, 3.873313294626637 ], [ 9.739466443359866, 3.869726759022152 ], [ 9.743179467134757, 3.866489867440537 ], [ 9.74719297417008, 3.863634035873122 ], [ 9.75092590741153, 3.861245761385771 ], [ 9.75189878503455, 3.860553514118593 ], [ 9.751742068265594, 3.859369817788149 ], [ 9.744703008594742, 3.820884523100457 ], [ 9.744431880395535, 3.819732757036229 ], [ 9.743328816291815, 3.820160921899558 ], [ 9.693520644868324, 3.842436607932872 ], [ 9.689049813103017, 3.844183696764225 ], [ 9.684432053935145, 3.84549402356539 ], [ 9.679709925845007, 3.846355512020707 ], [ 9.674926949204277, 3.846760222426496 ], [ 9.670127205180842, 3.846704424865452 ], [ 9.665354929475187, 3.846188633582541 ], [ 9.66065410463257, 3.845217602245582 ], [ 9.656068054688349, 3.843800280134197 ], [ 9.651639045882295, 3.841949729660903 ], [ 9.647407897121839, 3.83968300598449 ], [ 9.64341360378431, 3.8370209998252 ], [ 9.639692978325305, 3.83398824493037 ], [ 9.63628031100543, 3.830612691964978 ], [ 9.63320705386227, 3.826925450910974 ], [ 9.630501530840149, 3.822960504349532 ], [ 9.628188676749232, 3.818754394268656 ], [ 9.62628980745977, 3.814345885282632 ], [ 9.624822423449439, 3.809775607367172 ], [ 9.623800048514356, 3.805085681402891 ], [ 9.623232105130217, 3.800319330978224 ], [ 9.623123827612293, 3.795520484029484 ], [ 9.624247405309596, 3.751398450431329 ], [ 9.62422062003102, 3.750229183011604 ], [ 9.622797938578064, 3.749649084771659 ], [ 9.61845192612857, 3.747628950790474 ], [ 9.614319288515816, 3.745202003762885 ], [ 9.610437994373509, 3.742390541279766 ], [ 9.606843703115668, 3.739220393670127 ], [ 9.603569437315528, 3.735720686684804 ], [ 9.600645279310445, 3.73192357390344 ], [ 9.598098094820235, 3.727863941323277 ], [ 9.595951286118209, 3.723579086843836 ], [ 9.594224577022638, 3.719108377592234 ], [ 9.592933831684052, 3.714492888237463 ], [ 9.592090908833258, 3.70977502361661 ], [ 9.591703552829179, 3.704998129140155 ], [ 9.591775322507505, 3.700206092555741 ], [ 9.592305558483872, 3.695442940729224 ], [ 9.593289389211957, 3.690752435147566 ], [ 9.594717775740842, 3.686177669859905 ], [ 9.611074999231517, 3.641448038718467 ], [ 9.612946215002651, 3.637007253414724 ], [ 9.615236238938063, 3.632767228302615 ], [ 9.617923799442739, 3.62876734816569 ], [ 9.620983932280398, 3.625044767126684 ], [ 9.624388212461497, 3.62163406352997 ], [ 9.628105018277553, 3.618566918749916 ], [ 9.632099825029135, 3.615871822908654 ], [ 9.636335525719215, 3.613573810236772 ], [ 9.640772775732971, 3.611694226535128 ], [ 9.645370358302408, 3.610250530897783 ], [ 9.650085567361034, 3.609256133537812 ], [ 9.654874604232367, 3.60872027122239 ], [ 9.659692984467469, 3.608647921474233 ], [ 9.664495951052498, 3.609039756336335 ], [ 9.669238890148069, 3.609892136129489 ], [ 9.786372306481763, 3.63682750571574 ], [ 9.78760645990582, 3.637046105886887 ], [ 9.788826693378006, 3.636759835067087 ], [ 9.818391311160578, 3.628221452792597 ], [ 9.819439390815237, 3.627861194916333 ], [ 9.818474295585091, 3.627316357420674 ], [ 9.706510438752918, 3.571283093117207 ], [ 9.70231075813428, 3.568921747360414 ], [ 9.69835785092773, 3.56616715198212 ], [ 9.694688421095892, 3.563044884250021 ], [ 9.691336540426523, 3.559583935383019 ], [ 9.688333332165467, 3.555816441358812 ], [ 9.685706682027719, 3.551777384521435 ], [ 9.68348097926995, 3.547504268759399 ], [ 9.681676890228745, 3.543036771270524 ], [ 9.680311166427295, 3.538416374146915 ], [ 9.679396489032326, 3.533685979200949 ], [ 9.67894135110557, 3.528889509608704 ], [ 9.678949978743056, 3.524071502069734 ], [ 9.679422291834506, 3.519276693270069 ], [ 9.680353904807191, 3.51454960448829 ], [ 9.681736167347321, 3.509934128201724 ], [ 9.683556244720874, 3.505473120531256 ], [ 9.685797236948066, 3.501208003309026 ], [ 9.688438335724873, 3.497178379463944 ], [ 9.691455017634549, 3.49342166529628 ], [ 9.694819271855122, 3.489972743055775 ], [ 9.92857621686035, 3.272368925298246 ], [ 9.929400942804756, 3.271523848642732 ], [ 9.929632872843593, 3.270366033504586 ], [ 9.957835425477542, 3.083433728381173 ], [ 9.957957679240593, 3.082223596057746 ], [ 9.957723599428672, 3.081030041339934 ], [ 9.769100985478865, 2.319229254203058 ], [ 9.768224545537015, 2.314865136256116 ], [ 9.767739709656501, 2.310440364330304 ], [ 9.767650320389055, 2.305990006818222 ], [ 9.767957086186538, 2.301549334890238 ], [ 9.80959760434042, 1.936244830172958 ], [ 9.809675993705101, 1.934980393162492 ], [ 9.809006197726346, 1.933905070330586 ], [ 9.645865418334747, 1.699816413173457 ], [ 9.643259248399378, 1.695655216085598 ], [ 9.641073777378583, 1.691258467360313 ], [ 9.639330079929335, 1.68666856516729 ], [ 9.638044970653734, 1.681929770269239 ], [ 9.637230841954558, 1.677087779212121 ], [ 9.636895544534429, 1.67218928367001 ], [ 9.637042311690905, 1.667281520193862 ], [ 9.637669728137555, 1.662411814706001 ], [ 9.638771743651674, 1.657627126132784 ], [ 9.640337731417018, 1.65297359357624 ], [ 9.642352590498978, 1.64849609139133 ], [ 9.64479689146399, 1.644237796459263 ], [ 9.647647063738987, 1.640239771829666 ], [ 9.650875622904163, 1.636540570746595 ], [ 9.654451435727239, 1.633175864876783 ], [ 9.658340020383505, 1.630178100325141 ], [ 9.662503878966577, 1.627576184754601 ], [ 9.666902859083446, 1.625395208627403 ], [ 9.671494541046957, 1.623656203255933 ], [ 9.743311353578045, 1.600420099261794 ], [ 9.744272355899797, 1.600056286216649 ], [ 9.74327242610028, 1.599819588539703 ], [ 9.615682783817265, 1.576147079435989 ], [ 9.61068673597806, 1.574951734136045 ], [ 9.605839705587, 1.573250075890143 ], [ 9.601192856625799, 1.571060066956482 ], [ 9.596795240013503, 1.568404824495055 ], [ 9.592693275837831, 1.565312376548972 ], [ 9.588930263356923, 1.561815366187785 ], [ 9.585545923943711, 1.557950706935809 ], [ 9.582575981797525, 1.553759193122634 ], [ 9.374460445328193, 1.225508586930334 ], [ 9.371988259152888, 1.221138536646813 ], [ 9.369966812086618, 1.216542582368958 ], [ 9.368416487628568, 1.211767067942151 ], [ 9.367352918657712, 1.20686014782765 ], [ 9.366786829796824, 1.201871301531416 ], [ 9.366723929269501, 1.196850834671697 ], [ 9.367164851340604, 1.191849371716413 ], [ 9.368105149920583, 1.186917345505376 ], [ 9.369535343398141, 1.182104488704824 ], [ 9.371441010249175, 1.177459332322232 ], [ 9.373802934457915, 1.173028716338191 ], [ 9.376597299283867, 1.168857317389955 ], [ 9.379795927420735, 1.164987198269319 ], [ 9.383366565125582, 1.161457383777509 ], [ 9.387273207453255, 1.158303467214012 ], [ 9.391476461316474, 1.155557251467351 ], [ 9.565025324827616, 1.054221357285137 ], [ 9.569161700254707, 1.052058413027926 ], [ 9.573481752821671, 1.050290624762233 ], [ 9.577947832528142, 1.048933399066525 ], [ 9.582521016722149, 1.04799856439593 ], [ 9.587161449317703, 1.047494267995218 ], [ 9.591828688147446, 1.047424904894167 ], [ 9.596482057423083, 1.047791079604121 ], [ 9.601081002231865, 1.048589600849567 ], [ 9.605585441979622, 1.049813509380655 ], [ 9.627534070738699, 1.05689271471521 ], [ 9.632163000250957, 1.058643037141151 ], [ 9.636596229066061, 1.060842377791693 ], [ 9.640790328180376, 1.063469191383005 ], [ 9.644704211163832, 1.066497745000824 ], [ 9.648299536652742, 1.069898370186433 ], [ 9.651541083951253, 1.073637753576206 ], [ 9.67573249719586, 1.104507602491231 ], [ 9.676481500546966, 1.105377679819099 ], [ 9.677307367685691, 1.106175165897782 ], [ 9.698217918470228, 1.124583918586323 ], [ 9.699268154746584, 1.125412503219567 ], [ 9.700471312374784, 1.12599727706669 ], [ 9.71671243050948, 1.132835642781362 ], [ 9.71778289045737, 1.133228845077691 ], [ 9.718836781221627, 1.132793176851971 ], [ 9.846423996275785, 1.07296165631311 ], [ 9.847429384859556, 1.07243028232904 ], [ 9.846942832150702, 1.071402454047256 ], [ 9.792828085248503, 0.969907416427562 ], [ 9.792247637502269, 0.968937397896809 ], [ 9.791678493742793, 0.969914091767571 ], [ 9.766512450524198, 1.01846412655452 ], [ 9.763997873984804, 1.022774161303895 ], [ 9.761066219385089, 1.026812093450584 ], [ 9.757746685412336, 1.030537706006529 ], [ 9.754072333953985, 1.033913892623676 ], [ 9.750079760807921, 1.036907027165694 ], [ 9.745808731195723, 1.039487298617502 ], [ 9.741301783709089, 1.041629007996949 ], [ 9.736603806634067, 1.043310824311488 ], [ 9.731761590872793, 1.044515997010546 ], [ 9.726823363915566, 1.045232522817623 ], [ 9.721838309504792, 1.0454532652805 ], [ 9.716856077774851, 1.045176025848864 ], [ 9.71192629074679, 1.044403565771419 ], [ 9.707098048103026, 1.04314357859441 ], [ 9.702419438164432, 1.04140861353546 ], [ 9.599445078570106, 0.997259998032369 ], [ 9.595136492192376, 0.995162930728422 ], [ 9.59104843704263, 0.992663048142321 ], [ 9.587218460448559, 0.989783310803514 ], [ 9.583681739378418, 0.986550168071796 ], [ 9.580470757353122, 0.98299331520938 ], [ 9.577615006096705, 0.979145420640512 ], [ 9.575140714665356, 0.97504182590365 ], [ 9.573070608542897, 0.970720221052046 ], [ 9.571423700915329, 0.966220298484056 ], [ 9.570215118041494, 0.961583388382629 ], [ 9.569455960323795, 0.95685207911232 ], [ 9.569153200354956, 0.952069826060367 ], [ 9.569309618877249, 0.947280552514459 ], [ 9.607821436077373, 0.470413636316089 ], [ 9.607846405043803, 0.469614531876361 ], [ 9.607602073530037, 0.470375776558608 ], [ 9.583167407439483, 0.561776340269375 ], [ 9.581623889512711, 0.566568573848042 ], [ 9.579606261803738, 0.571181287657802 ], [ 9.577134981403285, 0.575567712562564 ], [ 9.574235105068427, 0.579683373810201 ], [ 9.570936035167605, 0.583486541970072 ], [ 9.56727122156472, 0.586938656035233 ], [ 9.563277822464947, 0.590004714399435 ], [ 9.558996327660987, 0.59265362974471 ], [ 9.554470147999778, 0.59485854424129 ], [ 9.549745175232092, 0.596597101863977 ], [ 9.544869316707814, 0.597851675063911 ], [ 9.539892009634688, 0.598609543497464 ], [ 9.534863719825566, 0.598863023000092 ], [ 9.4652524262391, 0.598863023000092 ], [ 9.464095565976121, 0.598919134312077 ], [ 9.464009433856463, 0.600176824907685 ], [ 9.463965222516149, 0.602395079068966 ], [ 9.463400045003805, 0.607208182219434 ], [ 9.462371567736573, 0.611943963260434 ], [ 9.46088945238934, 0.616557933530712 ], [ 9.458967622183442, 0.621006748678277 ], [ 9.456624131089757, 0.625248615843965 ], [ 9.453880994226919, 0.629243686270033 ], [ 9.450763981047864, 0.632954429645571 ], [ 9.447302373257603, 0.63634598667206 ], [ 9.44352868973635, 0.639386496537022 ], [ 9.43947838105211, 0.642047396219438 ], [ 9.435189496432555, 0.64430368881519 ], [ 9.430702326324674, 0.646134178361856 ], [ 9.426059023900077, 0.647521668956868 ], [ 9.421303209061559, 0.648453126298482 ], [ 9.416479558670975, 0.648919800132034 ], [ 9.411633386847869, 0.648917306451187 ], [ 9.406810219281617, 0.648445668681964 ], [ 9.402055365556036, 0.647509317462685 ], [ 9.349250226719132, 0.634423580221654 ], [ 9.344452089472822, 0.632975764461178 ], [ 9.339822997751407, 0.631054878898367 ], [ 9.335409461504996, 0.628680223278632 ], [ 9.331255824929608, 0.625875656518811 ], [ 9.327403820926971, 0.622669356989078 ], [ 9.323892151800861, 0.619093539395935 ], [ 9.320756100402798, 0.61518413111086 ], [ 9.318027175634066, 0.610980411196629 ], [ 9.315732795865806, 0.606524615758136 ], [ 9.313896013457958, 0.601861513582875 ], [ 9.312535283144909, 0.597037956334759 ], [ 9.311664276614925, 0.592102407820619 ], [ 9.308206290291023, 0.564479685648277 ], [ 9.30783833145283, 0.559657445255052 ], [ 9.30793798010434, 0.554822213485746 ], [ 9.308504303956843, 0.550019227600826 ], [ 9.309532004621172, 0.545293423176054 ], [ 9.311011467178155, 0.540689013696094 ], [ 9.312928850133478, 0.536249076903831 ], [ 9.315266214915361, 0.532015151775411 ], [ 9.318001693703504, 0.528026849891618 ], [ 9.489298605320089, 0.302493163301038 ], [ 9.492311968592642, 0.298890422078968 ], [ 9.495650091771241, 0.295586328228897 ], [ 9.499283519120057, 0.292610037210458 ], [ 9.503180189127162, 0.289987811937658 ], [ 9.507305717416605, 0.28774279103384 ], [ 9.511623700157573, 0.28589478465553 ], [ 9.777887607748003, 0.186460129647598 ], [ 9.782610348500958, 0.184958605275032 ], [ 9.787458531138252, 0.183931969615962 ], [ 9.792384529332841, 0.183390307869174 ], [ 9.797339952333267, 0.183338941071731 ], [ 9.802276120332248, 0.183778373827539 ], [ 9.80714454267482, 0.184704289350348 ], [ 9.935194018682884, 0.21570383823258 ], [ 9.936288187057757, 0.215917022799008 ], [ 9.937365887552449, 0.215632042561633 ], [ 10.024492792230513, 0.188335452869258 ], [ 10.025457208824804, 0.187981319495292 ], [ 10.024469240605354, 0.18769948867501 ], [ 9.821515232836582, 0.140269347196476 ], [ 9.816898070625486, 0.138953617298111 ], [ 9.812428382881535, 0.137201126636051 ], [ 9.808147378931515, 0.135028032705971 ], [ 9.804094528488047, 0.132454370853297 ], [ 9.800307197749378, 0.129503869552679 ], [ 9.796820304893014, 0.126203731637792 ], [ 9.793665998139465, 0.122584383498479 ], [ 9.790873359354229, 0.118679194557568 ], [ 9.788468135920766, 0.114524169613701 ], [ 9.786472503356507, 0.110157616886722 ], [ 9.784904860860497, 0.105619794826114 ], [ 9.783779661677707, 0.100952540938861 ], [ 9.783107279843973, 0.096198886058804 ], [ 9.782893914540153, 0.091402657613853 ], [ 9.783141532937343, 0.086608075548813 ], [ 9.783847852060077, 0.081859344629305 ], [ 9.78500635983476, 0.07720024688564 ], [ 9.78660637512924, 0.072673737954194 ], [ 9.788633146229994, 0.068321551037921 ], [ 9.811604535270096, 0.024609681626083 ], [ 9.811979097879746, 0.023801395163972 ], [ 9.811352184592021, 0.024434327927432 ], [ 9.731026222571478, 0.114063949871189 ], [ 9.727443728856931, 0.117673825645287 ], [ 9.723513060037218, 0.120901101113685 ], [ 9.719274883541983, 0.123712386284993 ], [ 9.714773048332392, 0.126078595080694 ], [ 9.710054131231635, 0.12797524626512 ], [ 9.705166955032475, 0.129382716732854 ], [ 9.70016208336755, 0.130286444533031 ], [ 9.695091297568649, 0.130677079529983 ], [ 9.690007060927432, 0.130550580141481 ], [ 9.684961975900473, 0.129908255153691 ], [ 9.588019518749038, 0.112516376327791 ], [ 9.586781728677336, 0.112359056460367 ], [ 9.585820297745057, 0.113154370464246 ], [ 9.571110854801923, 0.126645279757892 ], [ 9.567284519211221, 0.129819280862099 ], [ 9.56316190096868, 0.132597615955004 ], [ 9.558783756487779, 0.134952818274668 ], [ 9.554193368327375, 0.136861604171258 ], [ 9.54943611729813, 0.138305103290385 ], [ 9.544559033825502, 0.139269045126392 ], [ 9.539610333004578, 0.139743900101297 ], [ 9.534638937943194, 0.139724973774682 ], [ 9.529693996105598, 0.139212453253175 ], [ 9.524824393438118, 0.1382114053407 ], [ 9.520078271080225, 0.136731726447798 ], [ 9.51550254943877, 0.134788044755209 ], [ 9.51114246433046, 0.132399575598933 ], [ 9.507041119778277, 0.129589931506442 ], [ 9.503239061882914, 0.126386888762035 ], [ 9.499773877981964, 0.122822112809077 ], [ 9.496679825059589, 0.118930845203819 ], [ 9.493987491080235, 0.114751555215579 ], [ 9.491723492594458, 0.110325559517593 ], [ 9.489910211606357, 0.105696613728281 ], [ 9.488565574303941, 0.100910479840983 ], [ 9.488014741877606, 0.098494340045944 ], [ 9.487436188663731, 0.09938841982102 ], [ 9.446441134977619, 0.170069546843855 ], [ 9.443827651687068, 0.174113468391981 ], [ 9.440837313694006, 0.177887256288067 ], [ 9.437497851714088, 0.181355914541925 ], [ 9.433840234042799, 0.184487276764356 ], [ 9.42989837937289, 0.187252304460184 ], [ 9.425708842251449, 0.189625356314959 ], [ 9.421310474093561, 0.191584425978107 ], [ 9.4167440628961, 0.193111346137475 ], [ 9.412051954992739, 0.19419195699278 ], [ 9.407277662357833, 0.19481623756565 ], [ 9.402465459100792, 0.194978398628549 ], [ 9.397659970892857, 0.194676936390823 ], [ 9.392905761133667, 0.193914646444011 ], [ 9.388246917695321, 0.1926985978371 ], [ 9.383726644076201, 0.19104006752213 ], [ 9.363607147063927, 0.1825377925513 ], [ 9.359048604024089, 0.180333035120266 ], [ 9.35473643742921, 0.177678512708651 ], [ 9.350714875050425, 0.17460145144678 ], [ 9.347025164074408, 0.171133411238073 ], [ 9.343705148051264, 0.167309962064639 ], [ 9.340788878751864, 0.163170319163478 ], [ 9.338306266915579, 0.158756940815081 ], [ 9.336282775470544, 0.154115092869745 ], [ 9.334739158372933, 0.149292384478008 ], [ 9.333691247743841, 0.144338279787028 ], [ 9.333149791487012, 0.13930359061115 ], [ 9.306558940062859, -0.331042950309716 ], [ 9.306428218555395, -0.3322669130266 ], [ 9.305727468915418, -0.333278902545785 ], [ 9.10609310095697, -0.592874681391268 ], [ 9.10288923088744, -0.597571041794936 ], [ 9.100239194779162, -0.602600742888281 ], [ 9.098177252918479, -0.607898759519695 ], [ 9.011858217269255, -0.873459508037413 ], [ 9.011477948541623, -0.874462085399461 ], [ 9.010999221631945, -0.873502613556166 ], [ 8.963513848646336, -0.76559409595724 ], [ 8.961293409831095, -0.76115900807628 ], [ 8.958644487642829, -0.756965731996103 ], [ 8.955593147849944, -0.753055530145504 ], [ 8.952169416066907, -0.749466879462881 ], [ 8.948406982297954, -0.746235092777732 ], [ 8.944342869422691, -0.743391971327425 ], [ 8.940017068885737, -0.740965491828529 ], [ 8.935472147175256, -0.738979531181975 ], [ 8.930752826962699, -0.737453631520977 ], [ 8.925905547025412, -0.736402807913685 ], [ 8.920978005282498, -0.735837400612788 ], [ 8.916018689440563, -0.735762973305973 ], [ 8.911076399867834, -0.736180258368449 ], [ 8.906199769391646, -0.737085149656273 ], [ 8.901436784744551, -0.738468742911388 ], [ 8.896834314368091, -0.740317423380774 ], [ 8.892437647220724, -0.742612999787546 ], [ 8.888290047128065, -0.745332883335687 ], [ 8.88443232706074, -0.748450309986987 ], [ 8.880902447528991, -0.751934603822961 ], [ 8.877735143045891, -0.75575147890022 ], [ 8.845157403789628, -0.799230231185917 ], [ 8.844374105511653, -0.800173946871158 ], [ 8.84311761641669, -0.800676752203266 ], [ 8.838589058279064, -0.802756403954766 ], [ 8.834290002507602, -0.805276505081152 ], [ 8.830263152122336, -0.808212023125391 ], [ 8.826548506295604, -0.811533799245977 ], [ 8.823182963035615, -0.815208837855096 ], [ 8.820199952674265, -0.819200634367625 ], [ 8.817629105799755, -0.823469537805416 ], [ 8.815495958932527, -0.827973144655064 ], [ 8.81382170086804, -0.832666720066929 ], [ 8.812622962206007, -0.83750364221159 ], [ 8.811911650156711, -0.842435865379887 ], [ 8.811694830265314, -0.847414397226532 ], [ 8.811974656228966, -0.852389785416757 ], [ 8.812748348503883, -0.857312608842099 ], [ 8.814008221914889, -0.862133968526006 ], [ 8.815741761993136, -0.866805973343049 ], [ 8.831712469549048, -0.904043888861309 ], [ 8.833795968970835, -0.908326428695877 ], [ 8.836277463639831, -0.912391315100562 ], [ 8.839134440327395, -0.916201669609261 ], [ 8.842340979264206, -0.919722922982986 ], [ 8.845867989295993, -0.922923128837447 ], [ 8.849683471811492, -0.925773253474927 ], [ 8.853752811048144, -0.928247439290966 ], [ 8.858039088141767, -0.930323239366102 ], [ 8.934595586188436, -0.962994259715182 ], [ 8.935581696352047, -0.963473356710693 ], [ 8.933964171358969, -0.964234543217208 ], [ 8.929592081822932, -0.966563181743278 ], [ 8.925471866155812, -0.969313008492845 ], [ 8.921643964644039, -0.97245703366965 ], [ 8.918145948484385, -0.975964398384508 ], [ 8.915012151019297, -0.979800677538065 ], [ 8.912273330752051, -0.983928217706246 ], [ 8.909956369449294, -0.988306506711981 ], [ 8.908084008294084, -0.992892571255867 ], [ 8.90667462467915, -0.997641398702951 ], [ 8.905742051831117, -1.002506378885781 ], [ 8.905295443036159, -1.007439761587385 ], [ 8.905339181799667, -1.012393125213931 ], [ 8.905872838821752, -1.017317852057015 ], [ 8.906891176210864, -1.022165605480835 ], [ 8.908384198894167, -1.026888804350602 ], [ 8.910337252720069, -1.031441090045651 ], [ 8.912731168290046, -1.035777781473461 ], [ 8.915542449108001, -1.039856313618586 ], [ 9.032311325405535, -1.192487867677424 ], [ 9.032992110886052, -1.193473689473004 ], [ 9.033016291471913, -1.194671491118659 ], [ 9.030797819821903, -1.27249789368696 ], [ 9.030897474560247, -1.277383977036882 ], [ 9.031473658127934, -1.282236991982828 ], [ 9.032520865957197, -1.287010575262879 ], [ 9.03402909355157, -1.291659122465267 ], [ 9.035983932063814, -1.29613822370997 ], [ 9.038366705950798, -1.300405087918352 ], [ 9.041154651390226, -1.304418951617586 ], [ 9.044321133754744, -1.308141468374358 ], [ 9.047835902065762, -1.311537075137387 ], [ 9.051665377996072, -1.314573331988911 ], [ 9.166002723771085, -1.396456323976031 ], [ 9.170222015852513, -1.399168534070947 ], [ 9.174691814714693, -1.401444365215613 ], [ 9.179367138967184, -1.403260914802453 ], [ 9.184200938934573, -1.404599902159619 ], [ 9.189144570136348, -1.405447852516779 ], [ 9.194148282815949, -1.405796232607164 ], [ 9.199161722592647, -1.405641536541282 ], [ 9.204134437198009, -1.404985321088095 ], [ 9.20901638419744, -1.403834190008628 ], [ 9.288128722139898, -1.380935720224066 ], [ 9.29268986730076, -1.379373545876669 ], [ 9.297079350780422, -1.377379337098256 ], [ 9.301256360155495, -1.374971635590454 ], [ 9.305182058538703, -1.372172827616656 ], [ 9.308819945675459, -1.369008935859605 ], [ 9.312136197314976, -1.36550937746839 ], [ 9.315099979700479, -1.36170669054445 ], [ 9.317683736254502, -1.357636231609678 ], [ 9.319863443793702, -1.353335846869486 ], [ 9.321618835890979, -1.348845520327359 ], [ 9.322933591308125, -1.344207002022641 ], [ 9.323795485746999, -1.339463419848128 ], [ 9.324196505508288, -1.334658878556686 ], [ 9.326139507794878, -1.279234732482845 ], [ 9.326234882222359, -1.278103392434916 ], [ 9.327244161485755, -1.278623375082621 ], [ 9.334419842299718, -1.282777716687911 ], [ 9.335403246441743, -1.283412015981421 ], [ 9.335446254238226, -1.284581447308941 ], [ 9.334171646427192, -1.397384180827853 ], [ 9.334098682033478, -1.398588880078578 ], [ 9.33327671134766, -1.399472615490983 ], [ 9.273676376189448, -1.45754328398855 ], [ 9.270211824163981, -1.461281621407099 ], [ 9.267145855344769, -1.465353245480083 ], [ 9.264510329179455, -1.469715846679372 ], [ 9.262332632250505, -1.474324091841874 ], [ 9.260635393692583, -1.479130095240708 ], [ 9.259436250046107, -1.484083916180871 ], [ 9.258747661990382, -1.489134077948736 ], [ 9.258576784860772, -1.494228102722788 ], [ 9.258925394295348, -1.499313056887204 ], [ 9.259789867783681, -1.50433610108172 ], [ 9.261161222309481, -1.509245039272068 ], [ 9.263025207695952, -1.513988861135409 ], [ 9.264115870639502, -1.516396243193325 ], [ 9.26634147757648, -1.520732975261322 ], [ 9.268978792010895, -1.524832383004102 ], [ 9.272002748303711, -1.528655504713732 ], [ 9.275384606083332, -1.532166004567876 ], [ 9.279092223400639, -1.535330517973745 ], [ 9.283090362213434, -1.538118968672817 ], [ 9.287341023296834, -1.540504854592467 ], [ 9.291803807396599, -1.542465499727723 ], [ 9.296436299192868, -1.543982269659198 ], [ 9.301194470425051, -1.545040748658872 ], [ 9.306033098346482, -1.54563087670046 ], [ 9.310906195531736, -1.545747045072209 ], [ 9.315767446951627, -1.545388149683366 ], [ 9.32057065016183, -1.544557601557719 ], [ 9.325270154421471, -1.543263294414439 ], [ 9.329821294568195, -1.541517529644374 ], [ 9.33418081552608, -1.539336899394819 ], [ 9.455508315104312, -1.471061127927335 ], [ 9.456538488627386, -1.470544808678426 ], [ 9.457274045463858, -1.471431825698955 ], [ 9.558838126166126, -1.606609927734549 ], [ 9.559483427957622, -1.607563559556162 ], [ 9.558378904352944, -1.607888914224288 ], [ 9.281496816956686, -1.674769814003273 ], [ 9.281173143702672, -1.674831094882032 ], [ 9.27624772137607, -1.67602503823086 ], [ 9.271468465361322, -1.677711453885763 ], [ 9.266884478281117, -1.679873015419501 ], [ 9.26254285654279, -1.682487514701753 ], [ 9.258488206464442, -1.685528090067987 ], [ 9.254762185984527, -1.688963502299272 ], [ 9.251403076663442, -1.692758455577588 ], [ 9.248445390374382, -1.696873960119089 ], [ 9.245919514724424, -1.701267732759607 ], [ 9.24385140084877, -1.705894631376708 ], [ 9.242262296785819, -1.710707118685026 ], [ 9.241168529172388, -1.71565575063976 ], [ 9.240581335501984, -1.72068968443045 ], [ 9.24050674866951, -1.725757200845818 ], [ 9.240945534988608, -1.730806235642864 ], [ 9.252174522692485, -1.812022345841124 ], [ 9.253074440726445, -1.816803194793067 ], [ 9.254434706810756, -1.821473959757077 ], [ 9.256242443921687, -1.825990424713977 ], [ 9.25848053902971, -1.830309834332963 ], [ 9.261127805100799, -1.834391298716981 ], [ 9.264159181664501, -1.838196180488886 ], [ 9.267545972050081, -1.841688460554015 ], [ 9.27125611504491, -1.844835079076661 ], [ 9.275254488403476, -1.847606248442589 ], [ 9.293630326733558, -1.859060403908297 ], [ 9.297920021903678, -1.861450155298561 ], [ 9.302423441481102, -1.863407604779266 ], [ 9.307097150170696, -1.864913872831318 ], [ 9.311896070245906, -1.865954431561799 ], [ 9.316773916321548, -1.866519244824891 ], [ 9.321683641774442, -1.866602865020087 ], [ 9.32657789250613, -1.866204485634071 ], [ 9.331409463671202, -1.865327949019505 ], [ 9.336131754966068, -1.863981709335699 ], [ 9.340699220086957, -1.862178751008594 ], [ 9.345067806022129, -1.85993646349651 ], [ 9.349195377941344, -1.857276473569547 ], [ 9.353042125584551, -1.854224436720276 ], [ 9.356570947230203, -1.850809789717583 ], [ 9.35974780753982, -1.847065466690251 ], [ 9.362542065827416, -1.843027581478655 ], [ 9.364926771587646, -1.838735079318264 ], [ 9.373983308148411, -1.820362010064325 ], [ 9.37454282450604, -1.819354000453549 ], [ 9.375498453506765, -1.8199989152873 ], [ 9.516808248241189, -1.92574039249205 ], [ 9.517701545335353, -1.926476949041638 ], [ 9.517956085044647, -1.927606420061875 ], [ 9.543010630563316, -2.069688902418275 ], [ 9.543158340316943, -2.07085949010836 ], [ 9.542856325714927, -2.070994986961657 ], [ 9.538405572525415, -2.073265400568626 ], [ 9.534203635424534, -2.075968677561632 ], [ 9.53029247324498, -2.079077824117506 ], [ 9.526711141259497, -2.082561793564909 ], [ 9.523495401190834, -2.086385796403749 ], [ 9.520677364109735, -2.090511647698963 ], [ 9.518285169786877, -2.09489814837973 ], [ 9.516342705700573, -2.099501496636606 ], [ 9.514869368506139, -2.104275725308566 ], [ 9.513879870348795, -2.109173160892348 ], [ 9.513384091954181, -2.114144899590641 ], [ 9.513386983963445, -2.119141295645495 ], [ 9.513888517498158, -2.124112457080635 ], [ 9.514883684448685, -2.129008743902427 ], [ 9.516362547483135, -2.133781263784629 ], [ 9.518310339277493, -2.138382360287257 ], [ 9.520707609976121, -2.142766088734387 ], [ 9.523530421410086, -2.146888674998972 ], [ 9.52675058613397, -2.150708952613457 ], [ 9.564960754693598, -2.19169593090715 ], [ 9.565716425976749, -2.192587409998576 ], [ 9.566090036180999, -2.193694744398794 ], [ 9.61463561858902, -2.363677392108179 ], [ 9.616298983503016, -2.368539918822141 ], [ 9.618452687678978, -2.373206020750256 ], [ 9.621073978568546, -2.377626403420724 ], [ 9.624135163859847, -2.381754368233247 ], [ 9.627603904029582, -2.385546305800768 ], [ 9.63144355399003, -2.388962156655583 ], [ 9.63561355022166, -2.391965834452768 ], [ 9.644526921363743, -2.397714438601876 ], [ 9.648769930277124, -2.400165233569946 ], [ 9.65323245167945, -2.402188948803948 ], [ 9.657871628370881, -2.403766148930828 ], [ 9.662642906588054, -2.404881686823003 ], [ 9.667500463889883, -2.405524849068465 ], [ 9.6723976492275, -2.405689458860339 ], [ 9.677287430971976, -2.405373935317748 ], [ 9.682122848597075, -2.404581308668291 ], [ 9.686857463679138, -2.403319191146322 ], [ 9.691445805882795, -2.401599703886503 ], [ 9.695843809649359, -2.39943936051476 ], [ 9.700009237393992, -2.396858908554581 ], [ 9.703902085147371, -2.393883130171778 ], [ 9.707484966746142, -2.390540604171322 ], [ 9.710723472882465, -2.386863431531977 ], [ 9.713586501564404, -2.382886927114659 ], [ 9.716046556813492, -2.378649280505281 ], [ 9.717544989024974, -2.375364160093922 ], [ 9.717777908658135, -2.374914205221565 ], [ 9.718199613996651, -2.375932379725607 ], [ 9.733006736182615, -2.41735706584453 ], [ 9.734908933147805, -2.421945647462514 ], [ 9.737257032014275, -2.42632284591273 ], [ 9.740027858516536, -2.43044546098737 ], [ 9.743194066332036, -2.434272805057133 ], [ 9.746724406972241, -2.437767104632642 ], [ 9.750584038185647, -2.440893873165134 ], [ 9.754734867828988, -2.443622251407101 ], [ 9.759135929812835, -2.445925311973742 ], [ 9.763743788411249, -2.447780325099385 ], [ 9.768512966945194, -2.449168982966046 ], [ 9.773396396608888, -2.450077580390126 ], [ 9.778345881009436, -2.45049715008399 ], [ 9.783312571835056, -2.450423551157485 ], [ 9.788247450957323, -2.449857509985929 ], [ 9.793101814209404, -2.448804613041245 ], [ 9.797827752065688, -2.447275251756977 ], [ 9.802378622478805, -2.445284519971352 ], [ 9.873399343662667, -2.409915635136644 ], [ 9.874503487942231, -2.409433267501638 ], [ 9.875259468497811, -2.410371514017734 ], [ 9.965019665839508, -2.533983368223865 ], [ 9.968027439792436, -2.537732313776374 ], [ 9.9713812777523, -2.541175142242413 ], [ 9.975050188516505, -2.544280040100943 ], [ 9.97900026944629, -2.547018316485046 ], [ 9.983195019744711, -2.549364668300415 ], [ 9.987595677742929, -2.551297414039077 ], [ 9.992161579078141, -2.552798694127769 ], [ 9.99685053245339, -2.553854635959662 ], [ 10.00161920950703, -2.554455482084447 ], [ 10.006423545189277, -2.554595680372234 ], [ 10.011219144946109, -2.554273935318113 ], [ 10.015961694947999, -2.553493220013295 ], [ 10.136244061976249, -2.527700185325052 ], [ 10.137205638389485, -2.527543593089395 ], [ 10.136409062450213, -2.528104500479025 ], [ 9.978334890157385, -2.628025370372814 ], [ 9.977318212674744, -2.628600747355116 ], [ 9.976546014679105, -2.627724161916601 ], [ 9.874603784201966, -2.499963821239019 ], [ 9.871353119551097, -2.496277216586663 ], [ 9.867756200623802, -2.492927582462516 ], [ 9.863847784986547, -2.48994728688294 ], [ 9.859665640245169, -2.487365128890612 ], [ 9.855250179090849, -2.485206060265055 ], [ 9.850644068786218, -2.483490944409855 ], [ 9.84589181886521, -2.482236354746473 ], [ 9.841039351030767, -2.481454414562778 ], [ 9.836133555406541, -2.481152679863912 ], [ 9.831221837430604, -2.481334066357475 ], [ 9.826351659769605, -2.481996821278603 ], [ 9.821570083679902, -2.483134540327206 ], [ 9.816923314247596, -2.48473622955367 ], [ 9.812456253901864, -2.486786411595043 ], [ 9.808212068516054, -2.489265275235115 ], [ 9.804231770289391, -2.492148866843162 ], [ 9.800553821439941, -2.495409321841473 ], [ 9.800125750095329, -2.49582813759426 ], [ 9.796830032860154, -2.499381163659971 ], [ 9.793893765640824, -2.503236560025398 ], [ 9.791344532608155, -2.507358107946144 ], [ 9.789206282018272, -2.511707088370648 ], [ 9.787499101235539, -2.516242645678513 ], [ 9.786239028025872, -2.520922171490402 ], [ 9.785437899893166, -2.525701704943872 ], [ 9.785103242874261, -2.530536345674842 ], [ 9.785238200837092, -2.535380675625013 ], [ 9.785841505946275, -2.540189185712669 ], [ 9.786907490573505, -2.544916703358577 ], [ 9.78842614054097, -2.549518816850677 ], [ 9.79038318919752, -2.55395229256097 ], [ 9.792760251443839, -2.55817548109512 ], [ 9.795534996447572, -2.562148708559301 ], [ 9.89912148257431, -2.696141634907808 ], [ 9.902648720422116, -2.700227832461022 ], [ 9.906595905448963, -2.703909971464741 ], [ 10.634474714754054, -3.312856333054865 ], [ 10.63536900977096, -3.31368335145085 ], [ 10.635525838217889, -3.314891295093081 ], [ 10.644650787953863, -3.429514632630185 ], [ 10.64524201771728, -3.434168311901292 ], [ 10.646266780796443, -3.43874610001599 ], [ 10.647716056700661, -3.443207700933255 ], [ 10.649577088159427, -3.447513841351421 ], [ 10.651833493418472, -3.451626616411942 ], [ 10.654465410440361, -3.455509823357415 ], [ 10.657449671740359, -3.459129280206836 ], [ 10.66076000831851, -3.462453126642944 ], [ 10.664367280892874, -3.465452104463091 ], [ 10.962844410500718, -3.690782136770809 ], [ 10.963737041735088, -3.691524188724499 ], [ 10.964295712007427, -3.69254169506325 ], [ 11.065950512815649, -3.900204103741529 ], [ 11.068228487270552, -3.904348844881024 ], [ 11.070887882224474, -3.908259812179493 ], [ 11.073904903489167, -3.911902013357217 ], [ 11.077252557115578, -3.915242860843738 ], [ 11.805520695135455, -4.57631185763522 ], [ 11.806353837114697, -4.577144384242852 ], [ 11.806488188812061, -4.578314502070843 ], [ 11.819182975711938, -4.769342126014904 ], [ 11.819764476927265, -4.774313787377132 ], [ 11.820840158537493, -4.779202393460415 ], [ 11.822399239820411, -4.783958949558827 ], [ 11.824426095313944, -4.788535784400989 ], [ 11.826900411418023, -4.792887027922235 ], [ 11.829797389982048, -4.796969070984683 ], [ 11.979314712477363, -4.98675315652073 ], [ 11.982610597852169, -4.990530558864596 ], [ 11.986268174183946, -4.993958935192907 ], [ 11.990250673132319, -4.997003821233057 ], [ 11.99451806002307, -4.999634607806679 ], [ 11.999027436302763, -5.001824848533051 ], [ 12.003733470782954, -5.003552525685342 ], [ 12.008588855338841, -5.004800271527152 ], [ 12.01354478048135, -5.005555542904314 ], [ 12.01855142602192, -5.005810747336845 ], [ 12.131240076065897, -5.005898259251731 ], [ 12.132389542820206, -5.005956012213203 ], [ 12.131986761404937, -5.007034147805457 ], [ 12.101015482131876, -5.078889844672237 ], [ 12.100482471649071, -5.079975816054056 ], [ 12.099356475255654, -5.080484255339491 ], [ 12.097038933619269, -5.081397445332355 ], [ 12.092608593615514, -5.083676030383319 ], [ 12.088426999875518, -5.08638419141564 ], [ 12.084535667031748, -5.089495041955661 ], [ 12.080973228022474, -5.092977697650466 ], [ 12.077775050546078, -5.096797582886023 ], [ 12.074972885932498, -5.100916774051986 ], [ 12.072594553917765, -5.105294376045207 ], [ 12.070663666451207, -5.10988692827407 ], [ 12.069199393277298, -5.114648836132852 ], [ 12.068216271619509, -5.119532823662457 ], [ 12.067724061855538, -5.124490402903539 ], [ 12.067727650616829, -5.12947235528229 ], [ 12.068227002274357, -5.134429220249734 ], [ 12.069217159292354, -5.139311786323334 ], [ 12.07068829144645, -5.144071579655878 ], [ 12.072625793417599, -5.148661345281174 ], [ 12.231655433000652, -5.478482256352674 ], [ 12.232124529798089, -5.479591121411526 ], [ 12.231783961377745, -5.480745957622942 ], [ 12.17039265415543, -5.656616084280103 ], [ 12.169028321122594, -5.661225783163472 ], [ 12.168112991609947, -5.6659452005325 ], [ 12.167655127190201, -5.670730708717943 ], [ 12.16765896049546, -5.675538069087791 ], [ 12.168124456089533, -5.680322841002074 ], [ 12.169047310795516, -5.685040792635087 ], [ 12.17041899347562, -5.689648309867275 ], [ 12.172226823895485, -5.694102799466862 ], [ 12.174454089943964, -5.698363082834093 ], [ 12.177080202124753, -5.702389776668211 ], [ 12.381200345400826, -5.984713987640056 ], [ 12.384214665708871, -5.988485343522918 ], [ 12.387578668576133, -5.991948396630186 ], [ 12.391260989046229, -5.995070858490673 ], [ 12.39522729426468, -5.997823616204091 ], [ 12.399440603588166, -6.000181003881018 ], [ 12.403861633380982, -6.002121041943976 ], [ 12.40844916328391, -6.003625642058437 ], [ 12.413160420540512, -6.004680775783042 ], [ 12.417951478797523, -6.005276605366588 ], [ 12.422777667661016, -6.005407575472286 ], [ 12.652375702114462, -6.000546783938432 ], [ 12.657035338280894, -6.000229960619237 ], [ 12.661645085198963, -5.999479747602511 ], [ 12.666164722667828, -5.998302690522702 ], [ 12.670554816694704, -5.996709059243424 ], [ 12.674777063557801, -5.994712758252547 ], [ 12.678794624007624, -5.992331205345066 ], [ 12.68257244469069, -5.989585179652233 ], [ 12.686077563991255, -5.986498640342923 ], [ 12.85785489683375, -5.820363408884756 ], [ 12.858755451245509, -5.819573942115066 ], [ 12.859950656522741, -5.819649707372728 ], [ 13.183102466490348, -5.85607596737163 ], [ 13.184148498151398, -5.856246840168264 ], [ 13.183216280948658, -5.856751172236898 ], [ 12.818537414807402, -6.031220408602961 ], [ 12.817413039555646, -6.031692049157081 ], [ 12.816218285363382, -6.031935415011477 ], [ 12.346192419726437, -6.103881130266758 ], [ 12.341472585777732, -6.104838213442014 ], [ 12.336866722371376, -6.106244934092926 ], [ 12.332417558729892, -6.108088241880303 ], [ 12.328166370350726, -6.110351036186589 ], [ 12.324152596087838, -6.113012324760625 ], [ 12.320413472272076, -6.11604741846562 ], [ 12.316983687264655, -6.119428160323642 ], [ 12.313895059648512, -6.123123186731736 ], [ 12.31117624304297, -6.127098218426344 ], [ 12.308852460280207, -6.131316378496705 ], [ 12.306945269409605, -6.135738534496984 ], [ 12.305472363700787, -6.140323661483301 ], [ 12.304447407500749, -6.145029222607727 ], [ 12.303879909467842, -6.149811563738424 ], [ 12.303775134358657, -6.15462631844497 ], [ 12.304134054186161, -6.159428819591782 ], [ 12.3049533392022, -6.164174513721223 ], [ 12.306225388788024, -6.168819374382094 ], [ 12.307938401966268, -6.17332031056903 ], [ 12.310076486880224, -6.177635566483623 ], [ 12.615895495839894, -6.726690050714701 ], [ 12.618316508640397, -6.730601729734564 ], [ 12.621086789501781, -6.734274341840912 ], [ 12.624182887956955, -6.737676798319769 ], [ 12.62757859548824, -6.740780297328407 ], [ 12.832510141440736, -6.911456083434488 ], [ 12.833442305198272, -6.912318088145574 ], [ 12.833566994529461, -6.913581588823677 ], [ 12.849601628737526, -7.258150935112456 ], [ 12.850104279695532, -7.263267131797556 ], [ 12.851129608152423, -7.268304673664547 ], [ 12.852666775104129, -7.273210307595935 ], [ 13.057532771513314, -7.825700611749949 ], [ 13.057884752581176, -7.826816891734084 ], [ 13.056735030682052, -7.827036234456475 ], [ 12.338129780081408, -7.927478717525769 ], [ 12.334473491715393, -7.92771827889686 ], [ 11.604538479690392, -7.921863505672297 ], [ 11.600880587795254, -7.921564399137181 ], [ 10.885160011106477, -7.809615871122297 ], [ 10.883994538154695, -7.80937608969699 ], [ 10.882857239940078, -7.809026268164946 ], [ 9.891985204383579, -7.451641182918028 ], [ 9.891006862130029, -7.451240689297697 ], [ 9.890113533305966, -7.450682569482916 ], [ 9.057448666624465, -6.880393787486848 ], [ 9.056547392598723, -6.879714603501736 ], [ 9.055786618961037, -6.87888732095928 ], [ 7.711172389754922, -5.278100050941604 ], [ 7.710491860626949, -5.277211802271078 ], [ 7.709983318322736, -5.276220123744167 ], [ 7.348811940979071, -4.487287784068023 ], [ 7.348383897868322, -4.486225940801228 ], [ 7.348262319601609, -4.485087542473305 ], [ 7.297993871283135, -3.651935491228013 ], [ 7.297983775511917, -3.650631270608196 ], [ 7.298245889203322, -3.649353620514269 ], [ 7.440332702984631, -3.103983103507939 ], [ 7.44066725003724, -3.102902544795928 ], [ 7.441098354831946, -3.101856754417095 ], [ 7.714075588743508, -2.516532082173573 ], [ 7.715913119117555, -2.512033264102683 ], [ 7.717305236422342, -2.507377311856339 ], [ 7.718238790226716, -2.502608207201914 ], [ 7.718704961852118, -2.497771000784343 ], [ 7.737478512282991, -2.102502720522959 ], [ 7.737607034444435, -2.101214548098747 ], [ 7.737868544579991, -2.099946668534455 ], [ 7.899803702476685, -1.479715417836333 ], [ 7.900112085889393, -1.47870983454249 ], [ 7.900583544469566, -1.477773794437486 ], [ 8.200893763918732, -0.93894342612509 ], [ 8.201619471024561, -0.937793767132469 ], [ 8.202466176015344, -0.936730067333974 ], [ 8.519612990173258, -0.580132063350052 ], [ 8.522744213336351, -0.57623530969476 ], [ 8.525470682644576, -0.572045367850483 ], [ 8.527765145131347, -0.567604119214804 ], [ 8.529604666040237, -0.562955957172353 ], [ 8.530970858073898, -0.558147343351897 ], [ 8.531850065187964, -0.553226343209883 ], [ 8.532233499092742, -0.548242145582602 ], [ 8.532117327098332, -0.543244571009388 ], [ 8.531502710425022, -0.538283573741498 ], [ 8.530395792596089, -0.533408742414456 ], [ 8.52880763802899, -0.528668804374974 ], [ 8.526754121438776, -0.524111138617063 ], [ 8.524255769159211, -0.519781302195867 ], [ 8.521337553967724, -0.515722574853054 ], [ 8.518028645465042, -0.511975526405542 ], [ 8.514362118504639, -0.508577611221821 ], [ 8.510374622586456, -0.50556279383936 ], [ 8.506106015519528, -0.50296120946531 ], [ 8.501598965015328, -0.500798862754047 ], [ 7.578505939988165, -0.113431194038672 ], [ 7.577286213176797, -0.112839316350305 ], [ 7.576138052630538, -0.112118358617566 ], [ 6.934976448057878, 0.340942179360133 ], [ 6.934048781533122, 0.341665667282958 ], [ 6.933193451689315, 0.342473386797366 ], [ 6.540182878225789, 0.750371346555938 ], [ 6.53926567561505, 0.751437818467652 ], [ 6.53847462735595, 0.752600945984035 ], [ 6.179775718454732, 1.350016314629203 ], [ 6.177161880413179, 1.353938156839024 ], [ 6.174190387356317, 1.357596465825322 ], [ 6.170887641589057, 1.360958736787492 ], [ 6.167282988662311, 1.363995095281463 ], [ 6.163408456631958, 1.366678562660056 ], [ 6.159298471483216, 1.368985295783615 ], [ 6.154989551248937, 1.370894798871026 ], [ 6.150519981539649, 1.372390105608796 ], [ 6.145929475368313, 1.373457929900116 ], [ 6.141258820292331, 1.374088783914461 ], [ 5.15532992145357, 1.460187919485726 ], [ 5.153887313222877, 1.460399629258152 ], [ 5.152479362880316, 1.460778595441201 ], [ 3.905715654283005, 1.876072084756313 ], [ 3.90469296586647, 1.876463413627148 ], [ 3.903758224739592, 1.877025606832501 ], [ 2.889243926502888, 2.549063196178104 ], [ 2.888072459339258, 2.54994260198427 ], [ 2.887012429251901, 2.550953555050075 ], [ 2.210527287234511, 3.276806019900593 ], [ 2.207094764543586, 3.280152013082806 ], [ 2.203357602987081, 3.283153930120252 ], [ 2.199350151388497, 3.285784179934269 ], [ 2.195109242848455, 3.288018587496492 ], [ 2.190673856206033, 3.289836616025245 ], [ 2.186084757778299, 3.291221555742234 ], [ 2.181384126670847, 3.29216067745468 ], [ 2.176615167103194, 3.292645349551277 ], [ 2.171821711312185, 3.292671117336649 ], [ 2.167047816683199, 3.292237743975139 ], [ 1.515671590047363, 3.201450580924053 ], [ 1.514742901257641, 3.201356394610149 ], [ 1.513809770110378, 3.20133189579662 ], [ 0.744549917049202, 3.209920210542234 ], [ 0.743592475381152, 3.209967728189376 ], [ 0.742641507795656, 3.210088612952037 ], [ -0.008712745384721, 3.33509504908325 ], [ -0.009686507259584, 3.335297246124883 ], [ -0.010641068212327, 3.335576368356296 ], [ -0.713417278834989, 3.571866101267637 ], [ -0.714613742783928, 3.572338440206926 ], [ -0.715755124948212, 3.572931632258193 ], [ -1.641928969523873, 4.11676552601705 ], [ -1.643051742937428, 4.117509240747609 ], [ -1.644087647270176, 4.118369841672563 ], [ -2.557307433632603, 4.964561055668153 ], [ -2.55802498759169, 4.965295095715054 ] ], [ [ 9.409591245286538, -2.025035407030333 ], [ 9.41313120644914, -2.028475321081991 ], [ 9.41699309387808, -2.03154943220583 ], [ 9.421139270647725, -2.03422778093413 ], [ 9.425529329224288, -2.036484264794001 ], [ 9.430120485266896, -2.03829689269513 ], [ 9.434867994592361, -2.039647999249082 ], [ 9.439725589240076, -2.040524416931471 ], [ 9.444645928387221, -2.040917604409142 ], [ 9.449581059719804, -2.040823729781728 ], [ 9.45448288676314, -2.040243707926327 ], [ 9.459303637617268, -2.03918319158136 ], [ 9.463996330529161, -2.037652516256482 ], [ 9.468515231764368, -2.035666599505463 ], [ 9.472816301315797, -2.033244795543685 ], [ 9.476857622105896, -2.030410706627114 ], [ 9.480599808499313, -2.027191953031008 ], [ 9.484006390144801, -2.023619903870073 ], [ 9.487044167405546, -2.01972937138343 ], [ 9.489683534913972, -2.015558271663813 ], [ 9.491898770097769, -2.011147255137435 ], [ 9.493668283865231, -2.006539310395765 ], [ 9.494974831006775, -2.001779345240174 ], [ 9.495805678262176, -1.996913749022472 ], [ 9.496152728415513, -1.991989940546649 ], [ 9.496012599208486, -1.987055905937847 ], [ 9.495386656303001, -1.982159730982375 ], [ 9.494280999971791, -1.977349132496451 ], [ 9.492706405646787, -1.972670993290828 ], [ 9.490678218904632, -1.968170905263415 ], [ 9.47785434637818, -1.94310044085215 ], [ 9.475453686863151, -1.938917887948682 ], [ 9.472661252340774, -1.934986065936478 ], [ 9.469503020175866, -1.931341551635512 ], [ 9.466008370663099, -1.928018249109359 ], [ 9.462209813709, -1.925047074263631 ], [ 9.458142686399897, -1.922455667242542 ], [ 9.45384482426927, -1.920268135299111 ], [ 9.449356209322643, -1.918504828531038 ], [ 9.444718598094346, -1.917182150568499 ], [ 9.431232154316866, -1.914030275118409 ], [ 9.426408553499492, -1.913149867104745 ], [ 9.421521912670366, -1.912746153687795 ], [ 9.416619226152225, -1.912823017338007 ], [ 9.41174764257754, -1.913379718865554 ], [ 9.406954011464981, -1.91441090452905 ], [ 9.40228443267239, -1.915906657521925 ], [ 9.397783813059204, -1.917852593341343 ], [ 9.393495434621784, -1.920229998122479 ], [ 9.389460538254916, -1.923016008607841 ], [ 9.385717927142363, -1.926183832020863 ], [ 9.382303593590626, -1.929703003729288 ], [ 9.379250372894635, -1.933539680220404 ], [ 9.376587627564097, -1.937656964570627 ], [ 9.374340964947248, -1.942015261279428 ], [ 9.372531990967619, -1.94657265705519 ], [ 9.371178102342096, -1.951285323891025 ], [ 9.370292319278473, -1.956107940554217 ], [ 9.369883160261457, -1.960994128435858 ], [ 9.369954560131269, -1.965896897569163 ], [ 9.370505832242699, -1.970769098527155 ], [ 9.371531675068498, -1.975563875853858 ], [ 9.373022223183618, -1.9802351186684 ], [ 9.374963142139993, -1.984737904108622 ], [ 9.377335766319462, -1.989028929349623 ], [ 9.38011727843908, -1.993066928042579 ], [ 9.383280928982607, -1.996813067168978 ], [ 9.409591245286538, -2.025035407030333 ] ], [ [ 8.579556665424272, 3.463372441377311 ], [ 8.578427418203098, 3.462965915351199 ], [ 8.479589268579334, 3.432770245862308 ], [ 8.475124079471669, 3.431170879958793 ], [ 8.470830524592413, 3.429155620283383 ], [ 8.46674723886839, 3.426742600856087 ], [ 8.462910965150126, 3.423953534879979 ], [ 8.459356223586674, 3.42081351935811 ], [ 8.456115001001082, 3.417350809261787 ], [ 8.453216463061652, 3.413596563282339 ], [ 8.450686691838913, 3.409584563454184 ], [ 8.448548451109925, 3.40535091117212 ], [ 8.446820981521761, 3.400933702338197 ], [ 8.445519827457337, 3.396372684561301 ], [ 8.44465669716157, 3.3917088994941 ], [ 8.444239357386424, 3.386984313525721 ], [ 8.44427156350295, 3.382241440153326 ], [ 8.448338479079933, 3.307332136262868 ], [ 8.44886270413992, 3.30233441095854 ], [ 8.449885932823426, 3.297414545798568 ], [ 8.451397829673455, 3.292622235494977 ], [ 8.453383123279895, 3.288005886350114 ], [ 8.455821760533393, 3.283612127312924 ], [ 8.458689109178369, 3.279485338987943 ], [ 8.461956206619195, 3.275667205354452 ], [ 8.465590052466389, 3.272196292723764 ], [ 8.469553941867881, 3.269107660187546 ], [ 8.473807836258407, 3.266432505491963 ], [ 8.478308767782176, 3.264197849914609 ], [ 8.483011273303788, 3.262426265327228 ], [ 8.645570419056748, 3.210351283676593 ], [ 8.650445691832893, 3.209056694474295 ], [ 8.655426592906293, 3.208259906960884 ], [ 8.660462428168373, 3.207969030599309 ], [ 8.665501944406955, 3.208187025841432 ], [ 8.670493850945995, 3.208911673997441 ], [ 8.67538734166661, 3.210135599817001 ], [ 8.680132612096424, 3.211846346552335 ], [ 8.684681366304472, 3.214026502739236 ], [ 8.688987308442613, 3.216653879405706 ], [ 8.693006613930704, 3.219701735904614 ], [ 8.696698375489957, 3.223139052071936 ], [ 8.700025019484892, 3.226930843940631 ], [ 8.702952688336447, 3.231038519796897 ], [ 8.70545158511422, 3.235420272955002 ], [ 8.918802656036533, 3.657699605623342 ], [ 8.920798546475801, 3.662184365535207 ], [ 8.922345050038205, 3.666843225572181 ], [ 8.923427260501647, 3.671631280566168 ], [ 8.924034746807376, 3.676502380082806 ], [ 8.924161653601406, 3.681409573249807 ], [ 8.923806757672294, 3.68630556130046 ], [ 8.92297347974125, 3.691143153470359 ], [ 8.921669851490977, 3.695875721853143 ], [ 8.919908438151003, 3.70045765083103 ], [ 8.91770621738571, 3.70484477674825 ], [ 8.9150844156524, 3.708994813589514 ], [ 8.912068303606684, 3.712867760560534 ], [ 8.908686952527233, 3.716426287642083 ], [ 8.90497295410759, 3.719636095401363 ], [ 8.900962106315932, 3.72246624559257 ], [ 8.896693068350617, 3.724889459360135 ], [ 8.892206988017307, 3.726882380170337 ], [ 8.887547105119275, 3.728425798936989 ], [ 8.88275833468362, 3.729504839171292 ], [ 8.741909798734968, 3.754047684878798 ], [ 8.737120428196054, 3.754645764400012 ], [ 8.732295705915082, 3.754779271644033 ], [ 8.727480590138876, 3.75444696254928 ], [ 8.722719949597897, 3.753651933674152 ], [ 8.718058145405594, 3.752401593342345 ], [ 8.713538617687911, 3.750707592609812 ], [ 8.709203480794825, 3.748585716696638 ], [ 8.705093130865862, 3.746055737895502 ], [ 8.701245869406456, 3.743141231327372 ], [ 8.69769754638272, 3.739869355261269 ], [ 8.694481226160441, 3.736270598045162 ], [ 8.691626879401143, 3.732378494006162 ], [ 8.689161103786235, 3.728229310967341 ], [ 8.687106876171642, 3.723861712292995 ], [ 8.580068311436456, 3.464458112162906 ], [ 8.579556665424272, 3.463372441377311 ] ], [ [ 8.652002346107141, 4.669371939228843 ], [ 8.64971441706599, 4.673822894745409 ], [ 8.646993005279956, 4.678022840244892 ], [ 8.643865374531911, 4.681929699624455 ], [ 8.640362858207732, 4.685504332991199 ], [ 8.636520545390612, 4.68871092877539 ], [ 8.632376929329869, 4.691517362499699 ], [ 8.627973521805956, 4.693895518610245 ], [ 8.623354437255077, 4.695821572145232 ], [ 8.618565950819759, 4.697276227419367 ], [ 8.613656034752907, 4.698244911332852 ], [ 8.608673877819795, 4.698717919368339 ], [ 8.603669392512741, 4.698690512813207 ], [ 8.598692715015284, 4.698162966233171 ], [ 8.593793702925389, 4.697140564721608 ], [ 8.589021435769565, 4.69563355095218 ], [ 8.584423723311929, 4.693657022565165 ], [ 8.580046626584032, 4.691230780915528 ], [ 8.57593399643396, 4.688379132698005 ], [ 8.572127034217573, 4.68513064643656 ], [ 8.568663879033043, 4.681517866277784 ], [ 8.565579225633837, 4.677576985955501 ], [ 8.562903976848016, 4.67334748619291 ], [ 8.560664933985992, 4.668871739174834 ], [ 8.558884528338295, 4.664194584052601 ], [ 8.557580596453311, 4.659362877734217 ], [ 8.538800403403791, 4.572750090507227 ], [ 8.53798942726098, 4.567842179748203 ], [ 8.537670144465389, 4.562877974996262 ], [ 8.537845715312653, 4.557906612486815 ], [ 8.538514401983539, 4.552977299303527 ], [ 8.539669585745076, 4.548138826321291 ], [ 8.541299832463482, 4.543439085268863 ], [ 8.543389005780464, 4.53892459469136 ], [ 8.545916426832626, 4.534640039504666 ], [ 8.548857078933109, 4.530627828699302 ], [ 8.552181855189451, 4.526927675571658 ], [ 8.555857846606761, 4.523576204637485 ], [ 8.559848667824511, 4.520606589118481 ], [ 8.564114817262762, 4.518048222590156 ], [ 8.568614068113082, 4.51592642804104 ], [ 8.57330188630405, 4.514262207223008 ], [ 8.578131871304326, 4.513072032773668 ], [ 8.583056215400115, 4.512367685168412 ], [ 8.588026176901089, 4.512156136115998 ], [ 8.645790252825496, 4.512573506416615 ], [ 8.650750939910894, 4.512856239503058 ], [ 8.655659070929532, 4.513629934702292 ], [ 8.660466176410276, 4.514886951509823 ], [ 8.665124784543714, 4.516614876455097 ], [ 8.669588889982478, 4.518796645688774 ], [ 8.673814408159783, 4.521410713494067 ], [ 8.677759610639592, 4.52443126505806 ], [ 8.681385537199168, 4.527828471401806 ], [ 8.6846563805746, 4.531568783951689 ], [ 8.687539840069768, 4.535615265843053 ], [ 8.690007440536757, 4.539927956684366 ], [ 8.692034813577669, 4.544464267179736 ], [ 8.693601938190884, 4.549179399712769 ], [ 8.694693338485296, 4.55402679073834 ], [ 8.695298236510014, 4.558958570613508 ], [ 8.69541065869033, 4.563926036326605 ], [ 8.695029494818789, 4.568880132456118 ], [ 8.694158509018884, 4.57377193560974 ], [ 8.692806302573045, 4.57855313755959 ], [ 8.690986228982027, 4.583176522302471 ], [ 8.652002346107141, 4.669371939228843 ] ], [ [ 7.140141766948828, 4.593301524087998 ], [ 7.138042326892893, 4.597735628422547 ], [ 7.135518441832074, 4.601942638524496 ], [ 7.13259441065131, 4.605882051101524 ], [ 7.129298384671089, 4.609515939175727 ], [ 7.125662096618582, 4.612809317228321 ], [ 7.121720555118533, 4.615730478025251 ], [ 7.117511707645208, 4.618251297880856 ], [ 7.113076075180352, 4.620347507420679 ], [ 7.10845636209453, 4.621998925236619 ], [ 7.10369704500772, 4.623189652184885 ], [ 7.098843944587462, 4.623908224456144 ], [ 7.093943784407085, 4.624147723944177 ], [ 7.08904374111114, 4.623905844850438 ], [ 7.084190990218866, 4.623184915883298 ], [ 7.079432251938485, 4.621991877838236 ], [ 7.074813341365036, 4.620338216774835 ], [ 7.070378727392255, 4.61823985343391 ], [ 7.066171104585097, 4.615716989959441 ], [ 7.062230982134748, 4.61279391540097 ], [ 7.058596293853469, 4.609498771869034 ], [ 7.055302032964092, 4.605863283594971 ], [ 7.052379915200252, 4.601922451503601 ], [ 7.049858073460873, 4.597714216239305 ], [ 7.047760786958674, 4.593279092889746 ], [ 7.046108247470288, 4.588659780923938 ], [ 7.04491636493849, 4.583900753100052 ], [ 7.044196614298072, 4.579047827300728 ], [ 7.043955925000091, 4.574147725418118 ], [ 7.043955925000091, 4.516269834415436 ], [ 7.044187239433612, 4.511465884271546 ], [ 7.04487904247949, 4.506706383047904 ], [ 7.046024933176538, 4.502035368397686 ], [ 7.047614309082457, 4.497496059245202 ], [ 7.049632464373754, 4.493130455899461 ], [ 7.052060725912511, 4.488978951443059 ], [ 7.054876626021035, 4.485079957992059 ], [ 7.05805411036579, 4.481469551284917 ], [ 7.061563779027125, 4.478181136888924 ], [ 7.065373158524312, 4.475245141112608 ], [ 7.069447002278932, 4.472688729483961 ], [ 7.073747616736569, 4.470535555399292 ], [ 7.078235210129344, 4.468805541268348 ], [ 7.082868260652313, 4.467514694180677 ], [ 7.087603900647189, 4.466674957798792 ], [ 7.092398313238662, 4.466294101848512 ], [ 7.097207137753424, 4.466375650228974 ], [ 7.101985880170735, 4.46691884840748 ], [ 7.106690324806785, 4.467918670400872 ], [ 7.111276943423735, 4.469365865278829 ], [ 7.115703297978097, 4.471247042758815 ], [ 7.135700183253769, 4.480906144437919 ], [ 7.140125920401953, 4.483326491254809 ], [ 7.144285265248087, 4.486180449640942 ], [ 7.148135883600966, 4.489438971747561 ], [ 7.151638583515785, 4.493068892039464 ], [ 7.154757714193342, 4.497033264856842 ], [ 7.157461528837111, 4.501291740451582 ], [ 7.159722507775038, 4.505800975670673 ], [ 7.161517638557277, 4.51051507510678 ], [ 7.162828650178996, 4.51538605822588 ], [ 7.163642199044334, 4.520364347717519 ], [ 7.16395000477874, 4.52539927409719 ], [ 7.163748934507373, 4.53043959142498 ], [ 7.163041034741794, 4.535433998891411 ], [ 7.161833510550385, 4.540331662961761 ], [ 7.160138652224499, 4.545082734764421 ], [ 7.140141766948828, 4.593301524087998 ] ], [ [ 6.938416802879021, 4.583511896653175 ], [ 6.93625549883601, 4.587932199703333 ], [ 6.933670193862465, 4.592118667476449 ], [ 6.930685924376694, 4.596030757692417 ], [ 6.927331590419485, 4.599630585177879 ], [ 6.923639675782482, 4.60288328875101 ], [ 6.91964593343106, 4.605757368821578 ], [ 6.915389039268121, 4.608224992436942 ], [ 6.91091021759178, 4.610262262819859 ], [ 6.906252841874086, 4.611849450787878 ], [ 6.901462014726873, 4.612971185813224 ], [ 6.896584131122383, 4.613616604872925 ], [ 6.891666429098538, 4.613779457647683 ], [ 6.886756532299836, 4.61345816705076 ], [ 6.881901988783994, 4.612655844500678 ], [ 6.87714981056058, 4.611380259789856 ], [ 6.872546018320804, 4.609643765840958 ], [ 6.868135195767362, 4.607463179079645 ], [ 6.86396005786025, 4.604859616582186 ], [ 6.860061037159728, 4.601858291575048 ], [ 6.856475892272323, 4.59848826926683 ], [ 6.853239342191737, 4.594782185377138 ], [ 6.850382730075746, 4.590775930088174 ], [ 6.847933719715128, 4.586508300479696 ], [ 6.845916027634025, 4.582020624813226 ], [ 6.844349193416153, 4.577356362303967 ], [ 6.84324839048101, 4.572560682256303 ], [ 6.84262427914258, 4.56768002663858 ], [ 6.842482903373507, 4.562761660333241 ], [ 6.842825632274508, 4.55785321341777 ], [ 6.843649146815828, 4.553002219909033 ], [ 6.871374036259698, 4.427478022069104 ], [ 6.87264539347748, 4.422808077377838 ], [ 6.874362306972549, 4.418282932005021 ], [ 6.876508689449102, 4.413944986078775 ], [ 6.879064429532914, 4.409834885688434 ], [ 6.882005580212768, 4.40599114203503 ], [ 6.885304583221385, 4.402449770585461 ], [ 6.888930527253441, 4.399243953611417 ], [ 6.892849437601198, 4.396403729275042 ], [ 6.89702459449387, 4.393955710174574 ], [ 6.901416877157956, 4.391922833987137 ], [ 6.905985130374703, 4.390324148545168 ], [ 6.9106865501001, 4.389174633360258 ], [ 6.915477084534192, 4.388485059266737 ], [ 6.92031184688174, 4.3882618875001 ], [ 6.946454286598633, 4.388321778388406 ], [ 6.951380830803372, 4.388576422281361 ], [ 6.956258303653052, 4.389315299750297 ], [ 6.961039226497719, 4.390531218360572 ], [ 6.965677060531479, 4.392212342029063 ], [ 6.970126659813921, 4.394342306239831 ], [ 6.974344710733002, 4.39690037734078 ], [ 6.978290153631548, 4.399861654370675 ], [ 6.981924582493152, 4.403197311451883 ], [ 6.985212618796799, 4.406874878389323 ], [ 6.98812225590104, 4.410858556744198 ], [ 6.990625170605348, 4.415109568305747 ], [ 6.992696998855886, 4.419586532568921 ], [ 6.994317572911838, 4.424245869543497 ], [ 6.995471117663694, 4.429042223973575 ], [ 6.99614640419247, 4.433928906838005 ], [ 6.996336859075062, 4.438858349834041 ], [ 6.996040628371739, 4.44378256842016 ], [ 6.995260595672898, 4.44865362891067 ], [ 6.994004354029408, 4.453424115075268 ], [ 6.992284132039784, 4.458047589701551 ], [ 6.938416802879021, 4.583511896653175 ] ], [ [ 6.824049944900389, 4.503410050638814 ], [ 6.822298667767835, 4.507984623302432 ], [ 6.820108176726649, 4.512365882898509 ], [ 6.817499494959091, 4.516511780399092 ], [ 6.814497659222321, 4.520382525657978 ], [ 6.811131479558758, 4.523940969295629 ], [ 6.80743326279242, 4.527152959239404 ], [ 6.803438502465012, 4.52998766849721 ], [ 6.799185538187546, 4.532417891018777 ], [ 6.794715187676905, 4.534420302805036 ], [ 6.790070355008837, 4.535975685759611 ], [ 6.785295618847173, 4.537069112134008 ], [ 6.780436804601232, 4.537690087796306 ], [ 6.775540544617615, 4.537832652948322 ], [ 6.770653830627445, 4.537495439324623 ], [ 6.765823562744413, 4.536681683324415 ], [ 6.761096099342125, 4.535399194950292 ], [ 6.756516812130791, 4.533660282851926 ], [ 6.752129650703383, 4.531481636194115 ], [ 6.747976720730528, 4.528884164482952 ], [ 6.744097879852405, 4.525892796887364 ], [ 6.740530355146053, 4.522536242982047 ], [ 6.737308385839437, 4.518846717208054 ], [ 6.734462894701335, 4.514859629695507 ], [ 6.732021191260839, 4.510613246415773 ], [ 6.730006709704845, 4.506148321924778 ], [ 6.72843878396904, 4.501507708222181 ], [ 6.727332462180944, 4.496735943480398 ], [ 6.726698362235881, 4.491878824590624 ], [ 6.720139550427615, 4.410895715779084 ], [ 6.719985066224564, 4.405926877335588 ], [ 6.720324760461616, 4.400967257524365 ], [ 6.721155275163292, 4.3960658836173 ], [ 6.722468400452295, 4.391271207108719 ], [ 6.724251155706521, 4.386630624758401 ], [ 6.726485917876242, 4.382190010060936 ], [ 6.729150595693044, 4.37799325977301 ], [ 6.732218848048377, 4.374081859981305 ], [ 6.735660344383013, 4.370494476000569 ], [ 6.739441064513369, 4.367266570155833 ], [ 6.743523634930828, 4.364430051227102 ], [ 6.74786769824965, 4.362012959021865 ], [ 6.752430312151369, 4.360039187193512 ], [ 6.757166373881987, 4.35852824704568 ], [ 6.762029066105709, 4.357495074657393 ], [ 6.766970319707799, 4.356949883235613 ], [ 6.771941288971649, 4.356898062154744 ], [ 6.804612029785359, 4.35818296268685 ], [ 6.809454749801002, 4.358609946211772 ], [ 6.814233112422677, 4.359505213063755 ], [ 6.818901944439689, 4.360860299657814 ], [ 6.823417108110913, 4.362662395410688 ], [ 6.827735918429795, 4.364894463848259 ], [ 6.831817546655627, 4.36753540366328 ], [ 6.835623406296255, 4.370560248200825 ], [ 6.839117517893227, 4.373940401485571 ], [ 6.842266849160831, 4.377643908559597 ], [ 6.845041627263441, 4.381635757574998 ], [ 6.847415620279, 4.385878210785411 ], [ 6.849366385187762, 4.390331161307393 ], [ 6.850875480041883, 4.394952512278889 ], [ 6.851928638310087, 4.399698574830371 ], [ 6.852515903749176, 4.404524481106349 ], [ 6.852631724527382, 4.409384608432645 ], [ 6.852275005709715, 4.41423301061951 ], [ 6.85144911960916, 4.419023852323155 ], [ 6.850161873905832, 4.42371184235938 ], [ 6.824049944900389, 4.503410050638814 ] ] ], [ [ [ -16.941922312750886, 14.297914226478138 ], [ -16.941204885856674, 14.297029310336812 ], [ -16.803345288902808, 14.108925662639964 ], [ -16.802628180917409, 14.107829698022265 ], [ -16.802426060239018, 14.106535661879981 ], [ -16.802083199280499, 14.10318211659634 ], [ -16.801353353730576, 14.098371324858798 ], [ -16.800159347974841, 14.093654255649636 ], [ -16.798512489912472, 14.089075582240103 ], [ -16.79642837620607, 14.084678667216187 ], [ -16.793926744572591, 14.080505151810785 ], [ -16.791031286856182, 14.076594561538045 ], [ -16.787769424653227, 14.072983931864748 ], [ -16.784172049614561, 14.069707457463821 ], [ -16.78027323088434, 14.066796168371749 ], [ -16.776109892446282, 14.064277636116852 ], [ -16.771721463432996, 14.062175712601571 ], [ -16.76714950471013, 14.060510304211665 ], [ -16.762437315271853, 14.059297183291669 ], [ -16.757629522175264, 14.058547838771997 ], [ -16.752771657897338, 14.058269367362387 ], [ -16.747909729116991, 14.058464406342106 ], [ -16.743089781006258, 14.05913110858344 ], [ -16.738357461156856, 14.060263160045038 ], [ -16.733757587272088, 14.061849839569376 ], [ -16.729333722718238, 14.063876120418112 ], [ -16.726834626267145, 14.065171441373753 ], [ -16.653384564038351, 14.098992449699594 ], [ -16.652277028840416, 14.099436928086252 ], [ -16.651870146951758, 14.098782056505598 ], [ -16.650389106695702, 14.096097069347898 ], [ -16.647687587871872, 14.092146762940335 ], [ -16.644620775645919, 14.088472829429792 ], [ -16.641216765850935, 14.085108926639158 ], [ -16.637506743471214, 14.08208587212243 ], [ -16.633524696948783, 14.079431360837399 ], [ -16.629307106806824, 14.077169711425222 ], [ -16.624892611442466, 14.075321643421278 ], [ -16.620321653150778, 14.073904087438324 ], [ -16.615636107622805, 14.07293003006092 ], [ -16.610878900311903, 14.072408394872086 ], [ -16.60609361318291, 14.072343960702128 ], [ -16.601324085446908, 14.072737317848576 ], [ -16.596614011939234, 14.073584862668325 ], [ -16.592006542820194, 14.074878830591507 ], [ -16.587543888265635, 14.076607367254654 ], [ -16.583266931769014, 14.078754637101495 ], [ -16.579214855597463, 14.081300968456425 ], [ -16.575424781833274, 14.084223033741658 ], [ -16.571931432289219, 14.087494063186988 ], [ -16.46956713114616, 14.192980733570627 ], [ -16.468721983169097, 14.193772636058332 ], [ -16.467586387354409, 14.193545024988948 ], [ -16.365945153496821, 14.168094950396711 ], [ -16.364885406038667, 14.167772677511316 ], [ -16.365828361172785, 14.16719150619168 ], [ -16.497837951042229, 14.094650406170508 ], [ -16.501954852626557, 14.092121760203616 ], [ -16.505808478814771, 14.089207571760422 ], [ -16.509362847637746, 14.085935051118591 ], [ -16.512584771343732, 14.082334754365027 ], [ -16.515444166278105, 14.078440298088445 ], [ -16.517914333779597, 14.074288045495512 ], [ -16.519972209470282, 14.069916766881354 ], [ -16.521598578611645, 14.065367277624638 ], [ -16.52277825551587, 14.0606820570874 ], [ -16.52350022533723, 14.055904851977926 ], [ -16.523757746919596, 14.05108026788025 ], [ -16.52354841573975, 14.046253352764147 ], [ -16.522874186358848, 14.041469176364508 ], [ -16.521741354172338, 14.036772409357498 ], [ -16.520160496628776, 14.032206906262779 ], [ -16.518146374466372, 14.027815295966333 ], [ -16.515717793889451, 14.023638583687241 ], [ -16.512897430971673, 14.019715768104913 ], [ -16.509711619925671, 14.016083477221722 ], [ -16.506190107215971, 14.012775626361064 ], [ -16.50236577381115, 14.009823101494158 ], [ -16.498274328168584, 14.007253470852437 ], [ -16.493953972818467, 14.005090727518233 ], [ -16.489445047660215, 14.003355065397253 ], [ -16.487110247260478, 14.00258361022882 ], [ -16.487049933999913, 14.001379487417797 ], [ -16.487049933999913, 13.805843202553964 ], [ -16.487106936643837, 13.804666465763635 ], [ -16.488648759629864, 13.803711968962181 ], [ -16.489631907468773, 13.803167472264347 ], [ -16.493607305725533, 13.80043429592339 ], [ -16.497300792090311, 13.797330716911377 ], [ -16.500429155854995, 13.794139456812619 ], [ -16.502526278926453, 13.798307271660466 ], [ -16.505162966014314, 13.802468790528636 ], [ -16.508196390629283, 13.806350631998185 ], [ -16.511597103850708, 13.809915110596112 ], [ -16.515332091067524, 13.813127621853623 ], [ -16.519365092488854, 13.815956978251286 ], [ -16.523656955159225, 13.818375711991926 ], [ -16.528166013061085, 13.82036034166194 ], [ -16.532199947131641, 13.821903376525427 ], [ -16.537002655492383, 13.823467331221089 ], [ -16.541938645616224, 13.824538761753503 ], [ -16.546957546786395, 13.825106734404704 ], [ -16.55200814219674, 13.825165453136039 ], [ -16.557038891608219, 13.824714318735493 ], [ -16.561998457305926, 13.823757934932523 ], [ -16.56683622798943, 13.822306061417978 ], [ -16.571502835250218, 13.820373514248567 ], [ -16.575950657365656, 13.817980014652184 ], [ -16.580134305268416, 13.815149987777023 ], [ -16.584011085732168, 13.811912313438194 ], [ -16.587541437046735, 13.808300031405436 ], [ -16.590689332736837, 13.804350004239367 ], [ -16.593422649204523, 13.800102541116996 ], [ -16.595713493543574, 13.79560098648524 ], [ -16.601309166249745, 13.783077849558238 ], [ -16.603087258030413, 13.778509372782292 ], [ -16.604409420645332, 13.773788729134173 ], [ -16.605262944097465, 13.76896129833203 ], [ -16.605639623434985, 13.764073486642786 ], [ -16.605535837625798, 13.759172280777019 ], [ -16.604952584366647, 13.754304796204007 ], [ -16.603895470492201, 13.749517824229022 ], [ -16.602374658076378, 13.744857382186822 ], [ -16.600404766743949, 13.74036827107534 ], [ -16.598004733131543, 13.736093644882075 ], [ -16.595197628849093, 13.732074595743251 ], [ -16.592010438691613, 13.728349758923621 ], [ -16.588473801233373, 13.72495494141427 ], [ -16.584621714298191, 13.721922777718715 ], [ -16.580491208137119, 13.719282416136249 ], [ -16.576121989455295, 13.717059238558269 ], [ -16.571556059709959, 13.715274616471255 ], [ -16.566837311348909, 13.713945705511886 ], [ -16.562011105870841, 13.713085280549281 ], [ -16.557123837763587, 13.712701612879732 ], [ -16.552222488512257, 13.712798390714426 ], [ -16.547354174964493, 13.713374683724535 ], [ -16.54256569639454, 13.714424951984508 ], [ -16.537903084620098, 13.715939099227569 ], [ -16.533411161496822, 13.717902569901501 ], [ -16.529133108044178, 13.720296489091689 ], [ -16.525110049344761, 13.723097843966364 ], [ -16.521380659207374, 13.726279704999779 ], [ -16.517980788394308, 13.729811484846726 ], [ -16.509122103670443, 13.739966437574681 ], [ -16.509576607127933, 13.739210223510534 ], [ -16.564336949966233, 13.657386338954355 ], [ -16.566844212564639, 13.653213903391986 ], [ -16.568933861952889, 13.648817433251786 ], [ -16.570586091945724, 13.644238599305215 ], [ -16.571785242321138, 13.63952080081051 ], [ -16.572519947251628, 13.634708754164373 ], [ -16.572783243032159, 13.629848069069508 ], [ -16.572572634083794, 13.624984816235205 ], [ -16.571890116607356, 13.620165090708388 ], [ -16.528999588609899, 13.396389830292449 ], [ -16.527813955604284, 13.391532174898874 ], [ -16.526149068815315, 13.386817231259057 ], [ -16.524021578803435, 13.382292153602696 ], [ -16.521452762631615, 13.378002197306634 ], [ -16.518468311073075, 13.373990266295079 ], [ -16.515098071677453, 13.370296483956754 ], [ -16.511375750264953, 13.366957791870206 ], [ -16.507338573833877, 13.364007580350481 ], [ -16.503026918252811, 13.361475354512017 ], [ -16.498483904460873, 13.359386439187503 ], [ -16.493754967214493, 13.357761725653818 ], [ -16.488887400693663, 13.35661746269801 ], [ -16.483929885512051, 13.35596509411292 ], [ -16.339214805658536, 13.344244173544736 ], [ -16.334439457953277, 13.344086439214621 ], [ -16.329670857637598, 13.344385231541072 ], [ -16.324952549329918, 13.345137822092894 ], [ -16.320327618405653, 13.34633733856664 ], [ -16.315838297561807, 13.347972827541247 ], [ -16.311525581167835, 13.350029354499538 ], [ -16.307428850924289, 13.352488140203221 ], [ -16.161347485360924, 13.449949328829549 ], [ -16.160369819151938, 13.450538442361223 ], [ -16.159247895562839, 13.450735151380902 ], [ -15.557176190840849, 13.528173330262879 ], [ -15.556139794893259, 13.528262893738024 ], [ -15.555106547987345, 13.528179078984312 ], [ -15.295955547618975, 13.496309638049729 ], [ -15.294853710702434, 13.496119368082383 ], [ -15.295524070004712, 13.49522445710527 ], [ -15.339763973105596, 13.441790825699684 ], [ -15.340585786481499, 13.44089406288523 ], [ -15.341755827470017, 13.441226575825386 ], [ -15.532422878705795, 13.505929474903116 ], [ -15.536816287011179, 13.507199513817056 ], [ -15.541307361390043, 13.508062813477812 ], [ -15.545858529450575, 13.508512151508203 ], [ -15.550431716056368, 13.508543768739905 ], [ -15.554988661863559, 13.508157400662714 ], [ -16.139244941901584, 13.431575263498504 ], [ -16.144368091989477, 13.430630016942294 ], [ -16.149365079657375, 13.429156832594696 ], [ -16.154181657291595, 13.42717170343802 ], [ -16.158765535821168, 13.424696180159753 ], [ -16.163066952371306, 13.421757137196931 ], [ -16.167039210492309, 13.418386480985559 ], [ -16.170639187099166, 13.414620803582327 ], [ -16.173827800618493, 13.410500985418926 ], [ -16.19973879373061, 13.373153967800778 ], [ -16.202273588831751, 13.369099293490416 ], [ -16.20440946312922, 13.364821021531633 ], [ -16.206126881429739, 13.360358281975156 ], [ -16.207410135833978, 13.355751892054418 ], [ -16.208247489404599, 13.351043982861828 ], [ -16.208631283514929, 13.346277614008207 ], [ -16.208558007896542, 13.341496379789762 ], [ -16.208028332744949, 13.336744010464711 ], [ -16.207047102589843, 13.332063972286385 ], [ -16.205623291985933, 13.327499069950946 ], [ -16.203769923429611, 13.323091055095897 ], [ -16.201503948252238, 13.318880244430073 ], [ -16.198846091579401, 13.314905150987833 ], [ -16.195820662774182, 13.311202131880071 ], [ -16.192455333098199, 13.307805055763785 ], [ -16.188780882623917, 13.304744993071628 ], [ -16.152244240351852, 13.27716610063344 ], [ -16.151395271140181, 13.276458049096377 ], [ -16.152448049935522, 13.276120791761935 ], [ -16.226387201131594, 13.256335369007767 ], [ -16.227574836508122, 13.256081178205546 ], [ -16.228120173096602, 13.257166396504658 ], [ -16.240704702034634, 13.285726192063803 ], [ -16.242974307204069, 13.290243175539814 ], [ -16.245688406838603, 13.294507904197244 ], [ -16.248819258228885, 13.298476785263698 ], [ -16.252334858754576, 13.302109250031792 ], [ -16.256199273005514, 13.305368168540259 ], [ -16.26037300010265, 13.308220229105236 ], [ -16.264813377464144, 13.310636278822276 ], [ -16.269475016889434, 13.312591621558548 ], [ -16.274310268503744, 13.314066270389278 ], [ -16.279269707820784, 13.315045151898076 ], [ -16.284302640944951, 13.315518260252865 ], [ -16.289357622749062, 13.315480759482478 ], [ -16.294382982730976, 13.314933032908495 ], [ -16.299327353173901, 13.313880679227061 ], [ -16.355521068711077, 13.298914955433249 ], [ -16.360173053383683, 13.297429224889173 ], [ -16.364657912107894, 13.295496765609492 ], [ -16.368932862279568, 13.293136011985446 ], [ -16.372957123684177, 13.290369484054784 ], [ -16.376692307513235, 13.287223572675407 ], [ -16.380102782568311, 13.283728287773936 ], [ -16.38315601515923, 13.27991697207073 ], [ -16.385822879454089, 13.275825983012256 ], [ -16.388077935320567, 13.271494345944955 ], [ -16.389899671008035, 13.266963381839076 ], [ -16.391270708355542, 13.262276313113796 ], [ -16.392177968568031, 13.257477851323744 ], [ -16.392612796979456, 13.252613770640165 ], [ -16.392571045612609, 13.247730471195412 ], [ -16.39205311274808, 13.24287453645619 ], [ -16.391063939124933, 13.238092288847897 ], [ -16.389612960809316, 13.233429347869141 ], [ -16.387714019180564, 13.228930194911712 ], [ -16.385385228893561, 13.224637748937338 ], [ -16.382648805076837, 13.220592957059008 ], [ -16.379530851414831, 13.216834403932426 ], [ -16.377916592690838, 13.215071326713842 ], [ -16.379030375957367, 13.214830722129557 ], [ -16.418188868054838, 13.208400002557648 ], [ -16.419399994164703, 13.208262860760414 ], [ -16.42026003094923, 13.209126556919871 ], [ -16.642783833998028, 13.456154157473653 ], [ -16.646190400105315, 13.459586444942675 ], [ -16.649912604574634, 13.462673593109171 ], [ -16.65391562947373, 13.465386724431193 ], [ -16.658162030043485, 13.467700459963723 ], [ -16.662612084960536, 13.469593156756279 ], [ -16.667224167895135, 13.471047110303575 ], [ -16.671955136888673, 13.47204872015552 ], [ -16.676760737908552, 13.47258861713741 ], [ -16.68159601880555, 13.472661750990264 ], [ -16.686415749801434, 13.472267437611546 ], [ -16.691174846573546, 13.471409365454321 ], [ -16.695828791978787, 13.470095561025058 ], [ -16.70033405247214, 13.468338313802743 ], [ -16.704648485324501, 13.466154061281674 ], [ -16.708731732830639, 13.463563235213233 ], [ -16.712545599819872, 13.460590070484905 ], [ -16.716054410938099, 13.457262378424344 ], [ -16.810100188263128, 13.359006352798614 ], [ -16.813178818531931, 13.355472189512099 ], [ -16.81591299169078, 13.35166527848015 ], [ -16.818278681713117, 13.347619072209339 ], [ -16.820255100547858, 13.343369125967627 ], [ -16.821824880790427, 13.338952785349221 ], [ -16.822974228295543, 13.334408858107262 ], [ -16.82369304339062, 13.32977727313807 ], [ -16.823975009624736, 13.325098729613579 ], [ -16.823817649273249, 13.320414339345088 ], [ -16.82322234511031, 13.315765265521053 ], [ -16.822194328258018, 13.311192360993386 ], [ -16.748136414851, 13.041522960985299 ], [ -16.74786039323126, 13.040265168487455 ], [ -16.747983734938934, 13.038983366347784 ], [ -16.782302823763789, 12.808670556915249 ], [ -16.782787983012458, 12.803767806566976 ], [ -16.782788286429941, 12.798841109866142 ], [ -16.782303731070378, 12.793938299796643 ], [ -16.781339021450837, 12.789106977428593 ], [ -16.779903523875451, 12.784394049762575 ], [ -16.778011175498584, 12.779845274312564 ], [ -16.775680349009871, 12.775504814849144 ], [ -16.772933674254965, 12.771414812616282 ], [ -16.769797818523795, 12.767614977184669 ], [ -16.766303227639547, 12.764142200914044 ], [ -16.762483830362136, 12.761030200767619 ], [ -16.758376708976002, 12.758309190956236 ], [ -16.754021739260612, 12.756005589590528 ], [ -16.749461203339038, 12.754141762189159 ], [ -16.744739379163533, 12.752735804533438 ], [ -16.739902110623717, 12.75180136697653 ], [ -16.734996362451174, 12.751347521913045 ], [ -16.733970736728534, 12.751303430397808 ], [ -16.732770692257592, 12.7508616956951 ], [ -16.700111123642827, 12.736886438904918 ], [ -16.698996902720321, 12.736342384746729 ], [ -16.698198031973138, 12.735730242700061 ], [ -16.69410118008479, 12.732903135202911 ], [ -16.68974353288375, 12.730497383123662 ], [ -16.685168277673107, 12.728536829132315 ], [ -16.680420758402089, 12.727040903677349 ], [ -16.675548026276122, 12.726024432416514 ], [ -16.67059837344679, 12.725497489284297 ], [ -16.665620854403134, 12.725465296652247 ], [ -16.660664799807691, 12.725928173571653 ], [ -16.655779327595447, 12.726881532611523 ], [ -16.651012856181062, 12.728315925323216 ], [ -16.646412624598835, 12.730217135881096 ], [ -16.642024224331145, 12.732566321971227 ], [ -16.637891147465275, 12.735340201531756 ], [ -16.634054355656684, 12.738511283494278 ], [ -16.630551874170621, 12.742048140239373 ], [ -16.62741841502541, 12.745915719066081 ], [ -16.624685032972284, 12.750075689588472 ], [ -16.597525164724001, 12.796267886361099 ], [ -16.597049852190487, 12.796993659903395 ], [ -16.597255005042744, 12.796150699912362 ], [ -16.621177416112808, 12.715103221427166 ], [ -16.62230574414906, 12.710480777187 ], [ -16.622989574465759, 12.705772009725255 ], [ -16.623222714264127, 12.701019561856498 ], [ -16.623003052219435, 12.696266471967073 ], [ -16.622332577601252, 12.691555784257492 ], [ -16.621217362258545, 12.686930158932174 ], [ -16.619667505632712, 12.682431485866681 ], [ -16.617697043296594, 12.678100505251072 ], [ -16.615323819847685, 12.673976438644871 ], [ -16.612569327306616, 12.670096633784828 ], [ -16.609458510484448, 12.666496226362083 ], [ -16.606019541081309, 12.663207821831751 ], [ -16.602283562562189, 12.660261200136405 ], [ -16.598284408120271, 12.657683046017558 ], [ -16.594058294282004, 12.655496707357416 ], [ -16.589643492928555, 12.653721983739375 ], [ -16.56909297258898, 12.64657656329668 ], [ -16.564493709672519, 12.645220812644107 ], [ -16.55978573051059, 12.644311850919099 ], [ -16.555012332088559, 12.643858037398779 ], [ -16.550217413020778, 12.643863545584491 ], [ -16.545445069836472, 12.644328324820137 ], [ -16.540739191445489, 12.64524810075805 ], [ -16.536143055513428, 12.646614414668068 ], [ -16.531698930458084, 12.648414701228358 ], [ -16.527447686727452, 12.650632404082534 ], [ -16.52342842093416, 12.653247128100393 ], [ -16.519678096303036, 12.656234826941953 ], [ -16.516231202738361, 12.659568024199917 ], [ -16.513119439637077, 12.663216066086758 ], [ -16.510371424364891, 12.667145403342648 ], [ -16.508012429076363, 12.671319899771605 ], [ -16.50606414829922, 12.675701164568453 ], [ -16.504544499420394, 12.680248905380303 ], [ -16.503467457908549, 12.684921298855649 ], [ -16.502842928788535, 12.689675375273307 ], [ -16.501431983348958, 12.706707503559551 ], [ -16.501289680285982, 12.707787506030298 ], [ -16.500518764274858, 12.707017867152361 ], [ -16.405448856926228, 12.602452838232454 ], [ -16.401915795669414, 12.598936290432551 ], [ -16.398050140046536, 12.595789015916608 ], [ -16.393890312556525, 12.593042296868953 ], [ -16.389477659605504, 12.590723434172016 ], [ -16.384856040546154, 12.588855476050522 ], [ -16.380071391739783, 12.587456988984764 ], [ -16.375171269974064, 12.586541873169953 ], [ -16.370204379774616, 12.586119224355908 ], [ -16.365220089308707, 12.586193243440276 ], [ -16.360267939692726, 12.58676319471391 ], [ -16.355397152580615, 12.587823413173425 ], [ -16.350656140927612, 12.589363360828212 ], [ -16.34609202779199, 12.591367731442309 ], [ -16.341750177957685, 12.593816602669987 ], [ -16.337673747033193, 12.596685634072957 ], [ -16.33390325250846, 12.599946309050988 ], [ -16.324673800336981, 12.608769282627524 ], [ -16.323817810195347, 12.609515302042817 ], [ -16.322699167769699, 12.609700611948838 ], [ -16.100988106619191, 12.636104351236403 ], [ -16.096026951828559, 12.636950254845383 ], [ -16.09117596546103, 12.638290605931603 ], [ -16.086484295012887, 12.640111824803217 ], [ -16.081999473880117, 12.64239545988338 ], [ -16.077766939776467, 12.64511837465137 ], [ -16.073829574383801, 12.648252982048945 ], [ -16.070227268898741, 12.65176752397708 ], [ -16.066996519877257, 12.655626393051364 ], [ -16.064170059471842, 12.659790493356221 ], [ -16.022770661246238, 12.727927002620406 ], [ -16.022116927530238, 12.728891379044533 ], [ -16.021318382381835, 12.728043018681976 ], [ -15.931662668762714, 12.622762936634677 ], [ -15.928128360233767, 12.61902129471888 ], [ -15.924228126044888, 12.61566281377123 ], [ -15.920003294982422, 12.612723081896137 ], [ -15.915498635419718, 12.610233249928317 ], [ -15.910761880929588, 12.608219701343341 ], [ -15.905843224476046, 12.606703772685433 ], [ -15.900794786545156, 12.605701527475036 ], [ -15.895670062850893, 12.605223585991897 ], [ -15.890523357468449, 12.605275012737399 ], [ -15.885409207401715, 12.60585526276863 ], [ -15.768824795196609, 12.625204561768022 ], [ -15.767697380408697, 12.625338729160935 ], [ -15.766668790891586, 12.624861753009256 ], [ -15.67200417001407, 12.575598442141581 ], [ -15.667385424960216, 12.573485661570249 ], [ -15.662576168592123, 12.571852351801384 ], [ -15.65762602598652, 12.570715366401608 ], [ -15.652586075977185, 12.570086437535601 ], [ -15.64750832408987, 12.569972054905895 ], [ -15.642445165915023, 12.570373398787849 ], [ -15.637448846455545, 12.571286327850784 ], [ -15.632570921028424, 12.572701421890963 ], [ -15.627861723282995, 12.574604079035472 ], [ -15.623369845825174, 12.576974666413955 ], [ -15.619141638806923, 12.579788722743512 ], [ -15.615220731654841, 12.583017210736342 ], [ -15.559844181464422, 12.633546598019349 ], [ -15.556401789697354, 12.6370105241951 ], [ -15.553313737280748, 12.640793747411003 ], [ -15.550609482808756, 12.644860177464471 ], [ -15.548314823620359, 12.649171022490465 ], [ -15.546451649704654, 12.653685159017963 ], [ -15.545037734880481, 12.658359524268885 ], [ -15.544086567242392, 12.663149526957119 ], [ -15.543607220490451, 12.668009472668796 ], [ -15.543604267371336, 12.672892999765898 ], [ -15.54941049352219, 12.793135891028054 ], [ -15.549410618817994, 12.79430052399594 ], [ -15.548345072458156, 12.794770610073801 ], [ -15.454127944227112, 12.831026315067612 ], [ -15.453028157301397, 12.831391290091597 ], [ -15.451882191709856, 12.831219531793057 ], [ -15.433334416344099, 12.827542804798696 ], [ -15.428684121456728, 12.826846381226375 ], [ -15.423988969036662, 12.826589881550056 ], [ -15.419290483478287, 12.826775574278356 ], [ -15.414630218654596, 12.827401817126342 ], [ -15.410049390410602, 12.828463071540058 ], [ -15.405588512046323, 12.829949951680053 ], [ -15.401287036013125, 12.831849307430673 ], [ -15.39718300499232, 12.834144340700993 ], [ -15.393312715441921, 12.836814753988795 ], [ -15.391656083346311, 12.838076766589007 ], [ -15.391697826565471, 12.836978479179912 ], [ -15.393924180328554, 12.811486725583306 ], [ -15.394087848558177, 12.81029812731647 ], [ -15.395253098816839, 12.810012216554199 ], [ -15.486889787484705, 12.792304259970003 ], [ -15.491589299177992, 12.791157795226921 ], [ -15.496156030562686, 12.789562566082715 ], [ -15.500547237413777, 12.787533503749174 ], [ -15.504721818401256, 12.785089600080562 ], [ -15.508640699795135, 12.782253729811462 ], [ -15.512267201192307, 12.779052436451147 ], [ -15.515567378842052, 12.775515683838567 ], [ -15.518510343356718, 12.771676575683294 ], [ -15.521068548833822, 12.767571045717579 ], [ -15.523218050683388, 12.763237521359601 ], [ -15.524938729747316, 12.758716564036044 ], [ -15.526214480613032, 12.75405048953052 ], [ -15.527033362358797, 12.749282971911368 ], [ -15.527387710319745, 12.744458634746012 ], [ -15.527274207828508, 12.739622633428088 ], [ -15.526693917258937, 12.734820232526733 ], [ -15.510041965931036, 12.637017050130325 ], [ -15.509899748191373, 12.635834221945686 ], [ -15.510802581720784, 12.635056918904375 ], [ -15.632491900826995, 12.54025384806801 ], [ -15.633428589019285, 12.539591927151644 ], [ -15.634574722616385, 12.539635537318986 ], [ -15.838767957529871, 12.556970042875097 ], [ -15.839981838694964, 12.557133651323674 ], [ -15.8411401637476, 12.557531845095491 ], [ -16.014947520670201, 12.627032428484693 ], [ -16.019821425659231, 12.628695730595529 ], [ -16.024840567605093, 12.629848873206539 ], [ -16.029951700390843, 12.63047962307806 ], [ -16.035100602004654, 12.630581288831012 ], [ -16.040232649759936, 12.630152791933124 ], [ -16.045293399766116, 12.629198678140657 ], [ -16.369622085485293, 12.550562993130919 ], [ -16.370966602254224, 12.550314483073715 ], [ -16.372332925128536, 12.550365906741806 ], [ -16.532103825448036, 12.565221797878998 ], [ -16.533282265994835, 12.565389483289215 ], [ -16.534003930742692, 12.566336077453013 ], [ -16.554196706061017, 12.595678427599717 ], [ -16.557161234219127, 12.599564771488566 ], [ -16.560491067903595, 12.603143081656285 ], [ -16.564154384431973, 12.606379160770825 ], [ -16.568116174080153, 12.609242082147006 ], [ -16.572338574664659, 12.611704485307859 ], [ -16.576781233385407, 12.613742837464279 ], [ -16.581401692470894, 12.615337658414086 ], [ -16.586155794940268, 12.616473706711172 ], [ -16.590998106604449, 12.617140125325536 ], [ -16.595882350273335, 12.617330545402167 ], [ -16.600761848019431, 12.617043147127164 ], [ -16.605589967271257, 12.6162806771194 ], [ -16.610320566473312, 12.615050422181531 ], [ -16.61490843605344, 12.613364139661201 ], [ -16.619309730483419, 12.611237945087966 ], [ -16.760549599610137, 12.534275756177738 ], [ -16.764745761899452, 12.53171399144102 ], [ -16.768670053969192, 12.5287525140604 ], [ -16.772284535109804, 12.525419956092602 ], [ -16.775554259915406, 12.521748537263296 ], [ -16.778447616141815, 12.51777375346142 ], [ -16.780936630338971, 12.513534033559006 ], [ -16.782997238302922, 12.509070367874452 ], [ -16.784609517732555, 12.504425911871285 ], [ -16.785757880841718, 12.499645568923958 ], [ -16.79299832961631, 12.461289843622064 ], [ -16.793681948062726, 12.456302071117237 ], [ -16.79386052896276, 12.451270836914549 ], [ -16.793532261848345, 12.44624714808643 ], [ -16.792700474718888, 12.44128193520968 ], [ -16.791373600301764, 12.43642553602702 ], [ -16.789565090560597, 12.431727185118852 ], [ -16.787293280318153, 12.427234514758977 ], [ -16.784581201376351, 12.422993072014627 ], [ -16.781456349017954, 12.419045856986484 ], [ -16.777950403257083, 12.415432886870082 ], [ -16.774098907664598, 12.41219079025813 ], [ -16.48835973612567, 12.195270345371956 ], [ -16.484185732559755, 12.19242221303956 ], [ -16.479745572765847, 12.190009922726254 ], [ -16.475084607050494, 12.188058112758192 ], [ -16.470250440958051, 12.186586718269355 ], [ -16.46529244904357, 12.185610767590751 ], [ -16.460261270577629, 12.185140228756078 ], [ -16.45520829233374, 12.185179907691563 ], [ -16.450185123741072, 12.185729399129833 ], [ -16.445243069762974, 12.186783090749186 ], [ -16.440432606885274, 12.188330220495967 ], [ -16.43580286756632, 12.190354986504579 ], [ -16.431401138414497, 12.192836708492456 ], [ -16.427272377218635, 12.195750038981545 ], [ -16.317371073647728, 12.281935964833245 ], [ -16.316411115605028, 12.282614737402255 ], [ -16.315077824296242, 12.280665414187995 ], [ -16.315012883207867, 12.280559588337926 ], [ -16.312009823558835, 12.276606993249111 ], [ -16.308629633322301, 12.272971654316274 ], [ -16.304905629512596, 12.269689403439653 ], [ -16.300874517959759, 12.266792592289377 ], [ -16.296576031516675, 12.264309773429613 ], [ -16.292052538430227, 12.262265418888781 ], [ -16.287348624736541, 12.260679678949788 ], [ -16.282510654796493, 12.259568183537752 ], [ -16.277586314303072, 12.258941888162862 ], [ -16.272624140264941, 12.258806965936845 ], [ -16.267673042598997, 12.259164746727373 ], [ -16.262781822047323, 12.260011704050173 ], [ -16.257998689170218, 12.261339489827979 ], [ -16.253370789156413, 12.263135016673779 ], [ -16.248943737134141, 12.265380586887304 ], [ -16.244761168563354, 12.268054066893294 ], [ -16.240864309140616, 12.27112910540219 ], [ -16.228518074977202, 12.281907971710524 ], [ -16.227582664617085, 12.282648302632179 ], [ -16.226437441208891, 12.282982287303449 ], [ -16.168191523879106, 12.296961307140018 ], [ -16.163253370675395, 12.298419097106642 ], [ -16.158491319363783, 12.300376998012112 ], [ -16.15395586770526, 12.302814247876876 ], [ -16.149695110551999, 12.30570500160748 ], [ -16.145754229839742, 12.309018605063216 ], [ -16.108460731036505, 12.343806842742987 ], [ -16.107504659910866, 12.344612027491035 ], [ -16.106277848599767, 12.344851461161884 ], [ -16.064353881613293, 12.350846088739754 ], [ -16.063301142734677, 12.350944280307312 ], [ -16.064050192142759, 12.35019807275261 ], [ -16.313403589389953, 12.125029452779275 ], [ -16.316916925536241, 12.121525096020758 ], [ -16.320065596887442, 12.117689745203696 ], [ -16.322818590230803, 12.113561177071864 ], [ -16.325148789631154, 12.109180056447823 ], [ -16.327033243512513, 12.104589535699931 ], [ -16.328453390722377, 12.099834829707959 ], [ -16.329395243351996, 12.094962770513749 ], [ -16.329849524511935, 12.090021346043466 ], [ -16.329811759705912, 12.085059227444802 ], [ -16.329282320902877, 12.080125289694726 ], [ -16.328266422873245, 12.075268130199589 ], [ -16.326774071825422, 12.070535590129198 ], [ -16.324819966848445, 12.06597428319952 ], [ -16.322423355131562, 12.061629136545346 ], [ -16.319607842386755, 12.057542948205141 ], [ -16.316401160341478, 12.053755965576677 ], [ -16.312834893591702, 12.050305488995502 ], [ -16.15098522140638, 11.90856562478284 ], [ -16.146983838959716, 11.90540687275857 ], [ -16.142681612265456, 11.902671983125245 ], [ -16.138123265165657, 11.900389386456306 ], [ -16.133356184004704, 11.898582811509014 ], [ -16.128429925024072, 11.897271038551905 ], [ -16.123395699199897, 11.896467704134308 ], [ -16.118305839878758, 11.896181159327465 ], [ -16.113213258745834, 11.896414382910876 ], [ -16.108170895780912, 11.897164950406371 ], [ -16.10323116892031, 11.898425059281792 ], [ -16.098445429145649, 11.900181610062303 ], [ -16.093863426664214, 11.902416342506113 ], [ -15.864967216038748, 12.028886232099595 ], [ -15.86386793610734, 12.029424239913515 ], [ -15.862645097783419, 12.029373889053879 ], [ -15.714926019573857, 12.015926690433915 ], [ -15.713955710611877, 12.01578969144613 ], [ -15.714882989044611, 12.015472795702138 ], [ -15.841675864685927, 11.979037279666665 ], [ -15.846483576455494, 11.977386888301785 ], [ -15.851098878884807, 11.975256895906849 ], [ -15.855474072114134, 11.972669316280527 ], [ -15.859563937849215, 11.969650892455826 ], [ -15.863326206699286, 11.966232820306749 ], [ -15.866721995037718, 11.962450426134128 ], [ -15.869716206870287, 11.958342801562893 ], [ -15.872277896557648, 11.953952399524107 ], [ -15.874380588643289, 11.949324595497412 ], [ -15.878912438230762, 11.937832486729253 ], [ -15.880506799402594, 11.933112961802488 ], [ -15.881623619688838, 11.9282582099521 ], [ -15.882251813127898, 11.923316421198649 ], [ -15.882385144044775, 11.918336649522436 ], [ -15.882022288948626, 11.913368325935972 ], [ -15.881166849670208, 11.908460767813896 ], [ -15.879827317608813, 11.903662689350895 ], [ -15.878016989443564, 11.899021718007017 ], [ -15.875753835145778, 11.894583921740283 ], [ -15.873060319602539, 11.890393351719519 ], [ -15.869963179622113, 11.886491605056515 ], [ -15.866493158534734, 11.882917411898086 ], [ -15.862684701023198, 11.879706250976637 ], [ -15.858575611212503, 11.87688999743545 ], [ -15.854206677412446, 11.874496606424493 ], [ -15.849621267238124, 11.872549835607515 ], [ -15.844864897127326, 11.87106900933488 ], [ -15.83998478052793, 11.870068826823092 ], [ -15.835029359240151, 11.869559216245062 ], [ -15.830047822565753, 11.869545236179473 ], [ -15.825089619037255, 11.870027025397508 ], [ -15.820203965573947, 11.87099980148535 ], [ -15.815439358936962, 11.872453908316157 ], [ -15.810843094332904, 11.874374911900249 ], [ -15.806460795944554, 11.876743743662129 ], [ -15.802335964048744, 11.879536889722024 ], [ -15.798509543216893, 11.882726624303174 ], [ -15.796453523085091, 11.884621889881462 ], [ -15.795551233593329, 11.885376130088421 ], [ -15.794454881984025, 11.884950668262299 ], [ -15.735326861624497, 11.858641051639994 ], [ -15.734248410804346, 11.858096069338293 ], [ -15.734004693275915, 11.857540394123944 ], [ -15.731868705433239, 11.853243590751749 ], [ -15.729330670301458, 11.849171325908543 ], [ -15.726413963146856, 11.845361105093726 ], [ -15.72314544679949, 11.841848020385042 ], [ -15.719555224246919, 11.838664427241065 ], [ -15.715676361386123, 11.835839646507891 ], [ -15.711544582487083, 11.83339969437459 ], [ -15.707197941172772, 11.831367042764471 ], [ -15.702676469945864, 11.829760412369012 ], [ -15.698021811489951, 11.828594600230561 ], [ -15.693276835141049, 11.827880343461789 ], [ -15.688485242061645, 11.827624220357047 ], [ -15.683691162753629, 11.827828589806368 ], [ -15.678938750617016, 11.828491569570126 ], [ -15.67427177529779, 11.829607053614431 ], [ -15.669733219570096, 11.831164768347621 ], [ -15.665364883465534, 11.833150367239881 ], [ -15.405478734112279, 11.966680560553723 ], [ -15.404402842497518, 11.967169437892498 ], [ -15.403257036974981, 11.966880174131269 ], [ -15.228195328075437, 11.913605430341676 ], [ -15.223000445253764, 11.912323782385043 ], [ -15.217698351279582, 11.911604596383642 ], [ -15.21234976452212, 11.911456108291302 ], [ -15.20701593577534, 11.911880018559746 ], [ -15.201757946827838, 11.912871472665394 ], [ -14.995197113221984, 11.963399606411063 ], [ -14.994137363576664, 11.96360445673759 ], [ -14.994736369237128, 11.962706556305562 ], [ -15.041602486042523, 11.899401016418944 ], [ -15.044262661408428, 11.895422805698608 ], [ -15.046530319478482, 11.891208494320686 ], [ -15.048384686061576, 11.88679668991792 ], [ -15.049808773161903, 11.88222780937194 ], [ -15.050789534607308, 11.87754370855108 ], [ -15.051317985566273, 11.872787298865537 ], [ -15.051389284858658, 11.86800215415261 ], [ -15.051002779306126, 11.863232111493405 ], [ -15.050162009715962, 11.858520869617953 ], [ -15.048874678443461, 11.853911588577747 ], [ -15.047152578830056, 11.849446494353179 ], [ -15.045011487163606, 11.845166492018061 ], [ -15.042471018150597, 11.841110791005079 ], [ -15.039554445224303, 11.837316545905145 ], [ -15.03628848733506, 11.833818516091313 ], [ -15.032703064175895, 11.830648747285473 ], [ -14.936853443383102, 11.753759987522882 ], [ -14.936155110391757, 11.753141515078415 ], [ -14.937042462692675, 11.753429235472995 ], [ -15.068337691420503, 11.803195008089974 ], [ -15.069401458334589, 11.803657058813947 ], [ -15.069751650762068, 11.804762706218323 ], [ -15.084054830157173, 11.858687337668309 ], [ -15.085506757490286, 11.863262567439563 ], [ -15.087390717679542, 11.867677486968354 ], [ -15.089689347529568, 11.871891406907434 ], [ -15.092381462113309, 11.875865490387737 ], [ -15.095442250019275, 11.879563110951707 ], [ -15.098843502021646, 11.882950190114757 ], [ -15.10255387106576, 11.885995511443761 ], [ -15.106539161172851, 11.888671008257949 ], [ -15.110762642601413, 11.890952022300649 ], [ -15.115185390360557, 11.892817530997867 ], [ -15.119766642955494, 11.894250341209235 ], [ -15.124464178058847, 11.895237247685628 ], [ -15.12923470164549, 11.895769154773085 ], [ -15.134034247004475, 11.895841160241327 ], [ -15.138818579950676, 11.895452600464326 ], [ -15.143543606501558, 11.894607056536506 ], [ -15.148165779261785, 11.893312321268192 ], [ -15.152642498770314, 11.891580327364517 ], [ -15.156932506111, 11.889427037449698 ], [ -15.188163542595618, 11.871825790558661 ], [ -15.189211499396999, 11.871299113529121 ], [ -15.190384308823438, 11.871310077116629 ], [ -15.413942788573932, 11.884033807205178 ], [ -15.419057817203928, 11.884062859710308 ], [ -15.424149047786951, 11.883569166400418 ], [ -15.429163196803136, 11.882557894143689 ], [ -15.434047787448623, 11.881039626657453 ], [ -15.438751698844392, 11.879030253741719 ], [ -15.44322570105434, 11.87655080498058 ], [ -15.447422970313221, 11.873627229651946 ], [ -15.451299579072225, 11.870290125149035 ], [ -15.454814955733495, 11.866574416755856 ], [ -15.509840751205772, 11.802104317120314 ], [ -15.512813204246658, 11.798257667557579 ], [ -15.515398056376259, 11.794140541204545 ], [ -15.517570873307978, 11.789791856745998 ], [ -15.519311115672844, 11.785252721756786 ], [ -15.520602333175612, 11.780566044116997 ], [ -15.52740674397608, 11.750166971312003 ], [ -15.528246714667809, 11.745295708387363 ], [ -15.528601581321494, 11.74036531054317 ], [ -15.528467875505489, 11.735423967001308 ], [ -15.527846904047243, 11.730519973965833 ], [ -15.526744736260497, 11.725701262580641 ], [ -15.525172144624412, 11.721014930455189 ], [ -15.523144499494418, 11.71650678133712 ], [ -15.520681618873885, 11.712220877430948 ], [ -15.517807574714906, 11.708199108738423 ], [ -15.514550457641414, 11.704480783629789 ], [ -15.510942102394202, 11.701102244647648 ], [ -15.5070177766813, 11.698096513298543 ], [ -15.502815836474889, 11.695492967304007 ], [ -15.498377351123802, 11.693317053465613 ], [ -15.493745701945771, 11.69159003895045 ], [ -15.488966158222709, 11.69032880342793 ], [ -15.484085434743211, 11.68954567408956 ], [ -15.479151235216827, 11.689248305164201 ], [ -15.474211786022712, 11.689439603106374 ], [ -15.427591374686036, 11.693560383363838 ], [ -15.426417983677089, 11.693604915381902 ], [ -15.426671085899196, 11.692352869860381 ], [ -15.427399987046854, 11.687561906914524 ], [ -15.427661661080524, 11.682722883301055 ], [ -15.427453649873812, 11.677881256077745 ], [ -15.42677790745261, 11.673082506760286 ], [ -15.425640781639277, 11.668371714075793 ], [ -15.424052954422148, 11.663793130500039 ], [ -15.422029341610548, 11.659389766556377 ], [ -15.419588952717936, 11.655202986781367 ], [ -15.416754712389389, 11.651272121152569 ], [ -15.413553245050963, 11.647634095628662 ], [ -15.410014624803837, 11.644323085272555 ], [ -15.406172092912749, 11.641370193216012 ], [ -15.402061745542573, 11.638803158481517 ], [ -15.397722194676387, 11.636646095406084 ], [ -15.393194205400331, 11.634919267114812 ], [ -15.388520312962537, 11.633638895172149 ], [ -15.38374442320343, 11.632817007198957 ], [ -15.378911400110882, 11.632461323886861 ], [ -15.374066644374675, 11.632575186471232 ], [ -15.369255666899283, 11.633157525344133 ], [ -15.364523661281289, 11.634202870102047 ], [ -15.359915079267566, 11.635701400934026 ], [ -15.355473213182261, 11.637639040867514 ], [ -15.351239789245252, 11.639997588005302 ], [ -15.347254575602314, 11.642754886511407 ], [ -15.343555008749172, 11.645885034739646 ], [ -15.227360902181431, 11.754282374425951 ], [ -15.226525749578752, 11.75498867187849 ], [ -15.226490012255866, 11.753895484426591 ], [ -15.226687832594434, 11.741547331004501 ], [ -15.2265265513781, 11.736654784610504 ], [ -15.225887617127704, 11.731801457414464 ], [ -15.224777154161405, 11.727033869570636 ], [ -15.223205806498532, 11.722397719403684 ], [ -15.221188635834437, 11.717937445380704 ], [ -15.218744977170999, 11.713695800159242 ], [ -15.215898253486593, 11.709713440794145 ], [ -15.212675751221957, 11.706028539031198 ], [ -15.209108358733959, 11.702676415422987 ], [ -15.205230270224254, 11.699689200774014 ], [ -15.201078657980714, 11.697095528160238 ], [ -15.196693316073301, 11.694920258475067 ], [ -15.192116278919588, 11.693184242132492 ], [ -15.187391418376103, 11.691904119211536 ], [ -15.182564023217417, 11.691092159957606 ], [ -15.177680365033794, 11.690756147169639 ], [ -15.172787254708334, 11.690899301600346 ], [ -15.167931593724893, 11.691520251084629 ], [ -15.163159924607562, 11.692613043692063 ], [ -15.158517984800866, 11.694167204777397 ], [ -15.154050268266809, 11.696167837382214 ], [ -15.131941150937635, 11.707398305999822 ], [ -15.130955686723, 11.707839561157796 ], [ -15.131190128863373, 11.707217090328486 ], [ -15.132468738716907, 11.704272795110302 ], [ -15.133960259794444, 11.699659167681441 ], [ -15.134997889145382, 11.694922764140024 ], [ -15.135571868823126, 11.690108125990941 ], [ -15.135676801078434, 11.685260530463374 ], [ -15.135311699120271, 11.680425564720247 ], [ -15.134479996395662, 11.675648697153006 ], [ -15.133189514301295, 11.670974849793367 ], [ -15.131452388630501, 11.666447975863054 ], [ -15.129284955447321, 11.662110646434302 ], [ -15.126707597460888, 11.658003650088206 ], [ -15.123744552344858, 11.654165609335758 ], [ -15.120423684804463, 11.650632617408762 ], [ -15.116776224534656, 11.647437898836296 ], [ -15.112836472533658, 11.644611496998674 ], [ -15.108641478533714, 11.642179991597178 ], [ -15.104230692582549, 11.640166248696485 ], [ -15.099645594052076, 11.638589205690437 ], [ -15.008483969544308, 11.612101839698207 ], [ -15.007449238620465, 11.611745672872196 ], [ -15.008371721525034, 11.611156989439802 ], [ -15.122198804731816, 11.546095824801878 ], [ -15.12321283884601, 11.545581447715554 ], [ -15.123153400381401, 11.546716928248454 ], [ -15.121283579463196, 11.564963092710299 ], [ -15.121024059760094, 11.569748627162785 ], [ -15.121223904943236, 11.574537024846249 ], [ -15.121881278939757, 11.579284292470991 ], [ -15.122990142141719, 11.583946814628748 ], [ -15.124540306894856, 11.588481754508212 ], [ -15.126517531097411, 11.592847447457226 ], [ -15.1289036490491, 11.59700378377577 ], [ -15.131676738348062, 11.600912577222887 ], [ -15.13481132130239, 11.604537915851852 ], [ -15.13827859900583, 11.607846491950337 ], [ -15.142046715927041, 11.610807908054214 ], [ -15.146081052581533, 11.613394956223548 ], [ -15.150344543597354, 11.61558386801488 ], [ -15.154798018252317, 11.617354532853252 ], [ -15.159400560354069, 11.618690682797618 ], [ -15.164109884156643, 11.619580042002182 ], [ -15.168882722859736, 11.620014439500428 ], [ -15.188390057653006, 11.620850262252098 ], [ -15.193380924572644, 11.620814775207243 ], [ -15.198343389084165, 11.6202818981935 ], [ -15.203228005167476, 11.619256940799978 ], [ -15.207986102484597, 11.617750115707043 ], [ -15.212570271331131, 11.615776436927113 ], [ -15.216934835026802, 11.613355570204982 ], [ -15.221036305038098, 11.610511637068228 ], [ -15.224833814298238, 11.607272974480212 ], [ -15.22828952440682, 11.603671852490425 ], [ -15.231369002651816, 11.599744152695573 ], [ -15.234041565097286, 11.59552901071517 ], [ -15.236280582318258, 11.591068426244043 ], [ -15.238063744736452, 11.586406844567161 ], [ -15.239373284913013, 11.581590713706621 ], [ -15.240089079432678, 11.577308582344482 ], [ -15.240152601883375, 11.57701441687475 ], [ -15.241244825089133, 11.576567584883122 ], [ -15.333112472775197, 11.544087182278167 ], [ -15.337707250377862, 11.542201007599951 ], [ -15.34209222186348, 11.539868270751308 ], [ -15.346224116971646, 11.537111990839939 ], [ -15.350062162762812, 11.533959366434845 ], [ -15.353568485959727, 11.530441507174801 ], [ -15.356708486675414, 11.526593126782975 ], [ -15.359451179839825, 11.522452200516959 ], [ -15.361769500956003, 11.518059590434447 ], [ -15.363640573168594, 11.513458642172408 ], [ -15.365045933009334, 11.50869475721864 ], [ -15.365971712591858, 11.503814944896504 ], [ -15.366408776457989, 11.498867358483755 ], [ -15.366352811725109, 11.493900820043011 ], [ -15.365804370645058, 11.48896433865275 ], [ -15.364768865154591, 11.48410662679284 ], [ -15.363256513471171, 11.479375619656896 ], [ -15.361282239261095, 11.474818002134755 ], [ -15.35886552437492, 11.470478748132782 ], [ -15.356030216603399, 11.466400676777907 ], [ -15.354001908599352, 11.464026099053314 ], [ -15.353439486696031, 11.46329944895899 ], [ -15.353030247027633, 11.460902019603534 ], [ -15.352989654079273, 11.460908948794039 ], [ -15.352498597510568, 11.458041903407013 ], [ -15.351184574424497, 11.453269368928394 ], [ -15.349405077394071, 11.448650155538754 ], [ -15.347177548153752, 11.444229538443386 ], [ -15.34452381982428, 11.440050846306642 ], [ -15.341469902915406, 11.436155036566161 ], [ -15.338045730383966, 11.432580293988678 ], [ -15.334284864246095, 11.429361656402161 ], [ -15.33022416661924, 11.426530671272637 ], [ -15.32590343841823, 11.424115086491817 ], [ -15.321365029246735, 11.422138578406221 ], [ -15.316653422307764, 11.420620519753541 ], [ -15.311814798401691, 11.419575789780817 ], [ -15.306896583285287, 11.41901462840554 ], [ -15.301946982828317, 11.418942535849137 ], [ -15.29701451052386, 11.419360218726574 ], [ -15.292147511983467, 11.420263583120459 ], [ -15.287393691077796, 11.421643774707569 ], [ -15.282799642367278, 11.423487265544466 ], [ -15.278410394405688, 11.4257759866616 ], [ -15.274268968392912, 11.428487505166244 ], [ -15.269041650533795, 11.432292539216213 ], [ -15.268482372204245, 11.432659320149655 ], [ -15.268950208483114, 11.432181356009545 ], [ -15.399150008947116, 11.31153289249764 ], [ -15.402561945646077, 11.308046866253015 ], [ -15.405617962475405, 11.304244965129262 ], [ -15.408288973867029, 11.300163373630626 ], [ -15.410549558533047, 11.295840938207894 ], [ -15.412378201412237, 11.291318797538219 ], [ -15.413757498439139, 11.286639990988734 ], [ -15.414674322186844, 11.281849048990381 ], [ -15.415119946806964, 11.276991569220597 ], [ -15.41509013107769, 11.27211378262848 ], [ -15.414585158769521, 11.267262113432842 ], [ -15.413609835944488, 11.262482737280779 ], [ -15.412173445214567, 11.257821141772059 ], [ -15.410289657394639, 11.25332169353195 ], [ -15.369345843987176, 11.167533488076019 ], [ -15.367090957162613, 11.163335997517718 ], [ -15.364446758269263, 11.159372204663518 ], [ -15.361437260273165, 11.155678106209214 ], [ -15.35808979355909, 11.152287249654185 ], [ -15.354434757733033, 11.149230428643911 ], [ -15.350505345551932, 11.14653540332128 ], [ -15.346337241487742, 11.14422664822628 ], [ -15.341968297663309, 11.142325130033477 ], [ -15.337438190102986, 11.140848117145751 ], [ -15.332788058419707, 11.139809022873425 ], [ -15.293021209805836, 11.132893613461301 ], [ -15.288174907280881, 11.132292901023693 ], [ -15.283293118928803, 11.132167816725685 ], [ -15.278422412135717, 11.132519553746576 ], [ -15.273609248580724, 11.133344756866418 ], [ -15.268899541037905, 11.134635554471464 ], [ -15.264338215414281, 11.136379633641502 ], [ -15.259968782201538, 11.13856035760282 ], [ -15.255832921429377, 11.141156924426415 ], [ -15.251970085079655, 11.144144565457621 ], [ -15.248417120753865, 11.147494781584346 ], [ -15.245207920183825, 11.151175615090134 ], [ -15.242373095938387, 11.155151954498882 ], [ -15.239939689410104, 11.15938586950325 ], [ -15.237930912867354, 11.163836972781919 ], [ -15.236365928032464, 11.168462805254313 ], [ -15.235259663298027, 11.173219241097824 ], [ -15.234622671324937, 11.178060908664097 ], [ -15.234461028380538, 11.182941623279255 ], [ -15.234954751392063, 11.214293029118357 ], [ -15.23491147644709, 11.215528344576475 ], [ -15.233906922274596, 11.216248586144681 ], [ -15.207638103558596, 11.233132991008548 ], [ -15.206678307952593, 11.233685808082141 ], [ -15.206733003502263, 11.232579542870269 ], [ -15.216788041062813, 11.130411314624981 ], [ -15.21702843296238, 11.125542869603635 ], [ -15.216793634036511, 11.120674151635253 ], [ -15.216085875771483, 11.11585143212967 ], [ -15.214911884573091, 11.111120545335703 ], [ -15.213282817840104, 11.106526452740781 ], [ -15.211214157926388, 11.102112815765153 ], [ -15.208725564999428, 11.097921580811692 ], [ -15.205840690193664, 11.093992580614911 ], [ -15.202586950834426, 11.090363155677901 ], [ -15.198995269868652, 11.087067799394989 ], [ -15.195099781978829, 11.084137830232782 ], [ -15.190937509173182, 11.081601094085169 ], [ -15.186548008935238, 11.079481699631003 ], [ -15.181972998276709, 11.077799789209612 ], [ -15.17725595726659, 11.07657134739166 ], [ -15.172441715804501, 11.075808049064703 ], [ -15.167576027565472, 11.075517148477177 ], [ -15.162705135165346, 11.075701410295345 ], [ -15.157875330679364, 11.076359083328409 ], [ -15.153132515690704, 11.077483917171509 ], [ -15.148521765050189, 11.079065221608435 ], [ -15.144086898493105, 11.081087968209491 ], [ -15.1398700641844, 11.08353293315897 ], [ -15.135911338150207, 11.086376879954788 ], [ -15.132248343402567, 11.089592780243976 ], [ -15.001752995219691, 11.215942109888042 ], [ -15.001044832875035, 11.216564364124505 ], [ -15.001425306665766, 11.215701848074955 ], [ -15.088933410978878, 11.040746877346061 ], [ -15.090944938177019, 11.036165602960542 ], [ -15.092488526372955, 11.031406227776166 ], [ -15.093548718496406, 11.026516410875132 ], [ -15.094114898073233, 11.02154511754733 ], [ -15.094181395535914, 11.016542128965318 ], [ -15.093747544997031, 11.011557543689271 ], [ -15.092817690917295, 11.006641275993685 ], [ -15.091401144601299, 11.001842556039477 ], [ -15.089512090956662, 10.997209436896615 ], [ -15.087169446450236, 10.992788313353804 ], [ -15.084396669683784, 10.988623457333761 ], [ -15.081221526485951, 10.984756574566267 ], [ -15.077675811872846, 10.981226386958408 ], [ -15.073795031661437, 10.978068244843968 ], [ -15.06961804692401, 10.97531377299485 ], [ -15.065186684844015, 10.97299055393926 ], [ -15.060545319870075, 10.971121851757808 ], [ -15.055740429362398, 10.969726379123355 ], [ -15.015970568884276, 10.960305537406278 ], [ -15.014836025733171, 10.959978456979821 ], [ -15.014584023817664, 10.959623160243478 ], [ -15.014295349890656, 10.959256550505225 ], [ -15.017443525969545, 10.95637874264812 ], [ -15.020754769041785, 10.952686111029742 ], [ -15.057330376109675, 10.907583675668736 ], [ -15.060267977425363, 10.903568242573447 ], [ -15.062791974141735, 10.89928074388442 ], [ -15.064877375456106, 10.894763631334275 ], [ -15.066503533222452, 10.890061630127169 ], [ -15.067654346394523, 10.885221296101953 ], [ -15.068318420446831, 10.880290554769688 ], [ -15.068489180195067, 10.875318226789652 ], [ -15.068164934898851, 10.870353544582244 ], [ -15.067348895002221, 10.865445664864914 ], [ -15.066049140346133, 10.860643181937652 ], [ -15.064278540167672, 10.855993646537131 ], [ -15.062054625678114, 10.851543095023464 ], [ -15.059399416481458, 10.847335593561235 ], [ -15.032817809096956, 10.809522774210695 ], [ -15.029861631991318, 10.805720856995476 ], [ -15.026553394346658, 10.802220982529482 ], [ -15.022923788083109, 10.799055620628708 ], [ -15.019006486593435, 10.79625413769457 ], [ -15.014837832340717, 10.793842524269378 ], [ -15.01045649969395, 10.79184315391108 ], [ -15.005903136129563, 10.790274575624291 ], [ -15.00121998512758, 10.789151341773351 ], [ -14.996450494260992, 10.788483873073858 ], [ -14.991638912114237, 10.788278361915305 ], [ -14.986829877770363, 10.788536714911645 ], [ -14.982068006675378, 10.789256535212841 ], [ -14.977397476721876, 10.790431144741449 ], [ -14.972861618392036, 10.792049646147966 ], [ -14.968502512762422, 10.79409702391016 ], [ -14.964360601100019, 10.796554283638418 ], [ -14.960474309671497, 10.799398628294727 ], [ -14.956879693246485, 10.80260366969045 ], [ -14.95361010060221, 10.806139673300711 ], [ -14.950695865132792, 10.809973834124158 ], [ -14.948164023433506, 10.814070581028838 ], [ -14.946038064470859, 10.818391906760649 ], [ -14.944337711665504, 10.822897720552696 ], [ -14.943078739909732, 10.827546220064306 ], [ -14.942272829217108, 10.832294279199024 ], [ -14.93227882953372, 10.91520953391057 ], [ -14.931930265705558, 10.92015709514922 ], [ -14.93207359348084, 10.925114848279552 ], [ -14.932707402522341, 10.930034009290477 ], [ -14.933825456184854, 10.93486617391518 ], [ -14.935416752883416, 10.939563793926382 ], [ -14.937465634348294, 10.944080645008205 ], [ -14.939951939701471, 10.948372281600841 ], [ -14.941474901246576, 10.950486159589653 ], [ -14.939738444095285, 10.951946882829823 ], [ -14.93624796039477, 10.955537690920353 ], [ -14.933134167998816, 10.959459638921217 ], [ -14.930428301208496, 10.963673385961515 ], [ -14.928157502442845, 10.968136664148286 ], [ -14.926344549974562, 10.97280470255369 ], [ -14.925007629442259, 10.977630676310032 ], [ -14.924160151431201, 10.982566176307737 ], [ -14.918713820246131, 11.027751682787587 ], [ -14.918526461590462, 11.02885290570174 ], [ -14.917628905595675, 11.028187933214507 ], [ -14.870882995781342, 10.989904427246886 ], [ -14.867079868526771, 10.987079855601674 ], [ -14.863026494986087, 10.984627888058441 ], [ -14.858759261453535, 10.982570535421663 ], [ -14.854316474000182, 10.980926266119594 ], [ -14.849738014608263, 10.979709840416994 ], [ -14.845064983158888, 10.978932177915302 ], [ -14.840339328486925, 10.978600259529628 ], [ -14.835603471815009, 10.978717064822535 ], [ -14.83089992594701, 10.979281545257113 ], [ -14.82627091363941, 10.980288633609486 ], [ -14.821757988576367, 10.981729289456229 ], [ -14.817401662350902, 10.983590580328368 ], [ -14.813241040800722, 10.985855797803485 ], [ -14.686232641824649, 11.063020499677496 ], [ -14.685441744500897, 11.06344870903987 ], [ -14.6860330630668, 11.062771048218737 ], [ -14.790366008662806, 10.954566749888759 ], [ -14.793545199236235, 10.950933835594091 ], [ -14.79635921825926, 10.947011257881332 ], [ -14.79878183308751, 10.942835583520404 ], [ -14.800790459796456, 10.938445738680469 ], [ -14.802366373711635, 10.933882646055229 ], [ -14.803494883962459, 10.929188843376339 ], [ -14.804165470432386, 10.924408086871251 ], [ -14.80437188182878, 10.919584943362086 ], [ -14.804112193958272, 10.914764374808016 ], [ -14.803388827664319, 10.909991319164158 ], [ -14.802208526259811, 10.90531027146422 ], [ -14.800582292665036, 10.900764869032114 ], [ -14.798525286837052, 10.896397484689258 ], [ -14.796056684446643, 10.892248831749731 ], [ -14.793199498120261, 10.888357584485561 ], [ -14.789980362913386, 10.884760017600227 ], [ -14.78642928801515, 10.88148966807125 ], [ -14.782579376998831, 10.8785770225142 ], [ -14.778466519226134, 10.876049232982584 ], [ -14.774129055281975, 10.873929863852936 ], [ -14.769607419558659, 10.872238672154694 ], [ -14.764943763321311, 10.870991423392645 ], [ -14.760181561768412, 10.870199744578889 ], [ -14.755365208750447, 10.869871015844335 ], [ -14.750539602924768, 10.870008301640189 ], [ -14.745749729204578, 10.870610322170748 ], [ -14.741040239403837, 10.871671465323812 ], [ -14.740565494549296, 10.871802810635444 ], [ -14.740941145907227, 10.870747101884147 ], [ -14.75122762155576, 10.845826176349526 ], [ -14.752878130574514, 10.841193639761091 ], [ -14.754065571464846, 10.836421369924194 ], [ -14.754778457125326, 10.831555532966458 ], [ -14.755009891221187, 10.826643200167934 ], [ -14.754757634898308, 10.821731892601537 ], [ -14.754024128441497, 10.816869121422261 ], [ -14.752816467667598, 10.812101928252337 ], [ -14.751146335281765, 10.807476430108572 ], [ -14.749029887860953, 10.803037373274162 ], [ -14.746487599557936, 10.798827700430754 ], [ -14.74354406403784, 10.794888135238233 ], [ -14.740227756563193, 10.791256788380966 ], [ -14.736570758529087, 10.787968788891501 ], [ -14.732608447113197, 10.785055944318289 ], [ -14.728379153042987, 10.782546433024855 ], [ -14.723923789790762, 10.780464531597097 ], [ -14.719285457783679, 10.778830379995728 ], [ -14.714509027457551, 10.777659786725707 ], [ -14.709640705187862, 10.776964075907447 ], [ -14.704727586297151, 10.776749977729208 ], [ -14.699817199462856, 10.777019563340394 ], [ -14.694957046932963, 10.777770224815601 ], [ -14.690194144997335, 10.778994700383253 ], [ -14.685574569160108, 10.780681144674739 ], [ -14.681143008413089, 10.7828132433145 ], [ -14.676942332922051, 10.785370370742529 ], [ -14.673013179308022, 10.788327789742524 ], [ -14.669393557535521, 10.791656890745532 ], [ -14.652225685452539, 10.809081191063287 ], [ -14.6513709732093, 10.809866789053302 ], [ -14.650372735023316, 10.808168006304479 ], [ -14.647691529084879, 10.804077367666856 ], [ -14.644623481264542, 10.800268263793233 ], [ -14.641197949331147, 10.796777143525867 ], [ -14.637447711774657, 10.793637412961342 ], [ -14.63340865415284, 10.790879115791789 ], [ -14.629119425706831, 10.788528645820515 ], [ -14.624621069531329, 10.78660849440298 ], [ -14.619956629838333, 10.785137035229807 ], [ -14.615170740072401, 10.784128348511214 ], [ -14.61030919581877, 10.783592086245234 ], [ -14.605418516591083, 10.783533379858936 ], [ -14.600545500691931, 10.783952791106449 ], [ -14.595736777405708, 10.784846306693591 ], [ -14.591038360808776, 10.786205376680599 ], [ -14.58649520946647, 10.788016996295426 ], [ -14.582150796230176, 10.790263830374801 ], [ -14.578046692251009, 10.792924379242255 ], [ -14.574222169190621, 10.795973184435848 ], [ -14.570713823435552, 10.799381072317045 ], [ -14.567555225910942, 10.803115433229632 ], [ -14.500967297561438, 10.890140374581332 ], [ -14.500407636560848, 10.89080291162851 ], [ -14.500713711880355, 10.889991435397677 ], [ -14.635267421605747, 10.57953920984075 ], [ -14.636987719112412, 10.574970767137376 ], [ -14.638254322521904, 10.570256341610497 ], [ -14.639055158523787, 10.565440871338183 ], [ -14.639382593519741, 10.560570257560755 ], [ -14.639233506387304, 10.555690927148458 ], [ -14.638609318230522, 10.550849390058815 ], [ -14.637515978833939, 10.546091796002013 ], [ -14.635963909949021, 10.541463494540146 ], [ -14.633967905953654, 10.537008602813525 ], [ -14.631546992831565, 10.532769585014467 ], [ -14.628724246815963, 10.528786847617042 ], [ -14.625526574426024, 10.525098354221079 ], [ -14.621984455992957, 10.521739263681726 ], [ -14.618131655120362, 10.518741594973951 ], [ -14.61400489684832, 10.516133921986484 ], [ -14.609643517588948, 10.513941101154458 ], [ -14.605089090170274, 10.512184034526957 ], [ -14.600385027562504, 10.510879470527906 ], [ -14.595576169063985, 10.51003984430948 ], [ -14.590708352891365, 10.509673159219775 ], [ -14.536267682131649, 10.508238262239052 ], [ -14.535070265240075, 10.508146935296288 ], [ -14.53471519870838, 10.506999731922553 ], [ -14.470463467447475, 10.25577149186417 ], [ -14.468942396638125, 10.250882185572532 ], [ -14.466929250219247, 10.246174084690365 ], [ -14.464445141243012, 10.24169656584454 ], [ -14.461516122023317, 10.237496587412314 ], [ -14.458172910909818, 10.233618197041155 ], [ -14.454450570126509, 10.230102069695137 ], [ -14.450388138053521, 10.226985081072623 ], [ -14.44602821980865, 10.224299920869106 ], [ -14.441416540422383, 10.222074749941113 ], [ -14.436601465292574, 10.220332904966723 ], [ -14.431633492948038, 10.21909265370007 ], [ -14.245115722896365, 10.182559318745982 ], [ -14.243934390672782, 10.182265790606603 ], [ -14.243145806985973, 10.179924555838465 ], [ -14.243114564526982, 10.179935079043497 ], [ -14.242121096351299, 10.176986425223067 ], [ -14.240050033164943, 10.172415097318261 ], [ -14.237531147376258, 10.168074411206749 ], [ -14.234589815592347, 10.164008097289688 ], [ -14.231255670367963, 10.160257121795519 ], [ -14.227562301671245, 10.1568592740642 ], [ -14.223546918480359, 10.153848785837107 ], [ -14.219249973920277, 10.15125598638811 ], [ -14.214714757716303, 10.149106996970191 ], [ -14.209986960070133, 10.147423467655925 ], [ -14.205114211352258, 10.146222359223026 ], [ -14.200145602248048, 10.145515772282383 ], [ -14.195131189191844, 10.145310825369998 ], [ -14.190121490071578, 10.145609583231044 ], [ -14.185166975284464, 10.146409036018513 ], [ -14.180317559271128, 10.147701129616024 ], [ -14.175622097650754, 10.149472846779322 ], [ -14.171127895023357, 10.151706338278974 ], [ -14.166880228397856, 10.154379102723089 ], [ -14.162921891047194, 10.157464213248417 ], [ -14.138681786325504, 10.178394611791298 ], [ -14.137790459536147, 10.179091924057984 ], [ -14.137445788229849, 10.178267723533013 ], [ -14.135320329695274, 10.173815957414007 ], [ -14.132766527837076, 10.169595306797149 ], [ -14.129809242175224, 10.165646856838656 ], [ -14.12647725986943, 10.162009043006917 ], [ -14.122803015495776, 10.158717276939408 ], [ -14.11882227531823, 10.155803601734553 ], [ -14.114573789128446, 10.153296380033996 ], [ -14.110098913042968, 10.15122001793163 ], [ -14.105441206929626, 10.149594727396908 ], [ -14.100646010381922, 10.148436329525101 ], [ -14.095760001368999, 10.147756100529723 ], [ -14.090830741857435, 10.147560661976282 ], [ -14.085906214827924, 10.14785191632585 ], [ -14.081034357193676, 10.148627028415904 ], [ -14.076262593167247, 10.149878453058699 ], [ -14.071637372618159, 10.15159400848853 ], [ -14.067203718915096, 10.15375699494291 ], [ -14.063004790654098, 10.156346357223379 ], [ -14.000936881315084, 10.198986276519699 ], [ -14.000010993897389, 10.199556518416689 ], [ -14.000304567454753, 10.198509495065588 ], [ -14.046768318132774, 10.059830082202938 ], [ -14.048082189336514, 10.055170966473389 ], [ -14.048939352051558, 10.050406631367492 ], [ -14.049331771708825, 10.045581735126749 ], [ -14.049255769983544, 10.040741503659238 ], [ -14.048712059273845, 10.035931306616963 ], [ -14.04770573602312, 10.031196232125849 ], [ -14.046246232948793, 10.026580664154583 ], [ -14.044347230625238, 10.022127866483851 ], [ -14.04202652924965, 10.01787957717559 ], [ -14.03930588179284, 10.013875617343487 ], [ -14.036210790098917, 10.010153517891894 ], [ -14.032770265845119, 10.006748167721884 ], [ -14.029016558602395, 10.00369148670201 ], [ -13.855367870234895, 9.875752721011665 ], [ -13.851186328692632, 9.872984279857757 ], [ -13.846748498362832, 9.870648639034302 ], [ -13.842099023030611, 9.868769294673255 ], [ -13.837284675592244, 9.86736515264519 ], [ -13.832353887528106, 9.866450338369583 ], [ -13.827356261690595, 9.866034054715611 ], [ -13.822342073308247, 9.866120489422913 ], [ -13.817361764225851, 9.866708772973686 ], [ -13.812465435468457, 9.867792987339863 ], [ -13.807702343233958, 9.869362225517438 ], [ -13.803120403384483, 9.871400701248984 ], [ -13.798765709421334, 9.873887907830598 ], [ -13.686324323115191, 9.945818268564754 ], [ -13.685371870802179, 9.946363741365234 ], [ -13.685550279420136, 9.945280747205677 ], [ -13.694657804407639, 9.903022511278749 ], [ -13.695456266348183, 9.898169635947093 ], [ -13.695774102481893, 9.893261793177892 ], [ -13.69560823768818, 9.888346467214612 ], [ -13.694960276738147, 9.88347121470194 ], [ -13.693836488768142, 9.878683204566867 ], [ -13.692247746624767, 9.874028761651012 ], [ -13.690209421668168, 9.869552918509614 ], [ -13.687741235051416, 9.865298979713632 ], [ -13.684867066914876, 9.861308102870382 ], [ -13.681614725341648, 9.857618900416442 ], [ -13.678015677309457, 9.854267066035529 ], [ -13.674104744242102, 9.851285029315809 ], [ -13.669919765106044, 9.848701641987928 ], [ -13.665501230311747, 9.846541898779428 ], [ -13.660891889961807, 9.844826695586359 ], [ -13.656136340236197, 9.843572627301805 ], [ -13.65128059191635, 9.84279182725736 ], [ -13.651211566506062, 9.842784187391961 ], [ -13.650161021467774, 9.842214867321802 ], [ -13.562150459958906, 9.788867905871021 ], [ -13.561183773603778, 9.788215361283093 ], [ -13.561731039802888, 9.78718541145143 ], [ -13.648451562096739, 9.641611187378517 ], [ -13.650756756584354, 9.637269375327739 ], [ -13.652624454993509, 9.63272218320925 ], [ -13.654036603961988, 9.628013564643171 ], [ -13.654979553514666, 9.623189033614032 ], [ -13.655444189005546, 9.618295224527989 ], [ -13.655426019220858, 9.613379441439921 ], [ -13.654925219791584, 9.608489200807636 ], [ -13.65394663149579, 9.603671772192977 ], [ -13.652499713467176, 9.598973721349436 ], [ -13.650598451762129, 9.594440460112873 ], [ -13.648261224169087, 9.590115807446088 ], [ -13.645510622566965, 9.586041565880295 ], [ -13.642373234549776, 9.582257117447616 ], [ -13.638879386428236, 9.578799043010358 ], [ -13.635062850092577, 9.575700768666694 ], [ -13.630960516570031, 9.572992242650608 ], [ -13.626612039432423, 9.570699645849226 ], [ -13.622059451500716, 9.568845138735709 ], [ -13.617346758551509, 9.567446647163871 ], [ -13.612519513952734, 9.566517689095058 ], [ -13.607624378340185, 9.566067243932162 ], [ -13.602708668591081, 9.566099665723804 ], [ -13.597819900454329, 9.566614641077662 ], [ -13.593005329258478, 9.567607192189742 ], [ -13.588565089419664, 9.568988816010004 ], [ -13.588474732358184, 9.569012400769759 ], [ -13.5878391726662, 9.568051472993046 ], [ -13.582545189255175, 9.559151061894624 ], [ -13.579806919608293, 9.555026803915366 ], [ -13.576674228108082, 9.551193545705562 ], [ -13.573177824685374, 9.547688864886403 ], [ -13.569351984757096, 9.544547118018544 ], [ -13.56523421322265, 9.541799103803038 ], [ -13.560864876801519, 9.539471761160133 ], [ -13.556286808316298, 9.537587905145694 ], [ -13.551544886800405, 9.536166003294078 ], [ -13.546685597546682, 9.535219994579966 ], [ -13.541756576409753, 9.534759152773912 ], [ -13.536806142829361, 9.534787995531095 ], [ -13.531882826152504, 9.53530624010453 ], [ -13.527034889897822, 9.536308806116848 ], [ -13.522309858625922, 9.537785865363485 ], [ -13.517754052053741, 9.539722938159068 ], [ -13.513412130980056, 9.542101035282485 ], [ -13.509326659473446, 9.544896844129168 ], [ -13.505537687614613, 9.548082957245722 ], [ -13.502082358883433, 9.551628141006544 ], [ -13.487493579003479, 9.568160138607595 ], [ -13.486776761996111, 9.568896445136792 ], [ -13.486956419819967, 9.567884666014015 ], [ -13.501198953680188, 9.505565620839038 ], [ -13.502070611728971, 9.500619475569644 ], [ -13.502441672564823, 9.495610837567547 ], [ -13.50230839231144, 9.490590242268778 ], [ -13.501672115720773, 9.485608345754386 ], [ -13.500539262604937, 9.48071541364798 ], [ -13.498921263062527, 9.475960813952874 ], [ -13.496834442152837, 9.471392518945889 ], [ -13.49429985518163, 9.467056621153581 ], [ -13.491343075260341, 9.462996868294477 ], [ -13.487993935282162, 9.459254221879636 ], [ -13.484286226918417, 9.455866443925082 ], [ -13.480257359672198, 9.452867715946036 ], [ -13.47594798342935, 9.450288294077184 ], [ -13.471401578315078, 9.448154203798662 ], [ -13.466664015994443, 9.44648697734792 ], [ -13.461783096843016, 9.445303436466842 ], [ -13.456808067657521, 9.444615522676147 ], [ -13.397848311745673, 9.439463699451357 ], [ -13.396696947183196, 9.43930637125834 ], [ -13.396725306719739, 9.438144653455803 ], [ -13.400403356466372, 9.3878869201697 ], [ -13.400522777555114, 9.383056896296125 ], [ -13.400175460966388, 9.378237896067557 ], [ -13.399364649719102, 9.373474916208579 ], [ -13.398097914647179, 9.368812430361599 ], [ -13.396387083707962, 9.364293973820569 ], [ -13.394248131540367, 9.359961737026431 ], [ -13.391701030303974, 9.3558561716199 ], [ -13.388769563191847, 9.352015612730067 ], [ -13.385481102358382, 9.348475921025624 ], [ -13.38186635333572, 9.345270147870998 ], [ -13.377959068325255, 9.342428226713976 ], [ -13.373795731041271, 9.339976693586413 ], [ -13.369415216049495, 9.337938439327846 ], [ -13.364858425781399, 9.33633249584555 ], [ -13.360167908613608, 9.335173858406828 ], [ -13.355387461578525, 9.334473345622854 ], [ -13.35056172141581, 9.334237498431442 ], [ -13.345735747783216, 9.334468519021968 ], [ -13.340954602518487, 9.335164250272747 ], [ -13.336262928880906, 9.336318195892854 ], [ -13.331704534701242, 9.337919581080294 ], [ -13.327321983332416, 9.339953453130192 ], [ -13.323156196220282, 9.342400821053516 ], [ -13.302111069639254, 9.356174061658953 ], [ -13.301158417652124, 9.35673351382947 ], [ -13.301194394823254, 9.355629322640002 ], [ -13.304380360198268, 9.316420951304854 ], [ -13.304539027236729, 9.311623884812871 ], [ -13.304237005330091, 9.306833706849005 ], [ -13.303477077552495, 9.302094557987614 ], [ -13.302266246493165, 9.297450108579625 ], [ -13.300615669728874, 9.292943156338612 ], [ -13.298540557009021, 9.288615231968027 ], [ -13.296060030100687, 9.28450621646372 ], [ -13.293196946585214, 9.280653973618179 ], [ -13.289977689229955, 9.277094001112919 ], [ -13.286431922876121, 9.273859103414132 ], [ -13.282592321082932, 9.270979089485808 ], [ -13.278494265047026, 9.268480498105816 ], [ -13.274175517571484, 9.26638635331615 ], [ -13.269675875088817, 9.264715952260779 ], [ -13.265036800944459, 9.263484687366152 ], [ -13.260301043319949, 9.262703904502935 ], [ -13.25551224131662, 9.262380798435972 ], [ -13.250714522829615, 9.262518346525916 ], [ -13.245952097917771, 9.263115281293407 ], [ -13.241268851416374, 9.264166102098661 ], [ -13.236707938546793, 9.265661125828807 ], [ -13.233282424055558, 9.267161314828941 ], [ -13.232912629406725, 9.267301862664352 ], [ -13.233247298556794, 9.2662592530657 ], [ -13.23679851472267, 9.256807387952948 ], [ -13.238268540716675, 9.252240292203638 ], [ -13.239294059028202, 9.247553325999455 ], [ -13.239865626955373, 9.242789645687862 ], [ -13.239977981651609, 9.23799311397957 ], [ -13.239630088584525, 9.233207896072276 ], [ -13.238825151061643, 9.228478052989184 ], [ -13.23757058073517, 9.223847135876737 ], [ -13.23587792935747, 9.219357784997156 ], [ -13.233762782415571, 9.215051337108163 ], [ -13.231244615624124, 9.21096744484503 ], [ -13.228346615598154, 9.207143711609579 ], [ -13.225095466356835, 9.203615345327984 ], [ -13.221521103624086, 9.200414834265489 ], [ -13.217656439188328, 9.197571647883029 ], [ -13.213537057859423, 9.19511196549022 ], [ -13.209200889813143, 9.193058435193185 ], [ -13.204687861340119, 9.191429965356773 ], [ -13.200039527215106, 9.190241550501327 ], [ -13.195298688071574, 9.189504133237094 ], [ -13.158936651418504, 9.185623772277891 ], [ -13.157865120589358, 9.185455377174931 ], [ -13.158756336018151, 9.18483709707016 ], [ -13.289825003765589, 9.103219125912094 ], [ -13.293937775099442, 9.100362672400525 ], [ -13.297744211385208, 9.097109173128864 ], [ -13.301206135262607, 9.093491259672822 ], [ -13.304288824722596, 9.089545218567919 ], [ -13.306961361358216, 9.085310627366921 ], [ -13.309196940466501, 9.080829957689415 ], [ -13.310973139891225, 9.076148149244817 ], [ -13.312272144910093, 9.071312159101188 ], [ -13.313080926910805, 9.066370490720608 ], [ -13.313391374063947, 9.06137270748467 ], [ -13.31320037268209, 9.056368935589347 ], [ -13.312509838449094, 9.051409361294978 ], [ -13.311326697206409, 9.04654372757385 ], [ -13.295553242177371, 8.993420100818216 ], [ -13.29383630331307, 8.988568211225584 ], [ -13.291629696042959, 8.983918523490011 ], [ -13.288956800440548, 8.979520303306636 ], [ -13.285845937130226, 8.975420151949999 ], [ -13.282330067216517, 8.971661512510957 ], [ -13.278446443045205, 8.96828420959608 ], [ -13.274236213496671, 8.965324027366638 ], [ -13.269743987993571, 8.962812330388072 ], [ -13.26501736384237, 8.960775731307223 ], [ -12.986863640002381, 8.857552285846419 ], [ -12.985919744466768, 8.85714799491422 ], [ -12.986931487617541, 8.85697259326977 ], [ -13.184714530250645, 8.832656820349762 ], [ -13.189588467671326, 8.831811062347443 ], [ -13.19435497845298, 8.830487828601061 ], [ -13.198967406896397, 8.828700071225589 ], [ -13.203380605495578, 8.826465289199669 ], [ -13.207551376851875, 8.823805357081607 ], [ -13.211438896500011, 8.820746310896183 ], [ -13.215005112507304, 8.81731809328808 ], [ -13.218215117934703, 8.813554260436414 ], [ -13.221037492513886, 8.809491653599176 ], [ -13.223444610196063, 8.805170038502554 ], [ -13.225412909562053, 8.800631716104901 ], [ -13.226923124446857, 8.795921108545265 ], [ -13.2279604725213, 8.791084324329317 ], [ -13.22851479998484, 8.786168707008738 ], [ -13.228580680953307, 8.781222371771698 ], [ -13.228157470568691, 8.776293734480362 ], [ -13.227249311311168, 8.771431037765351 ], [ -13.212352664556493, 8.70896995535468 ], [ -13.211031840393748, 8.704405186581402 ], [ -13.209283634220448, 8.699986423677826 ], [ -13.207123837016834, 8.695753579898327 ], [ -13.204571957531636, 8.691744889150039 ], [ -13.201651046065866, 8.687996560638352 ], [ -13.198387486266913, 8.684542451800889 ], [ -13.194810756813601, 8.681413762484228 ], [ -13.190953165144821, 8.678638753125803 ], [ -13.186849555636911, 8.676242489486512 ], [ -13.182536994865682, 8.674246616239826 ], [ -13.178054436796037, 8.672669161462455 ], [ -13.173442370923429, 8.671524373792575 ], [ -13.168742456545354, 8.670822593726491 ], [ -13.163997146466413, 8.670570160216281 ], [ -13.159249303535868, 8.670769353412096 ], [ -13.157704614861807, 8.670907923500467 ], [ -13.156516496902084, 8.6707854576904 ], [ -13.027957237015352, 8.65125595310117 ], [ -13.026757470851368, 8.651011883906683 ], [ -13.026122413216951, 8.650211988292911 ], [ -13.022819224449405, 8.646454013921829 ], [ -13.01915699610144, 8.64304498019728 ], [ -13.015172399424053, 8.640019023038576 ], [ -13.010905333661915, 8.637406442477262 ], [ -13.006398526527427, 8.635233399251673 ], [ -13.001697106352285, 8.633521652849744 ], [ -12.996848150200755, 8.632288343623193 ], [ -12.991900212469567, 8.631545821154818 ], [ -12.986902838694727, 8.631301520597541 ], [ -12.981906069433681, 8.631557888223471 ], [ -12.976959939190658, 8.632312356928464 ], [ -12.972113975402614, 8.633557371937499 ], [ -12.967416702502634, 8.635280466453436 ], [ -12.962915156026776, 8.637464386491683 ], [ -12.876967010176301, 8.684613620930936 ], [ -12.876014642950013, 8.685076460658669 ], [ -12.876470982305202, 8.684120961658092 ], [ -12.899808937230516, 8.640882159030173 ], [ -12.901957622137656, 8.636376654603868 ], [ -12.903646363609921, 8.631679360786629 ], [ -12.90485833069264, 8.626837093470996 ], [ -12.90558144423494, 8.621898113437572 ], [ -12.905808497277411, 8.616911645360712 ], [ -12.905537226880737, 8.611927387207535 ], [ -12.904770336679446, 8.606995014919804 ], [ -12.903515469935948, 8.602163687315336 ], [ -12.901785133363447, 8.59748155614337 ], [ -12.899596572476957, 8.592995286176933 ], [ -12.896971599714719, 8.588749590125266 ], [ -12.893936377043079, 8.584786783001624 ], [ -12.890521155211507, 8.581146360387864 ], [ -12.886759972256476, 8.577864604799096 ], [ -12.882690314259102, 8.574974224071571 ], [ -12.878352741737615, 8.572504025377851 ], [ -12.873790485398239, 8.570478628118188 ], [ -12.870390572429097, 8.569359722675431 ], [ -12.869856380153438, 8.569154927012976 ], [ -12.870842151660842, 8.568713273223244 ], [ -13.050467356931915, 8.498595375998468 ], [ -13.055044052381916, 8.496538564229963 ], [ -13.059391556256266, 8.494033404363677 ], [ -13.06346608638091, 8.491105124978695 ], [ -13.067226609603887, 8.487783215741135 ], [ -13.070635255025703, 8.484101130424163 ], [ -13.073657695383757, 8.480095950006861 ], [ -13.076263492750067, 8.47580800924481 ], [ -13.078426405060879, 8.471280490473024 ], [ -13.080124650391209, 8.466558988731929 ], [ -13.081341126312905, 8.461691052595839 ], [ -13.08206358212716, 8.456725705328065 ], [ -13.082284742236961, 8.451712951184986 ], [ -13.08200237941705, 8.44670327184085 ], [ -13.081219337243533, 8.441747118004695 ], [ -13.079943501457224, 8.436894401349099 ], [ -13.078187720549135, 8.43219399186737 ], [ -13.075969676367871, 8.427693225721136 ], [ -13.073311706051987, 8.423437428534589 ], [ -13.070240577080563, 8.419469458936165 ], [ -13.034353292981779, 8.377621595446891 ], [ -13.033747118197606, 8.37684063871316 ], [ -13.034655716511791, 8.377230241578095 ], [ -13.174180996760537, 8.445300103439148 ], [ -13.17874180264408, 8.44725136501275 ], [ -13.183473515167796, 8.448741086003036 ], [ -13.188329558434823, 8.449754602566658 ], [ -13.193262132717427, 8.450281938306555 ], [ -13.198222684966391, 8.450317902473095 ], [ -13.203162386735617, 8.449862141058443 ], [ -13.208032614817551, 8.448919140281179 ], [ -13.212785429858377, 8.447498182426886 ], [ -13.217374048241796, 8.445613254479373 ], [ -13.221753302596488, 8.443282910441919 ], [ -13.225880086394289, 8.440530088703744 ], [ -13.229713778262798, 8.437381886249435 ], [ -13.233216641835707, 8.433869291933894 ], [ -13.236354197205015, 8.43002688144821 ], [ -13.2390955603188, 8.42589247697908 ], [ -13.241413746983707, 8.421506774911837 ], [ -13.243285938479774, 8.416912945241721 ], [ -13.244693706173059, 8.41215620663657 ], [ -13.245623192915108, 8.407283381333697 ], [ -13.246065249443701, 8.402342434252265 ], [ -13.246015524442228, 8.397382000857872 ], [ -13.245474507371227, 8.392450908426691 ], [ -13.244447523650441, 8.387597695421555 ], [ -13.242944682238862, 8.382870133710945 ], [ -13.182300607573321, 8.220483018313697 ], [ -13.180292948429576, 8.215838810865119 ], [ -13.177826215296973, 8.211421279233608 ], [ -13.174925666889388, 8.207275657808761 ], [ -13.171621004077732, 8.203444396689479 ], [ -13.167946065760638, 8.199966727005847 ], [ -13.163938482362845, 8.19687825920245 ], [ -13.159639290509297, 8.194210618396555 ], [ -13.155092512820653, 8.19199112054503 ], [ -13.150344707132943, 8.190242492735964 ], [ -13.145444489757296, 8.188982640469115 ], [ -13.140442037661382, 8.188224464308202 ], [ -13.135388574670161, 8.187975727782431 ], [ -13.130335846947062, 8.188238977889956 ], [ -13.125335593126556, 8.189011519017269 ], [ -13.120439014523823, 8.190285440541601 ], [ -13.11569625084644, 8.192047697833649 ], [ -12.973192667320934, 8.253371085628936 ], [ -12.972104740620406, 8.253777800880705 ], [ -12.971578725952227, 8.252742276679836 ], [ -12.821776289551448, 7.918536516489646 ], [ -12.821345019088813, 7.917433473375021 ], [ -12.822245313205517, 7.916119804178861 ], [ -12.823216627188833, 7.914840900719834 ], [ -12.825766302964498, 7.910703798007304 ], [ -12.827902311264113, 7.906338716798551 ], [ -12.829604474101227, 7.901786892209336 ], [ -12.830856711847929, 7.897091323442853 ], [ -12.831647195132447, 7.892296367594055 ], [ -12.831968456586319, 7.887447320626527 ], [ -12.831817461385539, 7.882589989480272 ], [ -12.831195635919281, 7.877770259352501 ], [ -12.830108854315394, 7.873033660239162 ], [ -12.828567382949945, 7.868424936831913 ], [ -12.826585783465005, 7.863987625833535 ], [ -12.824182775210858, 7.859763644684721 ], [ -12.821381058412035, 7.855792895587356 ], [ -12.818207099727687, 7.852112888564934 ], [ -12.814690882232014, 7.84875838712088 ], [ -12.810865622176566, 7.845761079842132 ], [ -12.806767455210066, 7.843149281050165 ], [ -12.802435095019886, 7.840947663327314 ], [ -12.760934237043823, 7.82233710923335 ], [ -12.759877911598487, 7.821800967867817 ], [ -12.759285498512057, 7.820775142470684 ], [ -12.711678794402928, 7.728338791382769 ], [ -12.709305464385329, 7.724223481924838 ], [ -12.706552282226852, 7.720351989278686 ], [ -12.703444101968111, 7.716759262906395 ], [ -12.70000898235493, 7.713477735739039 ], [ -12.696277933541179, 7.710537031392053 ], [ -12.692284637148129, 7.707963696741404 ], [ -12.688065142207419, 7.705780962274665 ], [ -12.683657539732497, 7.704008532380416 ], [ -12.679101618856304, 7.702662407469107 ], [ -12.625790343657824, 7.689629307072717 ], [ -12.620799581715719, 7.688674994388866 ], [ -12.615737735022369, 7.688232133785101 ], [ -12.6106570791262, 7.6883052988454 ], [ -12.605610083825173, 7.688893733967333 ], [ -12.600648871291927, 7.689991362165452 ], [ -12.595824677788986, 7.691586847830541 ], [ -12.591187324533056, 7.693663713796617 ], [ -12.58678470317305, 7.696200511506673 ], [ -12.582662281195445, 7.699171042519789 ], [ -12.473109134221628, 7.786902907191084 ], [ -12.472154412194675, 7.787593865577692 ], [ -12.471145938628791, 7.786984030593716 ], [ -12.452969350276303, 7.774744150548262 ], [ -12.452053787448847, 7.774061648548015 ], [ -12.45270218869886, 7.773121627223589 ], [ -12.519126997106225, 7.686063981042019 ], [ -12.521902247532037, 7.68203166457941 ], [ -12.5242699028784, 7.677747297748543 ], [ -12.526207270029721, 7.673251944647664 ], [ -12.527695780026292, 7.668588691601699 ], [ -12.528721166041031, 7.663802234195498 ], [ -12.529273600121826, 7.658938448882908 ], [ -12.529347787388881, 7.654043953277639 ], [ -12.528943016784217, 7.64916565934039 ], [ -12.528063167886902, 7.644350323744765 ], [ -12.526716673728696, 7.639644099731555 ], [ -12.52491643996651, 7.635092094746708 ], [ -12.522679721186377, 7.630737938102856 ], [ -12.520027955524515, 7.626623362808228 ], [ -12.51698655919059, 7.622787805570931 ], [ -12.481645702554175, 7.582444362433119 ], [ -12.478183616217519, 7.578868197167932 ], [ -12.474383122177979, 7.575653971777296 ], [ -12.470281883331191, 7.572833539234585 ], [ -12.465920542953809, 7.570434850026078 ], [ -12.461342321928637, 7.568481675161645 ], [ -12.456592590425677, 7.566993370604042 ], [ -12.451718418283756, 7.565984685451319 ], [ -12.446768108548426, 7.565465615773262 ], [ -12.441790718788777, 7.565441305550341 ], [ -12.436835574936945, 7.565911995696862 ], [ -12.185028791273481, 7.602553744392504 ], [ -12.184333613180181, 7.602620647940143 ], [ -12.184995641850765, 7.602398236822195 ], [ -12.410971406064874, 7.538505272366007 ], [ -12.415657935565632, 7.536926027149986 ], [ -12.420165530091017, 7.534891533156748 ], [ -12.424450091709977, 7.532421693901425 ], [ -12.428469704429002, 7.529540671894767 ], [ -12.432185044257542, 7.526276652260594 ], [ -12.435559763915759, 7.522661566999878 ], [ -12.438560848421057, 7.518730782599042 ], [ -12.455605332820912, 7.493955366329381 ], [ -12.458150216080504, 7.489843641335153 ], [ -12.46028601278784, 7.485505313816623 ], [ -12.461992746654149, 7.480980960521102 ], [ -12.463254454452006, 7.476312898110858 ], [ -12.46405933532076, 7.471544787371768 ], [ -12.464399861140997, 7.466721224850265 ], [ -12.464272846945676, 7.461887325738028 ], [ -12.463679480709398, 7.457088301905752 ], [ -12.462625312237183, 7.452369039032666 ], [ -12.461120201256662, 7.447773676786942 ], [ -12.459178225199214, 7.443345195983619 ], [ -12.456817547532541, 7.439125016581369 ], [ -12.454060247876209, 7.435152610278094 ], [ -12.450932115489083, 7.431465131328769 ], [ -12.447462408060188, 7.428097069038523 ], [ -12.443683578059051, 7.42507992518123 ], [ -12.439630969204979, 7.422441919360728 ], [ -12.435342485894244, 7.420207725070462 ], [ -12.37055433764675, 7.39034443826227 ], [ -12.369533322598045, 7.389812498172835 ], [ -12.369746184859581, 7.389380576340793 ], [ -12.371654682880102, 7.384989429510008 ], [ -12.373134420399703, 7.380435869138504 ], [ -12.374171828500451, 7.375761650528259 ], [ -12.374757394342945, 7.371009635394872 ], [ -12.374885748397279, 7.366223398833586 ], [ -12.374555713680643, 7.361446829743783 ], [ -12.373770316550024, 7.356723728375925 ], [ -12.372536758951084, 7.352097404691406 ], [ -12.370866352377652, 7.347610281218257 ], [ -12.368774414147438, 7.343303504044451 ], [ -12.366280126945064, 7.339216565515929 ], [ -12.36340636292042, 7.335386942099127 ], [ -12.360179473955307, 7.331849750728749 ], [ -12.356629050021569, 7.328637426792004 ], [ -12.352787647846561, 7.325779426702135 ], [ -12.34869049237401, 7.32330195778859 ], [ -12.344375153757827, 7.321227737980677 ], [ -11.568639306085458, 6.993105490575464 ], [ -11.567526690707632, 6.992568200690688 ], [ -11.566542159718349, 6.99182168067732 ], [ -11.382854726461471, 6.837580631861778 ], [ -11.381997520591389, 6.836788661659449 ], [ -11.381701618055887, 6.835659741646978 ], [ -11.358177731467922, 6.724728147941079 ], [ -11.356901079186795, 6.71990691274059 ], [ -11.355150468032415, 6.715236847377931 ], [ -11.352943315990492, 6.710764417415463 ], [ -11.35030158347333, 6.706534122010516 ], [ -11.347251554821186, 6.702588051163909 ], [ -11.343823576782022, 6.698965466938752 ], [ -11.340051756571688, 6.695702412816269 ], [ -11.335973622518711, 6.692831355075418 ], [ -11.331629750670201, 6.690380859764452 ], [ -10.760476250121972, 6.404745401338595 ], [ -10.759455495516235, 6.404171273907203 ], [ -10.759694815796934, 6.403024849868761 ], [ -10.77667813286117, 6.337719098756363 ], [ -10.777689117528258, 6.332848356899766 ], [ -10.778211102904113, 6.327901262045401 ], [ -10.778238922123542, 6.32292678294486 ], [ -10.777772299818379, 6.317974159412325 ], [ -10.776815854843207, 6.313092414924935 ], [ -10.775379054555694, 6.308329871364557 ], [ -10.773476121104078, 6.303733670704292 ], [ -10.771125890649428, 6.299349308374293 ], [ -10.76835162691615, 6.295220182925858 ], [ -10.765180790916334, 6.291387166451464 ], [ -10.761644769127296, 6.28788820001291 ], [ -10.757778562812948, 6.284757918082223 ], [ -10.753620441564269, 6.28202730571281 ], [ -10.749211564488276, 6.279723391834326 ], [ -10.744595572795149, 6.277868981707178 ], [ -10.334748807592527, 6.13646157918765 ], [ -10.333598934422556, 6.135999318171225 ], [ -10.332637037210899, 6.135217878916718 ], [ -9.109505499351272, 5.035639073383805 ], [ -9.104757282511475, 5.031865171517966 ], [ -9.099587046747565, 5.02869396345221 ], [ -8.261589517311769, 4.582260755847527 ], [ -8.25722394757689, 4.580199147467718 ], [ -8.252679896914735, 4.578568187075327 ], [ -7.832172412068481, 4.450191195839174 ], [ -7.83120698072954, 4.449843349267369 ], [ -7.832208258352312, 4.449618631600432 ], [ -8.763952456917806, 4.288475721915606 ], [ -8.765031125602706, 4.288337293137574 ], [ -8.766117753170368, 4.288293370620381 ], [ -9.517009166524895, 4.290710679340163 ], [ -9.518180262913209, 4.290769599952492 ], [ -9.519340641714059, 4.290938299175544 ], [ -10.609532796244324, 4.502212055431454 ], [ -10.610552620162817, 4.502454563155541 ], [ -10.611513947977469, 4.502863159970497 ], [ -11.960908826315586, 5.144136583844993 ], [ -11.961882454401861, 5.144653216036202 ], [ -11.962746385779319, 5.145330718585201 ], [ -12.68306792712221, 5.763092225789658 ], [ -12.686883676026802, 5.766057071567789 ], [ -12.690967805592363, 5.768639732188683 ], [ -13.2959433780892, 6.111449671230361 ], [ -13.300467271011577, 6.113718732027702 ], [ -13.305197371055192, 6.115518842483356 ], [ -13.310085215045238, 6.116831559209894 ], [ -13.31508072361013, 6.117643432508663 ], [ -14.39565087982694, 6.237512786842623 ], [ -14.397044988525932, 6.237748212871136 ], [ -14.39840341368012, 6.23814018937552 ], [ -15.385357299859681, 6.584749247286974 ], [ -15.386331407236336, 6.585138086117426 ], [ -15.387223324174157, 6.585682879030364 ], [ -16.239399117320136, 7.156374550531058 ], [ -16.240610248876717, 7.157297808209092 ], [ -16.241699505419003, 7.158362122341458 ], [ -17.056696227712372, 8.058608778985993 ], [ -17.05970544648974, 8.061659193647872 ], [ -18.120663771934954, 9.048725748198995 ], [ -18.121374426342406, 9.049442697204444 ], [ -18.122024782930492, 9.050214760590091 ], [ -18.553257365317897, 9.606345516568055 ], [ -18.554057285966358, 9.607507557661844 ], [ -18.554720605048114, 9.608752636110482 ], [ -18.793769119719926, 10.126134380399828 ], [ -18.79429807139066, 10.127479218709913 ], [ -18.794667585668819, 10.128876301079863 ], [ -18.907387667925828, 10.683556022861193 ], [ -18.907557730572407, 10.684631637837475 ], [ -18.907537950590303, 10.685716281407419 ], [ -18.866620916606788, 11.349369630712252 ], [ -18.866497837276771, 11.350509395222293 ], [ -18.866169293617485, 11.351602638975239 ], [ -18.652783023820298, 11.959595305569179 ], [ -18.652356429555873, 11.960653210162299 ], [ -18.651834930364195, 11.961667696923005 ], [ -18.21138489225288, 12.729879944794465 ], [ -18.209521146661661, 12.732676048006081 ], [ -17.842741235250418, 13.20992380418172 ], [ -17.841971875023287, 13.210831659353383 ], [ -17.841119444406868, 13.211662007603225 ], [ -17.35176229074656, 13.644791972549402 ], [ -17.34831894573502, 13.648148466482914 ], [ -17.345213952207562, 13.651820208792586 ], [ -17.342476028468404, 13.655773239274728 ], [ -16.942571589922526, 14.296978161800782 ], [ -16.941922312750886, 14.297914226478138 ] ], [ [ -12.587869859532111, 7.416710971268104 ], [ -12.583296068060683, 7.414976518850475 ], [ -12.578574682504609, 7.413697295631471 ], [ -12.573750891988409, 7.412885545257932 ], [ -12.568870865770593, 7.412549037120487 ], [ -12.563981311350432, 7.412690991991502 ], [ -12.559129027423115, 7.413310051198557 ], [ -12.554360455962081, 7.414400289628512 ], [ -12.549721237715573, 7.415951272437702 ], [ -12.545255775371853, 7.417948154925465 ], [ -12.541006808574075, 7.420371824615112 ], [ -12.53701500485244, 7.423199084182446 ], [ -12.533318570388861, 7.426402873481011 ], [ -12.529952884339576, 7.429952528539008 ], [ -12.526950160215669, 7.433814075049002 ], [ -12.5243391375625, 7.437950553541363 ], [ -12.522144806888971, 7.442322373129172 ], [ -12.520388170479448, 7.446887690438831 ], [ -12.51908604137758, 7.451602810099581 ], [ -12.500296208085098, 7.535428394476715 ], [ -12.499459317312851, 7.540262254661229 ], [ -12.499100159943175, 7.545154860963796 ], [ -12.499222193453402, 7.550059114043572 ], [ -12.499824243071323, 7.554927802440427 ], [ -12.500900513084307, 7.559714057062495 ], [ -12.502440642632507, 7.564371802377866 ], [ -12.504429805449094, 7.568856199966977 ], [ -12.506848852587332, 7.57312408016575 ], [ -12.509674496760521, 7.577134357644259 ], [ -12.512879536520233, 7.580848426920238 ], [ -12.516433118114762, 7.584230534000024 ], [ -12.520301032506962, 7.587248120569241 ], [ -12.56479901554353, 7.618577494531156 ], [ -12.568806224857614, 7.621123181005754 ], [ -12.573036808733219, 7.623277341209944 ], [ -12.577452627194106, 7.625020554746583 ], [ -12.582013870318971, 7.626337106025386 ], [ -12.586679417139758, 7.627215125943654 ], [ -12.591407206359467, 7.627646698889785 ], [ -12.596154615547297, 7.627627934104867 ], [ -12.600878845392574, 7.627159000759035 ], [ -12.77892363108119, 7.600900034364902 ], [ -12.783795158199199, 7.599932203101815 ], [ -12.788546630081248, 7.598485832205605 ], [ -12.793131162103455, 7.596575193581304 ], [ -12.797503516902561, 7.594219140244462 ], [ -12.801620550750618, 7.591440920291098 ], [ -12.805441639270953, 7.588267947499681 ], [ -12.808929078294723, 7.584731530828701 ], [ -12.812048455902634, 7.580866565478975 ], [ -12.814768991980745, 7.576711188569115 ], [ -12.817063841939857, 7.572306402821718 ], [ -12.818910361601519, 7.567695671973533 ], [ -12.820290330636961, 7.562924491901839 ], [ -12.821190132354177, 7.558039941698903 ], [ -12.821600888059127, 7.553090219124236 ], [ -12.821518544665269, 7.548124165018531 ], [ -12.820943914686946, 7.543190781372054 ], [ -12.819882668221988, 7.538338747802928 ], [ -12.818345277002646, 7.533615941216374 ], [ -12.816346911066937, 7.529068963384637 ], [ -12.813907289069965, 7.52474268110915 ], [ -12.811050483712268, 7.520679783502325 ], [ -12.807804684205113, 7.516920360757452 ], [ -12.80420191811656, 7.51350150856315 ], [ -12.800277735342977, 7.510456962065753 ], [ -12.796070857324361, 7.507816762991478 ], [ -12.791622794964812, 7.50560696321302 ], [ -12.587869859532111, 7.416710971268104 ] ], [ [ -15.910218396977255, 11.535772197228576 ], [ -15.911187296799321, 11.540631734021039 ], [ -15.912632445094578, 11.545371503119551 ], [ -15.91453964827274, 11.549944952664445 ], [ -15.916890174650288, 11.554307164311183 ], [ -15.91966093842456, 11.558415294397935 ], [ -15.922824726412022, 11.562228994736566 ], [ -15.926350465323797, 11.565710808894227 ], [ -15.930203526953399, 11.568826540073417 ], [ -15.934346068279252, 11.571545586977408 ], [ -15.938737403141657, 11.573841244362278 ], [ -15.943334401843787, 11.575690965323696 ], [ -15.948091914751972, 11.577076582742373 ], [ -15.952963215734906, 11.577984487713257 ], [ -15.957900461086485, 11.578405763206021 ], [ -15.962855159424961, 11.578336271644085 ], [ -15.96777864795328, 11.577776695542012 ], [ -15.972622570402963, 11.576732530802161 ], [ -15.983660450460668, 11.573773923921911 ], [ -15.988427646038259, 11.572236359543689 ], [ -15.993017079198838, 11.57022953091205 ], [ -15.997382689917773, 11.567773578766158 ], [ -16.001480664475544, 11.564893151295097 ], [ -16.005269875176758, 11.561617156766102 ], [ -16.00871229311193, 11.55797847339821 ], [ -16.011773369819561, 11.554013619393055 ], [ -16.025878037100817, 11.533718815880544 ], [ -16.028476374758007, 11.529558570007914 ], [ -16.030654581030902, 11.525163752408259 ], [ -16.03239169372986, 11.520576657055791 ], [ -16.033670995574127, 11.515841428329239 ], [ -16.034480175072272, 11.511003636183922 ], [ -16.034811445003083, 11.506109837604653 ], [ -16.034661617356686, 11.50120712855986 ], [ -16.034032134014677, 11.496342690768746 ], [ -16.032929052874028, 11.4915633376432 ], [ -16.031362989548299, 11.486915063774189 ], [ -16.029349015207213, 11.482442602298118 ], [ -16.0269065115377, 11.47818899440294 ], [ -16.024058984222275, 11.474195175116915 ], [ -16.020833836729711, 11.470499579366196 ], [ -16.01726210659497, 11.467137772092409 ], [ -16.013378166726319, 11.464142105989817 ], [ -16.009219394614163, 11.461541410155879 ], [ -16.004825812624954, 11.459360712651499 ], [ -16.000239702841885, 11.45762099964093 ], [ -15.995505200158952, 11.456339013429298 ], [ -15.990667867544323, 11.455527091341311 ], [ -15.985774257560472, 11.455193046991774 ], [ -15.957102032854996, 11.454645744229421 ], [ -15.952280649735419, 11.454786410036643 ], [ -15.947495255066874, 11.455390992472143 ], [ -15.942790382731442, 11.456453865165521 ], [ -15.938209817253554, 11.457965136801546 ], [ -15.933796186332074, 11.459910743170783 ], [ -15.929590564138019, 11.462272578054074 ], [ -15.925632089069754, 11.465028661722794 ], [ -15.921957599522882, 11.46815334548679 ], [ -15.918601291064439, 11.471617550386451 ], [ -15.91559439820181, 11.475389037807581 ], [ -15.912964903707881, 11.479432709500665 ], [ -15.91073727820751, 11.483710934212523 ], [ -15.908932252448778, 11.488183897890597 ], [ -15.907566624378326, 11.492809974200847 ], [ -15.906653102816152, 11.497546111911102 ], [ -15.906200189184677, 11.502348235534821 ], [ -15.906212098392732, 11.507171655506772 ], [ -15.906688719610742, 11.511971484073461 ], [ -15.910218396977255, 11.535772197228576 ] ], [ [ -16.101653810470683, 11.883129474191161 ], [ -16.106372819446481, 11.882011899080981 ], [ -16.11096136514746, 11.880442418851541 ], [ -16.115376282170086, 11.878435797929711 ], [ -16.119576038471902, 11.876010913015756 ], [ -16.123521126072095, 11.87319057550628 ], [ -16.127174432711289, 11.870001316902687 ], [ -16.130501590974273, 11.866473139223823 ], [ -16.133471301591428, 11.862639232770746 ], [ -16.136055627877465, 11.858535663898671 ], [ -16.138230258537643, 11.85420103573326 ], [ -16.139974736369151, 11.849676125022986 ], [ -16.141272650706295, 11.845003498543798 ], [ -16.142111791799014, 11.840227112664591 ], [ -16.142484265672568, 11.835391899840516 ], [ -16.142386568387774, 11.830543345924026 ], [ -16.141819619003304, 11.825727062270003 ], [ -16.140788750929911, 11.820988356660257 ], [ -16.139303661757911, 11.816371807083812 ], [ -16.137378322029953, 11.811920842382477 ], [ -16.135030843817201, 11.807677333706719 ], [ -16.132283310335335, 11.803681200625027 ], [ -16.129161568203127, 11.799970035592242 ], [ -16.125694984297937, 11.796578750309514 ], [ -16.121916169495393, 11.793539247302666 ], [ -16.117860671892089, 11.790880119808509 ], [ -16.11356664239727, 11.788626382792309 ], [ -16.097903306448373, 11.781351308551352 ], [ -16.093300320462429, 11.779485384034112 ], [ -16.088534919924488, 11.778085344033324 ], [ -16.083654128194997, 11.777165003670103 ], [ -16.078706107275654, 11.776733444551818 ], [ -16.073739682563055, 11.77679492515786 ], [ -16.068803861056203, 11.777348838818405 ], [ -16.063947347772022, 11.778389719700833 ], [ -16.059218065140719, 11.779907296744707 ], [ -16.05466268012346, 11.78188659501313 ], [ -16.050326143718589, 11.784308083460353 ], [ -16.04625124740036, 11.787147867657531 ], [ -16.04247820086718, 11.790377925574857 ], [ -16.039044235265873, 11.793966384093478 ], [ -16.035983235807336, 11.797877833518651 ], [ -16.033325407398749, 11.802073676990627 ], [ -16.031096976591737, 11.80651251134541 ], [ -16.029319932787669, 11.811150535667172 ], [ -16.028011811253656, 11.815941983500874 ], [ -16.025670945215118, 11.826568204890229 ], [ -16.02484932467388, 11.831426347090042 ], [ -16.024509845832636, 11.836341767729595 ], [ -16.024655805249004, 11.841266734916912 ], [ -16.025285785563295, 11.846153424056913 ], [ -16.026393669261967, 11.850954382258941 ], [ -16.027968698082624, 11.855622989134817 ], [ -16.029995577483657, 11.860113909512764 ], [ -16.032454625164053, 11.86438353367104 ], [ -16.035321962191198, 11.868390400816349 ], [ -16.038569744880636, 11.872095601694785 ], [ -16.042166435176153, 11.875463156425674 ], [ -16.046077106904537, 11.878460363889333 ], [ -16.050263784931168, 11.881058119275949 ], [ -16.054685813922983, 11.883231196711971 ], [ -16.059300253137845, 11.884958494219559 ], [ -16.064062293406767, 11.886223238630334 ], [ -16.068925692259693, 11.887013148463621 ], [ -16.073843222969625, 11.887320553187518 ], [ -16.078767133154447, 11.887142467704685 ], [ -16.083649608483249, 11.88648062133956 ], [ -16.101653810470683, 11.883129474191161 ] ], [ [ -16.149998471629868, 11.163931665643389 ], [ -16.154005319273441, 11.161237704380209 ], [ -16.157733644785019, 11.158169831467905 ], [ -16.161148681894094, 11.154756654521137 ], [ -16.164218585713854, 11.151030001080887 ], [ -16.16691472969163, 11.147024621825757 ], [ -16.169211972548698, 11.1427778665253 ], [ -16.171088892720249, 11.138329335757062 ], [ -16.172527988109373, 11.133720511635085 ], [ -16.17351583929241, 11.12899437099324 ], [ -16.174043234653762, 11.124194984630471 ], [ -16.174105256283294, 11.119367106354893 ], [ -16.173701325835388, 11.114555755658929 ], [ -16.172835209921935, 11.109805797916929 ], [ -16.171514984989059, 11.105161526019964 ], [ -16.169752962005052, 11.100666247348942 ], [ -16.167565571661793, 11.096361879937517 ], [ -16.164973211160152, 11.092288561590536 ], [ -16.162000054008093, 11.08848427560293 ], [ -16.158673824605081, 11.084984496569213 ], [ -16.15502553971476, 11.081821859586348 ], [ -16.151089219236678, 11.079025855934679 ], [ -16.146901568974048, 11.076622558074613 ], [ -16.142501638355721, 11.074634376523484 ], [ -16.137930456304101, 11.073079850879676 ], [ -16.13085477330965, 11.071049034052111 ], [ -16.12597739230274, 11.069910146787871 ], [ -16.121010540947427, 11.06926493573603 ], [ -16.116004058437518, 11.069119875179059 ], [ -16.111008181640255, 11.069476420707371 ], [ -16.106073041001292, 11.070330994613398 ], [ -16.101248157517578, 11.071675021791609 ], [ -16.096581945825637, 11.073495015784239 ], [ -16.092121228391505, 11.075772714109315 ], [ -16.087910765677066, 11.078485261513046 ], [ -16.083992806997269, 11.081605439307758 ], [ -16.080406666575158, 11.085101938494102 ], [ -16.077188329048635, 11.088939673926955 ], [ -16.074370088387511, 11.093080136372528 ], [ -16.071980223844069, 11.097481778924031 ], [ -16.070042716188752, 11.102100433898457 ], [ -16.068577007078378, 11.106889756031178 ], [ -16.067597803971498, 11.111801687521201 ], [ -16.067114932548396, 11.116786940260626 ], [ -16.067133238116632, 11.121795490409459 ], [ -16.067652536991474, 11.126777080353021 ], [ -16.068547473199377, 11.132543283136604 ], [ -16.069535115177072, 11.137341834495929 ], [ -16.070987626682964, 11.142020695698127 ], [ -16.072891062716607, 11.14653494680878 ], [ -16.07522714912578, 11.150841248251208 ], [ -16.07797345804957, 11.154898256892967 ], [ -16.08110362323956, 11.158667022965245 ], [ -16.084587593191987, 11.162111364004515 ], [ -16.088391919660566, 11.165198212226347 ], [ -16.092480078780184, 11.167897931996412 ], [ -16.096812821718352, 11.170184604350716 ], [ -16.101348551488066, 11.172036275833547 ], [ -16.10604372230436, 11.173435169264096 ], [ -16.110853257650522, 11.174367854408285 ], [ -16.11573098304029, 11.174825376917246 ], [ -16.120630069321191, 11.174803344294556 ], [ -16.125503482263117, 11.174301968066892 ], [ -16.130304434115736, 11.173326061753251 ], [ -16.134986832799584, 11.171884994652206 ], [ -16.139505724418242, 11.169992601890915 ], [ -16.14381772484332, 11.167667051599407 ], [ -16.149998471629868, 11.163931665643389 ] ], [ [ -16.586362993151916, 13.893718553862112 ], [ -16.583267815192464, 13.897463195267242 ], [ -16.580550665462955, 13.901490547151688 ], [ -16.578237196536879, 13.905762587341314 ], [ -16.576349249842764, 13.91023898356304 ], [ -16.574904649459562, 13.914877474221278 ], [ -16.573917033839766, 13.91963426738908 ], [ -16.573395727048947, 13.924464454247117 ], [ -16.573345650737398, 13.929322433067234 ], [ -16.573767277674893, 13.93416233973775 ], [ -16.574656627287276, 13.938938480765886 ], [ -16.576005303236997, 13.943605764669437 ], [ -16.577800572692844, 13.948120127684815 ], [ -16.5800254865404, 13.952438949772452 ], [ -16.582659039398422, 13.956521456992006 ], [ -16.585676367930347, 13.960329106448579 ], [ -16.589048985578714, 13.963825950175659 ], [ -16.592745051506377, 13.96697897451938 ], [ -16.596729671205388, 13.969758411819978 ], [ -16.600965225935596, 13.972138021447861 ], [ -16.605411727882643, 13.974095337541035 ], [ -16.610027197682381, 13.975611881104998 ], [ -16.614768060747476, 13.976673334472675 ], [ -16.619589558654475, 13.977269676477324 ], [ -16.624446171707497, 13.977395277062218 ], [ -16.629292048689038, 13.977048950433955 ], [ -16.634081439740712, 13.976233966257501 ], [ -16.696308102232482, 13.962504874238949 ], [ -16.701142541347323, 13.96118096229498 ], [ -16.705820134121847, 13.959379665477078 ], [ -16.710293871601138, 13.957119086489985 ], [ -16.714518793538836, 13.954421943740547 ], [ -16.718452440239432, 13.951315343021857 ], [ -16.722055279270471, 13.94783050510498 ], [ -16.725291102756284, 13.944002451975889 ], [ -16.728127391260546, 13.939869654870892 ], [ -16.730535640600689, 13.93547364764772 ], [ -16.732491648309729, 13.930858609377818 ], [ -16.733975756866666, 13.926070920354739 ], [ -16.734973051250968, 13.921158695980639 ], [ -16.735473508835824, 13.916171303215251 ], [ -16.735472100113711, 13.911158864446948 ], [ -16.734968839242033, 13.906171753771865 ], [ -16.733968783900828, 13.901260090743419 ], [ -16.723058855727427, 13.858712320846481 ], [ -16.721615035563623, 13.854043192355235 ], [ -16.719722272470207, 13.849537326688642 ], [ -16.717398650191608, 13.845237773567726 ], [ -16.714666368965972, 13.841185611572296 ], [ -16.711551533420742, 13.837419555669983 ], [ -16.708083903165097, 13.833975587327606 ], [ -16.704296608462155, 13.830886610738789 ], [ -16.700225833697445, 13.828182138452341 ], [ -16.695910471667805, 13.825888009404897 ], [ -16.691391751993748, 13.824026142051819 ], [ -16.686712847205424, 13.822614324954966 ], [ -16.681918460265756, 13.821666046828085 ], [ -16.677054397471583, 13.821190367663602 ], [ -16.672167130813378, 13.82119183217209 ], [ -16.667303353974837, 13.821670426361411 ], [ -16.662509536214372, 13.822621577670407 ], [ -16.657831478390793, 13.824036198655836 ], [ -16.653313875374995, 13.825900773815178 ], [ -16.64899988902841, 13.828197488715782 ], [ -16.644930735828066, 13.830904400196657 ], [ -16.641145293078129, 13.833995646016731 ], [ -16.637679727470285, 13.837441691946621 ], [ -16.586362993151916, 13.893718553862112 ] ], [ [ -16.64951127590497, 12.676246352099749 ], [ -16.650008049648729, 12.681128203104526 ], [ -16.650980964695506, 12.68593784859012 ], [ -16.652420650218122, 12.690628963487592 ], [ -16.654313239595584, 12.695156364379235 ], [ -16.656640503972223, 12.699476444691749 ], [ -16.659380027832587, 12.703547594701737 ], [ -16.662505424901003, 12.707330602308135 ], [ -16.665986592286291, 12.71078903071146 ], [ -16.669790000423838, 12.713889569362175 ], [ -16.673879016022333, 12.716602354797958 ], [ -16.678214254904695, 12.718901258279656 ], [ -16.682753961344719, 12.72076413745549 ], [ -16.687454410245731, 12.72217304962958 ], [ -16.692270328287691, 12.723114424580633 ], [ -16.69715532998627, 12.723579195266254 ], [ -16.702062364463991, 12.723562885154003 ], [ -16.706944168630237, 12.723065651338009 ], [ -16.711753722405202, 12.722092283025894 ], [ -16.716444701603287, 12.720652155410546 ], [ -16.72097192411379, 12.718759139371068 ], [ -16.725291785081527, 12.71643146787261 ], [ -16.729362676895772, 12.713691560351897 ], [ -16.751456374042235, 12.69719033040168 ], [ -16.755116568714161, 12.694176003635048 ], [ -16.75847476903698, 12.690828514802465 ], [ -16.761500773787123, 12.687177968796107 ], [ -16.764167369267618, 12.683257195985059 ], [ -16.766450574048374, 12.679101456962746 ], [ -16.76832985463782, 12.674748125438663 ], [ -16.769788310146257, 12.670236352126278 ], [ -16.770812824280252, 12.665606712649851 ], [ -16.771394183301062, 12.660900842636627 ], [ -16.771527158886347, 12.656161063276134 ], [ -16.771210555149928, 12.651430000714031 ], [ -16.770447219396694, 12.646750202703403 ], [ -16.768710071420429, 12.638564836780379 ], [ -16.767452457020831, 12.63380603901366 ], [ -16.765733032139156, 12.62919395399288 ], [ -16.763568459893989, 12.624773277895487 ], [ -16.760979717371555, 12.620586851935895 ], [ -16.75799189233468, 12.616675247186992 ], [ -16.754633940094774, 12.613076371401815 ], [ -16.75093840290301, 12.609825101645722 ], [ -16.746941094580102, 12.606952946299256 ], [ -16.742680753441004, 12.604487739707281 ], [ -16.738198666878002, 12.602453372433562 ], [ -16.733538271240484, 12.600869559734917 ], [ -16.728744730888909, 12.599751650498694 ], [ -16.72386450050249, 12.599110478495165 ], [ -16.718944874882251, 12.598952257386374 ], [ -16.714033530612348, 12.599278520508918 ], [ -16.709178064021565, 12.600086106014231 ], [ -16.704425529922492, 12.601367187510368 ], [ -16.699821985598643, 12.60310934990836 ], [ -16.695412044458717, 12.605295709738078 ], [ -16.67437813513213, 12.617047609708864 ], [ -16.670091619396949, 12.619735790880688 ], [ -16.666098730307116, 12.622843422113119 ], [ -16.662440355901644, 12.626338680597106 ], [ -16.659153958717575, 12.630185774137562 ], [ -16.656273192165568, 12.634345307673108 ], [ -16.653827555911786, 12.638774686689933 ], [ -16.651842093794993, 12.643428553398733 ], [ -16.650337137372283, 12.648259251208184 ], [ -16.649328097719579, 12.653217312738638 ], [ -16.648825307618925, 12.658251966378678 ], [ -16.648833915748583, 12.663311656197294 ], [ -16.64951127590497, 12.676246352099749 ] ] ] ] } }
]
}
